<valueSet valueTable="ULSAM60" entityType="Participant" entityIdentifier="31681593">
  <variableValue variable="AGE60">
    <value valueType="integer">96</value>
  </variableValue>
  <variableValue variable="Y304">
    <value valueType="integer">1</value>
  </variableValue>
  <variableValue variable="Y305">
    <value valueType="integer">0</value>
  </variableValue>
  <variableValue variable="Y290">
    <value valueType="integer">37</value>
  </variableValue>
  <variableValue variable="Y014">
    <value valueType="integer">97</value>
  </variableValue>
  <variableValue variable="Y973">
    <value valueType="integer">78</value>
  </variableValue>
  <variableValue variable="Y378">
    <value valueType="integer">1</value>
  </variableValue>
  <variableValue variable="DAT60">
    <value valueType="date">1975-09-09</value>
  </variableValue>
  <variableValue variable="Y027">
    <value valueType="integer">82</value>
  </variableValue>
  <variableValue variable="Y298">
    <value valueType="integer">25</value>
  </variableValue>
  <variableValue variable="Y302">
    <value valueType="integer">49</value>
  </variableValue>
  <variableValue variable="Y301">
    <value valueType="integer">64</value>
  </variableValue>
  <variableValue variable="Y010">
    <value valueType="integer">67</value>
  </variableValue>
  <variableValue variable="Y306">
    <value valueType="integer">1</value>
  </variableValue>
  <variableValue variable="Y103">
    <value valueType="integer">0</value>
  </variableValue>
  <variableValue variable="Y102">
    <value valueType="integer">1</value>
  </variableValue>
  <variableValue variable="Y101">
    <value valueType="integer">1</value>
  </variableValue>
  <variableValue variable="Y293">
    <value valueType="integer">10</value>
  </variableValue>
  <variableValue variable="Y292">
    <value valueType="integer">83</value>
  </variableValue>
  <variableValue variable="Y041">
    <value valueType="integer">29</value>
  </variableValue>
  <variableValue variable="Y043">
    <value valueType="integer">48</value>
  </variableValue>
  <variableValue variable="Y044">
    <value valueType="integer">58</value>
  </variableValue>
  <variableValue variable="Y045">
    <value valueType="integer">66</value>
  </variableValue>
  <variableValue variable="Y046">
    <value valueType="integer">2</value>
  </variableValue>
  <variableValue variable="Y047">
    <value valueType="integer">54</value>
  </variableValue>
  <variableValue variable="Y056">
    <value valueType="integer">46</value>
  </variableValue>
  <variableValue variable="Y048">
    <value valueType="integer">25</value>
  </variableValue>
  <variableValue variable="Y050">
    <value valueType="integer">79</value>
  </variableValue>
  <variableValue variable="Y051">
    <value valueType="integer">91</value>
  </variableValue>
  <variableValue variable="Y055">
    <value valueType="integer">94</value>
  </variableValue>
  <variableValue variable="Y052">
    <value valueType="integer">1</value>
  </variableValue>
  <variableValue variable="Y106">
    <value valueType="integer">3</value>
  </variableValue>
  <variableValue variable="Y105">
    <value valueType="integer">0</value>
  </variableValue>
  <variableValue variable="Y319">
    <value valueType="integer">15</value>
  </variableValue>
  <variableValue variable="Y323">
    <value valueType="integer">11</value>
  </variableValue>
  <variableValue variable="Y320">
    <value valueType="integer">70</value>
  </variableValue>
  <variableValue variable="Y321">
    <value valueType="integer">89</value>
  </variableValue>
  <variableValue variable="Y322">
    <value valueType="integer">31</value>
  </variableValue>
  <variableValue variable="Y107">
    <value valueType="integer">1</value>
  </variableValue>
  <variableValue variable="Y036">
    <value valueType="integer">47</value>
  </variableValue>
  <variableValue variable="Y013">
    <value valueType="integer">42</value>
  </variableValue>
  <variableValue variable="Y033">
    <value valueType="integer">98</value>
  </variableValue>
  <variableValue variable="Y972">
    <value valueType="integer">76</value>
  </variableValue>
  <variableValue variable="Y971">
    <value valueType="integer">73</value>
  </variableValue>
  <variableValue variable="Y297">
    <value valueType="integer">62</value>
  </variableValue>
  <variableValue variable="Y024">
    <value valueType="integer">15</value>
  </variableValue>
  <variableValue variable="Y023">
    <value valueType="integer">20</value>
  </variableValue>
  <variableValue variable="Y022">
    <value valueType="integer">82</value>
  </variableValue>
  <variableValue variable="Y035">
    <value valueType="integer">42</value>
  </variableValue>
  <variableValue variable="Y307">
    <value valueType="integer">0</value>
  </variableValue>
  <variableValue variable="Y020">
    <value valueType="integer">70</value>
  </variableValue>
  <variableValue variable="Y011">
    <value valueType="integer">19</value>
  </variableValue>
</valueSet>