<valueSet valueTable="ULSAM60" entityType="Participant" entityIdentifier="17591888">
  <variableValue variable="AGE60">
    <value valueType="integer">84</value>
  </variableValue>
  <variableValue variable="Y304">
    <value valueType="integer">1</value>
  </variableValue>
  <variableValue variable="Y305">
    <value valueType="integer">1</value>
  </variableValue>
  <variableValue variable="Y290">
    <value valueType="integer">80</value>
  </variableValue>
  <variableValue variable="Y014">
    <value valueType="integer">15</value>
  </variableValue>
  <variableValue variable="Y973">
    <value valueType="integer">17</value>
  </variableValue>
  <variableValue variable="Y378">
    <value valueType="integer">1</value>
  </variableValue>
  <variableValue variable="DAT60">
    <value valueType="date">1976-07-05</value>
  </variableValue>
  <variableValue variable="Y027">
    <value valueType="integer">84</value>
  </variableValue>
  <variableValue variable="Y298">
    <value valueType="integer">87</value>
  </variableValue>
  <variableValue variable="Y302">
    <value valueType="integer">70</value>
  </variableValue>
  <variableValue variable="Y301">
    <value valueType="integer">5</value>
  </variableValue>
  <variableValue variable="Y010">
    <value valueType="integer">9</value>
  </variableValue>
  <variableValue variable="Y306">
    <value valueType="integer">0</value>
  </variableValue>
  <variableValue variable="Y103">
    <value valueType="integer">1</value>
  </variableValue>
  <variableValue variable="Y102">
    <value valueType="integer">0</value>
  </variableValue>
  <variableValue variable="Y101">
    <value valueType="integer">0</value>
  </variableValue>
  <variableValue variable="Y293">
    <value valueType="integer">24</value>
  </variableValue>
  <variableValue variable="Y292">
    <value valueType="integer">60</value>
  </variableValue>
  <variableValue variable="Y041">
    <value valueType="integer">59</value>
  </variableValue>
  <variableValue variable="Y043">
    <value valueType="integer">38</value>
  </variableValue>
  <variableValue variable="Y044">
    <value valueType="integer">24</value>
  </variableValue>
  <variableValue variable="Y045">
    <value valueType="integer">6</value>
  </variableValue>
  <variableValue variable="Y046">
    <value valueType="integer">87</value>
  </variableValue>
  <variableValue variable="Y047">
    <value valueType="integer">2</value>
  </variableValue>
  <variableValue variable="Y056">
    <value valueType="integer">98</value>
  </variableValue>
  <variableValue variable="Y048">
    <value valueType="integer">30</value>
  </variableValue>
  <variableValue variable="Y050">
    <value valueType="integer">98</value>
  </variableValue>
  <variableValue variable="Y051">
    <value valueType="integer">39</value>
  </variableValue>
  <variableValue variable="Y055">
    <value valueType="integer">38</value>
  </variableValue>
  <variableValue variable="Y052">
    <value valueType="integer">45</value>
  </variableValue>
  <variableValue variable="Y106">
    <value valueType="integer">1</value>
  </variableValue>
  <variableValue variable="Y105">
    <value valueType="integer">1</value>
  </variableValue>
  <variableValue variable="Y319">
    <value valueType="integer">17</value>
  </variableValue>
  <variableValue variable="Y323">
    <value valueType="integer">91</value>
  </variableValue>
  <variableValue variable="Y320">
    <value valueType="integer">31</value>
  </variableValue>
  <variableValue variable="Y321">
    <value valueType="integer">56</value>
  </variableValue>
  <variableValue variable="Y322">
    <value valueType="integer">15</value>
  </variableValue>
  <variableValue variable="Y107">
    <value valueType="integer">3</value>
  </variableValue>
  <variableValue variable="Y036">
    <value valueType="integer">23</value>
  </variableValue>
  <variableValue variable="Y013">
    <value valueType="integer">62</value>
  </variableValue>
  <variableValue variable="Y033">
    <value valueType="integer">22</value>
  </variableValue>
  <variableValue variable="Y972">
    <value valueType="integer">49</value>
  </variableValue>
  <variableValue variable="Y971">
    <value valueType="integer">68</value>
  </variableValue>
  <variableValue variable="Y297">
    <value valueType="integer">55</value>
  </variableValue>
  <variableValue variable="Y024">
    <value valueType="integer">71</value>
  </variableValue>
  <variableValue variable="Y023">
    <value valueType="integer">7</value>
  </variableValue>
  <variableValue variable="Y022">
    <value valueType="integer">73</value>
  </variableValue>
  <variableValue variable="Y035">
    <value valueType="integer">10</value>
  </variableValue>
  <variableValue variable="Y307">
    <value valueType="integer">0</value>
  </variableValue>
  <variableValue variable="Y020">
    <value valueType="integer">21</value>
  </variableValue>
  <variableValue variable="Y011">
    <value valueType="integer">16</value>
  </variableValue>
</valueSet>