<valueSet valueTable="ULSAM60" entityType="Participant" entityIdentifier="29818886">
  <variableValue variable="AGE60">
    <value valueType="integer">65</value>
  </variableValue>
  <variableValue variable="Y304">
    <value valueType="integer">0</value>
  </variableValue>
  <variableValue variable="Y305">
    <value valueType="integer">0</value>
  </variableValue>
  <variableValue variable="Y290">
    <value valueType="integer">54</value>
  </variableValue>
  <variableValue variable="Y014">
    <value valueType="integer">78</value>
  </variableValue>
  <variableValue variable="Y973">
    <value valueType="integer">93</value>
  </variableValue>
  <variableValue variable="Y378">
    <value valueType="integer">1</value>
  </variableValue>
  <variableValue variable="DAT60">
    <value valueType="date">1970-10-11</value>
  </variableValue>
  <variableValue variable="Y027">
    <value valueType="integer">68</value>
  </variableValue>
  <variableValue variable="Y298">
    <value valueType="integer">76</value>
  </variableValue>
  <variableValue variable="Y302">
    <value valueType="integer">61</value>
  </variableValue>
  <variableValue variable="Y301">
    <value valueType="integer">79</value>
  </variableValue>
  <variableValue variable="Y010">
    <value valueType="integer">92</value>
  </variableValue>
  <variableValue variable="Y306">
    <value valueType="integer">1</value>
  </variableValue>
  <variableValue variable="Y103">
    <value valueType="integer">1</value>
  </variableValue>
  <variableValue variable="Y102">
    <value valueType="integer">0</value>
  </variableValue>
  <variableValue variable="Y101">
    <value valueType="integer">1</value>
  </variableValue>
  <variableValue variable="Y293">
    <value valueType="integer">54</value>
  </variableValue>
  <variableValue variable="Y292">
    <value valueType="integer">3</value>
  </variableValue>
  <variableValue variable="Y041">
    <value valueType="integer">98</value>
  </variableValue>
  <variableValue variable="Y043">
    <value valueType="integer">66</value>
  </variableValue>
  <variableValue variable="Y044">
    <value valueType="integer">95</value>
  </variableValue>
  <variableValue variable="Y045">
    <value valueType="integer">16</value>
  </variableValue>
  <variableValue variable="Y046">
    <value valueType="integer">22</value>
  </variableValue>
  <variableValue variable="Y047">
    <value valueType="integer">98</value>
  </variableValue>
  <variableValue variable="Y056">
    <value valueType="integer">94</value>
  </variableValue>
  <variableValue variable="Y048">
    <value valueType="integer">10</value>
  </variableValue>
  <variableValue variable="Y050">
    <value valueType="integer">1</value>
  </variableValue>
  <variableValue variable="Y051">
    <value valueType="integer">14</value>
  </variableValue>
  <variableValue variable="Y055">
    <value valueType="integer">69</value>
  </variableValue>
  <variableValue variable="Y052">
    <value valueType="integer">84</value>
  </variableValue>
  <variableValue variable="Y106">
    <value valueType="integer">3</value>
  </variableValue>
  <variableValue variable="Y105">
    <value valueType="integer">1</value>
  </variableValue>
  <variableValue variable="Y319">
    <value valueType="integer">65</value>
  </variableValue>
  <variableValue variable="Y323">
    <value valueType="integer">74</value>
  </variableValue>
  <variableValue variable="Y320">
    <value valueType="integer">63</value>
  </variableValue>
  <variableValue variable="Y321">
    <value valueType="integer">29</value>
  </variableValue>
  <variableValue variable="Y322">
    <value valueType="integer">31</value>
  </variableValue>
  <variableValue variable="Y107">
    <value valueType="integer">3</value>
  </variableValue>
  <variableValue variable="Y036">
    <value valueType="integer">43</value>
  </variableValue>
  <variableValue variable="Y013">
    <value valueType="integer">14</value>
  </variableValue>
  <variableValue variable="Y033">
    <value valueType="integer">74</value>
  </variableValue>
  <variableValue variable="Y972">
    <value valueType="integer">42</value>
  </variableValue>
  <variableValue variable="Y971">
    <value valueType="integer">49</value>
  </variableValue>
  <variableValue variable="Y297">
    <value valueType="integer">5</value>
  </variableValue>
  <variableValue variable="Y024">
    <value valueType="integer">4</value>
  </variableValue>
  <variableValue variable="Y023">
    <value valueType="integer">55</value>
  </variableValue>
  <variableValue variable="Y022">
    <value valueType="integer">4</value>
  </variableValue>
  <variableValue variable="Y035">
    <value valueType="integer">63</value>
  </variableValue>
  <variableValue variable="Y307">
    <value valueType="integer">0</value>
  </variableValue>
  <variableValue variable="Y020">
    <value valueType="integer">6</value>
  </variableValue>
  <variableValue variable="Y011">
    <value valueType="integer">63</value>
  </variableValue>
</valueSet>