<valueSet valueTable="HOP" entityType="Participant" entityIdentifier="8106638430466491420">
  <variableValue variable="HLTH_OBESE_STRICT">
    <value valueType="integer">0</value>
  </variableValue>
  <variableValue variable="HLTH_OBESE_MODERATE">
    <value valueType="integer">0</value>
  </variableValue>
  <variableValue variable="PM_BMI_CONTINUOUS">
    <value valueType="decimal">24.64875154697628</value>
  </variableValue>
  <variableValue variable="PM_HEIGHT_MEASURE">
    <value valueType="decimal">155.2923954170359</value>
  </variableValue>
  <variableValue variable="PM_WEIGHT_MEASURE">
    <value valueType="decimal">59.44225896793658</value>
  </variableValue>
  <variableValue variable="METABSYNDR_NBR_STRICT">
    <value valueType="integer">2</value>
  </variableValue>
  <variableValue variable="METABSYNDR_NBR_MODERATE">
    <value valueType="integer">2</value>
  </variableValue>
  <variableValue variable="LAB_GLUC_FASTING">
    <value valueType="decimal">4.904489878044233</value>
  </variableValue>
  <variableValue variable="LAB_TSC">
    <value valueType="decimal">5.069299331314419</value>
  </variableValue>
  <variableValue variable="LAB_TRIG">
    <value valueType="decimal">1.5590482930307386</value>
  </variableValue>
  <variableValue variable="DIS_CVA">
    <value valueType="integer">1</value>
  </variableValue>
  <variableValue variable="DIS_DIAB">
    <value valueType="integer">1</value>
  </variableValue>
  <variableValue variable="DIS_DIAB_TYPE">
    <value valueType="integer">1</value>
  </variableValue>
  <variableValue variable="DIS_HBP">
    <value valueType="integer">1</value>
  </variableValue>
  <variableValue variable="DIS_AMI">
    <value valueType="integer">1</value>
  </variableValue>
  <variableValue variable="MEDI_HBP">
    <value valueType="integer">0</value>
  </variableValue>
  <variableValue variable="MEDI_DIAB">
    <value valueType="integer">1</value>
  </variableValue>
  <variableValue variable="HOUSEHOLD_NUM_PPL">
    <value valueType="integer">13</value>
  </variableValue>
  <variableValue variable="EDU_POST_SEC_COMPLETED">
    <value valueType="integer">1</value>
  </variableValue>
  <variableValue variable="EDU_TERTIARY_COMPLETED">
    <value valueType="integer">1</value>
  </variableValue>
  <variableValue variable="EDU_SECONDARY_COMPLETED">
    <value valueType="integer">1</value>
  </variableValue>
  <variableValue variable="EDU_PRIMARY_COMPLETED">
    <value valueType="integer">1</value>
  </variableValue>
  <variableValue variable="WORK_STUDENT">
    <value valueType="integer">0</value>
  </variableValue>
  <variableValue variable="WORK_STATUS_CURRENT">
    <value valueType="integer">1</value>
  </variableValue>
  <variableValue variable="WORK_RETIRED">
    <value valueType="integer">0</value>
  </variableValue>
  <variableValue variable="MARITAL_STATUS">
    <value valueType="integer">4</value>
  </variableValue>
  <variableValue variable="SMK_CIG_CURRENT_QTY">
    <value valueType="integer">266</value>
  </variableValue>
  <variableValue variable="SMK_TBC_EVER">
    <value valueType="integer">0</value>
  </variableValue>
  <variableValue variable="LIVING_PARTNER">
    <value valueType="integer">0</value>
  </variableValue>
  <variableValue variable="MEDI_LPD">
    <value valueType="integer">0</value>
  </variableValue>
  <variableValue variable="MEDI_NAME_DIAB">
    <value valueType="integer">1</value>
  </variableValue>
  <variableValue variable="PM_HIP_SIZE">
    <value valueType="decimal">92.93839582003048</value>
  </variableValue>
  <variableValue variable="GENDER">
    <value valueType="integer">1</value>
  </variableValue>
  <variableValue variable="AGE_DOB">
    <value valueType="integer">1933</value>
  </variableValue>
  <variableValue variable="BRLOCA_CNTRY">
    <value valueType="integer">1</value>
  </variableValue>
  <variableValue variable="PM_DIASTOLIC_MEASURE">
    <value valueType="decimal">50.073579274658094</value>
  </variableValue>
  <variableValue variable="ALC_EVER">
    <value valueType="integer">1</value>
  </variableValue>
  <variableValue variable="ALC_LIQUOR_CURRENT_QTY">
    <value valueType="integer">12</value>
  </variableValue>
  <variableValue variable="ALC_BEER_CURRENT_QTY">
    <value valueType="integer">5</value>
  </variableValue>
  <variableValue variable="ALC_CURRENT">
    <value valueType="integer">1</value>
  </variableValue>
  <variableValue variable="PM_SYSTOLIC_MEASURE">
    <value valueType="integer">124</value>
  </variableValue>
  <variableValue variable="PM_WAIST_SIZE">
    <value valueType="decimal">112.81421524157979</value>
  </variableValue>
  <variableValue variable="ALC_WINE_CURRENT_QTY">
    <value valueType="integer">133</value>
  </variableValue>
  <variableValue variable="LAB_HDL">
    <value valueType="decimal">1.092166482093111</value>
  </variableValue>
  <variableValue variable="PM_BMI_CATEGORIAL">
    <value valueType="integer">1</value>
  </variableValue>
  <variableValue variable="EDU_NUMYRS">
    <value valueType="integer">47</value>
  </variableValue>
</valueSet>