<valueSet valueTable="HOP" entityType="Participant" entityIdentifier="2266872559576016364">
  <variableValue variable="HLTH_OBESE_STRICT">
    <value valueType="integer">0</value>
  </variableValue>
  <variableValue variable="HLTH_OBESE_MODERATE">
    <value valueType="integer">0</value>
  </variableValue>
  <variableValue variable="PM_BMI_CONTINUOUS">
    <value valueType="decimal">21.692203439293085</value>
  </variableValue>
  <variableValue variable="PM_HEIGHT_MEASURE">
    <value valueType="decimal">175.67141726627065</value>
  </variableValue>
  <variableValue variable="PM_WEIGHT_MEASURE">
    <value valueType="decimal">66.94310911749173</value>
  </variableValue>
  <variableValue variable="METABSYNDR_NBR_STRICT">
    <value valueType="integer">2</value>
  </variableValue>
  <variableValue variable="METABSYNDR_NBR_MODERATE">
    <value valueType="integer">2</value>
  </variableValue>
  <variableValue variable="LAB_GLUC_FASTING">
    <value valueType="decimal">3.3533360831277106</value>
  </variableValue>
  <variableValue variable="LAB_TSC">
    <value valueType="decimal">4.649432510213352</value>
  </variableValue>
  <variableValue variable="LAB_TRIG">
    <value valueType="decimal">2.6212288016437624</value>
  </variableValue>
  <variableValue variable="DIS_CVA">
    <value valueType="integer">1</value>
  </variableValue>
  <variableValue variable="DIS_DIAB">
    <value valueType="integer">1</value>
  </variableValue>
  <variableValue variable="DIS_DIAB_TYPE">
    <value valueType="integer">1</value>
  </variableValue>
  <variableValue variable="DIS_HBP">
    <value valueType="integer">0</value>
  </variableValue>
  <variableValue variable="DIS_AMI">
    <value valueType="integer">0</value>
  </variableValue>
  <variableValue variable="MEDI_HBP">
    <value valueType="integer">0</value>
  </variableValue>
  <variableValue variable="MEDI_DIAB">
    <value valueType="integer">1</value>
  </variableValue>
  <variableValue variable="HOUSEHOLD_NUM_PPL">
    <value valueType="integer">11</value>
  </variableValue>
  <variableValue variable="EDU_POST_SEC_COMPLETED">
    <value valueType="integer">1</value>
  </variableValue>
  <variableValue variable="EDU_TERTIARY_COMPLETED">
    <value valueType="integer">1</value>
  </variableValue>
  <variableValue variable="EDU_SECONDARY_COMPLETED">
    <value valueType="integer">1</value>
  </variableValue>
  <variableValue variable="EDU_PRIMARY_COMPLETED">
    <value valueType="integer">1</value>
  </variableValue>
  <variableValue variable="WORK_STUDENT">
    <value valueType="integer">0</value>
  </variableValue>
  <variableValue variable="WORK_STATUS_CURRENT">
    <value valueType="integer">0</value>
  </variableValue>
  <variableValue variable="WORK_RETIRED">
    <value valueType="integer">0</value>
  </variableValue>
  <variableValue variable="MARITAL_STATUS">
    <value valueType="integer">1</value>
  </variableValue>
  <variableValue variable="SMK_CIG_CURRENT_QTY">
    <value valueType="integer">252</value>
  </variableValue>
  <variableValue variable="SMK_TBC_EVER">
    <value valueType="integer">0</value>
  </variableValue>
  <variableValue variable="LIVING_PARTNER">
    <value valueType="integer">1</value>
  </variableValue>
  <variableValue variable="MEDI_LPD">
    <value valueType="integer">1</value>
  </variableValue>
  <variableValue variable="MEDI_NAME_DIAB">
    <value valueType="integer">1</value>
  </variableValue>
  <variableValue variable="PM_HIP_SIZE">
    <value valueType="decimal">100.23227023698827</value>
  </variableValue>
  <variableValue variable="GENDER">
    <value valueType="integer">0</value>
  </variableValue>
  <variableValue variable="AGE_DOB">
    <value valueType="integer">1981</value>
  </variableValue>
  <variableValue variable="BRLOCA_CNTRY">
    <value valueType="integer">1</value>
  </variableValue>
  <variableValue variable="PM_DIASTOLIC_MEASURE">
    <value valueType="decimal">84.12336870407262</value>
  </variableValue>
  <variableValue variable="ALC_EVER">
    <value valueType="integer">0</value>
  </variableValue>
  <variableValue variable="ALC_LIQUOR_CURRENT_QTY">
    <value valueType="integer">79</value>
  </variableValue>
  <variableValue variable="ALC_BEER_CURRENT_QTY">
    <value valueType="integer">16</value>
  </variableValue>
  <variableValue variable="ALC_CURRENT">
    <value valueType="integer">0</value>
  </variableValue>
  <variableValue variable="PM_SYSTOLIC_MEASURE">
    <value valueType="integer">111</value>
  </variableValue>
  <variableValue variable="PM_WAIST_SIZE">
    <value valueType="decimal">66.61976291923749</value>
  </variableValue>
  <variableValue variable="ALC_WINE_CURRENT_QTY">
    <value valueType="integer">157</value>
  </variableValue>
  <variableValue variable="LAB_HDL">
    <value valueType="decimal">1.713909063197993</value>
  </variableValue>
  <variableValue variable="PM_BMI_CATEGORIAL">
    <value valueType="integer">1</value>
  </variableValue>
  <variableValue variable="EDU_NUMYRS">
    <value valueType="integer">21</value>
  </variableValue>
</valueSet>