<valueSet valueTable="HOP" entityType="Participant" entityIdentifier="6276670381487233674">
  <variableValue variable="HLTH_OBESE_STRICT">
    <value valueType="integer">0</value>
  </variableValue>
  <variableValue variable="HLTH_OBESE_MODERATE">
    <value valueType="integer">0</value>
  </variableValue>
  <variableValue variable="PM_BMI_CONTINUOUS">
    <value valueType="decimal">24.628654641439155</value>
  </variableValue>
  <variableValue variable="PM_HEIGHT_MEASURE">
    <value valueType="decimal">169.27614609676235</value>
  </variableValue>
  <variableValue variable="PM_WEIGHT_MEASURE">
    <value valueType="decimal">70.57196574277899</value>
  </variableValue>
  <variableValue variable="METABSYNDR_NBR_STRICT">
    <value valueType="integer">3</value>
  </variableValue>
  <variableValue variable="METABSYNDR_NBR_MODERATE">
    <value valueType="integer">3</value>
  </variableValue>
  <variableValue variable="LAB_GLUC_FASTING">
    <value valueType="decimal">5.402661251174248</value>
  </variableValue>
  <variableValue variable="LAB_TSC">
    <value valueType="decimal">3.7714241117228235</value>
  </variableValue>
  <variableValue variable="LAB_TRIG">
    <value valueType="decimal">2.842073005841848</value>
  </variableValue>
  <variableValue variable="DIS_CVA">
    <value valueType="integer">1</value>
  </variableValue>
  <variableValue variable="DIS_DIAB">
    <value valueType="integer">1</value>
  </variableValue>
  <variableValue variable="DIS_DIAB_TYPE">
    <value valueType="integer">9</value>
  </variableValue>
  <variableValue variable="DIS_HBP">
    <value valueType="integer">1</value>
  </variableValue>
  <variableValue variable="DIS_AMI">
    <value valueType="integer">1</value>
  </variableValue>
  <variableValue variable="MEDI_HBP">
    <value valueType="integer">0</value>
  </variableValue>
  <variableValue variable="MEDI_DIAB">
    <value valueType="integer">1</value>
  </variableValue>
  <variableValue variable="HOUSEHOLD_NUM_PPL">
    <value valueType="integer">6</value>
  </variableValue>
  <variableValue variable="EDU_POST_SEC_COMPLETED">
    <value valueType="integer">0</value>
  </variableValue>
  <variableValue variable="EDU_TERTIARY_COMPLETED">
    <value valueType="integer">0</value>
  </variableValue>
  <variableValue variable="EDU_SECONDARY_COMPLETED">
    <value valueType="integer">1</value>
  </variableValue>
  <variableValue variable="EDU_PRIMARY_COMPLETED">
    <value valueType="integer">1</value>
  </variableValue>
  <variableValue variable="WORK_STUDENT">
    <value valueType="integer">1</value>
  </variableValue>
  <variableValue variable="WORK_STATUS_CURRENT">
    <value valueType="integer">0</value>
  </variableValue>
  <variableValue variable="WORK_RETIRED">
    <value valueType="integer">0</value>
  </variableValue>
  <variableValue variable="MARITAL_STATUS">
    <value valueType="integer">4</value>
  </variableValue>
  <variableValue variable="SMK_CIG_CURRENT_QTY">
    <value valueType="integer">91</value>
  </variableValue>
  <variableValue variable="SMK_TBC_EVER">
    <value valueType="integer">0</value>
  </variableValue>
  <variableValue variable="LIVING_PARTNER">
    <value valueType="integer">0</value>
  </variableValue>
  <variableValue variable="MEDI_LPD">
    <value valueType="integer">0</value>
  </variableValue>
  <variableValue variable="MEDI_NAME_DIAB">
    <value valueType="integer">1</value>
  </variableValue>
  <variableValue variable="PM_HIP_SIZE">
    <value valueType="decimal">112.65833881245054</value>
  </variableValue>
  <variableValue variable="GENDER">
    <value valueType="integer">0</value>
  </variableValue>
  <variableValue variable="AGE_DOB">
    <value valueType="integer">1968</value>
  </variableValue>
  <variableValue variable="BRLOCA_CNTRY">
    <value valueType="integer">1</value>
  </variableValue>
  <variableValue variable="PM_DIASTOLIC_MEASURE">
    <value valueType="decimal">54.13909290831634</value>
  </variableValue>
  <variableValue variable="ALC_EVER">
    <value valueType="integer">0</value>
  </variableValue>
  <variableValue variable="ALC_LIQUOR_CURRENT_QTY">
    <value valueType="integer">0</value>
  </variableValue>
  <variableValue variable="ALC_BEER_CURRENT_QTY">
    <value valueType="integer">9</value>
  </variableValue>
  <variableValue variable="ALC_CURRENT">
    <value valueType="integer">0</value>
  </variableValue>
  <variableValue variable="PM_SYSTOLIC_MEASURE">
    <value valueType="integer">166</value>
  </variableValue>
  <variableValue variable="PM_WAIST_SIZE">
    <value valueType="decimal">85.9073795116455</value>
  </variableValue>
  <variableValue variable="ALC_WINE_CURRENT_QTY">
    <value valueType="integer">127</value>
  </variableValue>
  <variableValue variable="LAB_HDL">
    <value valueType="decimal">1.5672847851317695</value>
  </variableValue>
  <variableValue variable="PM_BMI_CATEGORIAL">
    <value valueType="integer">1</value>
  </variableValue>
  <variableValue variable="EDU_NUMYRS">
    <value valueType="integer">22</value>
  </variableValue>
</valueSet>