<valueSet valueTable="HOP" entityType="Participant" entityIdentifier="2654931890861204738">
  <variableValue variable="HLTH_OBESE_STRICT">
    <value valueType="integer">0</value>
  </variableValue>
  <variableValue variable="HLTH_OBESE_MODERATE">
    <value valueType="integer">0</value>
  </variableValue>
  <variableValue variable="PM_BMI_CONTINUOUS">
    <value valueType="decimal">25.227285560037924</value>
  </variableValue>
  <variableValue variable="PM_HEIGHT_MEASURE">
    <value valueType="decimal">169.54382002789666</value>
  </variableValue>
  <variableValue variable="PM_WEIGHT_MEASURE">
    <value valueType="decimal">72.51610204636054</value>
  </variableValue>
  <variableValue variable="METABSYNDR_NBR_STRICT">
    <value valueType="integer">3</value>
  </variableValue>
  <variableValue variable="METABSYNDR_NBR_MODERATE">
    <value valueType="integer">3</value>
  </variableValue>
  <variableValue variable="LAB_GLUC_FASTING">
    <value valueType="decimal">5.675434642220077</value>
  </variableValue>
  <variableValue variable="LAB_TSC">
    <value valueType="decimal">5.59014067935618</value>
  </variableValue>
  <variableValue variable="LAB_TRIG">
    <value valueType="decimal">2.0059703955409462</value>
  </variableValue>
  <variableValue variable="DIS_CVA">
    <value valueType="integer">0</value>
  </variableValue>
  <variableValue variable="DIS_DIAB">
    <value valueType="integer">0</value>
  </variableValue>
  <variableValue variable="DIS_DIAB_TYPE">
    <value valueType="integer">2</value>
  </variableValue>
  <variableValue variable="DIS_HBP">
    <value valueType="integer">1</value>
  </variableValue>
  <variableValue variable="DIS_AMI">
    <value valueType="integer">0</value>
  </variableValue>
  <variableValue variable="MEDI_HBP">
    <value valueType="integer">0</value>
  </variableValue>
  <variableValue variable="MEDI_DIAB">
    <value valueType="integer">1</value>
  </variableValue>
  <variableValue variable="HOUSEHOLD_NUM_PPL">
    <value valueType="integer">14</value>
  </variableValue>
  <variableValue variable="EDU_POST_SEC_COMPLETED">
    <value valueType="integer">0</value>
  </variableValue>
  <variableValue variable="EDU_TERTIARY_COMPLETED">
    <value valueType="integer">0</value>
  </variableValue>
  <variableValue variable="EDU_SECONDARY_COMPLETED">
    <value valueType="integer">1</value>
  </variableValue>
  <variableValue variable="EDU_PRIMARY_COMPLETED">
    <value valueType="integer">1</value>
  </variableValue>
  <variableValue variable="WORK_STUDENT">
    <value valueType="integer">0</value>
  </variableValue>
  <variableValue variable="WORK_STATUS_CURRENT">
    <value valueType="integer">0</value>
  </variableValue>
  <variableValue variable="WORK_RETIRED">
    <value valueType="integer">0</value>
  </variableValue>
  <variableValue variable="MARITAL_STATUS">
    <value valueType="integer">1</value>
  </variableValue>
  <variableValue variable="SMK_CIG_CURRENT_QTY">
    <value valueType="integer">91</value>
  </variableValue>
  <variableValue variable="SMK_TBC_EVER">
    <value valueType="integer">1</value>
  </variableValue>
  <variableValue variable="LIVING_PARTNER">
    <value valueType="integer">1</value>
  </variableValue>
  <variableValue variable="MEDI_LPD">
    <value valueType="integer">1</value>
  </variableValue>
  <variableValue variable="MEDI_NAME_DIAB">
    <value valueType="integer">1</value>
  </variableValue>
  <variableValue variable="PM_HIP_SIZE">
    <value valueType="decimal">110.90240629022591</value>
  </variableValue>
  <variableValue variable="GENDER">
    <value valueType="integer">0</value>
  </variableValue>
  <variableValue variable="AGE_DOB">
    <value valueType="integer">1941</value>
  </variableValue>
  <variableValue variable="BRLOCA_CNTRY">
    <value valueType="integer">1</value>
  </variableValue>
  <variableValue variable="PM_DIASTOLIC_MEASURE">
    <value valueType="decimal">93.50005297657724</value>
  </variableValue>
  <variableValue variable="ALC_EVER">
    <value valueType="integer">1</value>
  </variableValue>
  <variableValue variable="ALC_LIQUOR_CURRENT_QTY">
    <value valueType="integer">74</value>
  </variableValue>
  <variableValue variable="ALC_BEER_CURRENT_QTY">
    <value valueType="integer">21</value>
  </variableValue>
  <variableValue variable="ALC_CURRENT">
    <value valueType="integer">1</value>
  </variableValue>
  <variableValue variable="PM_SYSTOLIC_MEASURE">
    <value valueType="integer">138</value>
  </variableValue>
  <variableValue variable="PM_WAIST_SIZE">
    <value valueType="decimal">102.5761413932101</value>
  </variableValue>
  <variableValue variable="ALC_WINE_CURRENT_QTY">
    <value valueType="integer">65</value>
  </variableValue>
  <variableValue variable="LAB_HDL">
    <value valueType="decimal">1.1309136791231027</value>
  </variableValue>
  <variableValue variable="PM_BMI_CATEGORIAL">
    <value valueType="integer">2</value>
  </variableValue>
  <variableValue variable="EDU_NUMYRS">
    <value valueType="integer">35</value>
  </variableValue>
</valueSet>