<valueSet valueTable="HOP" entityType="Participant" entityIdentifier="6971102728030923659">
  <variableValue variable="HLTH_OBESE_STRICT">
    <value valueType="integer">0</value>
  </variableValue>
  <variableValue variable="HLTH_OBESE_MODERATE">
    <value valueType="integer">0</value>
  </variableValue>
  <variableValue variable="PM_BMI_CONTINUOUS">
    <value valueType="decimal">35.30178083446584</value>
  </variableValue>
  <variableValue variable="PM_HEIGHT_MEASURE">
    <value valueType="decimal">167.5026486150126</value>
  </variableValue>
  <variableValue variable="PM_WEIGHT_MEASURE">
    <value valueType="decimal">99.04669115615707</value>
  </variableValue>
  <variableValue variable="METABSYNDR_NBR_STRICT">
    <value valueType="integer">3</value>
  </variableValue>
  <variableValue variable="METABSYNDR_NBR_MODERATE">
    <value valueType="integer">3</value>
  </variableValue>
  <variableValue variable="LAB_GLUC_FASTING">
    <value valueType="decimal">5.423008790477588</value>
  </variableValue>
  <variableValue variable="LAB_TSC">
    <value valueType="decimal">5.601636957966366</value>
  </variableValue>
  <variableValue variable="LAB_TRIG">
    <value valueType="decimal">1.2143929202363992</value>
  </variableValue>
  <variableValue variable="DIS_CVA">
    <value valueType="integer">0</value>
  </variableValue>
  <variableValue variable="DIS_DIAB">
    <value valueType="integer">1</value>
  </variableValue>
  <variableValue variable="DIS_DIAB_TYPE">
    <value valueType="integer">9</value>
  </variableValue>
  <variableValue variable="DIS_HBP">
    <value valueType="integer">1</value>
  </variableValue>
  <variableValue variable="DIS_AMI">
    <value valueType="integer">0</value>
  </variableValue>
  <variableValue variable="MEDI_HBP">
    <value valueType="integer">0</value>
  </variableValue>
  <variableValue variable="MEDI_DIAB">
    <value valueType="integer">1</value>
  </variableValue>
  <variableValue variable="HOUSEHOLD_NUM_PPL">
    <value valueType="integer">7</value>
  </variableValue>
  <variableValue variable="EDU_POST_SEC_COMPLETED">
    <value valueType="integer">1</value>
  </variableValue>
  <variableValue variable="EDU_TERTIARY_COMPLETED">
    <value valueType="integer">0</value>
  </variableValue>
  <variableValue variable="EDU_SECONDARY_COMPLETED">
    <value valueType="integer">1</value>
  </variableValue>
  <variableValue variable="EDU_PRIMARY_COMPLETED">
    <value valueType="integer">1</value>
  </variableValue>
  <variableValue variable="WORK_STUDENT">
    <value valueType="integer">0</value>
  </variableValue>
  <variableValue variable="WORK_STATUS_CURRENT">
    <value valueType="integer">0</value>
  </variableValue>
  <variableValue variable="WORK_RETIRED">
    <value valueType="integer">0</value>
  </variableValue>
  <variableValue variable="MARITAL_STATUS">
    <value valueType="integer">3</value>
  </variableValue>
  <variableValue variable="SMK_CIG_CURRENT_QTY">
    <value valueType="integer">70</value>
  </variableValue>
  <variableValue variable="SMK_TBC_EVER">
    <value valueType="integer">1</value>
  </variableValue>
  <variableValue variable="LIVING_PARTNER">
    <value valueType="integer">0</value>
  </variableValue>
  <variableValue variable="MEDI_LPD">
    <value valueType="integer">1</value>
  </variableValue>
  <variableValue variable="MEDI_NAME_DIAB">
    <value valueType="integer">1</value>
  </variableValue>
  <variableValue variable="PM_HIP_SIZE">
    <value valueType="decimal">101.87408446584544</value>
  </variableValue>
  <variableValue variable="GENDER">
    <value valueType="integer">0</value>
  </variableValue>
  <variableValue variable="AGE_DOB">
    <value valueType="integer">1936</value>
  </variableValue>
  <variableValue variable="BRLOCA_CNTRY">
    <value valueType="integer">1</value>
  </variableValue>
  <variableValue variable="PM_DIASTOLIC_MEASURE">
    <value valueType="decimal">87.68950698690304</value>
  </variableValue>
  <variableValue variable="ALC_EVER">
    <value valueType="integer">0</value>
  </variableValue>
  <variableValue variable="ALC_LIQUOR_CURRENT_QTY">
    <value valueType="integer">10</value>
  </variableValue>
  <variableValue variable="ALC_BEER_CURRENT_QTY">
    <value valueType="integer">0</value>
  </variableValue>
  <variableValue variable="ALC_CURRENT">
    <value valueType="integer">0</value>
  </variableValue>
  <variableValue variable="PM_SYSTOLIC_MEASURE">
    <value valueType="integer">163</value>
  </variableValue>
  <variableValue variable="PM_WAIST_SIZE">
    <value valueType="decimal">79.27456845088392</value>
  </variableValue>
  <variableValue variable="ALC_WINE_CURRENT_QTY">
    <value valueType="integer">107</value>
  </variableValue>
  <variableValue variable="LAB_HDL">
    <value valueType="decimal">1.40653386388485</value>
  </variableValue>
  <variableValue variable="PM_BMI_CATEGORIAL">
    <value valueType="integer">3</value>
  </variableValue>
  <variableValue variable="EDU_NUMYRS">
    <value valueType="integer">37</value>
  </variableValue>
</valueSet>