<valueSet valueTable="2008" entityType="Participant" entityIdentifier="23377800">
  <variableValue variable="ADLTED[year]">
    <value valueType="integer">1</value>
  </variableValue>
  <variableValue variable="ADVDIR[year]">
    <value valueType="integer">1</value>
  </variableValue>
  <variableValue variable="age[year]">
    <value valueType="integer">94</value>
  </variableValue>
  <variableValue variable="AGEKID[year]">
    <value valueType="integer">96</value>
  </variableValue>
  <variableValue variable="AGENB[year]">
    <value valueType="integer">4</value>
  </variableValue>
  <variableValue variable="AGEWED[year]">
    <value valueType="integer">52</value>
  </variableValue>
  <variableValue variable="AGFRN[year]">
    <value valueType="integer">1</value>
  </variableValue>
  <variableValue variable="AGREE[year]">
    <value valueType="integer">32</value>
  </variableValue>
  <variableValue variable="ALCOHOL[year]">
    <value valueType="integer">6</value>
  </variableValue>
  <variableValue variable="Apdemp[year]">
    <value valueType="decimal">78.35716825039395</value>
  </variableValue>
  <variableValue variable="ART[year]">
    <value valueType="integer">1</value>
  </variableValue>
  <variableValue variable="BDATE_DY">
    <value valueType="integer">42</value>
  </variableValue>
  <variableValue variable="BDATE_MO">
    <value valueType="integer">38</value>
  </variableValue>
  <variableValue variable="BDATE_YR">
    <value valueType="integer">37</value>
  </variableValue>
  <variableValue variable="BEEF[year]">
    <value valueType="integer">1</value>
  </variableValue>
  <variableValue variable="BEER[year]">
    <value valueType="integer">7</value>
  </variableValue>
  <variableValue variable="BLDLK[year]">
    <value valueType="integer">1</value>
  </variableValue>
  <variableValue variable="BLOODPRE[year]">
    <value valueType="integer">6</value>
  </variableValue>
  <variableValue variable="BOOK[year]">
    <value valueType="integer">1</value>
  </variableValue>
  <variableValue variable="BRUSH[year]">
    <value valueType="integer">74</value>
  </variableValue>
  <variableValue variable="BUTTER[year]">
    <value valueType="integer">1</value>
  </variableValue>
  <variableValue variable="BUYFAT[year]">
    <value valueType="integer">3</value>
  </variableValue>
  <variableValue variable="BUYSALT[year]">
    <value valueType="integer">2</value>
  </variableValue>
  <variableValue variable="CANCHK[year]">
    <value valueType="integer">2</value>
  </variableValue>
  <variableValue variable="cards[year]">
    <value valueType="decimal">59.311053557234175</value>
  </variableValue>
  <variableValue variable="CATARACT[year]">
    <value valueType="integer">1</value>
  </variableValue>
  <variableValue variable="CHKFAT[year]">
    <value valueType="integer">2</value>
  </variableValue>
  <variableValue variable="CHOLES[year]">
    <value valueType="integer">2</value>
  </variableValue>
  <variableValue variable="chur[year]">
    <value valueType="decimal">75.272091679727</value>
  </variableValue>
  <variableValue variable="CIGARDAY[year]">
    <value valueType="integer">3</value>
  </variableValue>
  <variableValue variable="CIGARS[year]">
    <value valueType="integer">4</value>
  </variableValue>
  <variableValue variable="CIGDAY[year]">
    <value valueType="integer">4</value>
  </variableValue>
  <variableValue variable="CIGS[year]">
    <value valueType="integer">6</value>
  </variableValue>
  <variableValue variable="CLNAIR[year]">
    <value valueType="integer">4</value>
  </variableValue>
  <variableValue variable="COFFEE[year]">
    <value valueType="integer">6</value>
  </variableValue>
  <variableValue variable="CONSCIEN[year]">
    <value valueType="integer">61</value>
  </variableValue>
  <variableValue variable="cook[year]">
    <value valueType="decimal">36.23486206686775</value>
  </variableValue>
  <variableValue variable="COOKBUT[year]">
    <value valueType="integer">5</value>
  </variableValue>
  <variableValue variable="CORS[year]">
    <value valueType="integer">1</value>
  </variableValue>
  <variableValue variable="crafts[year]">
    <value valueType="decimal">68.4066188477542</value>
  </variableValue>
  <variableValue variable="crdp1[year]">
    <value valueType="integer">99</value>
  </variableValue>
  <variableValue variable="crdp2[year]">
    <value valueType="integer">46</value>
  </variableValue>
  <variableValue variable="cult[year]">
    <value valueType="decimal">94.01986252103679</value>
  </variableValue>
  <variableValue variable="dance[year]">
    <value valueType="decimal">78.63399620359807</value>
  </variableValue>
  <variableValue variable="DENTIST[year]">
    <value valueType="integer">3</value>
  </variableValue>
  <variableValue variable="DENTURE[year]">
    <value valueType="integer">1</value>
  </variableValue>
  <variableValue variable="DIABET[year]">
    <value valueType="integer">1</value>
  </variableValue>
  <variableValue variable="DRMAM[year]">
    <value valueType="integer">3</value>
  </variableValue>
  <variableValue variable="DRVISIT[year]">
    <value valueType="integer">41</value>
  </variableValue>
  <variableValue variable="dydrm[year]">
    <value valueType="decimal">80.17064803745426</value>
  </variableValue>
  <variableValue variable="EARCHK[year]">
    <value valueType="integer">0</value>
  </variableValue>
  <variableValue variable="eatout[year]">
    <value valueType="decimal">73.07820235645205</value>
  </variableValue>
  <variableValue variable="EATSALT[year]">
    <value valueType="integer">3</value>
  </variableValue>
  <variableValue variable="edact[year]">
    <value valueType="decimal">6.898650078161861</value>
  </variableValue>
  <variableValue variable="educ">
    <value valueType="integer">24</value>
  </variableValue>
  <variableValue variable="EDUC[year]">
    <value valueType="integer">85</value>
  </variableValue>
  <variableValue variable="EGG[year]">
    <value valueType="integer">2</value>
  </variableValue>
  <variableValue variable="eldcar[year]">
    <value valueType="decimal">13.970095328250942</value>
  </variableValue>
  <variableValue variable="ELDCAR[year]">
    <value valueType="decimal">44.65303020984561</value>
  </variableValue>
  <variableValue variable="ENT1[year]">
    <value valueType="integer">4</value>
  </variableValue>
  <variableValue variable="ENT2[year]">
    <value valueType="integer">5</value>
  </variableValue>
  <variableValue variable="ENT3[year]">
    <value valueType="integer">1</value>
  </variableValue>
  <variableValue variable="eth[year]">
    <value valueType="integer">78</value>
  </variableValue>
  <variableValue variable="EXCERTOT[year]">
    <value valueType="decimal">42.02011633205826</value>
  </variableValue>
  <variableValue variable="EXCERWK[year]">
    <value valueType="integer">26</value>
  </variableValue>
  <variableValue variable="EXTRAVER[year]">
    <value valueType="integer">94</value>
  </variableValue>
  <variableValue variable="EYECHG[year]">
    <value valueType="integer">6</value>
  </variableValue>
  <variableValue variable="EYECHK[year]">
    <value valueType="integer">0</value>
  </variableValue>
  <variableValue variable="EYEGLAS[year]">
    <value valueType="integer">3</value>
  </variableValue>
  <variableValue variable="FAGE[year]">
    <value valueType="integer">97</value>
  </variableValue>
  <variableValue variable="FAITH[year]">
    <value valueType="integer">2</value>
  </variableValue>
  <variableValue variable="FALLS[year]">
    <value valueType="integer">4</value>
  </variableValue>
  <variableValue variable="FCAUSE[year]">
    <value valueType="integer">12</value>
  </variableValue>
  <variableValue variable="FDIE[year]">
    <value valueType="integer">80</value>
  </variableValue>
  <variableValue variable="FIC[year]">
    <value valueType="integer">94</value>
  </variableValue>
  <variableValue variable="fit[year]">
    <value valueType="decimal">62.09349790158508</value>
  </variableValue>
  <variableValue variable="FLIVE[year]">
    <value valueType="integer">2</value>
  </variableValue>
  <variableValue variable="FLOSS[year]">
    <value valueType="integer">2</value>
  </variableValue>
  <variableValue variable="FLUSHOT[year]">
    <value valueType="integer">1</value>
  </variableValue>
  <variableValue variable="fr[year]">
    <value valueType="integer">57</value>
  </variableValue>
  <variableValue variable="fratt[year]">
    <value valueType="integer">24</value>
  </variableValue>
  <variableValue variable="frcr[year]">
    <value valueType="integer">99</value>
  </variableValue>
  <variableValue variable="fromt[year]">
    <value valueType="integer">12</value>
  </variableValue>
  <variableValue variable="frwg[year]">
    <value valueType="integer">83</value>
  </variableValue>
  <variableValue variable="game[year]">
    <value valueType="decimal">22.893680246727655</value>
  </variableValue>
  <variableValue variable="gds[year]1 –  gds[year]30">
    <value valueType="integer">1</value>
  </variableValue>
  <variableValue variable="gdstot[year]">
    <value valueType="integer">75</value>
  </variableValue>
  <variableValue variable="HANDS[year]">
    <value valueType="decimal">49.803884243019006</value>
  </variableValue>
  <variableValue variable="HARDLIQ[year]">
    <value valueType="integer">88</value>
  </variableValue>
  <variableValue variable="HEALTHCH[year]">
    <value valueType="integer">3</value>
  </variableValue>
  <variableValue variable="HEARAID[year]">
    <value valueType="integer">0</value>
  </variableValue>
  <variableValue variable="HEARCHG[year]">
    <value valueType="integer">7</value>
  </variableValue>
  <variableValue variable="HEARSPEC[year]">
    <value valueType="integer">4</value>
  </variableValue>
  <variableValue variable="HEART[year]">
    <value valueType="integer">2</value>
  </variableValue>
  <variableValue variable="HEIGHT[year]">
    <value valueType="integer">99</value>
  </variableValue>
  <variableValue variable="HHEIGHT[year]">
    <value valueType="integer">76</value>
  </variableValue>
  <variableValue variable="HIGHBLOO[year]">
    <value valueType="integer">2</value>
  </variableValue>
  <variableValue variable="HJOBTP[year]">
    <value valueType="integer">7</value>
  </variableValue>
  <variableValue variable="HMKHD[year]">
    <value valueType="decimal">42.90775307817787</value>
  </variableValue>
  <variableValue variable="HMKJB[year]">
    <value valueType="integer">10</value>
  </variableValue>
  <variableValue variable="HMKPE[year]">
    <value valueType="decimal">67.18993190328095</value>
  </variableValue>
  <variableValue variable="HMKPRS[year]">
    <value valueType="integer">1</value>
  </variableValue>
  <variableValue variable="HMKR[year]">
    <value valueType="integer">29</value>
  </variableValue>
  <variableValue variable="HMKRD[year]">
    <value valueType="decimal">98.42626611974389</value>
  </variableValue>
  <variableValue variable="HOSDAYS[year]">
    <value valueType="integer">48</value>
  </variableValue>
  <variableValue variable="HOSVISIT[year]">
    <value valueType="integer">1</value>
  </variableValue>
  <variableValue variable="HWEIGHT[year]">
    <value valueType="integer">15</value>
  </variableValue>
  <variableValue variable="INC[year]">
    <value valueType="integer">12</value>
  </variableValue>
  <variableValue variable="INC84[year]">
    <value valueType="integer">7</value>
  </variableValue>
  <variableValue variable="instr[year]">
    <value valueType="decimal">79.43377395886611</value>
  </variableValue>
  <variableValue variable="ir[year]a1 - ir[year]a20">
    <value valueType="integer">1</value>
  </variableValue>
  <variableValue variable="ir[year]b1 - ir[year]b20">
    <value valueType="integer">1</value>
  </variableValue>
  <variableValue variable="JOBLEN[year]">
    <value valueType="integer">3</value>
  </variableValue>
  <variableValue variable="JOBTYP[year]">
    <value valueType="integer">1</value>
  </variableValue>
  <variableValue variable="kidcar[year]">
    <value valueType="decimal">76.25715579006642</value>
  </variableValue>
  <variableValue variable="LAMB[year]">
    <value valueType="integer">5</value>
  </variableValue>
  <variableValue variable="lettot[year]">
    <value valueType="integer">4</value>
  </variableValue>
  <variableValue variable="LFST84[year]">
    <value valueType="integer">4</value>
  </variableValue>
  <variableValue variable="LIFSAT[year]">
    <value valueType="integer">5</value>
  </variableValue>
  <variableValue variable="LIVESMOK[year]">
    <value valueType="integer">2</value>
  </variableValue>
  <variableValue variable="ls[year]">
    <value valueType="integer">61</value>
  </variableValue>
  <variableValue variable="LSTJOB[year]">
    <value valueType="integer">9</value>
  </variableValue>
  <variableValue variable="LVNGWILL[year]">
    <value valueType="integer">2</value>
  </variableValue>
  <variableValue variable="MAGE[year]">
    <value valueType="integer">56</value>
  </variableValue>
  <variableValue variable="MAM[year]">
    <value valueType="integer">2</value>
  </variableValue>
  <variableValue variable="MAM2YR[year]">
    <value valueType="integer">1</value>
  </variableValue>
  <variableValue variable="MAMAGE[year]">
    <value valueType="integer">22</value>
  </variableValue>
  <variableValue variable="MAMEXAM[year]">
    <value valueType="integer">73</value>
  </variableValue>
  <variableValue variable="MASTECT[year]">
    <value valueType="integer">2</value>
  </variableValue>
  <variableValue variable="MCAUSE[year]">
    <value valueType="integer">4</value>
  </variableValue>
  <variableValue variable="MDIE[year]">
    <value valueType="integer">61</value>
  </variableValue>
  <variableValue variable="MED[year]">
    <value valueType="integer">2</value>
  </variableValue>
  <variableValue variable="MENAGE[year]">
    <value valueType="integer">59</value>
  </variableValue>
  <variableValue variable="MENHIST[year]">
    <value valueType="integer">52</value>
  </variableValue>
  <variableValue variable="MENSIT[year]">
    <value valueType="integer">5</value>
  </variableValue>
  <variableValue variable="MFQ[year]1">
    <value valueType="decimal">38.47762046442698</value>
  </variableValue>
  <variableValue variable="MFQ[year]2A">
    <value valueType="decimal">74.20155683124875</value>
  </variableValue>
  <variableValue variable="MFQ[year]2B">
    <value valueType="decimal">28.561515062539435</value>
  </variableValue>
  <variableValue variable="MFQ[year]2C">
    <value valueType="decimal">43.130565583312865</value>
  </variableValue>
  <variableValue variable="MFQ[year]2D">
    <value valueType="decimal">71.56688493413161</value>
  </variableValue>
  <variableValue variable="MFQ[year]2E">
    <value valueType="decimal">32.70461815408643</value>
  </variableValue>
  <variableValue variable="MFQ[year]3A">
    <value valueType="decimal">47.12894443050048</value>
  </variableValue>
  <variableValue variable="MFQ[year]3B">
    <value valueType="decimal">12.088165564966225</value>
  </variableValue>
  <variableValue variable="MFQ[year]3C">
    <value valueType="decimal">72.01520445659672</value>
  </variableValue>
  <variableValue variable="MFQ[year]3D">
    <value valueType="decimal">49.64689948529543</value>
  </variableValue>
  <variableValue variable="MFQ[year]3E">
    <value valueType="decimal">0.057985419089245926</value>
  </variableValue>
  <variableValue variable="MFQ[year]3F">
    <value valueType="decimal">39.93807009119161</value>
  </variableValue>
  <variableValue variable="MFQ[year]3G">
    <value valueType="decimal">69.120410165232</value>
  </variableValue>
  <variableValue variable="MFQ[year]3H">
    <value valueType="decimal">34.29552205608547</value>
  </variableValue>
  <variableValue variable="MFQ[year]3I">
    <value valueType="decimal">62.371144292606495</value>
  </variableValue>
  <variableValue variable="MFQ[year]3J">
    <value valueType="decimal">13.582360531341608</value>
  </variableValue>
  <variableValue variable="MFQ[year]3K">
    <value valueType="decimal">30.666206276761898</value>
  </variableValue>
  <variableValue variable="MFQ[year]3L">
    <value valueType="decimal">70.70980593114037</value>
  </variableValue>
  <variableValue variable="MFQ[year]3M">
    <value valueType="decimal">76.19355637322738</value>
  </variableValue>
  <variableValue variable="MFQ[year]3N">
    <value valueType="decimal">67.76543996908545</value>
  </variableValue>
  <variableValue variable="MFQ[year]3O">
    <value valueType="decimal">54.51277918049418</value>
  </variableValue>
  <variableValue variable="MFQ[year]3P">
    <value valueType="decimal">75.49907394095062</value>
  </variableValue>
  <variableValue variable="MFQ[year]3Q">
    <value valueType="decimal">94.06599336934948</value>
  </variableValue>
  <variableValue variable="MFQ[year]3R">
    <value valueType="decimal">82.98387227149898</value>
  </variableValue>
  <variableValue variable="MFQ[year]4A">
    <value valueType="decimal">17.057027446285222</value>
  </variableValue>
  <variableValue variable="MFQ[year]4B">
    <value valueType="decimal">13.070340185253592</value>
  </variableValue>
  <variableValue variable="MFQ[year]4C">
    <value valueType="decimal">32.76668783997889</value>
  </variableValue>
  <variableValue variable="MFQ[year]4D">
    <value valueType="decimal">89.4105705490143</value>
  </variableValue>
  <variableValue variable="MFQ[year]4E">
    <value valueType="decimal">49.927747902924345</value>
  </variableValue>
  <variableValue variable="MFQ[year]5A">
    <value valueType="decimal">57.040785207764586</value>
  </variableValue>
  <variableValue variable="MFQ[year]5B">
    <value valueType="decimal">56.32179782548782</value>
  </variableValue>
  <variableValue variable="MFQ[year]5C">
    <value valueType="decimal">58.52582884982244</value>
  </variableValue>
  <variableValue variable="MFQ[year]5D">
    <value valueType="decimal">55.44128287473584</value>
  </variableValue>
  <variableValue variable="MFQ[year]5E">
    <value valueType="decimal">48.30637071687707</value>
  </variableValue>
  <variableValue variable="MFQ[year]6A">
    <value valueType="decimal">47.60696840598918</value>
  </variableValue>
  <variableValue variable="MFQ[year]6B">
    <value valueType="decimal">90.02661015826486</value>
  </variableValue>
  <variableValue variable="MFQ[year]6C">
    <value valueType="decimal">38.62831947932334</value>
  </variableValue>
  <variableValue variable="MFQ[year]6D">
    <value valueType="decimal">15.199325836233445</value>
  </variableValue>
  <variableValue variable="MFQ[year]7A">
    <value valueType="decimal">46.79011518498544</value>
  </variableValue>
  <variableValue variable="MFQ[year]7B">
    <value valueType="decimal">30.589434028865337</value>
  </variableValue>
  <variableValue variable="MFQ[year]7C">
    <value valueType="decimal">29.05264864693867</value>
  </variableValue>
  <variableValue variable="MFQ[year]7D">
    <value valueType="decimal">89.23363968044987</value>
  </variableValue>
  <variableValue variable="MFQ[year]7E">
    <value valueType="decimal">31.83819783321873</value>
  </variableValue>
  <variableValue variable="MFQ[year]7F">
    <value valueType="decimal">93.19105311850954</value>
  </variableValue>
  <variableValue variable="MFQ[year]7G">
    <value valueType="decimal">89.1778718422802</value>
  </variableValue>
  <variableValue variable="MFQ[year]7H">
    <value valueType="decimal">71.129134975866</value>
  </variableValue>
  <variableValue variable="MFQ[year]7I">
    <value valueType="decimal">91.40844139134849</value>
  </variableValue>
  <variableValue variable="MFQ[year]7J">
    <value valueType="decimal">80.9450780951336</value>
  </variableValue>
  <variableValue variable="MFQ[year]7K">
    <value valueType="decimal">57.698189004950315</value>
  </variableValue>
  <variableValue variable="MFQ[year]7L">
    <value valueType="decimal">76.12105974504067</value>
  </variableValue>
  <variableValue variable="MFQ[year]7M">
    <value valueType="decimal">93.6670723603427</value>
  </variableValue>
  <variableValue variable="MFQ[year]7N">
    <value valueType="decimal">57.791547112045585</value>
  </variableValue>
  <variableValue variable="MFQ[year]7O">
    <value valueType="decimal">56.034579030554134</value>
  </variableValue>
  <variableValue variable="MFQ[year]7P">
    <value valueType="decimal">15.003575209021136</value>
  </variableValue>
  <variableValue variable="MFQ[year]7Q">
    <value valueType="decimal">85.92633110817806</value>
  </variableValue>
  <variableValue variable="MFQ[year]7R">
    <value valueType="decimal">49.88043577578358</value>
  </variableValue>
  <variableValue variable="MFQ[year]8A">
    <value valueType="decimal">94.10778690213971</value>
  </variableValue>
  <variableValue variable="MFQ[year]8B">
    <value valueType="decimal">47.921892001795996</value>
  </variableValue>
  <variableValue variable="MFQ[year]8C">
    <value valueType="decimal">69.4631527789909</value>
  </variableValue>
  <variableValue variable="MFQ[year]8D">
    <value valueType="decimal">6.118914634805018</value>
  </variableValue>
  <variableValue variable="MFQ[year]8E">
    <value valueType="decimal">47.53476349727405</value>
  </variableValue>
  <variableValue variable="MFQ[year]8F">
    <value valueType="decimal">81.61927446934156</value>
  </variableValue>
  <variableValue variable="MFQ[year]8G">
    <value valueType="decimal">81.48059640561073</value>
  </variableValue>
  <variableValue variable="MFQ[year]8H">
    <value valueType="decimal">94.10612938324715</value>
  </variableValue>
  <variableValue variable="MFQ1[year]">
    <value valueType="integer">51</value>
  </variableValue>
  <variableValue variable="mfq1[year]">
    <value valueType="decimal">33.391013259610766</value>
  </variableValue>
  <variableValue variable="MFQ2[year]">
    <value valueType="integer">50</value>
  </variableValue>
  <variableValue variable="mfq2[year]">
    <value valueType="decimal">81.89570622752602</value>
  </variableValue>
  <variableValue variable="MFQ3[year]">
    <value valueType="integer">82</value>
  </variableValue>
  <variableValue variable="mfq3[year]">
    <value valueType="decimal">84.08485319138713</value>
  </variableValue>
  <variableValue variable="MFQ4[year]">
    <value valueType="integer">85</value>
  </variableValue>
  <variableValue variable="mfq4[year]">
    <value valueType="decimal">99.10228357834373</value>
  </variableValue>
  <variableValue variable="MLIVE[year]">
    <value valueType="integer">1</value>
  </variableValue>
  <variableValue variable="MOMWK[year]">
    <value valueType="integer">0</value>
  </variableValue>
  <variableValue variable="movie[year]">
    <value valueType="decimal">86.48521146945379</value>
  </variableValue>
  <variableValue variable="MSTA84[year]">
    <value valueType="integer">4</value>
  </variableValue>
  <variableValue variable="MSTAT[year]">
    <value valueType="integer">1</value>
  </variableValue>
  <variableValue variable="NBKS[year]">
    <value valueType="integer">82</value>
  </variableValue>
  <variableValue variable="NCONF[year]">
    <value valueType="integer">13</value>
  </variableValue>
  <variableValue variable="NEEDCATA[year]">
    <value valueType="integer">2</value>
  </variableValue>
  <variableValue variable="NEMP[year]">
    <value valueType="integer">87</value>
  </variableValue>
  <variableValue variable="NEUROTIC[year]">
    <value valueType="integer">34</value>
  </variableValue>
  <variableValue variable="NEWPRNT[year]">
    <value valueType="integer">4</value>
  </variableValue>
  <variableValue variable="nfr[year]">
    <value valueType="integer">79</value>
  </variableValue>
  <variableValue variable="NFRN[year]">
    <value valueType="integer">44</value>
  </variableValue>
  <variableValue variable="NGRNKD[year]">
    <value valueType="integer">31</value>
  </variableValue>
  <variableValue variable="NJOB[year]">
    <value valueType="integer">96</value>
  </variableValue>
  <variableValue variable="NKDHM[year]">
    <value valueType="integer">44</value>
  </variableValue>
  <variableValue variable="NKIDS[year]">
    <value valueType="integer">96</value>
  </variableValue>
  <variableValue variable="NMAG[year]">
    <value valueType="integer">67</value>
  </variableValue>
  <variableValue variable="NMOV[year]">
    <value valueType="integer">31</value>
  </variableValue>
  <variableValue variable="NMTG[year]">
    <value valueType="integer">16</value>
  </variableValue>
  <variableValue variable="NNEIG[year]">
    <value valueType="integer">2</value>
  </variableValue>
  <variableValue variable="NOBR[year]">
    <value valueType="integer">1</value>
  </variableValue>
  <variableValue variable="NOISE[year]">
    <value valueType="integer">1</value>
  </variableValue>
  <variableValue variable="NONFIC[year]">
    <value valueType="integer">30</value>
  </variableValue>
  <variableValue variable="nor[year]">
    <value valueType="integer">3</value>
  </variableValue>
  <variableValue variable="norcr[year]">
    <value valueType="integer">83</value>
  </variableValue>
  <variableValue variable="NOSIS[year]">
    <value valueType="integer">2</value>
  </variableValue>
  <variableValue variable="NOWRK[year]">
    <value valueType="integer">4</value>
  </variableValue>
  <variableValue variable="NRMS[year]">
    <value valueType="integer">95</value>
  </variableValue>
  <variableValue variable="nsp08">
    <value valueType="integer">1</value>
  </variableValue>
  <variableValue variable="NSTATE[year]">
    <value valueType="integer">63</value>
  </variableValue>
  <variableValue variable="NTRAD[year]">
    <value valueType="integer">49</value>
  </variableValue>
  <variableValue variable="NTRIPS[year]">
    <value valueType="integer">26</value>
  </variableValue>
  <variableValue variable="numtot[year]">
    <value valueType="integer">1</value>
  </variableValue>
  <variableValue variable="NVISIT[year]">
    <value valueType="integer">3</value>
  </variableValue>
  <variableValue variable="NWED[year]">
    <value valueType="integer">29</value>
  </variableValue>
  <variableValue variable="NYBR[year]">
    <value valueType="integer">12</value>
  </variableValue>
  <variableValue variable="NYSIS[year]">
    <value valueType="integer">48</value>
  </variableValue>
  <variableValue variable="OBGYN[year]">
    <value valueType="integer">5</value>
  </variableValue>
  <variableValue variable="OCC[year]">
    <value valueType="integer">6</value>
  </variableValue>
  <variableValue variable="OCC84[year]">
    <value valueType="integer">9</value>
  </variableValue>
  <variableValue variable="OPEN[year]">
    <value valueType="integer">73</value>
  </variableValue>
  <variableValue variable="or[year]">
    <value valueType="integer">89</value>
  </variableValue>
  <variableValue variable="oratt[year]">
    <value valueType="integer">39</value>
  </variableValue>
  <variableValue variable="ORGAN[year]">
    <value valueType="integer">1</value>
  </variableValue>
  <variableValue variable="oromt[year]">
    <value valueType="integer">69</value>
  </variableValue>
  <variableValue variable="orwg[year]">
    <value valueType="integer">82</value>
  </variableValue>
  <variableValue variable="OTJ[year]">
    <value valueType="integer">0</value>
  </variableValue>
  <variableValue variable="outhob[year]">
    <value valueType="decimal">38.8298867611738</value>
  </variableValue>
  <variableValue variable="OWNHM[year]">
    <value valueType="integer">1</value>
  </variableValue>
  <variableValue variable="PAINREL[year]">
    <value valueType="integer">3</value>
  </variableValue>
  <variableValue variable="PAP[year]">
    <value valueType="integer">5</value>
  </variableValue>
  <variableValue variable="party[year]">
    <value valueType="decimal">42.23877327273896</value>
  </variableValue>
  <variableValue variable="pase1">
    <value valueType="integer">2</value>
  </variableValue>
  <variableValue variable="pase10">
    <value valueType="integer">1</value>
  </variableValue>
  <variableValue variable="pase10a">
    <value valueType="decimal">69.43054208094081</value>
  </variableValue>
  <variableValue variable="pase10b">
    <value valueType="integer">4</value>
  </variableValue>
  <variableValue variable="pase1b">
    <value valueType="integer">2</value>
  </variableValue>
  <variableValue variable="pase2">
    <value valueType="integer">0</value>
  </variableValue>
  <variableValue variable="pase2a">
    <value valueType="integer">3</value>
  </variableValue>
  <variableValue variable="pase3">
    <value valueType="integer">1</value>
  </variableValue>
  <variableValue variable="pase3b">
    <value valueType="integer">2</value>
  </variableValue>
  <variableValue variable="pase4">
    <value valueType="integer">3</value>
  </variableValue>
  <variableValue variable="pase4b">
    <value valueType="integer">2</value>
  </variableValue>
  <variableValue variable="pase5">
    <value valueType="integer">3</value>
  </variableValue>
  <variableValue variable="pase5b">
    <value valueType="integer">1</value>
  </variableValue>
  <variableValue variable="pase6">
    <value valueType="integer">0</value>
  </variableValue>
  <variableValue variable="pase6b">
    <value valueType="integer">4</value>
  </variableValue>
  <variableValue variable="pase7">
    <value valueType="integer">0</value>
  </variableValue>
  <variableValue variable="pase8">
    <value valueType="integer">0</value>
  </variableValue>
  <variableValue variable="pase9a - pase9d">
    <value valueType="integer">1</value>
  </variableValue>
  <variableValue variable="pattot[year]">
    <value valueType="integer">5</value>
  </variableValue>
  <variableValue variable="PDEMP[year]">
    <value valueType="integer">0</value>
  </variableValue>
  <variableValue variable="PEOP[year]">
    <value valueType="decimal">25.01197111789154</value>
  </variableValue>
  <variableValue variable="pets[year]">
    <value valueType="decimal">87.69388239149244</value>
  </variableValue>
  <variableValue variable="phone[year]">
    <value valueType="decimal">66.56978684215551</value>
  </variableValue>
  <variableValue variable="picnic[year]">
    <value valueType="decimal">91.57336241841392</value>
  </variableValue>
  <variableValue variable="PIPEDAY[year]">
    <value valueType="integer">6</value>
  </variableValue>
  <variableValue variable="PIPES[year]">
    <value valueType="integer">2</value>
  </variableValue>
  <variableValue variable="pirr1[year]">
    <value valueType="integer">3</value>
  </variableValue>
  <variableValue variable="pirr2[year]">
    <value valueType="integer">0</value>
  </variableValue>
  <variableValue variable="PORK[year]">
    <value valueType="integer">5</value>
  </variableValue>
  <variableValue variable="ppr1[year]">
    <value valueType="integer">77</value>
  </variableValue>
  <variableValue variable="ppr2[year]">
    <value valueType="integer">81</value>
  </variableValue>
  <variableValue variable="ppr3[year]">
    <value valueType="integer">56</value>
  </variableValue>
  <variableValue variable="pray[year]">
    <value valueType="decimal">21.762521294575155</value>
  </variableValue>
  <variableValue variable="PRESR[year]">
    <value valueType="integer">1</value>
  </variableValue>
  <variableValue variable="PRO2YR[year]">
    <value valueType="integer">2</value>
  </variableValue>
  <variableValue variable="PROAGE[year]">
    <value valueType="integer">34</value>
  </variableValue>
  <variableValue variable="PROENLAR[year]">
    <value valueType="integer">2</value>
  </variableValue>
  <variableValue variable="PROEXAM[year]">
    <value valueType="integer">38</value>
  </variableValue>
  <variableValue variable="PROS[year]">
    <value valueType="integer">1</value>
  </variableValue>
  <variableValue variable="PROSUC[year]">
    <value valueType="integer">2</value>
  </variableValue>
  <variableValue variable="PRSC84[year]">
    <value valueType="integer">4</value>
  </variableValue>
  <variableValue variable="radio[year]">
    <value valueType="decimal">19.219995933068923</value>
  </variableValue>
  <variableValue variable="RDPAPR[year]">
    <value valueType="integer">0</value>
  </variableValue>
  <variableValue variable="RDWRIT[year]">
    <value valueType="decimal">65.65853331245197</value>
  </variableValue>
  <variableValue variable="read[year]">
    <value valueType="decimal">96.72926589680806</value>
  </variableValue>
  <variableValue variable="REGULAR[year]">
    <value valueType="integer">1</value>
  </variableValue>
  <variableValue variable="REMAR[year]">
    <value valueType="integer">73</value>
  </variableValue>
  <variableValue variable="rv[year]">
    <value valueType="integer">23</value>
  </variableValue>
  <variableValue variable="SAFE[year]">
    <value valueType="integer">1</value>
  </variableValue>
  <variableValue variable="SBHWY[year]">
    <value valueType="integer">1</value>
  </variableValue>
  <variableValue variable="SBTOWN[year]">
    <value valueType="integer">5</value>
  </variableValue>
  <variableValue variable="SELFBLOO[year]">
    <value valueType="integer">4</value>
  </variableValue>
  <variableValue variable="selfim[year]">
    <value valueType="decimal">67.38283938451964</value>
  </variableValue>
  <variableValue variable="SELFMAM[year]">
    <value valueType="integer">1</value>
  </variableValue>
  <variableValue variable="sex">
    <value valueType="integer">1</value>
  </variableValue>
  <variableValue variable="shop[year]">
    <value valueType="decimal">81.51017006511734</value>
  </variableValue>
  <variableValue variable="SIBS[year]">
    <value valueType="integer">88</value>
  </variableValue>
  <variableValue variable="SLEEP[year]">
    <value valueType="integer">1</value>
  </variableValue>
  <variableValue variable="smdvh[year]">
    <value valueType="integer">90</value>
  </variableValue>
  <variableValue variable="smdvl[year]">
    <value valueType="integer">95</value>
  </variableValue>
  <variableValue variable="SMK[year]">
    <value valueType="integer">1</value>
  </variableValue>
  <variableValue variable="SMOKE[year]">
    <value valueType="integer">3</value>
  </variableValue>
  <variableValue variable="SMOKEPAS[year]">
    <value valueType="decimal">55.19813855024357</value>
  </variableValue>
  <variableValue variable="SODA[year]">
    <value valueType="integer">3</value>
  </variableValue>
  <variableValue variable="SODIUM[year]">
    <value valueType="integer">4</value>
  </variableValue>
  <variableValue variable="SPBRN[year]">
    <value valueType="integer">100</value>
  </variableValue>
  <variableValue variable="spec[year]">
    <value valueType="decimal">94.38480312241568</value>
  </variableValue>
  <variableValue variable="SPEED[year]">
    <value valueType="integer">3</value>
  </variableValue>
  <variableValue variable="SPOCC[year]">
    <value valueType="integer">7</value>
  </variableValue>
  <variableValue variable="sport[year]">
    <value valueType="decimal">71.75864352528023</value>
  </variableValue>
  <variableValue variable="SPRVIS[year]">
    <value valueType="integer">5</value>
  </variableValue>
  <variableValue variable="SREYE[year]">
    <value valueType="integer">3</value>
  </variableValue>
  <variableValue variable="srh[year]">
    <value valueType="integer">2</value>
  </variableValue>
  <variableValue variable="SRHEALTH">
    <value valueType="integer">4</value>
  </variableValue>
  <variableValue variable="SRHEAR[year]">
    <value valueType="integer">6</value>
  </variableValue>
  <variableValue variable="sstot[year]">
    <value valueType="integer">32</value>
  </variableValue>
  <variableValue variable="STAIRS[year]">
    <value valueType="integer">1</value>
  </variableValue>
  <variableValue variable="TEA[year]">
    <value valueType="integer">5</value>
  </variableValue>
  <variableValue variable="TRAF[year]">
    <value valueType="integer">0</value>
  </variableValue>
  <variableValue variable="travel[year]">
    <value valueType="decimal">31.034952424389818</value>
  </variableValue>
  <variableValue variable="TREES[year]">
    <value valueType="integer">3</value>
  </variableValue>
  <variableValue variable="TRYSTOP[year]">
    <value valueType="integer">1</value>
  </variableValue>
  <variableValue variable="tv[year]">
    <value valueType="decimal">85.01863273023343</value>
  </variableValue>
  <variableValue variable="TYPBLD[year]">
    <value valueType="integer">5</value>
  </variableValue>
  <variableValue variable="UNIVEX[year]">
    <value valueType="integer">1</value>
  </variableValue>
  <variableValue variable="VEAL[year]">
    <value valueType="integer">5</value>
  </variableValue>
  <variableValue variable="vis[year]">
    <value valueType="decimal">46.851408595868094</value>
  </variableValue>
  <variableValue variable="vocab1[year]">
    <value valueType="integer">8</value>
  </variableValue>
  <variableValue variable="vocab2[year]">
    <value valueType="integer">2</value>
  </variableValue>
  <variableValue variable="VOCAT[year]">
    <value valueType="integer">1</value>
  </variableValue>
  <variableValue variable="vol[year]">
    <value valueType="decimal">58.11483913194966</value>
  </variableValue>
  <variableValue variable="walk[year]">
    <value valueType="decimal">74.66594466847977</value>
  </variableValue>
  <variableValue variable="WALK[year]">
    <value valueType="integer">2</value>
  </variableValue>
  <variableValue variable="wdflu[year]">
    <value valueType="integer">99</value>
  </variableValue>
  <variableValue variable="WEIGHT[year]">
    <value valueType="integer">25</value>
  </variableValue>
  <variableValue variable="WELL[year]">
    <value valueType="integer">3</value>
  </variableValue>
  <variableValue variable="WINE[year]">
    <value valueType="integer">19</value>
  </variableValue>
  <variableValue variable="write[year]">
    <value valueType="decimal">26.09333130922019</value>
  </variableValue>
  <variableValue variable="WRKPLC[year]">
    <value valueType="integer">2</value>
  </variableValue>
  <variableValue variable="WRKTYP[year]">
    <value valueType="integer">1</value>
  </variableValue>
  <variableValue variable="ws[year]">
    <value valueType="integer">33</value>
  </variableValue>
  <variableValue variable="YEAROP[year]">
    <value valueType="integer">59</value>
  </variableValue>
  <variableValue variable="YRQUIT[year]">
    <value valueType="integer">15</value>
  </variableValue>
  <variableValue variable="YRRET[year]">
    <value valueType="integer">5</value>
  </variableValue>
  <variableValue variable="YRSMOKE[year]">
    <value valueType="decimal">87.38430314265312</value>
  </variableValue>
</valueSet>