<valueSet valueTable="2008" entityType="Participant" entityIdentifier="16059288">
  <variableValue variable="ADLTED[year]">
    <value valueType="integer">1</value>
  </variableValue>
  <variableValue variable="ADVDIR[year]">
    <value valueType="integer">1</value>
  </variableValue>
  <variableValue variable="age[year]">
    <value valueType="integer">11</value>
  </variableValue>
  <variableValue variable="AGEKID[year]">
    <value valueType="integer">35</value>
  </variableValue>
  <variableValue variable="AGENB[year]">
    <value valueType="integer">5</value>
  </variableValue>
  <variableValue variable="AGEWED[year]">
    <value valueType="integer">74</value>
  </variableValue>
  <variableValue variable="AGFRN[year]">
    <value valueType="integer">3</value>
  </variableValue>
  <variableValue variable="AGREE[year]">
    <value valueType="integer">60</value>
  </variableValue>
  <variableValue variable="ALCOHOL[year]">
    <value valueType="integer">2</value>
  </variableValue>
  <variableValue variable="Apdemp[year]">
    <value valueType="decimal">59.67646051578589</value>
  </variableValue>
  <variableValue variable="ART[year]">
    <value valueType="integer">1</value>
  </variableValue>
  <variableValue variable="BDATE_DY">
    <value valueType="integer">74</value>
  </variableValue>
  <variableValue variable="BDATE_MO">
    <value valueType="integer">76</value>
  </variableValue>
  <variableValue variable="BDATE_YR">
    <value valueType="integer">64</value>
  </variableValue>
  <variableValue variable="BEEF[year]">
    <value valueType="integer">1</value>
  </variableValue>
  <variableValue variable="BEER[year]">
    <value valueType="integer">83</value>
  </variableValue>
  <variableValue variable="BLDLK[year]">
    <value valueType="integer">4</value>
  </variableValue>
  <variableValue variable="BLOODPRE[year]">
    <value valueType="integer">4</value>
  </variableValue>
  <variableValue variable="BOOK[year]">
    <value valueType="integer">3</value>
  </variableValue>
  <variableValue variable="BRUSH[year]">
    <value valueType="integer">29</value>
  </variableValue>
  <variableValue variable="BUTTER[year]">
    <value valueType="integer">4</value>
  </variableValue>
  <variableValue variable="BUYFAT[year]">
    <value valueType="integer">3</value>
  </variableValue>
  <variableValue variable="BUYSALT[year]">
    <value valueType="integer">5</value>
  </variableValue>
  <variableValue variable="CANCHK[year]">
    <value valueType="integer">2</value>
  </variableValue>
  <variableValue variable="cards[year]">
    <value valueType="decimal">79.06763493979716</value>
  </variableValue>
  <variableValue variable="CATARACT[year]">
    <value valueType="integer">3</value>
  </variableValue>
  <variableValue variable="CHKFAT[year]">
    <value valueType="integer">1</value>
  </variableValue>
  <variableValue variable="CHOLES[year]">
    <value valueType="integer">5</value>
  </variableValue>
  <variableValue variable="chur[year]">
    <value valueType="decimal">24.720071650587748</value>
  </variableValue>
  <variableValue variable="CIGARDAY[year]">
    <value valueType="integer">1</value>
  </variableValue>
  <variableValue variable="CIGARS[year]">
    <value valueType="integer">2</value>
  </variableValue>
  <variableValue variable="CIGDAY[year]">
    <value valueType="integer">6</value>
  </variableValue>
  <variableValue variable="CIGS[year]">
    <value valueType="integer">5</value>
  </variableValue>
  <variableValue variable="CLNAIR[year]">
    <value valueType="integer">5</value>
  </variableValue>
  <variableValue variable="COFFEE[year]">
    <value valueType="integer">6</value>
  </variableValue>
  <variableValue variable="CONSCIEN[year]">
    <value valueType="integer">18</value>
  </variableValue>
  <variableValue variable="cook[year]">
    <value valueType="decimal">69.26806718641618</value>
  </variableValue>
  <variableValue variable="COOKBUT[year]">
    <value valueType="integer">5</value>
  </variableValue>
  <variableValue variable="CORS[year]">
    <value valueType="integer">1</value>
  </variableValue>
  <variableValue variable="crafts[year]">
    <value valueType="decimal">78.20784185661259</value>
  </variableValue>
  <variableValue variable="crdp1[year]">
    <value valueType="integer">63</value>
  </variableValue>
  <variableValue variable="crdp2[year]">
    <value valueType="integer">53</value>
  </variableValue>
  <variableValue variable="cult[year]">
    <value valueType="decimal">28.300047051087184</value>
  </variableValue>
  <variableValue variable="dance[year]">
    <value valueType="decimal">3.2002797712347375</value>
  </variableValue>
  <variableValue variable="DENTIST[year]">
    <value valueType="integer">1</value>
  </variableValue>
  <variableValue variable="DENTURE[year]">
    <value valueType="integer">1</value>
  </variableValue>
  <variableValue variable="DIABET[year]">
    <value valueType="integer">2</value>
  </variableValue>
  <variableValue variable="DRMAM[year]">
    <value valueType="integer">1</value>
  </variableValue>
  <variableValue variable="DRVISIT[year]">
    <value valueType="integer">56</value>
  </variableValue>
  <variableValue variable="dydrm[year]">
    <value valueType="decimal">11.613111656408549</value>
  </variableValue>
  <variableValue variable="EARCHK[year]">
    <value valueType="integer">1</value>
  </variableValue>
  <variableValue variable="eatout[year]">
    <value valueType="decimal">28.11011857120034</value>
  </variableValue>
  <variableValue variable="EATSALT[year]">
    <value valueType="integer">5</value>
  </variableValue>
  <variableValue variable="edact[year]">
    <value valueType="decimal">96.82290373252282</value>
  </variableValue>
  <variableValue variable="educ">
    <value valueType="integer">67</value>
  </variableValue>
  <variableValue variable="EDUC[year]">
    <value valueType="integer">77</value>
  </variableValue>
  <variableValue variable="EGG[year]">
    <value valueType="integer">5</value>
  </variableValue>
  <variableValue variable="eldcar[year]">
    <value valueType="decimal">93.26315375143632</value>
  </variableValue>
  <variableValue variable="ELDCAR[year]">
    <value valueType="decimal">86.91184972443385</value>
  </variableValue>
  <variableValue variable="ENT1[year]">
    <value valueType="integer">14</value>
  </variableValue>
  <variableValue variable="ENT2[year]">
    <value valueType="integer">7</value>
  </variableValue>
  <variableValue variable="ENT3[year]">
    <value valueType="integer">1</value>
  </variableValue>
  <variableValue variable="eth[year]">
    <value valueType="integer">47</value>
  </variableValue>
  <variableValue variable="EXCERTOT[year]">
    <value valueType="decimal">92.55341872540359</value>
  </variableValue>
  <variableValue variable="EXCERWK[year]">
    <value valueType="integer">30</value>
  </variableValue>
  <variableValue variable="EXTRAVER[year]">
    <value valueType="integer">45</value>
  </variableValue>
  <variableValue variable="EYECHG[year]">
    <value valueType="integer">6</value>
  </variableValue>
  <variableValue variable="EYECHK[year]">
    <value valueType="integer">1</value>
  </variableValue>
  <variableValue variable="EYEGLAS[year]">
    <value valueType="integer">1</value>
  </variableValue>
  <variableValue variable="FAGE[year]">
    <value valueType="integer">95</value>
  </variableValue>
  <variableValue variable="FAITH[year]">
    <value valueType="integer">2</value>
  </variableValue>
  <variableValue variable="FALLS[year]">
    <value valueType="integer">7</value>
  </variableValue>
  <variableValue variable="FCAUSE[year]">
    <value valueType="integer">12</value>
  </variableValue>
  <variableValue variable="FDIE[year]">
    <value valueType="integer">73</value>
  </variableValue>
  <variableValue variable="FIC[year]">
    <value valueType="integer">9</value>
  </variableValue>
  <variableValue variable="fit[year]">
    <value valueType="decimal">53.68201804049511</value>
  </variableValue>
  <variableValue variable="FLIVE[year]">
    <value valueType="integer">1</value>
  </variableValue>
  <variableValue variable="FLOSS[year]">
    <value valueType="integer">2</value>
  </variableValue>
  <variableValue variable="FLUSHOT[year]">
    <value valueType="integer">5</value>
  </variableValue>
  <variableValue variable="fr[year]">
    <value valueType="integer">75</value>
  </variableValue>
  <variableValue variable="fratt[year]">
    <value valueType="integer">82</value>
  </variableValue>
  <variableValue variable="frcr[year]">
    <value valueType="integer">52</value>
  </variableValue>
  <variableValue variable="fromt[year]">
    <value valueType="integer">78</value>
  </variableValue>
  <variableValue variable="frwg[year]">
    <value valueType="integer">95</value>
  </variableValue>
  <variableValue variable="game[year]">
    <value valueType="decimal">30.166155227542657</value>
  </variableValue>
  <variableValue variable="gds[year]1 –  gds[year]30">
    <value valueType="integer">1</value>
  </variableValue>
  <variableValue variable="gdstot[year]">
    <value valueType="integer">78</value>
  </variableValue>
  <variableValue variable="HANDS[year]">
    <value valueType="decimal">22.91919977918313</value>
  </variableValue>
  <variableValue variable="HARDLIQ[year]">
    <value valueType="integer">84</value>
  </variableValue>
  <variableValue variable="HEALTHCH[year]">
    <value valueType="integer">3</value>
  </variableValue>
  <variableValue variable="HEARAID[year]">
    <value valueType="integer">0</value>
  </variableValue>
  <variableValue variable="HEARCHG[year]">
    <value valueType="integer">3</value>
  </variableValue>
  <variableValue variable="HEARSPEC[year]">
    <value valueType="integer">4</value>
  </variableValue>
  <variableValue variable="HEART[year]">
    <value valueType="integer">2</value>
  </variableValue>
  <variableValue variable="HEIGHT[year]">
    <value valueType="integer">21</value>
  </variableValue>
  <variableValue variable="HHEIGHT[year]">
    <value valueType="integer">61</value>
  </variableValue>
  <variableValue variable="HIGHBLOO[year]">
    <value valueType="integer">1</value>
  </variableValue>
  <variableValue variable="HJOBTP[year]">
    <value valueType="integer">3</value>
  </variableValue>
  <variableValue variable="HMKHD[year]">
    <value valueType="decimal">26.921791143404338</value>
  </variableValue>
  <variableValue variable="HMKJB[year]">
    <value valueType="integer">68</value>
  </variableValue>
  <variableValue variable="HMKPE[year]">
    <value valueType="decimal">70.52339614145693</value>
  </variableValue>
  <variableValue variable="HMKPRS[year]">
    <value valueType="integer">4</value>
  </variableValue>
  <variableValue variable="HMKR[year]">
    <value valueType="integer">28</value>
  </variableValue>
  <variableValue variable="HMKRD[year]">
    <value valueType="decimal">98.76770170741614</value>
  </variableValue>
  <variableValue variable="HOSDAYS[year]">
    <value valueType="integer">69</value>
  </variableValue>
  <variableValue variable="HOSVISIT[year]">
    <value valueType="integer">1</value>
  </variableValue>
  <variableValue variable="HWEIGHT[year]">
    <value valueType="integer">14</value>
  </variableValue>
  <variableValue variable="INC[year]">
    <value valueType="integer">2</value>
  </variableValue>
  <variableValue variable="INC84[year]">
    <value valueType="integer">10</value>
  </variableValue>
  <variableValue variable="instr[year]">
    <value valueType="decimal">3.842145245940276</value>
  </variableValue>
  <variableValue variable="ir[year]a1 - ir[year]a20">
    <value valueType="integer">0</value>
  </variableValue>
  <variableValue variable="ir[year]b1 - ir[year]b20">
    <value valueType="integer">0</value>
  </variableValue>
  <variableValue variable="JOBLEN[year]">
    <value valueType="integer">4</value>
  </variableValue>
  <variableValue variable="JOBTYP[year]">
    <value valueType="integer">8</value>
  </variableValue>
  <variableValue variable="kidcar[year]">
    <value valueType="decimal">68.22292204784306</value>
  </variableValue>
  <variableValue variable="LAMB[year]">
    <value valueType="integer">5</value>
  </variableValue>
  <variableValue variable="lettot[year]">
    <value valueType="integer">75</value>
  </variableValue>
  <variableValue variable="LFST84[year]">
    <value valueType="integer">5</value>
  </variableValue>
  <variableValue variable="LIFSAT[year]">
    <value valueType="integer">2</value>
  </variableValue>
  <variableValue variable="LIVESMOK[year]">
    <value valueType="integer">2</value>
  </variableValue>
  <variableValue variable="ls[year]">
    <value valueType="integer">3</value>
  </variableValue>
  <variableValue variable="LSTJOB[year]">
    <value valueType="integer">7</value>
  </variableValue>
  <variableValue variable="LVNGWILL[year]">
    <value valueType="integer">2</value>
  </variableValue>
  <variableValue variable="MAGE[year]">
    <value valueType="integer">35</value>
  </variableValue>
  <variableValue variable="MAM[year]">
    <value valueType="integer">2</value>
  </variableValue>
  <variableValue variable="MAM2YR[year]">
    <value valueType="integer">2</value>
  </variableValue>
  <variableValue variable="MAMAGE[year]">
    <value valueType="integer">64</value>
  </variableValue>
  <variableValue variable="MAMEXAM[year]">
    <value valueType="integer">45</value>
  </variableValue>
  <variableValue variable="MASTECT[year]">
    <value valueType="integer">2</value>
  </variableValue>
  <variableValue variable="MCAUSE[year]">
    <value valueType="integer">13</value>
  </variableValue>
  <variableValue variable="MDIE[year]">
    <value valueType="integer">51</value>
  </variableValue>
  <variableValue variable="MED[year]">
    <value valueType="integer">2</value>
  </variableValue>
  <variableValue variable="MENAGE[year]">
    <value valueType="integer">14</value>
  </variableValue>
  <variableValue variable="MENHIST[year]">
    <value valueType="integer">5</value>
  </variableValue>
  <variableValue variable="MENSIT[year]">
    <value valueType="integer">7</value>
  </variableValue>
  <variableValue variable="MFQ[year]1">
    <value valueType="decimal">20.373192063380518</value>
  </variableValue>
  <variableValue variable="MFQ[year]2A">
    <value valueType="decimal">19.54000282105661</value>
  </variableValue>
  <variableValue variable="MFQ[year]2B">
    <value valueType="decimal">22.04923771105498</value>
  </variableValue>
  <variableValue variable="MFQ[year]2C">
    <value valueType="decimal">12.373992071321771</value>
  </variableValue>
  <variableValue variable="MFQ[year]2D">
    <value valueType="decimal">34.28953288524651</value>
  </variableValue>
  <variableValue variable="MFQ[year]2E">
    <value valueType="decimal">77.41934020139486</value>
  </variableValue>
  <variableValue variable="MFQ[year]3A">
    <value valueType="decimal">57.4668843538781</value>
  </variableValue>
  <variableValue variable="MFQ[year]3B">
    <value valueType="decimal">18.61811727880751</value>
  </variableValue>
  <variableValue variable="MFQ[year]3C">
    <value valueType="decimal">20.33930112648522</value>
  </variableValue>
  <variableValue variable="MFQ[year]3D">
    <value valueType="decimal">46.05569427660372</value>
  </variableValue>
  <variableValue variable="MFQ[year]3E">
    <value valueType="decimal">76.03683337353347</value>
  </variableValue>
  <variableValue variable="MFQ[year]3F">
    <value valueType="decimal">75.28146700864404</value>
  </variableValue>
  <variableValue variable="MFQ[year]3G">
    <value valueType="decimal">97.06833833160749</value>
  </variableValue>
  <variableValue variable="MFQ[year]3H">
    <value valueType="decimal">74.00224222588344</value>
  </variableValue>
  <variableValue variable="MFQ[year]3I">
    <value valueType="decimal">52.854143527929466</value>
  </variableValue>
  <variableValue variable="MFQ[year]3J">
    <value valueType="decimal">49.73372533315561</value>
  </variableValue>
  <variableValue variable="MFQ[year]3K">
    <value valueType="decimal">24.928016123416775</value>
  </variableValue>
  <variableValue variable="MFQ[year]3L">
    <value valueType="decimal">85.51819936451761</value>
  </variableValue>
  <variableValue variable="MFQ[year]3M">
    <value valueType="decimal">53.001522900796296</value>
  </variableValue>
  <variableValue variable="MFQ[year]3N">
    <value valueType="decimal">33.26144381973485</value>
  </variableValue>
  <variableValue variable="MFQ[year]3O">
    <value valueType="decimal">20.581044228892587</value>
  </variableValue>
  <variableValue variable="MFQ[year]3P">
    <value valueType="decimal">74.30017485135461</value>
  </variableValue>
  <variableValue variable="MFQ[year]3Q">
    <value valueType="decimal">44.37012353219168</value>
  </variableValue>
  <variableValue variable="MFQ[year]3R">
    <value valueType="decimal">77.237186088422</value>
  </variableValue>
  <variableValue variable="MFQ[year]4A">
    <value valueType="decimal">66.43748548852567</value>
  </variableValue>
  <variableValue variable="MFQ[year]4B">
    <value valueType="decimal">85.69095520040119</value>
  </variableValue>
  <variableValue variable="MFQ[year]4C">
    <value valueType="decimal">2.806783714393324</value>
  </variableValue>
  <variableValue variable="MFQ[year]4D">
    <value valueType="decimal">79.2788561633891</value>
  </variableValue>
  <variableValue variable="MFQ[year]4E">
    <value valueType="decimal">44.01287457241476</value>
  </variableValue>
  <variableValue variable="MFQ[year]5A">
    <value valueType="decimal">84.82968851167585</value>
  </variableValue>
  <variableValue variable="MFQ[year]5B">
    <value valueType="decimal">51.11910185660826</value>
  </variableValue>
  <variableValue variable="MFQ[year]5C">
    <value valueType="decimal">0.5057660102268602</value>
  </variableValue>
  <variableValue variable="MFQ[year]5D">
    <value valueType="decimal">40.11053770302442</value>
  </variableValue>
  <variableValue variable="MFQ[year]5E">
    <value valueType="decimal">1.2738872436324211</value>
  </variableValue>
  <variableValue variable="MFQ[year]6A">
    <value valueType="decimal">95.44234996021727</value>
  </variableValue>
  <variableValue variable="MFQ[year]6B">
    <value valueType="decimal">52.12693783163333</value>
  </variableValue>
  <variableValue variable="MFQ[year]6C">
    <value valueType="decimal">23.36532283201319</value>
  </variableValue>
  <variableValue variable="MFQ[year]6D">
    <value valueType="decimal">86.81502569019392</value>
  </variableValue>
  <variableValue variable="MFQ[year]7A">
    <value valueType="decimal">22.569923192385165</value>
  </variableValue>
  <variableValue variable="MFQ[year]7B">
    <value valueType="decimal">49.85098062261507</value>
  </variableValue>
  <variableValue variable="MFQ[year]7C">
    <value valueType="decimal">65.34616268172121</value>
  </variableValue>
  <variableValue variable="MFQ[year]7D">
    <value valueType="decimal">22.525952953202633</value>
  </variableValue>
  <variableValue variable="MFQ[year]7E">
    <value valueType="decimal">0.07168539283721742</value>
  </variableValue>
  <variableValue variable="MFQ[year]7F">
    <value valueType="decimal">97.98586658121641</value>
  </variableValue>
  <variableValue variable="MFQ[year]7G">
    <value valueType="decimal">85.19997438263921</value>
  </variableValue>
  <variableValue variable="MFQ[year]7H">
    <value valueType="decimal">63.51975390660544</value>
  </variableValue>
  <variableValue variable="MFQ[year]7I">
    <value valueType="decimal">77.37215644236261</value>
  </variableValue>
  <variableValue variable="MFQ[year]7J">
    <value valueType="decimal">31.60078258037169</value>
  </variableValue>
  <variableValue variable="MFQ[year]7K">
    <value valueType="decimal">29.729617337370062</value>
  </variableValue>
  <variableValue variable="MFQ[year]7L">
    <value valueType="decimal">15.466030688934406</value>
  </variableValue>
  <variableValue variable="MFQ[year]7M">
    <value valueType="decimal">20.433249581900913</value>
  </variableValue>
  <variableValue variable="MFQ[year]7N">
    <value valueType="decimal">14.75115513710591</value>
  </variableValue>
  <variableValue variable="MFQ[year]7O">
    <value valueType="decimal">61.833772332633174</value>
  </variableValue>
  <variableValue variable="MFQ[year]7P">
    <value valueType="decimal">95.60208852453873</value>
  </variableValue>
  <variableValue variable="MFQ[year]7Q">
    <value valueType="decimal">25.28383693921259</value>
  </variableValue>
  <variableValue variable="MFQ[year]7R">
    <value valueType="decimal">65.52184581932458</value>
  </variableValue>
  <variableValue variable="MFQ[year]8A">
    <value valueType="decimal">19.39673685897725</value>
  </variableValue>
  <variableValue variable="MFQ[year]8B">
    <value valueType="decimal">42.79281516219752</value>
  </variableValue>
  <variableValue variable="MFQ[year]8C">
    <value valueType="decimal">46.36111560074853</value>
  </variableValue>
  <variableValue variable="MFQ[year]8D">
    <value valueType="decimal">54.522460823524355</value>
  </variableValue>
  <variableValue variable="MFQ[year]8E">
    <value valueType="decimal">24.0013107074708</value>
  </variableValue>
  <variableValue variable="MFQ[year]8F">
    <value valueType="decimal">6.134518441455839</value>
  </variableValue>
  <variableValue variable="MFQ[year]8G">
    <value valueType="decimal">44.476403626875516</value>
  </variableValue>
  <variableValue variable="MFQ[year]8H">
    <value valueType="decimal">2.472543665685223</value>
  </variableValue>
  <variableValue variable="MFQ1[year]">
    <value valueType="integer">2</value>
  </variableValue>
  <variableValue variable="mfq1[year]">
    <value valueType="decimal">49.99771356082474</value>
  </variableValue>
  <variableValue variable="MFQ2[year]">
    <value valueType="integer">63</value>
  </variableValue>
  <variableValue variable="mfq2[year]">
    <value valueType="decimal">6.190627370012658</value>
  </variableValue>
  <variableValue variable="MFQ3[year]">
    <value valueType="integer">57</value>
  </variableValue>
  <variableValue variable="mfq3[year]">
    <value valueType="decimal">67.01131093501739</value>
  </variableValue>
  <variableValue variable="MFQ4[year]">
    <value valueType="integer">58</value>
  </variableValue>
  <variableValue variable="mfq4[year]">
    <value valueType="decimal">61.92836299617346</value>
  </variableValue>
  <variableValue variable="MLIVE[year]">
    <value valueType="integer">3</value>
  </variableValue>
  <variableValue variable="MOMWK[year]">
    <value valueType="integer">0</value>
  </variableValue>
  <variableValue variable="movie[year]">
    <value valueType="decimal">11.4824562343398</value>
  </variableValue>
  <variableValue variable="MSTA84[year]">
    <value valueType="integer">2</value>
  </variableValue>
  <variableValue variable="MSTAT[year]">
    <value valueType="integer">1</value>
  </variableValue>
  <variableValue variable="NBKS[year]">
    <value valueType="integer">35</value>
  </variableValue>
  <variableValue variable="NCONF[year]">
    <value valueType="integer">77</value>
  </variableValue>
  <variableValue variable="NEEDCATA[year]">
    <value valueType="integer">1</value>
  </variableValue>
  <variableValue variable="NEMP[year]">
    <value valueType="integer">94</value>
  </variableValue>
  <variableValue variable="NEUROTIC[year]">
    <value valueType="integer">29</value>
  </variableValue>
  <variableValue variable="NEWPRNT[year]">
    <value valueType="integer">3</value>
  </variableValue>
  <variableValue variable="nfr[year]">
    <value valueType="integer">40</value>
  </variableValue>
  <variableValue variable="NFRN[year]">
    <value valueType="integer">56</value>
  </variableValue>
  <variableValue variable="NGRNKD[year]">
    <value valueType="integer">35</value>
  </variableValue>
  <variableValue variable="NJOB[year]">
    <value valueType="integer">94</value>
  </variableValue>
  <variableValue variable="NKDHM[year]">
    <value valueType="integer">46</value>
  </variableValue>
  <variableValue variable="NKIDS[year]">
    <value valueType="integer">22</value>
  </variableValue>
  <variableValue variable="NMAG[year]">
    <value valueType="integer">90</value>
  </variableValue>
  <variableValue variable="NMOV[year]">
    <value valueType="integer">8</value>
  </variableValue>
  <variableValue variable="NMTG[year]">
    <value valueType="integer">10</value>
  </variableValue>
  <variableValue variable="NNEIG[year]">
    <value valueType="integer">4</value>
  </variableValue>
  <variableValue variable="NOBR[year]">
    <value valueType="integer">33</value>
  </variableValue>
  <variableValue variable="NOISE[year]">
    <value valueType="integer">3</value>
  </variableValue>
  <variableValue variable="NONFIC[year]">
    <value valueType="integer">55</value>
  </variableValue>
  <variableValue variable="nor[year]">
    <value valueType="integer">39</value>
  </variableValue>
  <variableValue variable="norcr[year]">
    <value valueType="integer">80</value>
  </variableValue>
  <variableValue variable="NOSIS[year]">
    <value valueType="integer">46</value>
  </variableValue>
  <variableValue variable="NOWRK[year]">
    <value valueType="integer">6</value>
  </variableValue>
  <variableValue variable="NRMS[year]">
    <value valueType="integer">40</value>
  </variableValue>
  <variableValue variable="nsp08">
    <value valueType="integer">37</value>
  </variableValue>
  <variableValue variable="NSTATE[year]">
    <value valueType="integer">38</value>
  </variableValue>
  <variableValue variable="NTRAD[year]">
    <value valueType="integer">82</value>
  </variableValue>
  <variableValue variable="NTRIPS[year]">
    <value valueType="integer">87</value>
  </variableValue>
  <variableValue variable="numtot[year]">
    <value valueType="integer">90</value>
  </variableValue>
  <variableValue variable="NVISIT[year]">
    <value valueType="integer">4</value>
  </variableValue>
  <variableValue variable="NWED[year]">
    <value valueType="integer">11</value>
  </variableValue>
  <variableValue variable="NYBR[year]">
    <value valueType="integer">74</value>
  </variableValue>
  <variableValue variable="NYSIS[year]">
    <value valueType="integer">15</value>
  </variableValue>
  <variableValue variable="OBGYN[year]">
    <value valueType="integer">3</value>
  </variableValue>
  <variableValue variable="OCC[year]">
    <value valueType="integer">4</value>
  </variableValue>
  <variableValue variable="OCC84[year]">
    <value valueType="integer">3</value>
  </variableValue>
  <variableValue variable="OPEN[year]">
    <value valueType="integer">17</value>
  </variableValue>
  <variableValue variable="or[year]">
    <value valueType="integer">31</value>
  </variableValue>
  <variableValue variable="oratt[year]">
    <value valueType="integer">83</value>
  </variableValue>
  <variableValue variable="ORGAN[year]">
    <value valueType="integer">1</value>
  </variableValue>
  <variableValue variable="oromt[year]">
    <value valueType="integer">57</value>
  </variableValue>
  <variableValue variable="orwg[year]">
    <value valueType="integer">91</value>
  </variableValue>
  <variableValue variable="OTJ[year]">
    <value valueType="integer">0</value>
  </variableValue>
  <variableValue variable="outhob[year]">
    <value valueType="decimal">12.69694936576985</value>
  </variableValue>
  <variableValue variable="OWNHM[year]">
    <value valueType="integer">1</value>
  </variableValue>
  <variableValue variable="PAINREL[year]">
    <value valueType="integer">3</value>
  </variableValue>
  <variableValue variable="PAP[year]">
    <value valueType="integer">3</value>
  </variableValue>
  <variableValue variable="party[year]">
    <value valueType="decimal">2.2412784461714907</value>
  </variableValue>
  <variableValue variable="pase1">
    <value valueType="integer">3</value>
  </variableValue>
  <variableValue variable="pase10">
    <value valueType="integer">1</value>
  </variableValue>
  <variableValue variable="pase10a">
    <value valueType="decimal">7.519361073203368</value>
  </variableValue>
  <variableValue variable="pase10b">
    <value valueType="integer">3</value>
  </variableValue>
  <variableValue variable="pase1b">
    <value valueType="integer">4</value>
  </variableValue>
  <variableValue variable="pase2">
    <value valueType="integer">0</value>
  </variableValue>
  <variableValue variable="pase2a">
    <value valueType="integer">2</value>
  </variableValue>
  <variableValue variable="pase3">
    <value valueType="integer">2</value>
  </variableValue>
  <variableValue variable="pase3b">
    <value valueType="integer">3</value>
  </variableValue>
  <variableValue variable="pase4">
    <value valueType="integer">2</value>
  </variableValue>
  <variableValue variable="pase4b">
    <value valueType="integer">1</value>
  </variableValue>
  <variableValue variable="pase5">
    <value valueType="integer">2</value>
  </variableValue>
  <variableValue variable="pase5b">
    <value valueType="integer">1</value>
  </variableValue>
  <variableValue variable="pase6">
    <value valueType="integer">2</value>
  </variableValue>
  <variableValue variable="pase6b">
    <value valueType="integer">1</value>
  </variableValue>
  <variableValue variable="pase7">
    <value valueType="integer">0</value>
  </variableValue>
  <variableValue variable="pase8">
    <value valueType="integer">1</value>
  </variableValue>
  <variableValue variable="pase9a - pase9d">
    <value valueType="integer">1</value>
  </variableValue>
  <variableValue variable="pattot[year]">
    <value valueType="integer">22</value>
  </variableValue>
  <variableValue variable="PDEMP[year]">
    <value valueType="integer">0</value>
  </variableValue>
  <variableValue variable="PEOP[year]">
    <value valueType="decimal">2.834672920818593</value>
  </variableValue>
  <variableValue variable="pets[year]">
    <value valueType="decimal">88.83456067016049</value>
  </variableValue>
  <variableValue variable="phone[year]">
    <value valueType="decimal">37.97516217068379</value>
  </variableValue>
  <variableValue variable="picnic[year]">
    <value valueType="decimal">55.57024135573708</value>
  </variableValue>
  <variableValue variable="PIPEDAY[year]">
    <value valueType="integer">2</value>
  </variableValue>
  <variableValue variable="PIPES[year]">
    <value valueType="integer">6</value>
  </variableValue>
  <variableValue variable="pirr1[year]">
    <value valueType="integer">87</value>
  </variableValue>
  <variableValue variable="pirr2[year]">
    <value valueType="integer">74</value>
  </variableValue>
  <variableValue variable="PORK[year]">
    <value valueType="integer">3</value>
  </variableValue>
  <variableValue variable="ppr1[year]">
    <value valueType="integer">24</value>
  </variableValue>
  <variableValue variable="ppr2[year]">
    <value valueType="integer">52</value>
  </variableValue>
  <variableValue variable="ppr3[year]">
    <value valueType="integer">66</value>
  </variableValue>
  <variableValue variable="pray[year]">
    <value valueType="decimal">35.57104734369494</value>
  </variableValue>
  <variableValue variable="PRESR[year]">
    <value valueType="integer">3</value>
  </variableValue>
  <variableValue variable="PRO2YR[year]">
    <value valueType="integer">2</value>
  </variableValue>
  <variableValue variable="PROAGE[year]">
    <value valueType="integer">28</value>
  </variableValue>
  <variableValue variable="PROENLAR[year]">
    <value valueType="integer">1</value>
  </variableValue>
  <variableValue variable="PROEXAM[year]">
    <value valueType="integer">43</value>
  </variableValue>
  <variableValue variable="PROS[year]">
    <value valueType="integer">2</value>
  </variableValue>
  <variableValue variable="PROSUC[year]">
    <value valueType="integer">2</value>
  </variableValue>
  <variableValue variable="PRSC84[year]">
    <value valueType="integer">2</value>
  </variableValue>
  <variableValue variable="radio[year]">
    <value valueType="decimal">97.42695690437851</value>
  </variableValue>
  <variableValue variable="RDPAPR[year]">
    <value valueType="integer">1</value>
  </variableValue>
  <variableValue variable="RDWRIT[year]">
    <value valueType="decimal">26.475625307140515</value>
  </variableValue>
  <variableValue variable="read[year]">
    <value valueType="decimal">30.46790663744424</value>
  </variableValue>
  <variableValue variable="REGULAR[year]">
    <value valueType="integer">2</value>
  </variableValue>
  <variableValue variable="REMAR[year]">
    <value valueType="integer">38</value>
  </variableValue>
  <variableValue variable="rv[year]">
    <value valueType="integer">63</value>
  </variableValue>
  <variableValue variable="SAFE[year]">
    <value valueType="integer">0</value>
  </variableValue>
  <variableValue variable="SBHWY[year]">
    <value valueType="integer">5</value>
  </variableValue>
  <variableValue variable="SBTOWN[year]">
    <value valueType="integer">5</value>
  </variableValue>
  <variableValue variable="SELFBLOO[year]">
    <value valueType="integer">3</value>
  </variableValue>
  <variableValue variable="selfim[year]">
    <value valueType="decimal">40.76537197370128</value>
  </variableValue>
  <variableValue variable="SELFMAM[year]">
    <value valueType="integer">1</value>
  </variableValue>
  <variableValue variable="sex">
    <value valueType="integer">0</value>
  </variableValue>
  <variableValue variable="shop[year]">
    <value valueType="decimal">26.93466934948956</value>
  </variableValue>
  <variableValue variable="SIBS[year]">
    <value valueType="integer">32</value>
  </variableValue>
  <variableValue variable="SLEEP[year]">
    <value valueType="integer">5</value>
  </variableValue>
  <variableValue variable="smdvh[year]">
    <value valueType="integer">47</value>
  </variableValue>
  <variableValue variable="smdvl[year]">
    <value valueType="integer">39</value>
  </variableValue>
  <variableValue variable="SMK[year]">
    <value valueType="integer">1</value>
  </variableValue>
  <variableValue variable="SMOKE[year]">
    <value valueType="integer">2</value>
  </variableValue>
  <variableValue variable="SMOKEPAS[year]">
    <value valueType="decimal">6.820823330255776</value>
  </variableValue>
  <variableValue variable="SODA[year]">
    <value valueType="integer">3</value>
  </variableValue>
  <variableValue variable="SODIUM[year]">
    <value valueType="integer">2</value>
  </variableValue>
  <variableValue variable="SPBRN[year]">
    <value valueType="integer">25</value>
  </variableValue>
  <variableValue variable="spec[year]">
    <value valueType="decimal">15.02293028424817</value>
  </variableValue>
  <variableValue variable="SPEED[year]">
    <value valueType="integer">3</value>
  </variableValue>
  <variableValue variable="SPOCC[year]">
    <value valueType="integer">0</value>
  </variableValue>
  <variableValue variable="sport[year]">
    <value valueType="decimal">77.26944137565143</value>
  </variableValue>
  <variableValue variable="SPRVIS[year]">
    <value valueType="integer">2</value>
  </variableValue>
  <variableValue variable="SREYE[year]">
    <value valueType="integer">2</value>
  </variableValue>
  <variableValue variable="srh[year]">
    <value valueType="integer">5</value>
  </variableValue>
  <variableValue variable="SRHEALTH">
    <value valueType="integer">6</value>
  </variableValue>
  <variableValue variable="SRHEAR[year]">
    <value valueType="integer">6</value>
  </variableValue>
  <variableValue variable="sstot[year]">
    <value valueType="integer">33</value>
  </variableValue>
  <variableValue variable="STAIRS[year]">
    <value valueType="integer">3</value>
  </variableValue>
  <variableValue variable="TEA[year]">
    <value valueType="integer">3</value>
  </variableValue>
  <variableValue variable="TRAF[year]">
    <value valueType="integer">1</value>
  </variableValue>
  <variableValue variable="travel[year]">
    <value valueType="decimal">44.71195419043394</value>
  </variableValue>
  <variableValue variable="TREES[year]">
    <value valueType="integer">4</value>
  </variableValue>
  <variableValue variable="TRYSTOP[year]">
    <value valueType="integer">1</value>
  </variableValue>
  <variableValue variable="tv[year]">
    <value valueType="decimal">2.4134381860302923</value>
  </variableValue>
  <variableValue variable="TYPBLD[year]">
    <value valueType="integer">4</value>
  </variableValue>
  <variableValue variable="UNIVEX[year]">
    <value valueType="integer">0</value>
  </variableValue>
  <variableValue variable="VEAL[year]">
    <value valueType="integer">5</value>
  </variableValue>
  <variableValue variable="vis[year]">
    <value valueType="decimal">46.054640949006696</value>
  </variableValue>
  <variableValue variable="vocab1[year]">
    <value valueType="integer">73</value>
  </variableValue>
  <variableValue variable="vocab2[year]">
    <value valueType="integer">55</value>
  </variableValue>
  <variableValue variable="VOCAT[year]">
    <value valueType="integer">0</value>
  </variableValue>
  <variableValue variable="vol[year]">
    <value valueType="decimal">71.58736842395912</value>
  </variableValue>
  <variableValue variable="walk[year]">
    <value valueType="decimal">23.26251821027101</value>
  </variableValue>
  <variableValue variable="WALK[year]">
    <value valueType="integer">1</value>
  </variableValue>
  <variableValue variable="wdflu[year]">
    <value valueType="integer">8</value>
  </variableValue>
  <variableValue variable="WEIGHT[year]">
    <value valueType="integer">45</value>
  </variableValue>
  <variableValue variable="WELL[year]">
    <value valueType="integer">2</value>
  </variableValue>
  <variableValue variable="WINE[year]">
    <value valueType="integer">41</value>
  </variableValue>
  <variableValue variable="write[year]">
    <value valueType="decimal">74.1274301104912</value>
  </variableValue>
  <variableValue variable="WRKPLC[year]">
    <value valueType="integer">3</value>
  </variableValue>
  <variableValue variable="WRKTYP[year]">
    <value valueType="integer">3</value>
  </variableValue>
  <variableValue variable="ws[year]">
    <value valueType="integer">10</value>
  </variableValue>
  <variableValue variable="YEAROP[year]">
    <value valueType="integer">9</value>
  </variableValue>
  <variableValue variable="YRQUIT[year]">
    <value valueType="integer">84</value>
  </variableValue>
  <variableValue variable="YRRET[year]">
    <value valueType="integer">97</value>
  </variableValue>
  <variableValue variable="YRSMOKE[year]">
    <value valueType="decimal">75.48900541407204</value>
  </variableValue>
</valueSet>