<valueSet valueTable="2008" entityType="Participant" entityIdentifier="18593318">
  <variableValue variable="ADLTED[year]">
    <value valueType="integer">1</value>
  </variableValue>
  <variableValue variable="ADVDIR[year]">
    <value valueType="integer">1</value>
  </variableValue>
  <variableValue variable="age[year]">
    <value valueType="integer">45</value>
  </variableValue>
  <variableValue variable="AGEKID[year]">
    <value valueType="integer">83</value>
  </variableValue>
  <variableValue variable="AGENB[year]">
    <value valueType="integer">7</value>
  </variableValue>
  <variableValue variable="AGEWED[year]">
    <value valueType="integer">68</value>
  </variableValue>
  <variableValue variable="AGFRN[year]">
    <value valueType="integer">1</value>
  </variableValue>
  <variableValue variable="AGREE[year]">
    <value valueType="integer">24</value>
  </variableValue>
  <variableValue variable="ALCOHOL[year]">
    <value valueType="integer">7</value>
  </variableValue>
  <variableValue variable="Apdemp[year]">
    <value valueType="decimal">29.41490351198871</value>
  </variableValue>
  <variableValue variable="ART[year]">
    <value valueType="integer">3</value>
  </variableValue>
  <variableValue variable="BDATE_DY">
    <value valueType="integer">34</value>
  </variableValue>
  <variableValue variable="BDATE_MO">
    <value valueType="integer">20</value>
  </variableValue>
  <variableValue variable="BDATE_YR">
    <value valueType="integer">47</value>
  </variableValue>
  <variableValue variable="BEEF[year]">
    <value valueType="integer">2</value>
  </variableValue>
  <variableValue variable="BEER[year]">
    <value valueType="integer">62</value>
  </variableValue>
  <variableValue variable="BLDLK[year]">
    <value valueType="integer">1</value>
  </variableValue>
  <variableValue variable="BLOODPRE[year]">
    <value valueType="integer">3</value>
  </variableValue>
  <variableValue variable="BOOK[year]">
    <value valueType="integer">2</value>
  </variableValue>
  <variableValue variable="BRUSH[year]">
    <value valueType="integer">33</value>
  </variableValue>
  <variableValue variable="BUTTER[year]">
    <value valueType="integer">5</value>
  </variableValue>
  <variableValue variable="BUYFAT[year]">
    <value valueType="integer">1</value>
  </variableValue>
  <variableValue variable="BUYSALT[year]">
    <value valueType="integer">4</value>
  </variableValue>
  <variableValue variable="CANCHK[year]">
    <value valueType="integer">2</value>
  </variableValue>
  <variableValue variable="cards[year]">
    <value valueType="decimal">95.4198000787763</value>
  </variableValue>
  <variableValue variable="CATARACT[year]">
    <value valueType="integer">2</value>
  </variableValue>
  <variableValue variable="CHKFAT[year]">
    <value valueType="integer">5</value>
  </variableValue>
  <variableValue variable="CHOLES[year]">
    <value valueType="integer">4</value>
  </variableValue>
  <variableValue variable="chur[year]">
    <value valueType="decimal">7.289983292281288</value>
  </variableValue>
  <variableValue variable="CIGARDAY[year]">
    <value valueType="integer">1</value>
  </variableValue>
  <variableValue variable="CIGARS[year]">
    <value valueType="integer">2</value>
  </variableValue>
  <variableValue variable="CIGDAY[year]">
    <value valueType="integer">5</value>
  </variableValue>
  <variableValue variable="CIGS[year]">
    <value valueType="integer">1</value>
  </variableValue>
  <variableValue variable="CLNAIR[year]">
    <value valueType="integer">4</value>
  </variableValue>
  <variableValue variable="COFFEE[year]">
    <value valueType="integer">5</value>
  </variableValue>
  <variableValue variable="CONSCIEN[year]">
    <value valueType="integer">17</value>
  </variableValue>
  <variableValue variable="cook[year]">
    <value valueType="decimal">34.46103999014999</value>
  </variableValue>
  <variableValue variable="COOKBUT[year]">
    <value valueType="integer">2</value>
  </variableValue>
  <variableValue variable="CORS[year]">
    <value valueType="integer">0</value>
  </variableValue>
  <variableValue variable="crafts[year]">
    <value valueType="decimal">7.24874696716955</value>
  </variableValue>
  <variableValue variable="crdp1[year]">
    <value valueType="integer">46</value>
  </variableValue>
  <variableValue variable="crdp2[year]">
    <value valueType="integer">78</value>
  </variableValue>
  <variableValue variable="cult[year]">
    <value valueType="decimal">78.45981180864342</value>
  </variableValue>
  <variableValue variable="dance[year]">
    <value valueType="decimal">65.57909706131426</value>
  </variableValue>
  <variableValue variable="DENTIST[year]">
    <value valueType="integer">3</value>
  </variableValue>
  <variableValue variable="DENTURE[year]">
    <value valueType="integer">1</value>
  </variableValue>
  <variableValue variable="DIABET[year]">
    <value valueType="integer">1</value>
  </variableValue>
  <variableValue variable="DRMAM[year]">
    <value valueType="integer">2</value>
  </variableValue>
  <variableValue variable="DRVISIT[year]">
    <value valueType="integer">16</value>
  </variableValue>
  <variableValue variable="dydrm[year]">
    <value valueType="decimal">46.881302554306444</value>
  </variableValue>
  <variableValue variable="EARCHK[year]">
    <value valueType="integer">1</value>
  </variableValue>
  <variableValue variable="eatout[year]">
    <value valueType="decimal">96.98533338751206</value>
  </variableValue>
  <variableValue variable="EATSALT[year]">
    <value valueType="integer">1</value>
  </variableValue>
  <variableValue variable="edact[year]">
    <value valueType="decimal">42.218003595547046</value>
  </variableValue>
  <variableValue variable="educ">
    <value valueType="integer">88</value>
  </variableValue>
  <variableValue variable="EDUC[year]">
    <value valueType="integer">3</value>
  </variableValue>
  <variableValue variable="EGG[year]">
    <value valueType="integer">1</value>
  </variableValue>
  <variableValue variable="eldcar[year]">
    <value valueType="decimal">92.88093899486333</value>
  </variableValue>
  <variableValue variable="ELDCAR[year]">
    <value valueType="decimal">39.01637176788463</value>
  </variableValue>
  <variableValue variable="ENT1[year]">
    <value valueType="integer">6</value>
  </variableValue>
  <variableValue variable="ENT2[year]">
    <value valueType="integer">6</value>
  </variableValue>
  <variableValue variable="ENT3[year]">
    <value valueType="integer">13</value>
  </variableValue>
  <variableValue variable="eth[year]">
    <value valueType="integer">29</value>
  </variableValue>
  <variableValue variable="EXCERTOT[year]">
    <value valueType="decimal">74.68897612331153</value>
  </variableValue>
  <variableValue variable="EXCERWK[year]">
    <value valueType="integer">12</value>
  </variableValue>
  <variableValue variable="EXTRAVER[year]">
    <value valueType="integer">87</value>
  </variableValue>
  <variableValue variable="EYECHG[year]">
    <value valueType="integer">6</value>
  </variableValue>
  <variableValue variable="EYECHK[year]">
    <value valueType="integer">0</value>
  </variableValue>
  <variableValue variable="EYEGLAS[year]">
    <value valueType="integer">2</value>
  </variableValue>
  <variableValue variable="FAGE[year]">
    <value valueType="integer">36</value>
  </variableValue>
  <variableValue variable="FAITH[year]">
    <value valueType="integer">2</value>
  </variableValue>
  <variableValue variable="FALLS[year]">
    <value valueType="integer">5</value>
  </variableValue>
  <variableValue variable="FCAUSE[year]">
    <value valueType="integer">6</value>
  </variableValue>
  <variableValue variable="FDIE[year]">
    <value valueType="integer">54</value>
  </variableValue>
  <variableValue variable="FIC[year]">
    <value valueType="integer">38</value>
  </variableValue>
  <variableValue variable="fit[year]">
    <value valueType="decimal">19.517554676874493</value>
  </variableValue>
  <variableValue variable="FLIVE[year]">
    <value valueType="integer">2</value>
  </variableValue>
  <variableValue variable="FLOSS[year]">
    <value valueType="integer">1</value>
  </variableValue>
  <variableValue variable="FLUSHOT[year]">
    <value valueType="integer">1</value>
  </variableValue>
  <variableValue variable="fr[year]">
    <value valueType="integer">68</value>
  </variableValue>
  <variableValue variable="fratt[year]">
    <value valueType="integer">51</value>
  </variableValue>
  <variableValue variable="frcr[year]">
    <value valueType="integer">25</value>
  </variableValue>
  <variableValue variable="fromt[year]">
    <value valueType="integer">52</value>
  </variableValue>
  <variableValue variable="frwg[year]">
    <value valueType="integer">4</value>
  </variableValue>
  <variableValue variable="game[year]">
    <value valueType="decimal">88.82127368196785</value>
  </variableValue>
  <variableValue variable="gds[year]1 –  gds[year]30">
    <value valueType="integer">1</value>
  </variableValue>
  <variableValue variable="gdstot[year]">
    <value valueType="integer">17</value>
  </variableValue>
  <variableValue variable="HANDS[year]">
    <value valueType="decimal">83.25002367755518</value>
  </variableValue>
  <variableValue variable="HARDLIQ[year]">
    <value valueType="integer">70</value>
  </variableValue>
  <variableValue variable="HEALTHCH[year]">
    <value valueType="integer">3</value>
  </variableValue>
  <variableValue variable="HEARAID[year]">
    <value valueType="integer">0</value>
  </variableValue>
  <variableValue variable="HEARCHG[year]">
    <value valueType="integer">6</value>
  </variableValue>
  <variableValue variable="HEARSPEC[year]">
    <value valueType="integer">3</value>
  </variableValue>
  <variableValue variable="HEART[year]">
    <value valueType="integer">3</value>
  </variableValue>
  <variableValue variable="HEIGHT[year]">
    <value valueType="integer">95</value>
  </variableValue>
  <variableValue variable="HHEIGHT[year]">
    <value valueType="integer">80</value>
  </variableValue>
  <variableValue variable="HIGHBLOO[year]">
    <value valueType="integer">2</value>
  </variableValue>
  <variableValue variable="HJOBTP[year]">
    <value valueType="integer">1</value>
  </variableValue>
  <variableValue variable="HMKHD[year]">
    <value valueType="decimal">88.68986363273599</value>
  </variableValue>
  <variableValue variable="HMKJB[year]">
    <value valueType="integer">73</value>
  </variableValue>
  <variableValue variable="HMKPE[year]">
    <value valueType="decimal">81.57242309682863</value>
  </variableValue>
  <variableValue variable="HMKPRS[year]">
    <value valueType="integer">3</value>
  </variableValue>
  <variableValue variable="HMKR[year]">
    <value valueType="integer">20</value>
  </variableValue>
  <variableValue variable="HMKRD[year]">
    <value valueType="decimal">76.77527479551796</value>
  </variableValue>
  <variableValue variable="HOSDAYS[year]">
    <value valueType="integer">12</value>
  </variableValue>
  <variableValue variable="HOSVISIT[year]">
    <value valueType="integer">0</value>
  </variableValue>
  <variableValue variable="HWEIGHT[year]">
    <value valueType="integer">23</value>
  </variableValue>
  <variableValue variable="INC[year]">
    <value valueType="integer">8</value>
  </variableValue>
  <variableValue variable="INC84[year]">
    <value valueType="integer">16</value>
  </variableValue>
  <variableValue variable="instr[year]">
    <value valueType="decimal">31.886181810203773</value>
  </variableValue>
  <variableValue variable="ir[year]a1 - ir[year]a20">
    <value valueType="integer">1</value>
  </variableValue>
  <variableValue variable="ir[year]b1 - ir[year]b20">
    <value valueType="integer">1</value>
  </variableValue>
  <variableValue variable="JOBLEN[year]">
    <value valueType="integer">4</value>
  </variableValue>
  <variableValue variable="JOBTYP[year]">
    <value valueType="integer">7</value>
  </variableValue>
  <variableValue variable="kidcar[year]">
    <value valueType="decimal">51.34390812673212</value>
  </variableValue>
  <variableValue variable="LAMB[year]">
    <value valueType="integer">5</value>
  </variableValue>
  <variableValue variable="lettot[year]">
    <value valueType="integer">45</value>
  </variableValue>
  <variableValue variable="LFST84[year]">
    <value valueType="integer">2</value>
  </variableValue>
  <variableValue variable="LIFSAT[year]">
    <value valueType="integer">5</value>
  </variableValue>
  <variableValue variable="LIVESMOK[year]">
    <value valueType="integer">3</value>
  </variableValue>
  <variableValue variable="ls[year]">
    <value valueType="integer">84</value>
  </variableValue>
  <variableValue variable="LSTJOB[year]">
    <value valueType="integer">6</value>
  </variableValue>
  <variableValue variable="LVNGWILL[year]">
    <value valueType="integer">1</value>
  </variableValue>
  <variableValue variable="MAGE[year]">
    <value valueType="integer">6</value>
  </variableValue>
  <variableValue variable="MAM[year]">
    <value valueType="integer">2</value>
  </variableValue>
  <variableValue variable="MAM2YR[year]">
    <value valueType="integer">1</value>
  </variableValue>
  <variableValue variable="MAMAGE[year]">
    <value valueType="integer">28</value>
  </variableValue>
  <variableValue variable="MAMEXAM[year]">
    <value valueType="integer">85</value>
  </variableValue>
  <variableValue variable="MASTECT[year]">
    <value valueType="integer">3</value>
  </variableValue>
  <variableValue variable="MCAUSE[year]">
    <value valueType="integer">6</value>
  </variableValue>
  <variableValue variable="MDIE[year]">
    <value valueType="integer">29</value>
  </variableValue>
  <variableValue variable="MED[year]">
    <value valueType="integer">4</value>
  </variableValue>
  <variableValue variable="MENAGE[year]">
    <value valueType="integer">96</value>
  </variableValue>
  <variableValue variable="MENHIST[year]">
    <value valueType="integer">28</value>
  </variableValue>
  <variableValue variable="MENSIT[year]">
    <value valueType="integer">3</value>
  </variableValue>
  <variableValue variable="MFQ[year]1">
    <value valueType="decimal">25.52139076407117</value>
  </variableValue>
  <variableValue variable="MFQ[year]2A">
    <value valueType="decimal">67.18119739626577</value>
  </variableValue>
  <variableValue variable="MFQ[year]2B">
    <value valueType="decimal">54.295193489860026</value>
  </variableValue>
  <variableValue variable="MFQ[year]2C">
    <value valueType="decimal">38.956584716914165</value>
  </variableValue>
  <variableValue variable="MFQ[year]2D">
    <value valueType="decimal">6.697557918514763</value>
  </variableValue>
  <variableValue variable="MFQ[year]2E">
    <value valueType="decimal">55.17299378578646</value>
  </variableValue>
  <variableValue variable="MFQ[year]3A">
    <value valueType="decimal">59.21386953392568</value>
  </variableValue>
  <variableValue variable="MFQ[year]3B">
    <value valueType="decimal">31.5405229361841</value>
  </variableValue>
  <variableValue variable="MFQ[year]3C">
    <value valueType="decimal">40.21321928529811</value>
  </variableValue>
  <variableValue variable="MFQ[year]3D">
    <value valueType="decimal">41.28506824017602</value>
  </variableValue>
  <variableValue variable="MFQ[year]3E">
    <value valueType="decimal">82.51872657906736</value>
  </variableValue>
  <variableValue variable="MFQ[year]3F">
    <value valueType="decimal">29.71152047310919</value>
  </variableValue>
  <variableValue variable="MFQ[year]3G">
    <value valueType="decimal">72.3896325340243</value>
  </variableValue>
  <variableValue variable="MFQ[year]3H">
    <value valueType="decimal">50.49863000420969</value>
  </variableValue>
  <variableValue variable="MFQ[year]3I">
    <value valueType="decimal">72.82713304402168</value>
  </variableValue>
  <variableValue variable="MFQ[year]3J">
    <value valueType="decimal">9.133626745390144</value>
  </variableValue>
  <variableValue variable="MFQ[year]3K">
    <value valueType="decimal">83.64082747571848</value>
  </variableValue>
  <variableValue variable="MFQ[year]3L">
    <value valueType="decimal">57.80000918245375</value>
  </variableValue>
  <variableValue variable="MFQ[year]3M">
    <value valueType="decimal">83.6324062077947</value>
  </variableValue>
  <variableValue variable="MFQ[year]3N">
    <value valueType="decimal">67.01380792114996</value>
  </variableValue>
  <variableValue variable="MFQ[year]3O">
    <value valueType="decimal">16.821478766954012</value>
  </variableValue>
  <variableValue variable="MFQ[year]3P">
    <value valueType="decimal">54.02199222184044</value>
  </variableValue>
  <variableValue variable="MFQ[year]3Q">
    <value valueType="decimal">9.172026115611509</value>
  </variableValue>
  <variableValue variable="MFQ[year]3R">
    <value valueType="decimal">29.65434806797136</value>
  </variableValue>
  <variableValue variable="MFQ[year]4A">
    <value valueType="decimal">73.15529348689267</value>
  </variableValue>
  <variableValue variable="MFQ[year]4B">
    <value valueType="decimal">13.742109426705685</value>
  </variableValue>
  <variableValue variable="MFQ[year]4C">
    <value valueType="decimal">2.1479107244741558</value>
  </variableValue>
  <variableValue variable="MFQ[year]4D">
    <value valueType="decimal">95.73076618033288</value>
  </variableValue>
  <variableValue variable="MFQ[year]4E">
    <value valueType="decimal">16.61609866485343</value>
  </variableValue>
  <variableValue variable="MFQ[year]5A">
    <value valueType="decimal">89.6306194198649</value>
  </variableValue>
  <variableValue variable="MFQ[year]5B">
    <value valueType="decimal">79.8447644992299</value>
  </variableValue>
  <variableValue variable="MFQ[year]5C">
    <value valueType="decimal">60.43987167888672</value>
  </variableValue>
  <variableValue variable="MFQ[year]5D">
    <value valueType="decimal">97.26273110618976</value>
  </variableValue>
  <variableValue variable="MFQ[year]5E">
    <value valueType="decimal">18.676027680509854</value>
  </variableValue>
  <variableValue variable="MFQ[year]6A">
    <value valueType="decimal">83.88392260605117</value>
  </variableValue>
  <variableValue variable="MFQ[year]6B">
    <value valueType="decimal">78.26029419431457</value>
  </variableValue>
  <variableValue variable="MFQ[year]6C">
    <value valueType="decimal">76.7827214275746</value>
  </variableValue>
  <variableValue variable="MFQ[year]6D">
    <value valueType="decimal">14.876151441191931</value>
  </variableValue>
  <variableValue variable="MFQ[year]7A">
    <value valueType="decimal">70.666546488389</value>
  </variableValue>
  <variableValue variable="MFQ[year]7B">
    <value valueType="decimal">12.790431102376843</value>
  </variableValue>
  <variableValue variable="MFQ[year]7C">
    <value valueType="decimal">15.378718456463048</value>
  </variableValue>
  <variableValue variable="MFQ[year]7D">
    <value valueType="decimal">40.26790892471577</value>
  </variableValue>
  <variableValue variable="MFQ[year]7E">
    <value valueType="decimal">74.50137368218718</value>
  </variableValue>
  <variableValue variable="MFQ[year]7F">
    <value valueType="decimal">90.9764446297506</value>
  </variableValue>
  <variableValue variable="MFQ[year]7G">
    <value valueType="decimal">58.135413437503594</value>
  </variableValue>
  <variableValue variable="MFQ[year]7H">
    <value valueType="decimal">91.57914330554406</value>
  </variableValue>
  <variableValue variable="MFQ[year]7I">
    <value valueType="decimal">3.478699809159569</value>
  </variableValue>
  <variableValue variable="MFQ[year]7J">
    <value valueType="decimal">26.015585722695157</value>
  </variableValue>
  <variableValue variable="MFQ[year]7K">
    <value valueType="decimal">41.13375642909703</value>
  </variableValue>
  <variableValue variable="MFQ[year]7L">
    <value valueType="decimal">13.320978806159388</value>
  </variableValue>
  <variableValue variable="MFQ[year]7M">
    <value valueType="decimal">99.34362791007463</value>
  </variableValue>
  <variableValue variable="MFQ[year]7N">
    <value valueType="decimal">98.31779280783223</value>
  </variableValue>
  <variableValue variable="MFQ[year]7O">
    <value valueType="decimal">22.83302855865491</value>
  </variableValue>
  <variableValue variable="MFQ[year]7P">
    <value valueType="decimal">49.799336228034754</value>
  </variableValue>
  <variableValue variable="MFQ[year]7Q">
    <value valueType="decimal">16.938054849473783</value>
  </variableValue>
  <variableValue variable="MFQ[year]7R">
    <value valueType="decimal">87.13111619906472</value>
  </variableValue>
  <variableValue variable="MFQ[year]8A">
    <value valueType="decimal">34.620369446373076</value>
  </variableValue>
  <variableValue variable="MFQ[year]8B">
    <value valueType="decimal">78.30940929732625</value>
  </variableValue>
  <variableValue variable="MFQ[year]8C">
    <value valueType="decimal">56.22223189780878</value>
  </variableValue>
  <variableValue variable="MFQ[year]8D">
    <value valueType="decimal">26.784275244186095</value>
  </variableValue>
  <variableValue variable="MFQ[year]8E">
    <value valueType="decimal">35.9311301132919</value>
  </variableValue>
  <variableValue variable="MFQ[year]8F">
    <value valueType="decimal">23.68704250096476</value>
  </variableValue>
  <variableValue variable="MFQ[year]8G">
    <value valueType="decimal">10.453211120203632</value>
  </variableValue>
  <variableValue variable="MFQ[year]8H">
    <value valueType="decimal">20.97218835967405</value>
  </variableValue>
  <variableValue variable="MFQ1[year]">
    <value valueType="integer">46</value>
  </variableValue>
  <variableValue variable="mfq1[year]">
    <value valueType="decimal">80.00030875840973</value>
  </variableValue>
  <variableValue variable="MFQ2[year]">
    <value valueType="integer">1</value>
  </variableValue>
  <variableValue variable="mfq2[year]">
    <value valueType="decimal">77.7888220235379</value>
  </variableValue>
  <variableValue variable="MFQ3[year]">
    <value valueType="integer">73</value>
  </variableValue>
  <variableValue variable="mfq3[year]">
    <value valueType="decimal">54.04145100469111</value>
  </variableValue>
  <variableValue variable="MFQ4[year]">
    <value valueType="integer">1</value>
  </variableValue>
  <variableValue variable="mfq4[year]">
    <value valueType="decimal">62.731267498428544</value>
  </variableValue>
  <variableValue variable="MLIVE[year]">
    <value valueType="integer">1</value>
  </variableValue>
  <variableValue variable="MOMWK[year]">
    <value valueType="integer">1</value>
  </variableValue>
  <variableValue variable="movie[year]">
    <value valueType="decimal">20.402271825397854</value>
  </variableValue>
  <variableValue variable="MSTA84[year]">
    <value valueType="integer">3</value>
  </variableValue>
  <variableValue variable="MSTAT[year]">
    <value valueType="integer">4</value>
  </variableValue>
  <variableValue variable="NBKS[year]">
    <value valueType="integer">46</value>
  </variableValue>
  <variableValue variable="NCONF[year]">
    <value valueType="integer">64</value>
  </variableValue>
  <variableValue variable="NEEDCATA[year]">
    <value valueType="integer">3</value>
  </variableValue>
  <variableValue variable="NEMP[year]">
    <value valueType="integer">94</value>
  </variableValue>
  <variableValue variable="NEUROTIC[year]">
    <value valueType="integer">12</value>
  </variableValue>
  <variableValue variable="NEWPRNT[year]">
    <value valueType="integer">3</value>
  </variableValue>
  <variableValue variable="nfr[year]">
    <value valueType="integer">63</value>
  </variableValue>
  <variableValue variable="NFRN[year]">
    <value valueType="integer">39</value>
  </variableValue>
  <variableValue variable="NGRNKD[year]">
    <value valueType="integer">26</value>
  </variableValue>
  <variableValue variable="NJOB[year]">
    <value valueType="integer">67</value>
  </variableValue>
  <variableValue variable="NKDHM[year]">
    <value valueType="integer">81</value>
  </variableValue>
  <variableValue variable="NKIDS[year]">
    <value valueType="integer">37</value>
  </variableValue>
  <variableValue variable="NMAG[year]">
    <value valueType="integer">83</value>
  </variableValue>
  <variableValue variable="NMOV[year]">
    <value valueType="integer">32</value>
  </variableValue>
  <variableValue variable="NMTG[year]">
    <value valueType="integer">41</value>
  </variableValue>
  <variableValue variable="NNEIG[year]">
    <value valueType="integer">3</value>
  </variableValue>
  <variableValue variable="NOBR[year]">
    <value valueType="integer">2</value>
  </variableValue>
  <variableValue variable="NOISE[year]">
    <value valueType="integer">4</value>
  </variableValue>
  <variableValue variable="NONFIC[year]">
    <value valueType="integer">84</value>
  </variableValue>
  <variableValue variable="nor[year]">
    <value valueType="integer">69</value>
  </variableValue>
  <variableValue variable="norcr[year]">
    <value valueType="integer">13</value>
  </variableValue>
  <variableValue variable="NOSIS[year]">
    <value valueType="integer">82</value>
  </variableValue>
  <variableValue variable="NOWRK[year]">
    <value valueType="integer">3</value>
  </variableValue>
  <variableValue variable="NRMS[year]">
    <value valueType="integer">16</value>
  </variableValue>
  <variableValue variable="nsp08">
    <value valueType="integer">34</value>
  </variableValue>
  <variableValue variable="NSTATE[year]">
    <value valueType="integer">28</value>
  </variableValue>
  <variableValue variable="NTRAD[year]">
    <value valueType="integer">6</value>
  </variableValue>
  <variableValue variable="NTRIPS[year]">
    <value valueType="integer">79</value>
  </variableValue>
  <variableValue variable="numtot[year]">
    <value valueType="integer">44</value>
  </variableValue>
  <variableValue variable="NVISIT[year]">
    <value valueType="integer">4</value>
  </variableValue>
  <variableValue variable="NWED[year]">
    <value valueType="integer">82</value>
  </variableValue>
  <variableValue variable="NYBR[year]">
    <value valueType="integer">32</value>
  </variableValue>
  <variableValue variable="NYSIS[year]">
    <value valueType="integer">5</value>
  </variableValue>
  <variableValue variable="OBGYN[year]">
    <value valueType="integer">3</value>
  </variableValue>
  <variableValue variable="OCC[year]">
    <value valueType="integer">4</value>
  </variableValue>
  <variableValue variable="OCC84[year]">
    <value valueType="integer">0</value>
  </variableValue>
  <variableValue variable="OPEN[year]">
    <value valueType="integer">68</value>
  </variableValue>
  <variableValue variable="or[year]">
    <value valueType="integer">15</value>
  </variableValue>
  <variableValue variable="oratt[year]">
    <value valueType="integer">100</value>
  </variableValue>
  <variableValue variable="ORGAN[year]">
    <value valueType="integer">1</value>
  </variableValue>
  <variableValue variable="oromt[year]">
    <value valueType="integer">33</value>
  </variableValue>
  <variableValue variable="orwg[year]">
    <value valueType="integer">68</value>
  </variableValue>
  <variableValue variable="OTJ[year]">
    <value valueType="integer">1</value>
  </variableValue>
  <variableValue variable="outhob[year]">
    <value valueType="decimal">15.08533902903164</value>
  </variableValue>
  <variableValue variable="OWNHM[year]">
    <value valueType="integer">0</value>
  </variableValue>
  <variableValue variable="PAINREL[year]">
    <value valueType="integer">1</value>
  </variableValue>
  <variableValue variable="PAP[year]">
    <value valueType="integer">3</value>
  </variableValue>
  <variableValue variable="party[year]">
    <value valueType="decimal">2.715414178961062</value>
  </variableValue>
  <variableValue variable="pase1">
    <value valueType="integer">0</value>
  </variableValue>
  <variableValue variable="pase10">
    <value valueType="integer">1</value>
  </variableValue>
  <variableValue variable="pase10a">
    <value valueType="decimal">48.21232587653122</value>
  </variableValue>
  <variableValue variable="pase10b">
    <value valueType="integer">4</value>
  </variableValue>
  <variableValue variable="pase1b">
    <value valueType="integer">4</value>
  </variableValue>
  <variableValue variable="pase2">
    <value valueType="integer">3</value>
  </variableValue>
  <variableValue variable="pase2a">
    <value valueType="integer">1</value>
  </variableValue>
  <variableValue variable="pase3">
    <value valueType="integer">1</value>
  </variableValue>
  <variableValue variable="pase3b">
    <value valueType="integer">3</value>
  </variableValue>
  <variableValue variable="pase4">
    <value valueType="integer">1</value>
  </variableValue>
  <variableValue variable="pase4b">
    <value valueType="integer">1</value>
  </variableValue>
  <variableValue variable="pase5">
    <value valueType="integer">0</value>
  </variableValue>
  <variableValue variable="pase5b">
    <value valueType="integer">4</value>
  </variableValue>
  <variableValue variable="pase6">
    <value valueType="integer">2</value>
  </variableValue>
  <variableValue variable="pase6b">
    <value valueType="integer">4</value>
  </variableValue>
  <variableValue variable="pase7">
    <value valueType="integer">0</value>
  </variableValue>
  <variableValue variable="pase8">
    <value valueType="integer">0</value>
  </variableValue>
  <variableValue variable="pase9a - pase9d">
    <value valueType="integer">0</value>
  </variableValue>
  <variableValue variable="pattot[year]">
    <value valueType="integer">30</value>
  </variableValue>
  <variableValue variable="PDEMP[year]">
    <value valueType="integer">0</value>
  </variableValue>
  <variableValue variable="PEOP[year]">
    <value valueType="decimal">96.87564949773098</value>
  </variableValue>
  <variableValue variable="pets[year]">
    <value valueType="decimal">44.81170234994997</value>
  </variableValue>
  <variableValue variable="phone[year]">
    <value valueType="decimal">6.256480435349765</value>
  </variableValue>
  <variableValue variable="picnic[year]">
    <value valueType="decimal">89.56186601062937</value>
  </variableValue>
  <variableValue variable="PIPEDAY[year]">
    <value valueType="integer">1</value>
  </variableValue>
  <variableValue variable="PIPES[year]">
    <value valueType="integer">6</value>
  </variableValue>
  <variableValue variable="pirr1[year]">
    <value valueType="integer">95</value>
  </variableValue>
  <variableValue variable="pirr2[year]">
    <value valueType="integer">34</value>
  </variableValue>
  <variableValue variable="PORK[year]">
    <value valueType="integer">4</value>
  </variableValue>
  <variableValue variable="ppr1[year]">
    <value valueType="integer">48</value>
  </variableValue>
  <variableValue variable="ppr2[year]">
    <value valueType="integer">38</value>
  </variableValue>
  <variableValue variable="ppr3[year]">
    <value valueType="integer">0</value>
  </variableValue>
  <variableValue variable="pray[year]">
    <value valueType="decimal">5.9110211543189735</value>
  </variableValue>
  <variableValue variable="PRESR[year]">
    <value valueType="integer">1</value>
  </variableValue>
  <variableValue variable="PRO2YR[year]">
    <value valueType="integer">2</value>
  </variableValue>
  <variableValue variable="PROAGE[year]">
    <value valueType="integer">6</value>
  </variableValue>
  <variableValue variable="PROENLAR[year]">
    <value valueType="integer">2</value>
  </variableValue>
  <variableValue variable="PROEXAM[year]">
    <value valueType="integer">54</value>
  </variableValue>
  <variableValue variable="PROS[year]">
    <value valueType="integer">2</value>
  </variableValue>
  <variableValue variable="PROSUC[year]">
    <value valueType="integer">4</value>
  </variableValue>
  <variableValue variable="PRSC84[year]">
    <value valueType="integer">4</value>
  </variableValue>
  <variableValue variable="radio[year]">
    <value valueType="decimal">84.81737052595551</value>
  </variableValue>
  <variableValue variable="RDPAPR[year]">
    <value valueType="integer">1</value>
  </variableValue>
  <variableValue variable="RDWRIT[year]">
    <value valueType="decimal">44.10238960719188</value>
  </variableValue>
  <variableValue variable="read[year]">
    <value valueType="decimal">7.201734806707771</value>
  </variableValue>
  <variableValue variable="REGULAR[year]">
    <value valueType="integer">1</value>
  </variableValue>
  <variableValue variable="REMAR[year]">
    <value valueType="integer">3</value>
  </variableValue>
  <variableValue variable="rv[year]">
    <value valueType="integer">73</value>
  </variableValue>
  <variableValue variable="SAFE[year]">
    <value valueType="integer">1</value>
  </variableValue>
  <variableValue variable="SBHWY[year]">
    <value valueType="integer">4</value>
  </variableValue>
  <variableValue variable="SBTOWN[year]">
    <value valueType="integer">4</value>
  </variableValue>
  <variableValue variable="SELFBLOO[year]">
    <value valueType="integer">4</value>
  </variableValue>
  <variableValue variable="selfim[year]">
    <value valueType="decimal">86.97798690550509</value>
  </variableValue>
  <variableValue variable="SELFMAM[year]">
    <value valueType="integer">4</value>
  </variableValue>
  <variableValue variable="sex">
    <value valueType="integer">0</value>
  </variableValue>
  <variableValue variable="shop[year]">
    <value valueType="decimal">98.9874515908156</value>
  </variableValue>
  <variableValue variable="SIBS[year]">
    <value valueType="integer">26</value>
  </variableValue>
  <variableValue variable="SLEEP[year]">
    <value valueType="integer">3</value>
  </variableValue>
  <variableValue variable="smdvh[year]">
    <value valueType="integer">25</value>
  </variableValue>
  <variableValue variable="smdvl[year]">
    <value valueType="integer">73</value>
  </variableValue>
  <variableValue variable="SMK[year]">
    <value valueType="integer">0</value>
  </variableValue>
  <variableValue variable="SMOKE[year]">
    <value valueType="integer">2</value>
  </variableValue>
  <variableValue variable="SMOKEPAS[year]">
    <value valueType="decimal">17.44270263936326</value>
  </variableValue>
  <variableValue variable="SODA[year]">
    <value valueType="integer">3</value>
  </variableValue>
  <variableValue variable="SODIUM[year]">
    <value valueType="integer">3</value>
  </variableValue>
  <variableValue variable="SPBRN[year]">
    <value valueType="integer">41</value>
  </variableValue>
  <variableValue variable="spec[year]">
    <value valueType="decimal">92.01014633387913</value>
  </variableValue>
  <variableValue variable="SPEED[year]">
    <value valueType="integer">2</value>
  </variableValue>
  <variableValue variable="SPOCC[year]">
    <value valueType="integer">2</value>
  </variableValue>
  <variableValue variable="sport[year]">
    <value valueType="decimal">26.854363603989416</value>
  </variableValue>
  <variableValue variable="SPRVIS[year]">
    <value valueType="integer">4</value>
  </variableValue>
  <variableValue variable="SREYE[year]">
    <value valueType="integer">4</value>
  </variableValue>
  <variableValue variable="srh[year]">
    <value valueType="integer">6</value>
  </variableValue>
  <variableValue variable="SRHEALTH">
    <value valueType="integer">3</value>
  </variableValue>
  <variableValue variable="SRHEAR[year]">
    <value valueType="integer">1</value>
  </variableValue>
  <variableValue variable="sstot[year]">
    <value valueType="integer">42</value>
  </variableValue>
  <variableValue variable="STAIRS[year]">
    <value valueType="integer">2</value>
  </variableValue>
  <variableValue variable="TEA[year]">
    <value valueType="integer">6</value>
  </variableValue>
  <variableValue variable="TRAF[year]">
    <value valueType="integer">0</value>
  </variableValue>
  <variableValue variable="travel[year]">
    <value valueType="decimal">8.216189704407073</value>
  </variableValue>
  <variableValue variable="TREES[year]">
    <value valueType="integer">1</value>
  </variableValue>
  <variableValue variable="TRYSTOP[year]">
    <value valueType="integer">2</value>
  </variableValue>
  <variableValue variable="tv[year]">
    <value valueType="decimal">45.483733950075624</value>
  </variableValue>
  <variableValue variable="TYPBLD[year]">
    <value valueType="integer">3</value>
  </variableValue>
  <variableValue variable="UNIVEX[year]">
    <value valueType="integer">0</value>
  </variableValue>
  <variableValue variable="VEAL[year]">
    <value valueType="integer">1</value>
  </variableValue>
  <variableValue variable="vis[year]">
    <value valueType="decimal">30.936187729761123</value>
  </variableValue>
  <variableValue variable="vocab1[year]">
    <value valueType="integer">24</value>
  </variableValue>
  <variableValue variable="vocab2[year]">
    <value valueType="integer">99</value>
  </variableValue>
  <variableValue variable="VOCAT[year]">
    <value valueType="integer">0</value>
  </variableValue>
  <variableValue variable="vol[year]">
    <value valueType="decimal">7.43879170994024</value>
  </variableValue>
  <variableValue variable="walk[year]">
    <value valueType="decimal">49.621263491463075</value>
  </variableValue>
  <variableValue variable="WALK[year]">
    <value valueType="integer">4</value>
  </variableValue>
  <variableValue variable="wdflu[year]">
    <value valueType="integer">7</value>
  </variableValue>
  <variableValue variable="WEIGHT[year]">
    <value valueType="integer">6</value>
  </variableValue>
  <variableValue variable="WELL[year]">
    <value valueType="integer">3</value>
  </variableValue>
  <variableValue variable="WINE[year]">
    <value valueType="integer">26</value>
  </variableValue>
  <variableValue variable="write[year]">
    <value valueType="decimal">75.83792581812429</value>
  </variableValue>
  <variableValue variable="WRKPLC[year]">
    <value valueType="integer">3</value>
  </variableValue>
  <variableValue variable="WRKTYP[year]">
    <value valueType="integer">3</value>
  </variableValue>
  <variableValue variable="ws[year]">
    <value valueType="integer">62</value>
  </variableValue>
  <variableValue variable="YEAROP[year]">
    <value valueType="integer">27</value>
  </variableValue>
  <variableValue variable="YRQUIT[year]">
    <value valueType="integer">4</value>
  </variableValue>
  <variableValue variable="YRRET[year]">
    <value valueType="integer">90</value>
  </variableValue>
  <variableValue variable="YRSMOKE[year]">
    <value valueType="decimal">14.730046781667527</value>
  </variableValue>
</valueSet>