<valueSet valueTable="2008" entityType="Participant" entityIdentifier="23645727">
  <variableValue variable="ADLTED[year]">
    <value valueType="integer">1</value>
  </variableValue>
  <variableValue variable="ADVDIR[year]">
    <value valueType="integer">1</value>
  </variableValue>
  <variableValue variable="age[year]">
    <value valueType="integer">85</value>
  </variableValue>
  <variableValue variable="AGEKID[year]">
    <value valueType="integer">90</value>
  </variableValue>
  <variableValue variable="AGENB[year]">
    <value valueType="integer">2</value>
  </variableValue>
  <variableValue variable="AGEWED[year]">
    <value valueType="integer">4</value>
  </variableValue>
  <variableValue variable="AGFRN[year]">
    <value valueType="integer">1</value>
  </variableValue>
  <variableValue variable="AGREE[year]">
    <value valueType="integer">88</value>
  </variableValue>
  <variableValue variable="ALCOHOL[year]">
    <value valueType="integer">7</value>
  </variableValue>
  <variableValue variable="Apdemp[year]">
    <value valueType="decimal">25.67674185277349</value>
  </variableValue>
  <variableValue variable="ART[year]">
    <value valueType="integer">2</value>
  </variableValue>
  <variableValue variable="BDATE_DY">
    <value valueType="integer">9</value>
  </variableValue>
  <variableValue variable="BDATE_MO">
    <value valueType="integer">69</value>
  </variableValue>
  <variableValue variable="BDATE_YR">
    <value valueType="integer">88</value>
  </variableValue>
  <variableValue variable="BEEF[year]">
    <value valueType="integer">2</value>
  </variableValue>
  <variableValue variable="BEER[year]">
    <value valueType="integer">93</value>
  </variableValue>
  <variableValue variable="BLDLK[year]">
    <value valueType="integer">1</value>
  </variableValue>
  <variableValue variable="BLOODPRE[year]">
    <value valueType="integer">3</value>
  </variableValue>
  <variableValue variable="BOOK[year]">
    <value valueType="integer">3</value>
  </variableValue>
  <variableValue variable="BRUSH[year]">
    <value valueType="integer">88</value>
  </variableValue>
  <variableValue variable="BUTTER[year]">
    <value valueType="integer">1</value>
  </variableValue>
  <variableValue variable="BUYFAT[year]">
    <value valueType="integer">4</value>
  </variableValue>
  <variableValue variable="BUYSALT[year]">
    <value valueType="integer">5</value>
  </variableValue>
  <variableValue variable="CANCHK[year]">
    <value valueType="integer">2</value>
  </variableValue>
  <variableValue variable="cards[year]">
    <value valueType="decimal">19.049810316926717</value>
  </variableValue>
  <variableValue variable="CATARACT[year]">
    <value valueType="integer">2</value>
  </variableValue>
  <variableValue variable="CHKFAT[year]">
    <value valueType="integer">4</value>
  </variableValue>
  <variableValue variable="CHOLES[year]">
    <value valueType="integer">3</value>
  </variableValue>
  <variableValue variable="chur[year]">
    <value valueType="decimal">89.72693110585456</value>
  </variableValue>
  <variableValue variable="CIGARDAY[year]">
    <value valueType="integer">1</value>
  </variableValue>
  <variableValue variable="CIGARS[year]">
    <value valueType="integer">1</value>
  </variableValue>
  <variableValue variable="CIGDAY[year]">
    <value valueType="integer">3</value>
  </variableValue>
  <variableValue variable="CIGS[year]">
    <value valueType="integer">6</value>
  </variableValue>
  <variableValue variable="CLNAIR[year]">
    <value valueType="integer">1</value>
  </variableValue>
  <variableValue variable="COFFEE[year]">
    <value valueType="integer">2</value>
  </variableValue>
  <variableValue variable="CONSCIEN[year]">
    <value valueType="integer">40</value>
  </variableValue>
  <variableValue variable="cook[year]">
    <value valueType="decimal">8.342590802882155</value>
  </variableValue>
  <variableValue variable="COOKBUT[year]">
    <value valueType="integer">1</value>
  </variableValue>
  <variableValue variable="CORS[year]">
    <value valueType="integer">1</value>
  </variableValue>
  <variableValue variable="crafts[year]">
    <value valueType="decimal">10.377983412081015</value>
  </variableValue>
  <variableValue variable="crdp1[year]">
    <value valueType="integer">94</value>
  </variableValue>
  <variableValue variable="crdp2[year]">
    <value valueType="integer">12</value>
  </variableValue>
  <variableValue variable="cult[year]">
    <value valueType="decimal">88.1063462838004</value>
  </variableValue>
  <variableValue variable="dance[year]">
    <value valueType="decimal">97.90842968492149</value>
  </variableValue>
  <variableValue variable="DENTIST[year]">
    <value valueType="integer">2</value>
  </variableValue>
  <variableValue variable="DENTURE[year]">
    <value valueType="integer">1</value>
  </variableValue>
  <variableValue variable="DIABET[year]">
    <value valueType="integer">2</value>
  </variableValue>
  <variableValue variable="DRMAM[year]">
    <value valueType="integer">5</value>
  </variableValue>
  <variableValue variable="DRVISIT[year]">
    <value valueType="integer">85</value>
  </variableValue>
  <variableValue variable="dydrm[year]">
    <value valueType="decimal">18.17425900857611</value>
  </variableValue>
  <variableValue variable="EARCHK[year]">
    <value valueType="integer">1</value>
  </variableValue>
  <variableValue variable="eatout[year]">
    <value valueType="decimal">37.42584785174569</value>
  </variableValue>
  <variableValue variable="EATSALT[year]">
    <value valueType="integer">1</value>
  </variableValue>
  <variableValue variable="edact[year]">
    <value valueType="decimal">40.68550076732822</value>
  </variableValue>
  <variableValue variable="educ">
    <value valueType="integer">52</value>
  </variableValue>
  <variableValue variable="EDUC[year]">
    <value valueType="integer">77</value>
  </variableValue>
  <variableValue variable="EGG[year]">
    <value valueType="integer">5</value>
  </variableValue>
  <variableValue variable="eldcar[year]">
    <value valueType="decimal">76.03533126875799</value>
  </variableValue>
  <variableValue variable="ELDCAR[year]">
    <value valueType="decimal">64.1063231655467</value>
  </variableValue>
  <variableValue variable="ENT1[year]">
    <value valueType="integer">7</value>
  </variableValue>
  <variableValue variable="ENT2[year]">
    <value valueType="integer">13</value>
  </variableValue>
  <variableValue variable="ENT3[year]">
    <value valueType="integer">12</value>
  </variableValue>
  <variableValue variable="eth[year]">
    <value valueType="integer">63</value>
  </variableValue>
  <variableValue variable="EXCERTOT[year]">
    <value valueType="decimal">36.482005769848335</value>
  </variableValue>
  <variableValue variable="EXCERWK[year]">
    <value valueType="integer">65</value>
  </variableValue>
  <variableValue variable="EXTRAVER[year]">
    <value valueType="integer">87</value>
  </variableValue>
  <variableValue variable="EYECHG[year]">
    <value valueType="integer">5</value>
  </variableValue>
  <variableValue variable="EYECHK[year]">
    <value valueType="integer">0</value>
  </variableValue>
  <variableValue variable="EYEGLAS[year]">
    <value valueType="integer">3</value>
  </variableValue>
  <variableValue variable="FAGE[year]">
    <value valueType="integer">77</value>
  </variableValue>
  <variableValue variable="FAITH[year]">
    <value valueType="integer">1</value>
  </variableValue>
  <variableValue variable="FALLS[year]">
    <value valueType="integer">1</value>
  </variableValue>
  <variableValue variable="FCAUSE[year]">
    <value valueType="integer">8</value>
  </variableValue>
  <variableValue variable="FDIE[year]">
    <value valueType="integer">13</value>
  </variableValue>
  <variableValue variable="FIC[year]">
    <value valueType="integer">44</value>
  </variableValue>
  <variableValue variable="fit[year]">
    <value valueType="decimal">30.706326188340483</value>
  </variableValue>
  <variableValue variable="FLIVE[year]">
    <value valueType="integer">1</value>
  </variableValue>
  <variableValue variable="FLOSS[year]">
    <value valueType="integer">4</value>
  </variableValue>
  <variableValue variable="FLUSHOT[year]">
    <value valueType="integer">1</value>
  </variableValue>
  <variableValue variable="fr[year]">
    <value valueType="integer">5</value>
  </variableValue>
  <variableValue variable="fratt[year]">
    <value valueType="integer">58</value>
  </variableValue>
  <variableValue variable="frcr[year]">
    <value valueType="integer">8</value>
  </variableValue>
  <variableValue variable="fromt[year]">
    <value valueType="integer">11</value>
  </variableValue>
  <variableValue variable="frwg[year]">
    <value valueType="integer">12</value>
  </variableValue>
  <variableValue variable="game[year]">
    <value valueType="decimal">15.648400547064757</value>
  </variableValue>
  <variableValue variable="gds[year]1 –  gds[year]30">
    <value valueType="integer">0</value>
  </variableValue>
  <variableValue variable="gdstot[year]">
    <value valueType="integer">48</value>
  </variableValue>
  <variableValue variable="HANDS[year]">
    <value valueType="decimal">65.35389193129987</value>
  </variableValue>
  <variableValue variable="HARDLIQ[year]">
    <value valueType="integer">61</value>
  </variableValue>
  <variableValue variable="HEALTHCH[year]">
    <value valueType="integer">7</value>
  </variableValue>
  <variableValue variable="HEARAID[year]">
    <value valueType="integer">0</value>
  </variableValue>
  <variableValue variable="HEARCHG[year]">
    <value valueType="integer">7</value>
  </variableValue>
  <variableValue variable="HEARSPEC[year]">
    <value valueType="integer">4</value>
  </variableValue>
  <variableValue variable="HEART[year]">
    <value valueType="integer">3</value>
  </variableValue>
  <variableValue variable="HEIGHT[year]">
    <value valueType="integer">3</value>
  </variableValue>
  <variableValue variable="HHEIGHT[year]">
    <value valueType="integer">85</value>
  </variableValue>
  <variableValue variable="HIGHBLOO[year]">
    <value valueType="integer">1</value>
  </variableValue>
  <variableValue variable="HJOBTP[year]">
    <value valueType="integer">0</value>
  </variableValue>
  <variableValue variable="HMKHD[year]">
    <value valueType="decimal">69.88308646188949</value>
  </variableValue>
  <variableValue variable="HMKJB[year]">
    <value valueType="integer">20</value>
  </variableValue>
  <variableValue variable="HMKPE[year]">
    <value valueType="decimal">99.6857275317154</value>
  </variableValue>
  <variableValue variable="HMKPRS[year]">
    <value valueType="integer">4</value>
  </variableValue>
  <variableValue variable="HMKR[year]">
    <value valueType="integer">48</value>
  </variableValue>
  <variableValue variable="HMKRD[year]">
    <value valueType="decimal">27.175351928204506</value>
  </variableValue>
  <variableValue variable="HOSDAYS[year]">
    <value valueType="integer">51</value>
  </variableValue>
  <variableValue variable="HOSVISIT[year]">
    <value valueType="integer">0</value>
  </variableValue>
  <variableValue variable="HWEIGHT[year]">
    <value valueType="integer">80</value>
  </variableValue>
  <variableValue variable="INC[year]">
    <value valueType="integer">16</value>
  </variableValue>
  <variableValue variable="INC84[year]">
    <value valueType="integer">9</value>
  </variableValue>
  <variableValue variable="instr[year]">
    <value valueType="decimal">36.792148275513995</value>
  </variableValue>
  <variableValue variable="ir[year]a1 - ir[year]a20">
    <value valueType="integer">0</value>
  </variableValue>
  <variableValue variable="ir[year]b1 - ir[year]b20">
    <value valueType="integer">0</value>
  </variableValue>
  <variableValue variable="JOBLEN[year]">
    <value valueType="integer">2</value>
  </variableValue>
  <variableValue variable="JOBTYP[year]">
    <value valueType="integer">4</value>
  </variableValue>
  <variableValue variable="kidcar[year]">
    <value valueType="decimal">72.64418109846153</value>
  </variableValue>
  <variableValue variable="LAMB[year]">
    <value valueType="integer">5</value>
  </variableValue>
  <variableValue variable="lettot[year]">
    <value valueType="integer">34</value>
  </variableValue>
  <variableValue variable="LFST84[year]">
    <value valueType="integer">5</value>
  </variableValue>
  <variableValue variable="LIFSAT[year]">
    <value valueType="integer">3</value>
  </variableValue>
  <variableValue variable="LIVESMOK[year]">
    <value valueType="integer">2</value>
  </variableValue>
  <variableValue variable="ls[year]">
    <value valueType="integer">48</value>
  </variableValue>
  <variableValue variable="LSTJOB[year]">
    <value valueType="integer">5</value>
  </variableValue>
  <variableValue variable="LVNGWILL[year]">
    <value valueType="integer">1</value>
  </variableValue>
  <variableValue variable="MAGE[year]">
    <value valueType="integer">94</value>
  </variableValue>
  <variableValue variable="MAM[year]">
    <value valueType="integer">1</value>
  </variableValue>
  <variableValue variable="MAM2YR[year]">
    <value valueType="integer">2</value>
  </variableValue>
  <variableValue variable="MAMAGE[year]">
    <value valueType="integer">41</value>
  </variableValue>
  <variableValue variable="MAMEXAM[year]">
    <value valueType="integer">85</value>
  </variableValue>
  <variableValue variable="MASTECT[year]">
    <value valueType="integer">1</value>
  </variableValue>
  <variableValue variable="MCAUSE[year]">
    <value valueType="integer">13</value>
  </variableValue>
  <variableValue variable="MDIE[year]">
    <value valueType="integer">28</value>
  </variableValue>
  <variableValue variable="MED[year]">
    <value valueType="integer">2</value>
  </variableValue>
  <variableValue variable="MENAGE[year]">
    <value valueType="integer">80</value>
  </variableValue>
  <variableValue variable="MENHIST[year]">
    <value valueType="integer">57</value>
  </variableValue>
  <variableValue variable="MENSIT[year]">
    <value valueType="integer">4</value>
  </variableValue>
  <variableValue variable="MFQ[year]1">
    <value valueType="decimal">88.62002597628569</value>
  </variableValue>
  <variableValue variable="MFQ[year]2A">
    <value valueType="decimal">72.4002224511091</value>
  </variableValue>
  <variableValue variable="MFQ[year]2B">
    <value valueType="decimal">27.102970099112177</value>
  </variableValue>
  <variableValue variable="MFQ[year]2C">
    <value valueType="decimal">66.19282676113654</value>
  </variableValue>
  <variableValue variable="MFQ[year]2D">
    <value valueType="decimal">91.89000607334712</value>
  </variableValue>
  <variableValue variable="MFQ[year]2E">
    <value valueType="decimal">23.085421828081564</value>
  </variableValue>
  <variableValue variable="MFQ[year]3A">
    <value valueType="decimal">96.96041196353053</value>
  </variableValue>
  <variableValue variable="MFQ[year]3B">
    <value valueType="decimal">75.17738007410873</value>
  </variableValue>
  <variableValue variable="MFQ[year]3C">
    <value valueType="decimal">73.67849885674386</value>
  </variableValue>
  <variableValue variable="MFQ[year]3D">
    <value valueType="decimal">7.562894253298024</value>
  </variableValue>
  <variableValue variable="MFQ[year]3E">
    <value valueType="decimal">48.94241151158987</value>
  </variableValue>
  <variableValue variable="MFQ[year]3F">
    <value valueType="decimal">77.77455577178682</value>
  </variableValue>
  <variableValue variable="MFQ[year]3G">
    <value valueType="decimal">19.930699109502825</value>
  </variableValue>
  <variableValue variable="MFQ[year]3H">
    <value valueType="decimal">65.23403957032046</value>
  </variableValue>
  <variableValue variable="MFQ[year]3I">
    <value valueType="decimal">69.69731192093943</value>
  </variableValue>
  <variableValue variable="MFQ[year]3J">
    <value valueType="decimal">28.578886258226976</value>
  </variableValue>
  <variableValue variable="MFQ[year]3K">
    <value valueType="decimal">94.39949358718812</value>
  </variableValue>
  <variableValue variable="MFQ[year]3L">
    <value valueType="decimal">61.55056763240279</value>
  </variableValue>
  <variableValue variable="MFQ[year]3M">
    <value valueType="decimal">68.21841243544458</value>
  </variableValue>
  <variableValue variable="MFQ[year]3N">
    <value valueType="decimal">46.92304258433856</value>
  </variableValue>
  <variableValue variable="MFQ[year]3O">
    <value valueType="decimal">8.0999771423093</value>
  </variableValue>
  <variableValue variable="MFQ[year]3P">
    <value valueType="decimal">28.054883787954488</value>
  </variableValue>
  <variableValue variable="MFQ[year]3Q">
    <value valueType="decimal">77.16632447255508</value>
  </variableValue>
  <variableValue variable="MFQ[year]3R">
    <value valueType="decimal">84.7062178789462</value>
  </variableValue>
  <variableValue variable="MFQ[year]4A">
    <value valueType="decimal">75.7029269708951</value>
  </variableValue>
  <variableValue variable="MFQ[year]4B">
    <value valueType="decimal">94.73124865323356</value>
  </variableValue>
  <variableValue variable="MFQ[year]4C">
    <value valueType="decimal">62.50021235079858</value>
  </variableValue>
  <variableValue variable="MFQ[year]4D">
    <value valueType="decimal">37.407658767856944</value>
  </variableValue>
  <variableValue variable="MFQ[year]4E">
    <value valueType="decimal">60.322912574099355</value>
  </variableValue>
  <variableValue variable="MFQ[year]5A">
    <value valueType="decimal">94.0775544265584</value>
  </variableValue>
  <variableValue variable="MFQ[year]5B">
    <value valueType="decimal">68.50838523801055</value>
  </variableValue>
  <variableValue variable="MFQ[year]5C">
    <value valueType="decimal">94.34549555322388</value>
  </variableValue>
  <variableValue variable="MFQ[year]5D">
    <value valueType="decimal">7.082520139614823</value>
  </variableValue>
  <variableValue variable="MFQ[year]5E">
    <value valueType="decimal">53.514533216746365</value>
  </variableValue>
  <variableValue variable="MFQ[year]6A">
    <value valueType="decimal">82.06695143169257</value>
  </variableValue>
  <variableValue variable="MFQ[year]6B">
    <value valueType="decimal">31.760625738623126</value>
  </variableValue>
  <variableValue variable="MFQ[year]6C">
    <value valueType="decimal">5.384940286236817</value>
  </variableValue>
  <variableValue variable="MFQ[year]6D">
    <value valueType="decimal">95.58121071038592</value>
  </variableValue>
  <variableValue variable="MFQ[year]7A">
    <value valueType="decimal">47.31857669444158</value>
  </variableValue>
  <variableValue variable="MFQ[year]7B">
    <value valueType="decimal">75.44985437287515</value>
  </variableValue>
  <variableValue variable="MFQ[year]7C">
    <value valueType="decimal">0.0029551638562441696</value>
  </variableValue>
  <variableValue variable="MFQ[year]7D">
    <value valueType="decimal">33.82254827629091</value>
  </variableValue>
  <variableValue variable="MFQ[year]7E">
    <value valueType="decimal">99.95163669659553</value>
  </variableValue>
  <variableValue variable="MFQ[year]7F">
    <value valueType="decimal">98.4420971017842</value>
  </variableValue>
  <variableValue variable="MFQ[year]7G">
    <value valueType="decimal">91.89312452733746</value>
  </variableValue>
  <variableValue variable="MFQ[year]7H">
    <value valueType="decimal">86.35713259413127</value>
  </variableValue>
  <variableValue variable="MFQ[year]7I">
    <value valueType="decimal">18.873318012757203</value>
  </variableValue>
  <variableValue variable="MFQ[year]7J">
    <value valueType="decimal">73.60592910992168</value>
  </variableValue>
  <variableValue variable="MFQ[year]7K">
    <value valueType="decimal">31.06977617125827</value>
  </variableValue>
  <variableValue variable="MFQ[year]7L">
    <value valueType="decimal">28.819906231456383</value>
  </variableValue>
  <variableValue variable="MFQ[year]7M">
    <value valueType="decimal">12.308587515307778</value>
  </variableValue>
  <variableValue variable="MFQ[year]7N">
    <value valueType="decimal">71.09631945025458</value>
  </variableValue>
  <variableValue variable="MFQ[year]7O">
    <value valueType="decimal">5.924185478016075</value>
  </variableValue>
  <variableValue variable="MFQ[year]7P">
    <value valueType="decimal">73.70687847742776</value>
  </variableValue>
  <variableValue variable="MFQ[year]7Q">
    <value valueType="decimal">65.22009901167132</value>
  </variableValue>
  <variableValue variable="MFQ[year]7R">
    <value valueType="decimal">76.1929496018914</value>
  </variableValue>
  <variableValue variable="MFQ[year]8A">
    <value valueType="decimal">76.0500803042207</value>
  </variableValue>
  <variableValue variable="MFQ[year]8B">
    <value valueType="decimal">94.10584695856443</value>
  </variableValue>
  <variableValue variable="MFQ[year]8C">
    <value valueType="decimal">75.43251094975075</value>
  </variableValue>
  <variableValue variable="MFQ[year]8D">
    <value valueType="decimal">4.3519612364320786</value>
  </variableValue>
  <variableValue variable="MFQ[year]8E">
    <value valueType="decimal">78.93742190668166</value>
  </variableValue>
  <variableValue variable="MFQ[year]8F">
    <value valueType="decimal">6.3791691239139965</value>
  </variableValue>
  <variableValue variable="MFQ[year]8G">
    <value valueType="decimal">96.95790442290469</value>
  </variableValue>
  <variableValue variable="MFQ[year]8H">
    <value valueType="decimal">7.187615095050925</value>
  </variableValue>
  <variableValue variable="MFQ1[year]">
    <value valueType="integer">32</value>
  </variableValue>
  <variableValue variable="mfq1[year]">
    <value valueType="decimal">49.79543668883502</value>
  </variableValue>
  <variableValue variable="MFQ2[year]">
    <value valueType="integer">34</value>
  </variableValue>
  <variableValue variable="mfq2[year]">
    <value valueType="decimal">90.75728476297559</value>
  </variableValue>
  <variableValue variable="MFQ3[year]">
    <value valueType="integer">79</value>
  </variableValue>
  <variableValue variable="mfq3[year]">
    <value valueType="decimal">23.211623408357084</value>
  </variableValue>
  <variableValue variable="MFQ4[year]">
    <value valueType="integer">22</value>
  </variableValue>
  <variableValue variable="mfq4[year]">
    <value valueType="decimal">39.14860276725285</value>
  </variableValue>
  <variableValue variable="MLIVE[year]">
    <value valueType="integer">1</value>
  </variableValue>
  <variableValue variable="MOMWK[year]">
    <value valueType="integer">1</value>
  </variableValue>
  <variableValue variable="movie[year]">
    <value valueType="decimal">55.53642287943126</value>
  </variableValue>
  <variableValue variable="MSTA84[year]">
    <value valueType="integer">3</value>
  </variableValue>
  <variableValue variable="MSTAT[year]">
    <value valueType="integer">4</value>
  </variableValue>
  <variableValue variable="NBKS[year]">
    <value valueType="integer">49</value>
  </variableValue>
  <variableValue variable="NCONF[year]">
    <value valueType="integer">39</value>
  </variableValue>
  <variableValue variable="NEEDCATA[year]">
    <value valueType="integer">3</value>
  </variableValue>
  <variableValue variable="NEMP[year]">
    <value valueType="integer">8</value>
  </variableValue>
  <variableValue variable="NEUROTIC[year]">
    <value valueType="integer">45</value>
  </variableValue>
  <variableValue variable="NEWPRNT[year]">
    <value valueType="integer">1</value>
  </variableValue>
  <variableValue variable="nfr[year]">
    <value valueType="integer">81</value>
  </variableValue>
  <variableValue variable="NFRN[year]">
    <value valueType="integer">11</value>
  </variableValue>
  <variableValue variable="NGRNKD[year]">
    <value valueType="integer">61</value>
  </variableValue>
  <variableValue variable="NJOB[year]">
    <value valueType="integer">19</value>
  </variableValue>
  <variableValue variable="NKDHM[year]">
    <value valueType="integer">80</value>
  </variableValue>
  <variableValue variable="NKIDS[year]">
    <value valueType="integer">85</value>
  </variableValue>
  <variableValue variable="NMAG[year]">
    <value valueType="integer">31</value>
  </variableValue>
  <variableValue variable="NMOV[year]">
    <value valueType="integer">86</value>
  </variableValue>
  <variableValue variable="NMTG[year]">
    <value valueType="integer">18</value>
  </variableValue>
  <variableValue variable="NNEIG[year]">
    <value valueType="integer">4</value>
  </variableValue>
  <variableValue variable="NOBR[year]">
    <value valueType="integer">34</value>
  </variableValue>
  <variableValue variable="NOISE[year]">
    <value valueType="integer">4</value>
  </variableValue>
  <variableValue variable="NONFIC[year]">
    <value valueType="integer">99</value>
  </variableValue>
  <variableValue variable="nor[year]">
    <value valueType="integer">88</value>
  </variableValue>
  <variableValue variable="norcr[year]">
    <value valueType="integer">2</value>
  </variableValue>
  <variableValue variable="NOSIS[year]">
    <value valueType="integer">20</value>
  </variableValue>
  <variableValue variable="NOWRK[year]">
    <value valueType="integer">5</value>
  </variableValue>
  <variableValue variable="NRMS[year]">
    <value valueType="integer">84</value>
  </variableValue>
  <variableValue variable="nsp08">
    <value valueType="integer">21</value>
  </variableValue>
  <variableValue variable="NSTATE[year]">
    <value valueType="integer">99</value>
  </variableValue>
  <variableValue variable="NTRAD[year]">
    <value valueType="integer">97</value>
  </variableValue>
  <variableValue variable="NTRIPS[year]">
    <value valueType="integer">86</value>
  </variableValue>
  <variableValue variable="numtot[year]">
    <value valueType="integer">39</value>
  </variableValue>
  <variableValue variable="NVISIT[year]">
    <value valueType="integer">3</value>
  </variableValue>
  <variableValue variable="NWED[year]">
    <value valueType="integer">94</value>
  </variableValue>
  <variableValue variable="NYBR[year]">
    <value valueType="integer">51</value>
  </variableValue>
  <variableValue variable="NYSIS[year]">
    <value valueType="integer">73</value>
  </variableValue>
  <variableValue variable="OBGYN[year]">
    <value valueType="integer">5</value>
  </variableValue>
  <variableValue variable="OCC[year]">
    <value valueType="integer">1</value>
  </variableValue>
  <variableValue variable="OCC84[year]">
    <value valueType="integer">8</value>
  </variableValue>
  <variableValue variable="OPEN[year]">
    <value valueType="integer">92</value>
  </variableValue>
  <variableValue variable="or[year]">
    <value valueType="integer">36</value>
  </variableValue>
  <variableValue variable="oratt[year]">
    <value valueType="integer">10</value>
  </variableValue>
  <variableValue variable="ORGAN[year]">
    <value valueType="integer">1</value>
  </variableValue>
  <variableValue variable="oromt[year]">
    <value valueType="integer">29</value>
  </variableValue>
  <variableValue variable="orwg[year]">
    <value valueType="integer">3</value>
  </variableValue>
  <variableValue variable="OTJ[year]">
    <value valueType="integer">1</value>
  </variableValue>
  <variableValue variable="outhob[year]">
    <value valueType="decimal">3.6419666373243342</value>
  </variableValue>
  <variableValue variable="OWNHM[year]">
    <value valueType="integer">1</value>
  </variableValue>
  <variableValue variable="PAINREL[year]">
    <value valueType="integer">2</value>
  </variableValue>
  <variableValue variable="PAP[year]">
    <value valueType="integer">3</value>
  </variableValue>
  <variableValue variable="party[year]">
    <value valueType="decimal">52.10722820096637</value>
  </variableValue>
  <variableValue variable="pase1">
    <value valueType="integer">1</value>
  </variableValue>
  <variableValue variable="pase10">
    <value valueType="integer">1</value>
  </variableValue>
  <variableValue variable="pase10a">
    <value valueType="decimal">82.28734348233004</value>
  </variableValue>
  <variableValue variable="pase10b">
    <value valueType="integer">1</value>
  </variableValue>
  <variableValue variable="pase1b">
    <value valueType="integer">4</value>
  </variableValue>
  <variableValue variable="pase2">
    <value valueType="integer">3</value>
  </variableValue>
  <variableValue variable="pase2a">
    <value valueType="integer">2</value>
  </variableValue>
  <variableValue variable="pase3">
    <value valueType="integer">3</value>
  </variableValue>
  <variableValue variable="pase3b">
    <value valueType="integer">3</value>
  </variableValue>
  <variableValue variable="pase4">
    <value valueType="integer">1</value>
  </variableValue>
  <variableValue variable="pase4b">
    <value valueType="integer">3</value>
  </variableValue>
  <variableValue variable="pase5">
    <value valueType="integer">0</value>
  </variableValue>
  <variableValue variable="pase5b">
    <value valueType="integer">3</value>
  </variableValue>
  <variableValue variable="pase6">
    <value valueType="integer">2</value>
  </variableValue>
  <variableValue variable="pase6b">
    <value valueType="integer">1</value>
  </variableValue>
  <variableValue variable="pase7">
    <value valueType="integer">0</value>
  </variableValue>
  <variableValue variable="pase8">
    <value valueType="integer">0</value>
  </variableValue>
  <variableValue variable="pase9a - pase9d">
    <value valueType="integer">1</value>
  </variableValue>
  <variableValue variable="pattot[year]">
    <value valueType="integer">24</value>
  </variableValue>
  <variableValue variable="PDEMP[year]">
    <value valueType="integer">0</value>
  </variableValue>
  <variableValue variable="PEOP[year]">
    <value valueType="decimal">45.11122829203871</value>
  </variableValue>
  <variableValue variable="pets[year]">
    <value valueType="decimal">78.99027672615595</value>
  </variableValue>
  <variableValue variable="phone[year]">
    <value valueType="decimal">77.42828501181897</value>
  </variableValue>
  <variableValue variable="picnic[year]">
    <value valueType="decimal">86.20197348588754</value>
  </variableValue>
  <variableValue variable="PIPEDAY[year]">
    <value valueType="integer">3</value>
  </variableValue>
  <variableValue variable="PIPES[year]">
    <value valueType="integer">4</value>
  </variableValue>
  <variableValue variable="pirr1[year]">
    <value valueType="integer">8</value>
  </variableValue>
  <variableValue variable="pirr2[year]">
    <value valueType="integer">44</value>
  </variableValue>
  <variableValue variable="PORK[year]">
    <value valueType="integer">4</value>
  </variableValue>
  <variableValue variable="ppr1[year]">
    <value valueType="integer">83</value>
  </variableValue>
  <variableValue variable="ppr2[year]">
    <value valueType="integer">56</value>
  </variableValue>
  <variableValue variable="ppr3[year]">
    <value valueType="integer">0</value>
  </variableValue>
  <variableValue variable="pray[year]">
    <value valueType="decimal">4.553592458081324</value>
  </variableValue>
  <variableValue variable="PRESR[year]">
    <value valueType="integer">3</value>
  </variableValue>
  <variableValue variable="PRO2YR[year]">
    <value valueType="integer">2</value>
  </variableValue>
  <variableValue variable="PROAGE[year]">
    <value valueType="integer">25</value>
  </variableValue>
  <variableValue variable="PROENLAR[year]">
    <value valueType="integer">1</value>
  </variableValue>
  <variableValue variable="PROEXAM[year]">
    <value valueType="integer">87</value>
  </variableValue>
  <variableValue variable="PROS[year]">
    <value valueType="integer">2</value>
  </variableValue>
  <variableValue variable="PROSUC[year]">
    <value valueType="integer">2</value>
  </variableValue>
  <variableValue variable="PRSC84[year]">
    <value valueType="integer">2</value>
  </variableValue>
  <variableValue variable="radio[year]">
    <value valueType="decimal">10.219399048825961</value>
  </variableValue>
  <variableValue variable="RDPAPR[year]">
    <value valueType="integer">1</value>
  </variableValue>
  <variableValue variable="RDWRIT[year]">
    <value valueType="decimal">35.02906977341995</value>
  </variableValue>
  <variableValue variable="read[year]">
    <value valueType="decimal">41.29425847220089</value>
  </variableValue>
  <variableValue variable="REGULAR[year]">
    <value valueType="integer">2</value>
  </variableValue>
  <variableValue variable="REMAR[year]">
    <value valueType="integer">78</value>
  </variableValue>
  <variableValue variable="rv[year]">
    <value valueType="integer">62</value>
  </variableValue>
  <variableValue variable="SAFE[year]">
    <value valueType="integer">0</value>
  </variableValue>
  <variableValue variable="SBHWY[year]">
    <value valueType="integer">1</value>
  </variableValue>
  <variableValue variable="SBTOWN[year]">
    <value valueType="integer">3</value>
  </variableValue>
  <variableValue variable="SELFBLOO[year]">
    <value valueType="integer">3</value>
  </variableValue>
  <variableValue variable="selfim[year]">
    <value valueType="decimal">39.833732898376226</value>
  </variableValue>
  <variableValue variable="SELFMAM[year]">
    <value valueType="integer">2</value>
  </variableValue>
  <variableValue variable="sex">
    <value valueType="integer">1</value>
  </variableValue>
  <variableValue variable="shop[year]">
    <value valueType="decimal">18.606691557542167</value>
  </variableValue>
  <variableValue variable="SIBS[year]">
    <value valueType="integer">37</value>
  </variableValue>
  <variableValue variable="SLEEP[year]">
    <value valueType="integer">2</value>
  </variableValue>
  <variableValue variable="smdvh[year]">
    <value valueType="integer">5</value>
  </variableValue>
  <variableValue variable="smdvl[year]">
    <value valueType="integer">13</value>
  </variableValue>
  <variableValue variable="SMK[year]">
    <value valueType="integer">1</value>
  </variableValue>
  <variableValue variable="SMOKE[year]">
    <value valueType="integer">1</value>
  </variableValue>
  <variableValue variable="SMOKEPAS[year]">
    <value valueType="decimal">84.71754233146424</value>
  </variableValue>
  <variableValue variable="SODA[year]">
    <value valueType="integer">2</value>
  </variableValue>
  <variableValue variable="SODIUM[year]">
    <value valueType="integer">2</value>
  </variableValue>
  <variableValue variable="SPBRN[year]">
    <value valueType="integer">22</value>
  </variableValue>
  <variableValue variable="spec[year]">
    <value valueType="decimal">28.879886600446735</value>
  </variableValue>
  <variableValue variable="SPEED[year]">
    <value valueType="integer">3</value>
  </variableValue>
  <variableValue variable="SPOCC[year]">
    <value valueType="integer">5</value>
  </variableValue>
  <variableValue variable="sport[year]">
    <value valueType="decimal">82.1137821032567</value>
  </variableValue>
  <variableValue variable="SPRVIS[year]">
    <value valueType="integer">5</value>
  </variableValue>
  <variableValue variable="SREYE[year]">
    <value valueType="integer">5</value>
  </variableValue>
  <variableValue variable="srh[year]">
    <value valueType="integer">6</value>
  </variableValue>
  <variableValue variable="SRHEALTH">
    <value valueType="integer">2</value>
  </variableValue>
  <variableValue variable="SRHEAR[year]">
    <value valueType="integer">6</value>
  </variableValue>
  <variableValue variable="sstot[year]">
    <value valueType="integer">15</value>
  </variableValue>
  <variableValue variable="STAIRS[year]">
    <value valueType="integer">4</value>
  </variableValue>
  <variableValue variable="TEA[year]">
    <value valueType="integer">4</value>
  </variableValue>
  <variableValue variable="TRAF[year]">
    <value valueType="integer">1</value>
  </variableValue>
  <variableValue variable="travel[year]">
    <value valueType="decimal">95.83045117152118</value>
  </variableValue>
  <variableValue variable="TREES[year]">
    <value valueType="integer">4</value>
  </variableValue>
  <variableValue variable="TRYSTOP[year]">
    <value valueType="integer">2</value>
  </variableValue>
  <variableValue variable="tv[year]">
    <value valueType="decimal">8.770515347292484</value>
  </variableValue>
  <variableValue variable="TYPBLD[year]">
    <value valueType="integer">1</value>
  </variableValue>
  <variableValue variable="UNIVEX[year]">
    <value valueType="integer">0</value>
  </variableValue>
  <variableValue variable="VEAL[year]">
    <value valueType="integer">1</value>
  </variableValue>
  <variableValue variable="vis[year]">
    <value valueType="decimal">26.992604228162943</value>
  </variableValue>
  <variableValue variable="vocab1[year]">
    <value valueType="integer">6</value>
  </variableValue>
  <variableValue variable="vocab2[year]">
    <value valueType="integer">44</value>
  </variableValue>
  <variableValue variable="VOCAT[year]">
    <value valueType="integer">1</value>
  </variableValue>
  <variableValue variable="vol[year]">
    <value valueType="decimal">1.6029762129792124</value>
  </variableValue>
  <variableValue variable="walk[year]">
    <value valueType="decimal">12.129792780381532</value>
  </variableValue>
  <variableValue variable="WALK[year]">
    <value valueType="integer">2</value>
  </variableValue>
  <variableValue variable="wdflu[year]">
    <value valueType="integer">18</value>
  </variableValue>
  <variableValue variable="WEIGHT[year]">
    <value valueType="integer">68</value>
  </variableValue>
  <variableValue variable="WELL[year]">
    <value valueType="integer">1</value>
  </variableValue>
  <variableValue variable="WINE[year]">
    <value valueType="integer">97</value>
  </variableValue>
  <variableValue variable="write[year]">
    <value valueType="decimal">44.99553064776344</value>
  </variableValue>
  <variableValue variable="WRKPLC[year]">
    <value valueType="integer">4</value>
  </variableValue>
  <variableValue variable="WRKTYP[year]">
    <value valueType="integer">4</value>
  </variableValue>
  <variableValue variable="ws[year]">
    <value valueType="integer">55</value>
  </variableValue>
  <variableValue variable="YEAROP[year]">
    <value valueType="integer">49</value>
  </variableValue>
  <variableValue variable="YRQUIT[year]">
    <value valueType="integer">31</value>
  </variableValue>
  <variableValue variable="YRRET[year]">
    <value valueType="integer">54</value>
  </variableValue>
  <variableValue variable="YRSMOKE[year]">
    <value valueType="decimal">47.469091067698855</value>
  </variableValue>
</valueSet>