<valueSet valueTable="2008" entityType="Participant" entityIdentifier="2050682020506820">
  <variableValue variable="ADLTED[year]">
    <value valueType="integer">0</value>
  </variableValue>
  <variableValue variable="ADVDIR[year]">
    <value valueType="integer">1</value>
  </variableValue>
  <variableValue variable="age[year]">
    <value valueType="integer">55</value>
  </variableValue>
  <variableValue variable="AGEKID[year]">
    <value valueType="integer">0</value>
  </variableValue>
  <variableValue variable="AGENB[year]">
    <value valueType="integer">4</value>
  </variableValue>
  <variableValue variable="AGEWED[year]">
    <value valueType="integer">94</value>
  </variableValue>
  <variableValue variable="AGFRN[year]">
    <value valueType="integer">2</value>
  </variableValue>
  <variableValue variable="AGREE[year]">
    <value valueType="integer">44</value>
  </variableValue>
  <variableValue variable="ALCOHOL[year]">
    <value valueType="integer">5</value>
  </variableValue>
  <variableValue variable="Apdemp[year]">
    <value valueType="decimal">87.22151405628993</value>
  </variableValue>
  <variableValue variable="ART[year]">
    <value valueType="integer">1</value>
  </variableValue>
  <variableValue variable="BDATE_DY">
    <value valueType="integer">75</value>
  </variableValue>
  <variableValue variable="BDATE_MO">
    <value valueType="integer">35</value>
  </variableValue>
  <variableValue variable="BDATE_YR">
    <value valueType="integer">46</value>
  </variableValue>
  <variableValue variable="BEEF[year]">
    <value valueType="integer">1</value>
  </variableValue>
  <variableValue variable="BEER[year]">
    <value valueType="integer">55</value>
  </variableValue>
  <variableValue variable="BLDLK[year]">
    <value valueType="integer">3</value>
  </variableValue>
  <variableValue variable="BLOODPRE[year]">
    <value valueType="integer">3</value>
  </variableValue>
  <variableValue variable="BOOK[year]">
    <value valueType="integer">2</value>
  </variableValue>
  <variableValue variable="BRUSH[year]">
    <value valueType="integer">93</value>
  </variableValue>
  <variableValue variable="BUTTER[year]">
    <value valueType="integer">5</value>
  </variableValue>
  <variableValue variable="BUYFAT[year]">
    <value valueType="integer">2</value>
  </variableValue>
  <variableValue variable="BUYSALT[year]">
    <value valueType="integer">1</value>
  </variableValue>
  <variableValue variable="CANCHK[year]">
    <value valueType="integer">2</value>
  </variableValue>
  <variableValue variable="cards[year]">
    <value valueType="decimal">82.47829446109101</value>
  </variableValue>
  <variableValue variable="CATARACT[year]">
    <value valueType="integer">2</value>
  </variableValue>
  <variableValue variable="CHKFAT[year]">
    <value valueType="integer">3</value>
  </variableValue>
  <variableValue variable="CHOLES[year]">
    <value valueType="integer">3</value>
  </variableValue>
  <variableValue variable="chur[year]">
    <value valueType="decimal">2.889031202854897</value>
  </variableValue>
  <variableValue variable="CIGARDAY[year]">
    <value valueType="integer">1</value>
  </variableValue>
  <variableValue variable="CIGARS[year]">
    <value valueType="integer">1</value>
  </variableValue>
  <variableValue variable="CIGDAY[year]">
    <value valueType="integer">2</value>
  </variableValue>
  <variableValue variable="CIGS[year]">
    <value valueType="integer">3</value>
  </variableValue>
  <variableValue variable="CLNAIR[year]">
    <value valueType="integer">4</value>
  </variableValue>
  <variableValue variable="COFFEE[year]">
    <value valueType="integer">2</value>
  </variableValue>
  <variableValue variable="CONSCIEN[year]">
    <value valueType="integer">50</value>
  </variableValue>
  <variableValue variable="cook[year]">
    <value valueType="decimal">42.656191388767354</value>
  </variableValue>
  <variableValue variable="COOKBUT[year]">
    <value valueType="integer">5</value>
  </variableValue>
  <variableValue variable="CORS[year]">
    <value valueType="integer">0</value>
  </variableValue>
  <variableValue variable="crafts[year]">
    <value valueType="decimal">7.830317031211109</value>
  </variableValue>
  <variableValue variable="crdp1[year]">
    <value valueType="integer">77</value>
  </variableValue>
  <variableValue variable="crdp2[year]">
    <value valueType="integer">92</value>
  </variableValue>
  <variableValue variable="cult[year]">
    <value valueType="decimal">84.06375933689259</value>
  </variableValue>
  <variableValue variable="dance[year]">
    <value valueType="decimal">91.78901278885071</value>
  </variableValue>
  <variableValue variable="DENTIST[year]">
    <value valueType="integer">1</value>
  </variableValue>
  <variableValue variable="DENTURE[year]">
    <value valueType="integer">2</value>
  </variableValue>
  <variableValue variable="DIABET[year]">
    <value valueType="integer">1</value>
  </variableValue>
  <variableValue variable="DRMAM[year]">
    <value valueType="integer">1</value>
  </variableValue>
  <variableValue variable="DRVISIT[year]">
    <value valueType="integer">64</value>
  </variableValue>
  <variableValue variable="dydrm[year]">
    <value valueType="decimal">23.547351364430934</value>
  </variableValue>
  <variableValue variable="EARCHK[year]">
    <value valueType="integer">0</value>
  </variableValue>
  <variableValue variable="eatout[year]">
    <value valueType="decimal">42.79567664553628</value>
  </variableValue>
  <variableValue variable="EATSALT[year]">
    <value valueType="integer">2</value>
  </variableValue>
  <variableValue variable="edact[year]">
    <value valueType="decimal">41.2740877035279</value>
  </variableValue>
  <variableValue variable="educ">
    <value valueType="integer">16</value>
  </variableValue>
  <variableValue variable="EDUC[year]">
    <value valueType="integer">57</value>
  </variableValue>
  <variableValue variable="EGG[year]">
    <value valueType="integer">2</value>
  </variableValue>
  <variableValue variable="eldcar[year]">
    <value valueType="decimal">6.367622160610164</value>
  </variableValue>
  <variableValue variable="ELDCAR[year]">
    <value valueType="decimal">45.90986716908411</value>
  </variableValue>
  <variableValue variable="ENT1[year]">
    <value valueType="integer">3</value>
  </variableValue>
  <variableValue variable="ENT2[year]">
    <value valueType="integer">13</value>
  </variableValue>
  <variableValue variable="ENT3[year]">
    <value valueType="integer">6</value>
  </variableValue>
  <variableValue variable="eth[year]">
    <value valueType="integer">35</value>
  </variableValue>
  <variableValue variable="EXCERTOT[year]">
    <value valueType="decimal">23.193925557064354</value>
  </variableValue>
  <variableValue variable="EXCERWK[year]">
    <value valueType="integer">68</value>
  </variableValue>
  <variableValue variable="EXTRAVER[year]">
    <value valueType="integer">60</value>
  </variableValue>
  <variableValue variable="EYECHG[year]">
    <value valueType="integer">2</value>
  </variableValue>
  <variableValue variable="EYECHK[year]">
    <value valueType="integer">1</value>
  </variableValue>
  <variableValue variable="EYEGLAS[year]">
    <value valueType="integer">3</value>
  </variableValue>
  <variableValue variable="FAGE[year]">
    <value valueType="integer">51</value>
  </variableValue>
  <variableValue variable="FAITH[year]">
    <value valueType="integer">5</value>
  </variableValue>
  <variableValue variable="FALLS[year]">
    <value valueType="integer">3</value>
  </variableValue>
  <variableValue variable="FCAUSE[year]">
    <value valueType="integer">8</value>
  </variableValue>
  <variableValue variable="FDIE[year]">
    <value valueType="integer">30</value>
  </variableValue>
  <variableValue variable="FIC[year]">
    <value valueType="integer">9</value>
  </variableValue>
  <variableValue variable="fit[year]">
    <value valueType="decimal">13.67868613558163</value>
  </variableValue>
  <variableValue variable="FLIVE[year]">
    <value valueType="integer">1</value>
  </variableValue>
  <variableValue variable="FLOSS[year]">
    <value valueType="integer">1</value>
  </variableValue>
  <variableValue variable="FLUSHOT[year]">
    <value valueType="integer">5</value>
  </variableValue>
  <variableValue variable="fr[year]">
    <value valueType="integer">82</value>
  </variableValue>
  <variableValue variable="fratt[year]">
    <value valueType="integer">44</value>
  </variableValue>
  <variableValue variable="frcr[year]">
    <value valueType="integer">12</value>
  </variableValue>
  <variableValue variable="fromt[year]">
    <value valueType="integer">24</value>
  </variableValue>
  <variableValue variable="frwg[year]">
    <value valueType="integer">34</value>
  </variableValue>
  <variableValue variable="game[year]">
    <value valueType="decimal">31.511193541941296</value>
  </variableValue>
  <variableValue variable="gds[year]1 –  gds[year]30">
    <value valueType="integer">1</value>
  </variableValue>
  <variableValue variable="gdstot[year]">
    <value valueType="integer">89</value>
  </variableValue>
  <variableValue variable="HANDS[year]">
    <value valueType="decimal">90.13957236043598</value>
  </variableValue>
  <variableValue variable="HARDLIQ[year]">
    <value valueType="integer">27</value>
  </variableValue>
  <variableValue variable="HEALTHCH[year]">
    <value valueType="integer">6</value>
  </variableValue>
  <variableValue variable="HEARAID[year]">
    <value valueType="integer">1</value>
  </variableValue>
  <variableValue variable="HEARCHG[year]">
    <value valueType="integer">5</value>
  </variableValue>
  <variableValue variable="HEARSPEC[year]">
    <value valueType="integer">1</value>
  </variableValue>
  <variableValue variable="HEART[year]">
    <value valueType="integer">2</value>
  </variableValue>
  <variableValue variable="HEIGHT[year]">
    <value valueType="integer">3</value>
  </variableValue>
  <variableValue variable="HHEIGHT[year]">
    <value valueType="integer">44</value>
  </variableValue>
  <variableValue variable="HIGHBLOO[year]">
    <value valueType="integer">1</value>
  </variableValue>
  <variableValue variable="HJOBTP[year]">
    <value valueType="integer">2</value>
  </variableValue>
  <variableValue variable="HMKHD[year]">
    <value valueType="decimal">28.962148747932194</value>
  </variableValue>
  <variableValue variable="HMKJB[year]">
    <value valueType="integer">17</value>
  </variableValue>
  <variableValue variable="HMKPE[year]">
    <value valueType="decimal">53.449878591654944</value>
  </variableValue>
  <variableValue variable="HMKPRS[year]">
    <value valueType="integer">1</value>
  </variableValue>
  <variableValue variable="HMKR[year]">
    <value valueType="integer">45</value>
  </variableValue>
  <variableValue variable="HMKRD[year]">
    <value valueType="decimal">82.86540603581696</value>
  </variableValue>
  <variableValue variable="HOSDAYS[year]">
    <value valueType="integer">63</value>
  </variableValue>
  <variableValue variable="HOSVISIT[year]">
    <value valueType="integer">0</value>
  </variableValue>
  <variableValue variable="HWEIGHT[year]">
    <value valueType="integer">79</value>
  </variableValue>
  <variableValue variable="INC[year]">
    <value valueType="integer">3</value>
  </variableValue>
  <variableValue variable="INC84[year]">
    <value valueType="integer">16</value>
  </variableValue>
  <variableValue variable="instr[year]">
    <value valueType="decimal">19.297281275096655</value>
  </variableValue>
  <variableValue variable="ir[year]a1 - ir[year]a20">
    <value valueType="integer">0</value>
  </variableValue>
  <variableValue variable="ir[year]b1 - ir[year]b20">
    <value valueType="integer">0</value>
  </variableValue>
  <variableValue variable="JOBLEN[year]">
    <value valueType="integer">4</value>
  </variableValue>
  <variableValue variable="JOBTYP[year]">
    <value valueType="integer">8</value>
  </variableValue>
  <variableValue variable="kidcar[year]">
    <value valueType="decimal">97.96327397793715</value>
  </variableValue>
  <variableValue variable="LAMB[year]">
    <value valueType="integer">5</value>
  </variableValue>
  <variableValue variable="lettot[year]">
    <value valueType="integer">26</value>
  </variableValue>
  <variableValue variable="LFST84[year]">
    <value valueType="integer">2</value>
  </variableValue>
  <variableValue variable="LIFSAT[year]">
    <value valueType="integer">5</value>
  </variableValue>
  <variableValue variable="LIVESMOK[year]">
    <value valueType="integer">2</value>
  </variableValue>
  <variableValue variable="ls[year]">
    <value valueType="integer">30</value>
  </variableValue>
  <variableValue variable="LSTJOB[year]">
    <value valueType="integer">2</value>
  </variableValue>
  <variableValue variable="LVNGWILL[year]">
    <value valueType="integer">1</value>
  </variableValue>
  <variableValue variable="MAGE[year]">
    <value valueType="integer">17</value>
  </variableValue>
  <variableValue variable="MAM[year]">
    <value valueType="integer">2</value>
  </variableValue>
  <variableValue variable="MAM2YR[year]">
    <value valueType="integer">2</value>
  </variableValue>
  <variableValue variable="MAMAGE[year]">
    <value valueType="integer">30</value>
  </variableValue>
  <variableValue variable="MAMEXAM[year]">
    <value valueType="integer">63</value>
  </variableValue>
  <variableValue variable="MASTECT[year]">
    <value valueType="integer">1</value>
  </variableValue>
  <variableValue variable="MCAUSE[year]">
    <value valueType="integer">7</value>
  </variableValue>
  <variableValue variable="MDIE[year]">
    <value valueType="integer">24</value>
  </variableValue>
  <variableValue variable="MED[year]">
    <value valueType="integer">2</value>
  </variableValue>
  <variableValue variable="MENAGE[year]">
    <value valueType="integer">41</value>
  </variableValue>
  <variableValue variable="MENHIST[year]">
    <value valueType="integer">77</value>
  </variableValue>
  <variableValue variable="MENSIT[year]">
    <value valueType="integer">4</value>
  </variableValue>
  <variableValue variable="MFQ[year]1">
    <value valueType="decimal">10.39993695027357</value>
  </variableValue>
  <variableValue variable="MFQ[year]2A">
    <value valueType="decimal">97.6845729042403</value>
  </variableValue>
  <variableValue variable="MFQ[year]2B">
    <value valueType="decimal">43.95269422040345</value>
  </variableValue>
  <variableValue variable="MFQ[year]2C">
    <value valueType="decimal">91.45577013558956</value>
  </variableValue>
  <variableValue variable="MFQ[year]2D">
    <value valueType="decimal">65.34803250507122</value>
  </variableValue>
  <variableValue variable="MFQ[year]2E">
    <value valueType="decimal">93.87466667237622</value>
  </variableValue>
  <variableValue variable="MFQ[year]3A">
    <value valueType="decimal">1.0418360626050283</value>
  </variableValue>
  <variableValue variable="MFQ[year]3B">
    <value valueType="decimal">3.021556105837997</value>
  </variableValue>
  <variableValue variable="MFQ[year]3C">
    <value valueType="decimal">90.81376811215402</value>
  </variableValue>
  <variableValue variable="MFQ[year]3D">
    <value valueType="decimal">24.1136653161364</value>
  </variableValue>
  <variableValue variable="MFQ[year]3E">
    <value valueType="decimal">9.92645523873328</value>
  </variableValue>
  <variableValue variable="MFQ[year]3F">
    <value valueType="decimal">2.4271814253167823</value>
  </variableValue>
  <variableValue variable="MFQ[year]3G">
    <value valueType="decimal">70.9966764577282</value>
  </variableValue>
  <variableValue variable="MFQ[year]3H">
    <value valueType="decimal">98.1033977574157</value>
  </variableValue>
  <variableValue variable="MFQ[year]3I">
    <value valueType="decimal">31.373186213178883</value>
  </variableValue>
  <variableValue variable="MFQ[year]3J">
    <value valueType="decimal">95.51532191249719</value>
  </variableValue>
  <variableValue variable="MFQ[year]3K">
    <value valueType="decimal">38.56667222841901</value>
  </variableValue>
  <variableValue variable="MFQ[year]3L">
    <value valueType="decimal">30.939044012149942</value>
  </variableValue>
  <variableValue variable="MFQ[year]3M">
    <value valueType="decimal">42.19447202147051</value>
  </variableValue>
  <variableValue variable="MFQ[year]3N">
    <value valueType="decimal">41.42424666952117</value>
  </variableValue>
  <variableValue variable="MFQ[year]3O">
    <value valueType="decimal">36.083705429839995</value>
  </variableValue>
  <variableValue variable="MFQ[year]3P">
    <value valueType="decimal">95.24469281187339</value>
  </variableValue>
  <variableValue variable="MFQ[year]3Q">
    <value valueType="decimal">95.28163091768516</value>
  </variableValue>
  <variableValue variable="MFQ[year]3R">
    <value valueType="decimal">9.448306772433357</value>
  </variableValue>
  <variableValue variable="MFQ[year]4A">
    <value valueType="decimal">67.97384713557044</value>
  </variableValue>
  <variableValue variable="MFQ[year]4B">
    <value valueType="decimal">6.19704664923858</value>
  </variableValue>
  <variableValue variable="MFQ[year]4C">
    <value valueType="decimal">26.494700539054605</value>
  </variableValue>
  <variableValue variable="MFQ[year]4D">
    <value valueType="decimal">9.229983107060413</value>
  </variableValue>
  <variableValue variable="MFQ[year]4E">
    <value valueType="decimal">81.07755489933443</value>
  </variableValue>
  <variableValue variable="MFQ[year]5A">
    <value valueType="decimal">51.403168335278124</value>
  </variableValue>
  <variableValue variable="MFQ[year]5B">
    <value valueType="decimal">97.6455152810216</value>
  </variableValue>
  <variableValue variable="MFQ[year]5C">
    <value valueType="decimal">9.423245677778647</value>
  </variableValue>
  <variableValue variable="MFQ[year]5D">
    <value valueType="decimal">21.258528503276864</value>
  </variableValue>
  <variableValue variable="MFQ[year]5E">
    <value valueType="decimal">22.227169460792005</value>
  </variableValue>
  <variableValue variable="MFQ[year]6A">
    <value valueType="decimal">0.8456419067157883</value>
  </variableValue>
  <variableValue variable="MFQ[year]6B">
    <value valueType="decimal">93.65941906243631</value>
  </variableValue>
  <variableValue variable="MFQ[year]6C">
    <value valueType="decimal">1.1591782340990564</value>
  </variableValue>
  <variableValue variable="MFQ[year]6D">
    <value valueType="decimal">50.91455434911135</value>
  </variableValue>
  <variableValue variable="MFQ[year]7A">
    <value valueType="decimal">13.650891237386443</value>
  </variableValue>
  <variableValue variable="MFQ[year]7B">
    <value valueType="decimal">89.46310148605728</value>
  </variableValue>
  <variableValue variable="MFQ[year]7C">
    <value valueType="decimal">79.91149311247551</value>
  </variableValue>
  <variableValue variable="MFQ[year]7D">
    <value valueType="decimal">8.741912290606313</value>
  </variableValue>
  <variableValue variable="MFQ[year]7E">
    <value valueType="decimal">86.71938446379045</value>
  </variableValue>
  <variableValue variable="MFQ[year]7F">
    <value valueType="decimal">45.70717175606542</value>
  </variableValue>
  <variableValue variable="MFQ[year]7G">
    <value valueType="decimal">99.4595952368775</value>
  </variableValue>
  <variableValue variable="MFQ[year]7H">
    <value valueType="decimal">74.42349505721516</value>
  </variableValue>
  <variableValue variable="MFQ[year]7I">
    <value valueType="decimal">66.11018779223346</value>
  </variableValue>
  <variableValue variable="MFQ[year]7J">
    <value valueType="decimal">27.26224697987415</value>
  </variableValue>
  <variableValue variable="MFQ[year]7K">
    <value valueType="decimal">44.123076805732374</value>
  </variableValue>
  <variableValue variable="MFQ[year]7L">
    <value valueType="decimal">39.135180717830345</value>
  </variableValue>
  <variableValue variable="MFQ[year]7M">
    <value valueType="decimal">0.8848051992459305</value>
  </variableValue>
  <variableValue variable="MFQ[year]7N">
    <value valueType="decimal">41.68741514442791</value>
  </variableValue>
  <variableValue variable="MFQ[year]7O">
    <value valueType="decimal">90.12776922739347</value>
  </variableValue>
  <variableValue variable="MFQ[year]7P">
    <value valueType="decimal">74.770183605051</value>
  </variableValue>
  <variableValue variable="MFQ[year]7Q">
    <value valueType="decimal">63.33386066870128</value>
  </variableValue>
  <variableValue variable="MFQ[year]7R">
    <value valueType="decimal">12.125417387732218</value>
  </variableValue>
  <variableValue variable="MFQ[year]8A">
    <value valueType="decimal">90.05330326796411</value>
  </variableValue>
  <variableValue variable="MFQ[year]8B">
    <value valueType="decimal">55.41980571476719</value>
  </variableValue>
  <variableValue variable="MFQ[year]8C">
    <value valueType="decimal">13.936567380315278</value>
  </variableValue>
  <variableValue variable="MFQ[year]8D">
    <value valueType="decimal">63.00693951361234</value>
  </variableValue>
  <variableValue variable="MFQ[year]8E">
    <value valueType="decimal">93.49443210287062</value>
  </variableValue>
  <variableValue variable="MFQ[year]8F">
    <value valueType="decimal">88.57643850461453</value>
  </variableValue>
  <variableValue variable="MFQ[year]8G">
    <value valueType="decimal">76.07063828511421</value>
  </variableValue>
  <variableValue variable="MFQ[year]8H">
    <value valueType="decimal">90.73499893013613</value>
  </variableValue>
  <variableValue variable="MFQ1[year]">
    <value valueType="integer">71</value>
  </variableValue>
  <variableValue variable="mfq1[year]">
    <value valueType="decimal">74.78678795970768</value>
  </variableValue>
  <variableValue variable="MFQ2[year]">
    <value valueType="integer">41</value>
  </variableValue>
  <variableValue variable="mfq2[year]">
    <value valueType="decimal">46.52553075204575</value>
  </variableValue>
  <variableValue variable="MFQ3[year]">
    <value valueType="integer">99</value>
  </variableValue>
  <variableValue variable="mfq3[year]">
    <value valueType="decimal">9.498187461457785</value>
  </variableValue>
  <variableValue variable="MFQ4[year]">
    <value valueType="integer">92</value>
  </variableValue>
  <variableValue variable="mfq4[year]">
    <value valueType="decimal">46.42190715037956</value>
  </variableValue>
  <variableValue variable="MLIVE[year]">
    <value valueType="integer">2</value>
  </variableValue>
  <variableValue variable="MOMWK[year]">
    <value valueType="integer">0</value>
  </variableValue>
  <variableValue variable="movie[year]">
    <value valueType="decimal">57.0320066946552</value>
  </variableValue>
  <variableValue variable="MSTA84[year]">
    <value valueType="integer">5</value>
  </variableValue>
  <variableValue variable="MSTAT[year]">
    <value valueType="integer">2</value>
  </variableValue>
  <variableValue variable="NBKS[year]">
    <value valueType="integer">7</value>
  </variableValue>
  <variableValue variable="NCONF[year]">
    <value valueType="integer">2</value>
  </variableValue>
  <variableValue variable="NEEDCATA[year]">
    <value valueType="integer">1</value>
  </variableValue>
  <variableValue variable="NEMP[year]">
    <value valueType="integer">12</value>
  </variableValue>
  <variableValue variable="NEUROTIC[year]">
    <value valueType="integer">86</value>
  </variableValue>
  <variableValue variable="NEWPRNT[year]">
    <value valueType="integer">3</value>
  </variableValue>
  <variableValue variable="nfr[year]">
    <value valueType="integer">86</value>
  </variableValue>
  <variableValue variable="NFRN[year]">
    <value valueType="integer">62</value>
  </variableValue>
  <variableValue variable="NGRNKD[year]">
    <value valueType="integer">40</value>
  </variableValue>
  <variableValue variable="NJOB[year]">
    <value valueType="integer">81</value>
  </variableValue>
  <variableValue variable="NKDHM[year]">
    <value valueType="integer">55</value>
  </variableValue>
  <variableValue variable="NKIDS[year]">
    <value valueType="integer">10</value>
  </variableValue>
  <variableValue variable="NMAG[year]">
    <value valueType="integer">100</value>
  </variableValue>
  <variableValue variable="NMOV[year]">
    <value valueType="integer">95</value>
  </variableValue>
  <variableValue variable="NMTG[year]">
    <value valueType="integer">81</value>
  </variableValue>
  <variableValue variable="NNEIG[year]">
    <value valueType="integer">4</value>
  </variableValue>
  <variableValue variable="NOBR[year]">
    <value valueType="integer">75</value>
  </variableValue>
  <variableValue variable="NOISE[year]">
    <value valueType="integer">5</value>
  </variableValue>
  <variableValue variable="NONFIC[year]">
    <value valueType="integer">38</value>
  </variableValue>
  <variableValue variable="nor[year]">
    <value valueType="integer">48</value>
  </variableValue>
  <variableValue variable="norcr[year]">
    <value valueType="integer">96</value>
  </variableValue>
  <variableValue variable="NOSIS[year]">
    <value valueType="integer">72</value>
  </variableValue>
  <variableValue variable="NOWRK[year]">
    <value valueType="integer">4</value>
  </variableValue>
  <variableValue variable="NRMS[year]">
    <value valueType="integer">10</value>
  </variableValue>
  <variableValue variable="nsp08">
    <value valueType="integer">31</value>
  </variableValue>
  <variableValue variable="NSTATE[year]">
    <value valueType="integer">35</value>
  </variableValue>
  <variableValue variable="NTRAD[year]">
    <value valueType="integer">2</value>
  </variableValue>
  <variableValue variable="NTRIPS[year]">
    <value valueType="integer">50</value>
  </variableValue>
  <variableValue variable="numtot[year]">
    <value valueType="integer">8</value>
  </variableValue>
  <variableValue variable="NVISIT[year]">
    <value valueType="integer">1</value>
  </variableValue>
  <variableValue variable="NWED[year]">
    <value valueType="integer">56</value>
  </variableValue>
  <variableValue variable="NYBR[year]">
    <value valueType="integer">43</value>
  </variableValue>
  <variableValue variable="NYSIS[year]">
    <value valueType="integer">30</value>
  </variableValue>
  <variableValue variable="OBGYN[year]">
    <value valueType="integer">4</value>
  </variableValue>
  <variableValue variable="OCC[year]">
    <value valueType="integer">3</value>
  </variableValue>
  <variableValue variable="OCC84[year]">
    <value valueType="integer">6</value>
  </variableValue>
  <variableValue variable="OPEN[year]">
    <value valueType="integer">63</value>
  </variableValue>
  <variableValue variable="or[year]">
    <value valueType="integer">20</value>
  </variableValue>
  <variableValue variable="oratt[year]">
    <value valueType="integer">37</value>
  </variableValue>
  <variableValue variable="ORGAN[year]">
    <value valueType="integer">2</value>
  </variableValue>
  <variableValue variable="oromt[year]">
    <value valueType="integer">30</value>
  </variableValue>
  <variableValue variable="orwg[year]">
    <value valueType="integer">88</value>
  </variableValue>
  <variableValue variable="OTJ[year]">
    <value valueType="integer">1</value>
  </variableValue>
  <variableValue variable="outhob[year]">
    <value valueType="decimal">90.90137520710562</value>
  </variableValue>
  <variableValue variable="OWNHM[year]">
    <value valueType="integer">1</value>
  </variableValue>
  <variableValue variable="PAINREL[year]">
    <value valueType="integer">1</value>
  </variableValue>
  <variableValue variable="PAP[year]">
    <value valueType="integer">4</value>
  </variableValue>
  <variableValue variable="party[year]">
    <value valueType="decimal">15.507106297714468</value>
  </variableValue>
  <variableValue variable="pase1">
    <value valueType="integer">1</value>
  </variableValue>
  <variableValue variable="pase10">
    <value valueType="integer">1</value>
  </variableValue>
  <variableValue variable="pase10a">
    <value valueType="decimal">34.61665351115163</value>
  </variableValue>
  <variableValue variable="pase10b">
    <value valueType="integer">4</value>
  </variableValue>
  <variableValue variable="pase1b">
    <value valueType="integer">4</value>
  </variableValue>
  <variableValue variable="pase2">
    <value valueType="integer">3</value>
  </variableValue>
  <variableValue variable="pase2a">
    <value valueType="integer">4</value>
  </variableValue>
  <variableValue variable="pase3">
    <value valueType="integer">3</value>
  </variableValue>
  <variableValue variable="pase3b">
    <value valueType="integer">2</value>
  </variableValue>
  <variableValue variable="pase4">
    <value valueType="integer">3</value>
  </variableValue>
  <variableValue variable="pase4b">
    <value valueType="integer">2</value>
  </variableValue>
  <variableValue variable="pase5">
    <value valueType="integer">1</value>
  </variableValue>
  <variableValue variable="pase5b">
    <value valueType="integer">3</value>
  </variableValue>
  <variableValue variable="pase6">
    <value valueType="integer">0</value>
  </variableValue>
  <variableValue variable="pase6b">
    <value valueType="integer">4</value>
  </variableValue>
  <variableValue variable="pase7">
    <value valueType="integer">0</value>
  </variableValue>
  <variableValue variable="pase8">
    <value valueType="integer">1</value>
  </variableValue>
  <variableValue variable="pase9a - pase9d">
    <value valueType="integer">0</value>
  </variableValue>
  <variableValue variable="pattot[year]">
    <value valueType="integer">37</value>
  </variableValue>
  <variableValue variable="PDEMP[year]">
    <value valueType="integer">1</value>
  </variableValue>
  <variableValue variable="PEOP[year]">
    <value valueType="decimal">45.21091995235115</value>
  </variableValue>
  <variableValue variable="pets[year]">
    <value valueType="decimal">54.96510146604494</value>
  </variableValue>
  <variableValue variable="phone[year]">
    <value valueType="decimal">48.07351324919028</value>
  </variableValue>
  <variableValue variable="picnic[year]">
    <value valueType="decimal">20.018731352012363</value>
  </variableValue>
  <variableValue variable="PIPEDAY[year]">
    <value valueType="integer">5</value>
  </variableValue>
  <variableValue variable="PIPES[year]">
    <value valueType="integer">5</value>
  </variableValue>
  <variableValue variable="pirr1[year]">
    <value valueType="integer">8</value>
  </variableValue>
  <variableValue variable="pirr2[year]">
    <value valueType="integer">77</value>
  </variableValue>
  <variableValue variable="PORK[year]">
    <value valueType="integer">4</value>
  </variableValue>
  <variableValue variable="ppr1[year]">
    <value valueType="integer">91</value>
  </variableValue>
  <variableValue variable="ppr2[year]">
    <value valueType="integer">61</value>
  </variableValue>
  <variableValue variable="ppr3[year]">
    <value valueType="integer">71</value>
  </variableValue>
  <variableValue variable="pray[year]">
    <value valueType="decimal">7.14472684341173</value>
  </variableValue>
  <variableValue variable="PRESR[year]">
    <value valueType="integer">2</value>
  </variableValue>
  <variableValue variable="PRO2YR[year]">
    <value valueType="integer">1</value>
  </variableValue>
  <variableValue variable="PROAGE[year]">
    <value valueType="integer">74</value>
  </variableValue>
  <variableValue variable="PROENLAR[year]">
    <value valueType="integer">1</value>
  </variableValue>
  <variableValue variable="PROEXAM[year]">
    <value valueType="integer">43</value>
  </variableValue>
  <variableValue variable="PROS[year]">
    <value valueType="integer">1</value>
  </variableValue>
  <variableValue variable="PROSUC[year]">
    <value valueType="integer">3</value>
  </variableValue>
  <variableValue variable="PRSC84[year]">
    <value valueType="integer">4</value>
  </variableValue>
  <variableValue variable="radio[year]">
    <value valueType="decimal">26.165839761688815</value>
  </variableValue>
  <variableValue variable="RDPAPR[year]">
    <value valueType="integer">0</value>
  </variableValue>
  <variableValue variable="RDWRIT[year]">
    <value valueType="decimal">98.55104906026155</value>
  </variableValue>
  <variableValue variable="read[year]">
    <value valueType="decimal">41.621045560919946</value>
  </variableValue>
  <variableValue variable="REGULAR[year]">
    <value valueType="integer">1</value>
  </variableValue>
  <variableValue variable="REMAR[year]">
    <value valueType="integer">87</value>
  </variableValue>
  <variableValue variable="rv[year]">
    <value valueType="integer">11</value>
  </variableValue>
  <variableValue variable="SAFE[year]">
    <value valueType="integer">0</value>
  </variableValue>
  <variableValue variable="SBHWY[year]">
    <value valueType="integer">5</value>
  </variableValue>
  <variableValue variable="SBTOWN[year]">
    <value valueType="integer">3</value>
  </variableValue>
  <variableValue variable="SELFBLOO[year]">
    <value valueType="integer">3</value>
  </variableValue>
  <variableValue variable="selfim[year]">
    <value valueType="decimal">92.34368050154191</value>
  </variableValue>
  <variableValue variable="SELFMAM[year]">
    <value valueType="integer">2</value>
  </variableValue>
  <variableValue variable="sex">
    <value valueType="integer">0</value>
  </variableValue>
  <variableValue variable="shop[year]">
    <value valueType="decimal">21.53959455435683</value>
  </variableValue>
  <variableValue variable="SIBS[year]">
    <value valueType="integer">11</value>
  </variableValue>
  <variableValue variable="SLEEP[year]">
    <value valueType="integer">3</value>
  </variableValue>
  <variableValue variable="smdvh[year]">
    <value valueType="integer">41</value>
  </variableValue>
  <variableValue variable="smdvl[year]">
    <value valueType="integer">55</value>
  </variableValue>
  <variableValue variable="SMK[year]">
    <value valueType="integer">0</value>
  </variableValue>
  <variableValue variable="SMOKE[year]">
    <value valueType="integer">2</value>
  </variableValue>
  <variableValue variable="SMOKEPAS[year]">
    <value valueType="decimal">8.718666540867403</value>
  </variableValue>
  <variableValue variable="SODA[year]">
    <value valueType="integer">1</value>
  </variableValue>
  <variableValue variable="SODIUM[year]">
    <value valueType="integer">3</value>
  </variableValue>
  <variableValue variable="SPBRN[year]">
    <value valueType="integer">12</value>
  </variableValue>
  <variableValue variable="spec[year]">
    <value valueType="decimal">36.77194509322133</value>
  </variableValue>
  <variableValue variable="SPEED[year]">
    <value valueType="integer">2</value>
  </variableValue>
  <variableValue variable="SPOCC[year]">
    <value valueType="integer">8</value>
  </variableValue>
  <variableValue variable="sport[year]">
    <value valueType="decimal">58.59596748816184</value>
  </variableValue>
  <variableValue variable="SPRVIS[year]">
    <value valueType="integer">4</value>
  </variableValue>
  <variableValue variable="SREYE[year]">
    <value valueType="integer">5</value>
  </variableValue>
  <variableValue variable="srh[year]">
    <value valueType="integer">3</value>
  </variableValue>
  <variableValue variable="SRHEALTH">
    <value valueType="integer">4</value>
  </variableValue>
  <variableValue variable="SRHEAR[year]">
    <value valueType="integer">2</value>
  </variableValue>
  <variableValue variable="sstot[year]">
    <value valueType="integer">4</value>
  </variableValue>
  <variableValue variable="STAIRS[year]">
    <value valueType="integer">5</value>
  </variableValue>
  <variableValue variable="TEA[year]">
    <value valueType="integer">1</value>
  </variableValue>
  <variableValue variable="TRAF[year]">
    <value valueType="integer">1</value>
  </variableValue>
  <variableValue variable="travel[year]">
    <value valueType="decimal">54.243206669532384</value>
  </variableValue>
  <variableValue variable="TREES[year]">
    <value valueType="integer">4</value>
  </variableValue>
  <variableValue variable="TRYSTOP[year]">
    <value valueType="integer">2</value>
  </variableValue>
  <variableValue variable="tv[year]">
    <value valueType="decimal">14.210923981994739</value>
  </variableValue>
  <variableValue variable="TYPBLD[year]">
    <value valueType="integer">5</value>
  </variableValue>
  <variableValue variable="UNIVEX[year]">
    <value valueType="integer">0</value>
  </variableValue>
  <variableValue variable="VEAL[year]">
    <value valueType="integer">5</value>
  </variableValue>
  <variableValue variable="vis[year]">
    <value valueType="decimal">14.780729609904919</value>
  </variableValue>
  <variableValue variable="vocab1[year]">
    <value valueType="integer">50</value>
  </variableValue>
  <variableValue variable="vocab2[year]">
    <value valueType="integer">16</value>
  </variableValue>
  <variableValue variable="VOCAT[year]">
    <value valueType="integer">1</value>
  </variableValue>
  <variableValue variable="vol[year]">
    <value valueType="decimal">29.650171812851454</value>
  </variableValue>
  <variableValue variable="walk[year]">
    <value valueType="decimal">39.78151267356622</value>
  </variableValue>
  <variableValue variable="WALK[year]">
    <value valueType="integer">2</value>
  </variableValue>
  <variableValue variable="wdflu[year]">
    <value valueType="integer">68</value>
  </variableValue>
  <variableValue variable="WEIGHT[year]">
    <value valueType="integer">79</value>
  </variableValue>
  <variableValue variable="WELL[year]">
    <value valueType="integer">3</value>
  </variableValue>
  <variableValue variable="WINE[year]">
    <value valueType="integer">43</value>
  </variableValue>
  <variableValue variable="write[year]">
    <value valueType="decimal">8.12387633194117</value>
  </variableValue>
  <variableValue variable="WRKPLC[year]">
    <value valueType="integer">4</value>
  </variableValue>
  <variableValue variable="WRKTYP[year]">
    <value valueType="integer">4</value>
  </variableValue>
  <variableValue variable="ws[year]">
    <value valueType="integer">52</value>
  </variableValue>
  <variableValue variable="YEAROP[year]">
    <value valueType="integer">8</value>
  </variableValue>
  <variableValue variable="YRQUIT[year]">
    <value valueType="integer">13</value>
  </variableValue>
  <variableValue variable="YRRET[year]">
    <value valueType="integer">37</value>
  </variableValue>
  <variableValue variable="YRSMOKE[year]">
    <value valueType="decimal">17.34696689472909</value>
  </variableValue>
</valueSet>