<valueSet valueTable="2008" entityType="Participant" entityIdentifier="24781283">
  <variableValue variable="ADLTED[year]">
    <value valueType="integer">0</value>
  </variableValue>
  <variableValue variable="ADVDIR[year]">
    <value valueType="integer">2</value>
  </variableValue>
  <variableValue variable="age[year]">
    <value valueType="integer">69</value>
  </variableValue>
  <variableValue variable="AGEKID[year]">
    <value valueType="integer">83</value>
  </variableValue>
  <variableValue variable="AGENB[year]">
    <value valueType="integer">4</value>
  </variableValue>
  <variableValue variable="AGEWED[year]">
    <value valueType="integer">67</value>
  </variableValue>
  <variableValue variable="AGFRN[year]">
    <value valueType="integer">3</value>
  </variableValue>
  <variableValue variable="AGREE[year]">
    <value valueType="integer">1</value>
  </variableValue>
  <variableValue variable="ALCOHOL[year]">
    <value valueType="integer">5</value>
  </variableValue>
  <variableValue variable="Apdemp[year]">
    <value valueType="decimal">68.95418459943562</value>
  </variableValue>
  <variableValue variable="ART[year]">
    <value valueType="integer">1</value>
  </variableValue>
  <variableValue variable="BDATE_DY">
    <value valueType="integer">57</value>
  </variableValue>
  <variableValue variable="BDATE_MO">
    <value valueType="integer">98</value>
  </variableValue>
  <variableValue variable="BDATE_YR">
    <value valueType="integer">11</value>
  </variableValue>
  <variableValue variable="BEEF[year]">
    <value valueType="integer">2</value>
  </variableValue>
  <variableValue variable="BEER[year]">
    <value valueType="integer">95</value>
  </variableValue>
  <variableValue variable="BLDLK[year]">
    <value valueType="integer">1</value>
  </variableValue>
  <variableValue variable="BLOODPRE[year]">
    <value valueType="integer">3</value>
  </variableValue>
  <variableValue variable="BOOK[year]">
    <value valueType="integer">2</value>
  </variableValue>
  <variableValue variable="BRUSH[year]">
    <value valueType="integer">96</value>
  </variableValue>
  <variableValue variable="BUTTER[year]">
    <value valueType="integer">4</value>
  </variableValue>
  <variableValue variable="BUYFAT[year]">
    <value valueType="integer">2</value>
  </variableValue>
  <variableValue variable="BUYSALT[year]">
    <value valueType="integer">5</value>
  </variableValue>
  <variableValue variable="CANCHK[year]">
    <value valueType="integer">2</value>
  </variableValue>
  <variableValue variable="cards[year]">
    <value valueType="decimal">97.17492371805176</value>
  </variableValue>
  <variableValue variable="CATARACT[year]">
    <value valueType="integer">2</value>
  </variableValue>
  <variableValue variable="CHKFAT[year]">
    <value valueType="integer">3</value>
  </variableValue>
  <variableValue variable="CHOLES[year]">
    <value valueType="integer">2</value>
  </variableValue>
  <variableValue variable="chur[year]">
    <value valueType="decimal">60.737914075806856</value>
  </variableValue>
  <variableValue variable="CIGARDAY[year]">
    <value valueType="integer">2</value>
  </variableValue>
  <variableValue variable="CIGARS[year]">
    <value valueType="integer">3</value>
  </variableValue>
  <variableValue variable="CIGDAY[year]">
    <value valueType="integer">5</value>
  </variableValue>
  <variableValue variable="CIGS[year]">
    <value valueType="integer">2</value>
  </variableValue>
  <variableValue variable="CLNAIR[year]">
    <value valueType="integer">1</value>
  </variableValue>
  <variableValue variable="COFFEE[year]">
    <value valueType="integer">5</value>
  </variableValue>
  <variableValue variable="CONSCIEN[year]">
    <value valueType="integer">56</value>
  </variableValue>
  <variableValue variable="cook[year]">
    <value valueType="decimal">11.556721903281119</value>
  </variableValue>
  <variableValue variable="COOKBUT[year]">
    <value valueType="integer">2</value>
  </variableValue>
  <variableValue variable="CORS[year]">
    <value valueType="integer">0</value>
  </variableValue>
  <variableValue variable="crafts[year]">
    <value valueType="decimal">47.28834577280556</value>
  </variableValue>
  <variableValue variable="crdp1[year]">
    <value valueType="integer">54</value>
  </variableValue>
  <variableValue variable="crdp2[year]">
    <value valueType="integer">86</value>
  </variableValue>
  <variableValue variable="cult[year]">
    <value valueType="decimal">31.92675644167946</value>
  </variableValue>
  <variableValue variable="dance[year]">
    <value valueType="decimal">37.98786513581452</value>
  </variableValue>
  <variableValue variable="DENTIST[year]">
    <value valueType="integer">3</value>
  </variableValue>
  <variableValue variable="DENTURE[year]">
    <value valueType="integer">2</value>
  </variableValue>
  <variableValue variable="DIABET[year]">
    <value valueType="integer">1</value>
  </variableValue>
  <variableValue variable="DRMAM[year]">
    <value valueType="integer">1</value>
  </variableValue>
  <variableValue variable="DRVISIT[year]">
    <value valueType="integer">18</value>
  </variableValue>
  <variableValue variable="dydrm[year]">
    <value valueType="decimal">10.961386719716115</value>
  </variableValue>
  <variableValue variable="EARCHK[year]">
    <value valueType="integer">1</value>
  </variableValue>
  <variableValue variable="eatout[year]">
    <value valueType="decimal">49.78646371193947</value>
  </variableValue>
  <variableValue variable="EATSALT[year]">
    <value valueType="integer">2</value>
  </variableValue>
  <variableValue variable="edact[year]">
    <value valueType="decimal">57.267053211366125</value>
  </variableValue>
  <variableValue variable="educ">
    <value valueType="integer">4</value>
  </variableValue>
  <variableValue variable="EDUC[year]">
    <value valueType="integer">77</value>
  </variableValue>
  <variableValue variable="EGG[year]">
    <value valueType="integer">3</value>
  </variableValue>
  <variableValue variable="eldcar[year]">
    <value valueType="decimal">68.27314990740445</value>
  </variableValue>
  <variableValue variable="ELDCAR[year]">
    <value valueType="decimal">74.21829198673055</value>
  </variableValue>
  <variableValue variable="ENT1[year]">
    <value valueType="integer">6</value>
  </variableValue>
  <variableValue variable="ENT2[year]">
    <value valueType="integer">12</value>
  </variableValue>
  <variableValue variable="ENT3[year]">
    <value valueType="integer">11</value>
  </variableValue>
  <variableValue variable="eth[year]">
    <value valueType="integer">72</value>
  </variableValue>
  <variableValue variable="EXCERTOT[year]">
    <value valueType="decimal">1.4381017425786458</value>
  </variableValue>
  <variableValue variable="EXCERWK[year]">
    <value valueType="integer">1</value>
  </variableValue>
  <variableValue variable="EXTRAVER[year]">
    <value valueType="integer">28</value>
  </variableValue>
  <variableValue variable="EYECHG[year]">
    <value valueType="integer">7</value>
  </variableValue>
  <variableValue variable="EYECHK[year]">
    <value valueType="integer">0</value>
  </variableValue>
  <variableValue variable="EYEGLAS[year]">
    <value valueType="integer">1</value>
  </variableValue>
  <variableValue variable="FAGE[year]">
    <value valueType="integer">41</value>
  </variableValue>
  <variableValue variable="FAITH[year]">
    <value valueType="integer">3</value>
  </variableValue>
  <variableValue variable="FALLS[year]">
    <value valueType="integer">4</value>
  </variableValue>
  <variableValue variable="FCAUSE[year]">
    <value valueType="integer">13</value>
  </variableValue>
  <variableValue variable="FDIE[year]">
    <value valueType="integer">27</value>
  </variableValue>
  <variableValue variable="FIC[year]">
    <value valueType="integer">36</value>
  </variableValue>
  <variableValue variable="fit[year]">
    <value valueType="decimal">83.99876343182811</value>
  </variableValue>
  <variableValue variable="FLIVE[year]">
    <value valueType="integer">1</value>
  </variableValue>
  <variableValue variable="FLOSS[year]">
    <value valueType="integer">5</value>
  </variableValue>
  <variableValue variable="FLUSHOT[year]">
    <value valueType="integer">4</value>
  </variableValue>
  <variableValue variable="fr[year]">
    <value valueType="integer">97</value>
  </variableValue>
  <variableValue variable="fratt[year]">
    <value valueType="integer">72</value>
  </variableValue>
  <variableValue variable="frcr[year]">
    <value valueType="integer">95</value>
  </variableValue>
  <variableValue variable="fromt[year]">
    <value valueType="integer">87</value>
  </variableValue>
  <variableValue variable="frwg[year]">
    <value valueType="integer">15</value>
  </variableValue>
  <variableValue variable="game[year]">
    <value valueType="decimal">81.24937380395116</value>
  </variableValue>
  <variableValue variable="gds[year]1 –  gds[year]30">
    <value valueType="integer">0</value>
  </variableValue>
  <variableValue variable="gdstot[year]">
    <value valueType="integer">73</value>
  </variableValue>
  <variableValue variable="HANDS[year]">
    <value valueType="decimal">23.123982166537104</value>
  </variableValue>
  <variableValue variable="HARDLIQ[year]">
    <value valueType="integer">48</value>
  </variableValue>
  <variableValue variable="HEALTHCH[year]">
    <value valueType="integer">5</value>
  </variableValue>
  <variableValue variable="HEARAID[year]">
    <value valueType="integer">1</value>
  </variableValue>
  <variableValue variable="HEARCHG[year]">
    <value valueType="integer">3</value>
  </variableValue>
  <variableValue variable="HEARSPEC[year]">
    <value valueType="integer">4</value>
  </variableValue>
  <variableValue variable="HEART[year]">
    <value valueType="integer">2</value>
  </variableValue>
  <variableValue variable="HEIGHT[year]">
    <value valueType="integer">72</value>
  </variableValue>
  <variableValue variable="HHEIGHT[year]">
    <value valueType="integer">83</value>
  </variableValue>
  <variableValue variable="HIGHBLOO[year]">
    <value valueType="integer">2</value>
  </variableValue>
  <variableValue variable="HJOBTP[year]">
    <value valueType="integer">7</value>
  </variableValue>
  <variableValue variable="HMKHD[year]">
    <value valueType="decimal">2.5950144453005253</value>
  </variableValue>
  <variableValue variable="HMKJB[year]">
    <value valueType="integer">89</value>
  </variableValue>
  <variableValue variable="HMKPE[year]">
    <value valueType="decimal">14.177789637567805</value>
  </variableValue>
  <variableValue variable="HMKPRS[year]">
    <value valueType="integer">4</value>
  </variableValue>
  <variableValue variable="HMKR[year]">
    <value valueType="integer">43</value>
  </variableValue>
  <variableValue variable="HMKRD[year]">
    <value valueType="decimal">17.137740613194264</value>
  </variableValue>
  <variableValue variable="HOSDAYS[year]">
    <value valueType="integer">82</value>
  </variableValue>
  <variableValue variable="HOSVISIT[year]">
    <value valueType="integer">1</value>
  </variableValue>
  <variableValue variable="HWEIGHT[year]">
    <value valueType="integer">99</value>
  </variableValue>
  <variableValue variable="INC[year]">
    <value valueType="integer">17</value>
  </variableValue>
  <variableValue variable="INC84[year]">
    <value valueType="integer">17</value>
  </variableValue>
  <variableValue variable="instr[year]">
    <value valueType="decimal">92.7562468301047</value>
  </variableValue>
  <variableValue variable="ir[year]a1 - ir[year]a20">
    <value valueType="integer">1</value>
  </variableValue>
  <variableValue variable="ir[year]b1 - ir[year]b20">
    <value valueType="integer">0</value>
  </variableValue>
  <variableValue variable="JOBLEN[year]">
    <value valueType="integer">4</value>
  </variableValue>
  <variableValue variable="JOBTYP[year]">
    <value valueType="integer">2</value>
  </variableValue>
  <variableValue variable="kidcar[year]">
    <value valueType="decimal">13.10064140121786</value>
  </variableValue>
  <variableValue variable="LAMB[year]">
    <value valueType="integer">4</value>
  </variableValue>
  <variableValue variable="lettot[year]">
    <value valueType="integer">45</value>
  </variableValue>
  <variableValue variable="LFST84[year]">
    <value valueType="integer">5</value>
  </variableValue>
  <variableValue variable="LIFSAT[year]">
    <value valueType="integer">1</value>
  </variableValue>
  <variableValue variable="LIVESMOK[year]">
    <value valueType="integer">3</value>
  </variableValue>
  <variableValue variable="ls[year]">
    <value valueType="integer">36</value>
  </variableValue>
  <variableValue variable="LSTJOB[year]">
    <value valueType="integer">2</value>
  </variableValue>
  <variableValue variable="LVNGWILL[year]">
    <value valueType="integer">1</value>
  </variableValue>
  <variableValue variable="MAGE[year]">
    <value valueType="integer">68</value>
  </variableValue>
  <variableValue variable="MAM[year]">
    <value valueType="integer">1</value>
  </variableValue>
  <variableValue variable="MAM2YR[year]">
    <value valueType="integer">1</value>
  </variableValue>
  <variableValue variable="MAMAGE[year]">
    <value valueType="integer">94</value>
  </variableValue>
  <variableValue variable="MAMEXAM[year]">
    <value valueType="integer">100</value>
  </variableValue>
  <variableValue variable="MASTECT[year]">
    <value valueType="integer">2</value>
  </variableValue>
  <variableValue variable="MCAUSE[year]">
    <value valueType="integer">7</value>
  </variableValue>
  <variableValue variable="MDIE[year]">
    <value valueType="integer">93</value>
  </variableValue>
  <variableValue variable="MED[year]">
    <value valueType="integer">1</value>
  </variableValue>
  <variableValue variable="MENAGE[year]">
    <value valueType="integer">43</value>
  </variableValue>
  <variableValue variable="MENHIST[year]">
    <value valueType="integer">21</value>
  </variableValue>
  <variableValue variable="MENSIT[year]">
    <value valueType="integer">3</value>
  </variableValue>
  <variableValue variable="MFQ[year]1">
    <value valueType="decimal">77.65307738932775</value>
  </variableValue>
  <variableValue variable="MFQ[year]2A">
    <value valueType="decimal">71.58011911372887</value>
  </variableValue>
  <variableValue variable="MFQ[year]2B">
    <value valueType="decimal">5.77056702870048</value>
  </variableValue>
  <variableValue variable="MFQ[year]2C">
    <value valueType="decimal">94.12367128176967</value>
  </variableValue>
  <variableValue variable="MFQ[year]2D">
    <value valueType="decimal">9.107176638974712</value>
  </variableValue>
  <variableValue variable="MFQ[year]2E">
    <value valueType="decimal">25.279973229745945</value>
  </variableValue>
  <variableValue variable="MFQ[year]3A">
    <value valueType="decimal">2.37250173511504</value>
  </variableValue>
  <variableValue variable="MFQ[year]3B">
    <value valueType="decimal">90.92295482444122</value>
  </variableValue>
  <variableValue variable="MFQ[year]3C">
    <value valueType="decimal">42.048091237062245</value>
  </variableValue>
  <variableValue variable="MFQ[year]3D">
    <value valueType="decimal">67.49938606313036</value>
  </variableValue>
  <variableValue variable="MFQ[year]3E">
    <value valueType="decimal">2.3362046442911177</value>
  </variableValue>
  <variableValue variable="MFQ[year]3F">
    <value valueType="decimal">91.4942350839096</value>
  </variableValue>
  <variableValue variable="MFQ[year]3G">
    <value valueType="decimal">36.07940721295342</value>
  </variableValue>
  <variableValue variable="MFQ[year]3H">
    <value valueType="decimal">63.12135396043308</value>
  </variableValue>
  <variableValue variable="MFQ[year]3I">
    <value valueType="decimal">68.06137997031722</value>
  </variableValue>
  <variableValue variable="MFQ[year]3J">
    <value valueType="decimal">42.74559379502906</value>
  </variableValue>
  <variableValue variable="MFQ[year]3K">
    <value valueType="decimal">89.42679601413626</value>
  </variableValue>
  <variableValue variable="MFQ[year]3L">
    <value valueType="decimal">76.57229484112919</value>
  </variableValue>
  <variableValue variable="MFQ[year]3M">
    <value valueType="decimal">71.53899732831024</value>
  </variableValue>
  <variableValue variable="MFQ[year]3N">
    <value valueType="decimal">20.87821955966309</value>
  </variableValue>
  <variableValue variable="MFQ[year]3O">
    <value valueType="decimal">64.66632700043118</value>
  </variableValue>
  <variableValue variable="MFQ[year]3P">
    <value valueType="decimal">81.52389708087115</value>
  </variableValue>
  <variableValue variable="MFQ[year]3Q">
    <value valueType="decimal">43.502478420821824</value>
  </variableValue>
  <variableValue variable="MFQ[year]3R">
    <value valueType="decimal">63.01306104887795</value>
  </variableValue>
  <variableValue variable="MFQ[year]4A">
    <value valueType="decimal">67.54621933156464</value>
  </variableValue>
  <variableValue variable="MFQ[year]4B">
    <value valueType="decimal">64.59490018504509</value>
  </variableValue>
  <variableValue variable="MFQ[year]4C">
    <value valueType="decimal">32.46703156097347</value>
  </variableValue>
  <variableValue variable="MFQ[year]4D">
    <value valueType="decimal">50.79628811916881</value>
  </variableValue>
  <variableValue variable="MFQ[year]4E">
    <value valueType="decimal">49.25418530248369</value>
  </variableValue>
  <variableValue variable="MFQ[year]5A">
    <value valueType="decimal">11.593512164104746</value>
  </variableValue>
  <variableValue variable="MFQ[year]5B">
    <value valueType="decimal">34.48785739969207</value>
  </variableValue>
  <variableValue variable="MFQ[year]5C">
    <value valueType="decimal">59.76829352690785</value>
  </variableValue>
  <variableValue variable="MFQ[year]5D">
    <value valueType="decimal">68.59584993437936</value>
  </variableValue>
  <variableValue variable="MFQ[year]5E">
    <value valueType="decimal">56.73560092536341</value>
  </variableValue>
  <variableValue variable="MFQ[year]6A">
    <value valueType="decimal">53.39369520202959</value>
  </variableValue>
  <variableValue variable="MFQ[year]6B">
    <value valueType="decimal">25.488116977322896</value>
  </variableValue>
  <variableValue variable="MFQ[year]6C">
    <value valueType="decimal">7.287952298308841</value>
  </variableValue>
  <variableValue variable="MFQ[year]6D">
    <value valueType="decimal">82.79337845730701</value>
  </variableValue>
  <variableValue variable="MFQ[year]7A">
    <value valueType="decimal">90.80292988460728</value>
  </variableValue>
  <variableValue variable="MFQ[year]7B">
    <value valueType="decimal">80.23707572878308</value>
  </variableValue>
  <variableValue variable="MFQ[year]7C">
    <value valueType="decimal">78.93336764008994</value>
  </variableValue>
  <variableValue variable="MFQ[year]7D">
    <value valueType="decimal">83.27384679800365</value>
  </variableValue>
  <variableValue variable="MFQ[year]7E">
    <value valueType="decimal">45.405331150155725</value>
  </variableValue>
  <variableValue variable="MFQ[year]7F">
    <value valueType="decimal">82.5825574701611</value>
  </variableValue>
  <variableValue variable="MFQ[year]7G">
    <value valueType="decimal">10.233243664808445</value>
  </variableValue>
  <variableValue variable="MFQ[year]7H">
    <value valueType="decimal">36.49574457499053</value>
  </variableValue>
  <variableValue variable="MFQ[year]7I">
    <value valueType="decimal">21.79320305688558</value>
  </variableValue>
  <variableValue variable="MFQ[year]7J">
    <value valueType="decimal">96.16482333582915</value>
  </variableValue>
  <variableValue variable="MFQ[year]7K">
    <value valueType="decimal">1.6048102239112128</value>
  </variableValue>
  <variableValue variable="MFQ[year]7L">
    <value valueType="decimal">95.82832940626328</value>
  </variableValue>
  <variableValue variable="MFQ[year]7M">
    <value valueType="decimal">10.551578792893036</value>
  </variableValue>
  <variableValue variable="MFQ[year]7N">
    <value valueType="decimal">73.77682412169362</value>
  </variableValue>
  <variableValue variable="MFQ[year]7O">
    <value valueType="decimal">93.61175128152111</value>
  </variableValue>
  <variableValue variable="MFQ[year]7P">
    <value valueType="decimal">70.37481028162783</value>
  </variableValue>
  <variableValue variable="MFQ[year]7Q">
    <value valueType="decimal">3.367777933784144</value>
  </variableValue>
  <variableValue variable="MFQ[year]7R">
    <value valueType="decimal">68.13895927826408</value>
  </variableValue>
  <variableValue variable="MFQ[year]8A">
    <value valueType="decimal">75.4772709175749</value>
  </variableValue>
  <variableValue variable="MFQ[year]8B">
    <value valueType="decimal">56.02781381696047</value>
  </variableValue>
  <variableValue variable="MFQ[year]8C">
    <value valueType="decimal">49.596555866658235</value>
  </variableValue>
  <variableValue variable="MFQ[year]8D">
    <value valueType="decimal">21.727833746409996</value>
  </variableValue>
  <variableValue variable="MFQ[year]8E">
    <value valueType="decimal">72.43826344317426</value>
  </variableValue>
  <variableValue variable="MFQ[year]8F">
    <value valueType="decimal">78.09378146936041</value>
  </variableValue>
  <variableValue variable="MFQ[year]8G">
    <value valueType="decimal">44.01772860743813</value>
  </variableValue>
  <variableValue variable="MFQ[year]8H">
    <value valueType="decimal">84.60000622811026</value>
  </variableValue>
  <variableValue variable="MFQ1[year]">
    <value valueType="integer">87</value>
  </variableValue>
  <variableValue variable="mfq1[year]">
    <value valueType="decimal">95.17084842291048</value>
  </variableValue>
  <variableValue variable="MFQ2[year]">
    <value valueType="integer">37</value>
  </variableValue>
  <variableValue variable="mfq2[year]">
    <value valueType="decimal">59.44899795610817</value>
  </variableValue>
  <variableValue variable="MFQ3[year]">
    <value valueType="integer">99</value>
  </variableValue>
  <variableValue variable="mfq3[year]">
    <value valueType="decimal">30.144485434702617</value>
  </variableValue>
  <variableValue variable="MFQ4[year]">
    <value valueType="integer">82</value>
  </variableValue>
  <variableValue variable="mfq4[year]">
    <value valueType="decimal">73.73925090376562</value>
  </variableValue>
  <variableValue variable="MLIVE[year]">
    <value valueType="integer">2</value>
  </variableValue>
  <variableValue variable="MOMWK[year]">
    <value valueType="integer">0</value>
  </variableValue>
  <variableValue variable="movie[year]">
    <value valueType="decimal">2.4275232094637667</value>
  </variableValue>
  <variableValue variable="MSTA84[year]">
    <value valueType="integer">3</value>
  </variableValue>
  <variableValue variable="MSTAT[year]">
    <value valueType="integer">3</value>
  </variableValue>
  <variableValue variable="NBKS[year]">
    <value valueType="integer">69</value>
  </variableValue>
  <variableValue variable="NCONF[year]">
    <value valueType="integer">97</value>
  </variableValue>
  <variableValue variable="NEEDCATA[year]">
    <value valueType="integer">4</value>
  </variableValue>
  <variableValue variable="NEMP[year]">
    <value valueType="integer">42</value>
  </variableValue>
  <variableValue variable="NEUROTIC[year]">
    <value valueType="integer">40</value>
  </variableValue>
  <variableValue variable="NEWPRNT[year]">
    <value valueType="integer">3</value>
  </variableValue>
  <variableValue variable="nfr[year]">
    <value valueType="integer">81</value>
  </variableValue>
  <variableValue variable="NFRN[year]">
    <value valueType="integer">85</value>
  </variableValue>
  <variableValue variable="NGRNKD[year]">
    <value valueType="integer">74</value>
  </variableValue>
  <variableValue variable="NJOB[year]">
    <value valueType="integer">60</value>
  </variableValue>
  <variableValue variable="NKDHM[year]">
    <value valueType="integer">70</value>
  </variableValue>
  <variableValue variable="NKIDS[year]">
    <value valueType="integer">17</value>
  </variableValue>
  <variableValue variable="NMAG[year]">
    <value valueType="integer">87</value>
  </variableValue>
  <variableValue variable="NMOV[year]">
    <value valueType="integer">55</value>
  </variableValue>
  <variableValue variable="NMTG[year]">
    <value valueType="integer">4</value>
  </variableValue>
  <variableValue variable="NNEIG[year]">
    <value valueType="integer">2</value>
  </variableValue>
  <variableValue variable="NOBR[year]">
    <value valueType="integer">30</value>
  </variableValue>
  <variableValue variable="NOISE[year]">
    <value valueType="integer">4</value>
  </variableValue>
  <variableValue variable="NONFIC[year]">
    <value valueType="integer">98</value>
  </variableValue>
  <variableValue variable="nor[year]">
    <value valueType="integer">97</value>
  </variableValue>
  <variableValue variable="norcr[year]">
    <value valueType="integer">94</value>
  </variableValue>
  <variableValue variable="NOSIS[year]">
    <value valueType="integer">11</value>
  </variableValue>
  <variableValue variable="NOWRK[year]">
    <value valueType="integer">8</value>
  </variableValue>
  <variableValue variable="NRMS[year]">
    <value valueType="integer">57</value>
  </variableValue>
  <variableValue variable="nsp08">
    <value valueType="integer">78</value>
  </variableValue>
  <variableValue variable="NSTATE[year]">
    <value valueType="integer">25</value>
  </variableValue>
  <variableValue variable="NTRAD[year]">
    <value valueType="integer">80</value>
  </variableValue>
  <variableValue variable="NTRIPS[year]">
    <value valueType="integer">55</value>
  </variableValue>
  <variableValue variable="numtot[year]">
    <value valueType="integer">31</value>
  </variableValue>
  <variableValue variable="NVISIT[year]">
    <value valueType="integer">4</value>
  </variableValue>
  <variableValue variable="NWED[year]">
    <value valueType="integer">83</value>
  </variableValue>
  <variableValue variable="NYBR[year]">
    <value valueType="integer">74</value>
  </variableValue>
  <variableValue variable="NYSIS[year]">
    <value valueType="integer">12</value>
  </variableValue>
  <variableValue variable="OBGYN[year]">
    <value valueType="integer">5</value>
  </variableValue>
  <variableValue variable="OCC[year]">
    <value valueType="integer">0</value>
  </variableValue>
  <variableValue variable="OCC84[year]">
    <value valueType="integer">6</value>
  </variableValue>
  <variableValue variable="OPEN[year]">
    <value valueType="integer">11</value>
  </variableValue>
  <variableValue variable="or[year]">
    <value valueType="integer">57</value>
  </variableValue>
  <variableValue variable="oratt[year]">
    <value valueType="integer">39</value>
  </variableValue>
  <variableValue variable="ORGAN[year]">
    <value valueType="integer">3</value>
  </variableValue>
  <variableValue variable="oromt[year]">
    <value valueType="integer">86</value>
  </variableValue>
  <variableValue variable="orwg[year]">
    <value valueType="integer">18</value>
  </variableValue>
  <variableValue variable="OTJ[year]">
    <value valueType="integer">1</value>
  </variableValue>
  <variableValue variable="outhob[year]">
    <value valueType="decimal">83.93612678662305</value>
  </variableValue>
  <variableValue variable="OWNHM[year]">
    <value valueType="integer">1</value>
  </variableValue>
  <variableValue variable="PAINREL[year]">
    <value valueType="integer">1</value>
  </variableValue>
  <variableValue variable="PAP[year]">
    <value valueType="integer">3</value>
  </variableValue>
  <variableValue variable="party[year]">
    <value valueType="decimal">85.31737678739769</value>
  </variableValue>
  <variableValue variable="pase1">
    <value valueType="integer">1</value>
  </variableValue>
  <variableValue variable="pase10">
    <value valueType="integer">0</value>
  </variableValue>
  <variableValue variable="pase10a">
    <value valueType="decimal">66.32546412976038</value>
  </variableValue>
  <variableValue variable="pase10b">
    <value valueType="integer">3</value>
  </variableValue>
  <variableValue variable="pase1b">
    <value valueType="integer">2</value>
  </variableValue>
  <variableValue variable="pase2">
    <value valueType="integer">1</value>
  </variableValue>
  <variableValue variable="pase2a">
    <value valueType="integer">4</value>
  </variableValue>
  <variableValue variable="pase3">
    <value valueType="integer">2</value>
  </variableValue>
  <variableValue variable="pase3b">
    <value valueType="integer">4</value>
  </variableValue>
  <variableValue variable="pase4">
    <value valueType="integer">3</value>
  </variableValue>
  <variableValue variable="pase4b">
    <value valueType="integer">2</value>
  </variableValue>
  <variableValue variable="pase5">
    <value valueType="integer">0</value>
  </variableValue>
  <variableValue variable="pase5b">
    <value valueType="integer">1</value>
  </variableValue>
  <variableValue variable="pase6">
    <value valueType="integer">1</value>
  </variableValue>
  <variableValue variable="pase6b">
    <value valueType="integer">2</value>
  </variableValue>
  <variableValue variable="pase7">
    <value valueType="integer">0</value>
  </variableValue>
  <variableValue variable="pase8">
    <value valueType="integer">0</value>
  </variableValue>
  <variableValue variable="pase9a - pase9d">
    <value valueType="integer">0</value>
  </variableValue>
  <variableValue variable="pattot[year]">
    <value valueType="integer">57</value>
  </variableValue>
  <variableValue variable="PDEMP[year]">
    <value valueType="integer">0</value>
  </variableValue>
  <variableValue variable="PEOP[year]">
    <value valueType="decimal">35.99780730812374</value>
  </variableValue>
  <variableValue variable="pets[year]">
    <value valueType="decimal">57.301235606711664</value>
  </variableValue>
  <variableValue variable="phone[year]">
    <value valueType="decimal">82.13582585469635</value>
  </variableValue>
  <variableValue variable="picnic[year]">
    <value valueType="decimal">24.337433222205153</value>
  </variableValue>
  <variableValue variable="PIPEDAY[year]">
    <value valueType="integer">6</value>
  </variableValue>
  <variableValue variable="PIPES[year]">
    <value valueType="integer">3</value>
  </variableValue>
  <variableValue variable="pirr1[year]">
    <value valueType="integer">58</value>
  </variableValue>
  <variableValue variable="pirr2[year]">
    <value valueType="integer">67</value>
  </variableValue>
  <variableValue variable="PORK[year]">
    <value valueType="integer">5</value>
  </variableValue>
  <variableValue variable="ppr1[year]">
    <value valueType="integer">17</value>
  </variableValue>
  <variableValue variable="ppr2[year]">
    <value valueType="integer">67</value>
  </variableValue>
  <variableValue variable="ppr3[year]">
    <value valueType="integer">84</value>
  </variableValue>
  <variableValue variable="pray[year]">
    <value valueType="decimal">34.41897444461633</value>
  </variableValue>
  <variableValue variable="PRESR[year]">
    <value valueType="integer">2</value>
  </variableValue>
  <variableValue variable="PRO2YR[year]">
    <value valueType="integer">1</value>
  </variableValue>
  <variableValue variable="PROAGE[year]">
    <value valueType="integer">75</value>
  </variableValue>
  <variableValue variable="PROENLAR[year]">
    <value valueType="integer">2</value>
  </variableValue>
  <variableValue variable="PROEXAM[year]">
    <value valueType="integer">6</value>
  </variableValue>
  <variableValue variable="PROS[year]">
    <value valueType="integer">2</value>
  </variableValue>
  <variableValue variable="PROSUC[year]">
    <value valueType="integer">2</value>
  </variableValue>
  <variableValue variable="PRSC84[year]">
    <value valueType="integer">1</value>
  </variableValue>
  <variableValue variable="radio[year]">
    <value valueType="decimal">77.89972630154104</value>
  </variableValue>
  <variableValue variable="RDPAPR[year]">
    <value valueType="integer">1</value>
  </variableValue>
  <variableValue variable="RDWRIT[year]">
    <value valueType="decimal">31.01112387169328</value>
  </variableValue>
  <variableValue variable="read[year]">
    <value valueType="decimal">78.61080704260547</value>
  </variableValue>
  <variableValue variable="REGULAR[year]">
    <value valueType="integer">2</value>
  </variableValue>
  <variableValue variable="REMAR[year]">
    <value valueType="integer">10</value>
  </variableValue>
  <variableValue variable="rv[year]">
    <value valueType="integer">83</value>
  </variableValue>
  <variableValue variable="SAFE[year]">
    <value valueType="integer">1</value>
  </variableValue>
  <variableValue variable="SBHWY[year]">
    <value valueType="integer">3</value>
  </variableValue>
  <variableValue variable="SBTOWN[year]">
    <value valueType="integer">4</value>
  </variableValue>
  <variableValue variable="SELFBLOO[year]">
    <value valueType="integer">4</value>
  </variableValue>
  <variableValue variable="selfim[year]">
    <value valueType="decimal">36.4053055378059</value>
  </variableValue>
  <variableValue variable="SELFMAM[year]">
    <value valueType="integer">3</value>
  </variableValue>
  <variableValue variable="sex">
    <value valueType="integer">1</value>
  </variableValue>
  <variableValue variable="shop[year]">
    <value valueType="decimal">87.26041925405629</value>
  </variableValue>
  <variableValue variable="SIBS[year]">
    <value valueType="integer">22</value>
  </variableValue>
  <variableValue variable="SLEEP[year]">
    <value valueType="integer">5</value>
  </variableValue>
  <variableValue variable="smdvh[year]">
    <value valueType="integer">34</value>
  </variableValue>
  <variableValue variable="smdvl[year]">
    <value valueType="integer">84</value>
  </variableValue>
  <variableValue variable="SMK[year]">
    <value valueType="integer">0</value>
  </variableValue>
  <variableValue variable="SMOKE[year]">
    <value valueType="integer">1</value>
  </variableValue>
  <variableValue variable="SMOKEPAS[year]">
    <value valueType="decimal">38.049688183475624</value>
  </variableValue>
  <variableValue variable="SODA[year]">
    <value valueType="integer">4</value>
  </variableValue>
  <variableValue variable="SODIUM[year]">
    <value valueType="integer">5</value>
  </variableValue>
  <variableValue variable="SPBRN[year]">
    <value valueType="integer">97</value>
  </variableValue>
  <variableValue variable="spec[year]">
    <value valueType="decimal">39.3155908839536</value>
  </variableValue>
  <variableValue variable="SPEED[year]">
    <value valueType="integer">3</value>
  </variableValue>
  <variableValue variable="SPOCC[year]">
    <value valueType="integer">7</value>
  </variableValue>
  <variableValue variable="sport[year]">
    <value valueType="decimal">63.73023740154311</value>
  </variableValue>
  <variableValue variable="SPRVIS[year]">
    <value valueType="integer">3</value>
  </variableValue>
  <variableValue variable="SREYE[year]">
    <value valueType="integer">4</value>
  </variableValue>
  <variableValue variable="srh[year]">
    <value valueType="integer">6</value>
  </variableValue>
  <variableValue variable="SRHEALTH">
    <value valueType="integer">5</value>
  </variableValue>
  <variableValue variable="SRHEAR[year]">
    <value valueType="integer">3</value>
  </variableValue>
  <variableValue variable="sstot[year]">
    <value valueType="integer">51</value>
  </variableValue>
  <variableValue variable="STAIRS[year]">
    <value valueType="integer">2</value>
  </variableValue>
  <variableValue variable="TEA[year]">
    <value valueType="integer">2</value>
  </variableValue>
  <variableValue variable="TRAF[year]">
    <value valueType="integer">1</value>
  </variableValue>
  <variableValue variable="travel[year]">
    <value valueType="decimal">43.29747987705751</value>
  </variableValue>
  <variableValue variable="TREES[year]">
    <value valueType="integer">3</value>
  </variableValue>
  <variableValue variable="TRYSTOP[year]">
    <value valueType="integer">1</value>
  </variableValue>
  <variableValue variable="tv[year]">
    <value valueType="decimal">71.02116922799068</value>
  </variableValue>
  <variableValue variable="TYPBLD[year]">
    <value valueType="integer">6</value>
  </variableValue>
  <variableValue variable="UNIVEX[year]">
    <value valueType="integer">0</value>
  </variableValue>
  <variableValue variable="VEAL[year]">
    <value valueType="integer">5</value>
  </variableValue>
  <variableValue variable="vis[year]">
    <value valueType="decimal">60.591572819453255</value>
  </variableValue>
  <variableValue variable="vocab1[year]">
    <value valueType="integer">18</value>
  </variableValue>
  <variableValue variable="vocab2[year]">
    <value valueType="integer">2</value>
  </variableValue>
  <variableValue variable="VOCAT[year]">
    <value valueType="integer">0</value>
  </variableValue>
  <variableValue variable="vol[year]">
    <value valueType="decimal">57.28829125600778</value>
  </variableValue>
  <variableValue variable="walk[year]">
    <value valueType="decimal">38.885922560410734</value>
  </variableValue>
  <variableValue variable="WALK[year]">
    <value valueType="integer">2</value>
  </variableValue>
  <variableValue variable="wdflu[year]">
    <value valueType="integer">31</value>
  </variableValue>
  <variableValue variable="WEIGHT[year]">
    <value valueType="integer">14</value>
  </variableValue>
  <variableValue variable="WELL[year]">
    <value valueType="integer">3</value>
  </variableValue>
  <variableValue variable="WINE[year]">
    <value valueType="integer">14</value>
  </variableValue>
  <variableValue variable="write[year]">
    <value valueType="decimal">7.464176790334087</value>
  </variableValue>
  <variableValue variable="WRKPLC[year]">
    <value valueType="integer">2</value>
  </variableValue>
  <variableValue variable="WRKTYP[year]">
    <value valueType="integer">3</value>
  </variableValue>
  <variableValue variable="ws[year]">
    <value valueType="integer">8</value>
  </variableValue>
  <variableValue variable="YEAROP[year]">
    <value valueType="integer">18</value>
  </variableValue>
  <variableValue variable="YRQUIT[year]">
    <value valueType="integer">65</value>
  </variableValue>
  <variableValue variable="YRRET[year]">
    <value valueType="integer">93</value>
  </variableValue>
  <variableValue variable="YRSMOKE[year]">
    <value valueType="decimal">68.5859432584309</value>
  </variableValue>
</valueSet>