<valueSet valueTable="2008" entityType="Participant" entityIdentifier="70090758">
  <variableValue variable="ADLTED[year]">
    <value valueType="integer">0</value>
  </variableValue>
  <variableValue variable="ADVDIR[year]">
    <value valueType="integer">1</value>
  </variableValue>
  <variableValue variable="age[year]">
    <value valueType="integer">60</value>
  </variableValue>
  <variableValue variable="AGEKID[year]">
    <value valueType="integer">33</value>
  </variableValue>
  <variableValue variable="AGENB[year]">
    <value valueType="integer">6</value>
  </variableValue>
  <variableValue variable="AGEWED[year]">
    <value valueType="integer">74</value>
  </variableValue>
  <variableValue variable="AGFRN[year]">
    <value valueType="integer">4</value>
  </variableValue>
  <variableValue variable="AGREE[year]">
    <value valueType="integer">33</value>
  </variableValue>
  <variableValue variable="ALCOHOL[year]">
    <value valueType="integer">2</value>
  </variableValue>
  <variableValue variable="Apdemp[year]">
    <value valueType="decimal">88.95674752883617</value>
  </variableValue>
  <variableValue variable="ART[year]">
    <value valueType="integer">3</value>
  </variableValue>
  <variableValue variable="BDATE_DY">
    <value valueType="integer">88</value>
  </variableValue>
  <variableValue variable="BDATE_MO">
    <value valueType="integer">57</value>
  </variableValue>
  <variableValue variable="BDATE_YR">
    <value valueType="integer">25</value>
  </variableValue>
  <variableValue variable="BEEF[year]">
    <value valueType="integer">4</value>
  </variableValue>
  <variableValue variable="BEER[year]">
    <value valueType="integer">1</value>
  </variableValue>
  <variableValue variable="BLDLK[year]">
    <value valueType="integer">3</value>
  </variableValue>
  <variableValue variable="BLOODPRE[year]">
    <value valueType="integer">5</value>
  </variableValue>
  <variableValue variable="BOOK[year]">
    <value valueType="integer">3</value>
  </variableValue>
  <variableValue variable="BRUSH[year]">
    <value valueType="integer">10</value>
  </variableValue>
  <variableValue variable="BUTTER[year]">
    <value valueType="integer">3</value>
  </variableValue>
  <variableValue variable="BUYFAT[year]">
    <value valueType="integer">1</value>
  </variableValue>
  <variableValue variable="BUYSALT[year]">
    <value valueType="integer">1</value>
  </variableValue>
  <variableValue variable="CANCHK[year]">
    <value valueType="integer">2</value>
  </variableValue>
  <variableValue variable="cards[year]">
    <value valueType="decimal">61.165402092466856</value>
  </variableValue>
  <variableValue variable="CATARACT[year]">
    <value valueType="integer">2</value>
  </variableValue>
  <variableValue variable="CHKFAT[year]">
    <value valueType="integer">1</value>
  </variableValue>
  <variableValue variable="CHOLES[year]">
    <value valueType="integer">4</value>
  </variableValue>
  <variableValue variable="chur[year]">
    <value valueType="decimal">99.53940103520945</value>
  </variableValue>
  <variableValue variable="CIGARDAY[year]">
    <value valueType="integer">2</value>
  </variableValue>
  <variableValue variable="CIGARS[year]">
    <value valueType="integer">2</value>
  </variableValue>
  <variableValue variable="CIGDAY[year]">
    <value valueType="integer">6</value>
  </variableValue>
  <variableValue variable="CIGS[year]">
    <value valueType="integer">1</value>
  </variableValue>
  <variableValue variable="CLNAIR[year]">
    <value valueType="integer">2</value>
  </variableValue>
  <variableValue variable="COFFEE[year]">
    <value valueType="integer">6</value>
  </variableValue>
  <variableValue variable="CONSCIEN[year]">
    <value valueType="integer">39</value>
  </variableValue>
  <variableValue variable="cook[year]">
    <value valueType="decimal">47.701790548719735</value>
  </variableValue>
  <variableValue variable="COOKBUT[year]">
    <value valueType="integer">5</value>
  </variableValue>
  <variableValue variable="CORS[year]">
    <value valueType="integer">0</value>
  </variableValue>
  <variableValue variable="crafts[year]">
    <value valueType="decimal">32.978166565786914</value>
  </variableValue>
  <variableValue variable="crdp1[year]">
    <value valueType="integer">37</value>
  </variableValue>
  <variableValue variable="crdp2[year]">
    <value valueType="integer">10</value>
  </variableValue>
  <variableValue variable="cult[year]">
    <value valueType="decimal">7.516231406282204</value>
  </variableValue>
  <variableValue variable="dance[year]">
    <value valueType="decimal">78.74168237699635</value>
  </variableValue>
  <variableValue variable="DENTIST[year]">
    <value valueType="integer">2</value>
  </variableValue>
  <variableValue variable="DENTURE[year]">
    <value valueType="integer">2</value>
  </variableValue>
  <variableValue variable="DIABET[year]">
    <value valueType="integer">1</value>
  </variableValue>
  <variableValue variable="DRMAM[year]">
    <value valueType="integer">1</value>
  </variableValue>
  <variableValue variable="DRVISIT[year]">
    <value valueType="integer">12</value>
  </variableValue>
  <variableValue variable="dydrm[year]">
    <value valueType="decimal">47.33908157645992</value>
  </variableValue>
  <variableValue variable="EARCHK[year]">
    <value valueType="integer">1</value>
  </variableValue>
  <variableValue variable="eatout[year]">
    <value valueType="decimal">47.71776294926716</value>
  </variableValue>
  <variableValue variable="EATSALT[year]">
    <value valueType="integer">4</value>
  </variableValue>
  <variableValue variable="edact[year]">
    <value valueType="decimal">41.779914557059946</value>
  </variableValue>
  <variableValue variable="educ">
    <value valueType="integer">74</value>
  </variableValue>
  <variableValue variable="EDUC[year]">
    <value valueType="integer">38</value>
  </variableValue>
  <variableValue variable="EGG[year]">
    <value valueType="integer">3</value>
  </variableValue>
  <variableValue variable="eldcar[year]">
    <value valueType="decimal">59.978914275658354</value>
  </variableValue>
  <variableValue variable="ELDCAR[year]">
    <value valueType="decimal">74.33169187064091</value>
  </variableValue>
  <variableValue variable="ENT1[year]">
    <value valueType="integer">6</value>
  </variableValue>
  <variableValue variable="ENT2[year]">
    <value valueType="integer">14</value>
  </variableValue>
  <variableValue variable="ENT3[year]">
    <value valueType="integer">9</value>
  </variableValue>
  <variableValue variable="eth[year]">
    <value valueType="integer">17</value>
  </variableValue>
  <variableValue variable="EXCERTOT[year]">
    <value valueType="decimal">8.858437826388643</value>
  </variableValue>
  <variableValue variable="EXCERWK[year]">
    <value valueType="integer">13</value>
  </variableValue>
  <variableValue variable="EXTRAVER[year]">
    <value valueType="integer">21</value>
  </variableValue>
  <variableValue variable="EYECHG[year]">
    <value valueType="integer">7</value>
  </variableValue>
  <variableValue variable="EYECHK[year]">
    <value valueType="integer">0</value>
  </variableValue>
  <variableValue variable="EYEGLAS[year]">
    <value valueType="integer">3</value>
  </variableValue>
  <variableValue variable="FAGE[year]">
    <value valueType="integer">52</value>
  </variableValue>
  <variableValue variable="FAITH[year]">
    <value valueType="integer">2</value>
  </variableValue>
  <variableValue variable="FALLS[year]">
    <value valueType="integer">1</value>
  </variableValue>
  <variableValue variable="FCAUSE[year]">
    <value valueType="integer">12</value>
  </variableValue>
  <variableValue variable="FDIE[year]">
    <value valueType="integer">5</value>
  </variableValue>
  <variableValue variable="FIC[year]">
    <value valueType="integer">31</value>
  </variableValue>
  <variableValue variable="fit[year]">
    <value valueType="decimal">90.23264134559652</value>
  </variableValue>
  <variableValue variable="FLIVE[year]">
    <value valueType="integer">3</value>
  </variableValue>
  <variableValue variable="FLOSS[year]">
    <value valueType="integer">1</value>
  </variableValue>
  <variableValue variable="FLUSHOT[year]">
    <value valueType="integer">4</value>
  </variableValue>
  <variableValue variable="fr[year]">
    <value valueType="integer">77</value>
  </variableValue>
  <variableValue variable="fratt[year]">
    <value valueType="integer">86</value>
  </variableValue>
  <variableValue variable="frcr[year]">
    <value valueType="integer">100</value>
  </variableValue>
  <variableValue variable="fromt[year]">
    <value valueType="integer">77</value>
  </variableValue>
  <variableValue variable="frwg[year]">
    <value valueType="integer">82</value>
  </variableValue>
  <variableValue variable="game[year]">
    <value valueType="decimal">18.347275432686573</value>
  </variableValue>
  <variableValue variable="gds[year]1 –  gds[year]30">
    <value valueType="integer">1</value>
  </variableValue>
  <variableValue variable="gdstot[year]">
    <value valueType="integer">65</value>
  </variableValue>
  <variableValue variable="HANDS[year]">
    <value valueType="decimal">34.08970098266306</value>
  </variableValue>
  <variableValue variable="HARDLIQ[year]">
    <value valueType="integer">0</value>
  </variableValue>
  <variableValue variable="HEALTHCH[year]">
    <value valueType="integer">7</value>
  </variableValue>
  <variableValue variable="HEARAID[year]">
    <value valueType="integer">0</value>
  </variableValue>
  <variableValue variable="HEARCHG[year]">
    <value valueType="integer">4</value>
  </variableValue>
  <variableValue variable="HEARSPEC[year]">
    <value valueType="integer">2</value>
  </variableValue>
  <variableValue variable="HEART[year]">
    <value valueType="integer">1</value>
  </variableValue>
  <variableValue variable="HEIGHT[year]">
    <value valueType="integer">3</value>
  </variableValue>
  <variableValue variable="HHEIGHT[year]">
    <value valueType="integer">79</value>
  </variableValue>
  <variableValue variable="HIGHBLOO[year]">
    <value valueType="integer">2</value>
  </variableValue>
  <variableValue variable="HJOBTP[year]">
    <value valueType="integer">8</value>
  </variableValue>
  <variableValue variable="HMKHD[year]">
    <value valueType="decimal">54.16967493801387</value>
  </variableValue>
  <variableValue variable="HMKJB[year]">
    <value valueType="integer">14</value>
  </variableValue>
  <variableValue variable="HMKPE[year]">
    <value valueType="decimal">8.18809992976095</value>
  </variableValue>
  <variableValue variable="HMKPRS[year]">
    <value valueType="integer">4</value>
  </variableValue>
  <variableValue variable="HMKR[year]">
    <value valueType="integer">30</value>
  </variableValue>
  <variableValue variable="HMKRD[year]">
    <value valueType="decimal">53.019916118830025</value>
  </variableValue>
  <variableValue variable="HOSDAYS[year]">
    <value valueType="integer">3</value>
  </variableValue>
  <variableValue variable="HOSVISIT[year]">
    <value valueType="integer">1</value>
  </variableValue>
  <variableValue variable="HWEIGHT[year]">
    <value valueType="integer">97</value>
  </variableValue>
  <variableValue variable="INC[year]">
    <value valueType="integer">11</value>
  </variableValue>
  <variableValue variable="INC84[year]">
    <value valueType="integer">8</value>
  </variableValue>
  <variableValue variable="instr[year]">
    <value valueType="decimal">63.15536790028078</value>
  </variableValue>
  <variableValue variable="ir[year]a1 - ir[year]a20">
    <value valueType="integer">1</value>
  </variableValue>
  <variableValue variable="ir[year]b1 - ir[year]b20">
    <value valueType="integer">0</value>
  </variableValue>
  <variableValue variable="JOBLEN[year]">
    <value valueType="integer">5</value>
  </variableValue>
  <variableValue variable="JOBTYP[year]">
    <value valueType="integer">4</value>
  </variableValue>
  <variableValue variable="kidcar[year]">
    <value valueType="decimal">54.511872526661996</value>
  </variableValue>
  <variableValue variable="LAMB[year]">
    <value valueType="integer">3</value>
  </variableValue>
  <variableValue variable="lettot[year]">
    <value valueType="integer">84</value>
  </variableValue>
  <variableValue variable="LFST84[year]">
    <value valueType="integer">2</value>
  </variableValue>
  <variableValue variable="LIFSAT[year]">
    <value valueType="integer">5</value>
  </variableValue>
  <variableValue variable="LIVESMOK[year]">
    <value valueType="integer">3</value>
  </variableValue>
  <variableValue variable="ls[year]">
    <value valueType="integer">52</value>
  </variableValue>
  <variableValue variable="LSTJOB[year]">
    <value valueType="integer">1</value>
  </variableValue>
  <variableValue variable="LVNGWILL[year]">
    <value valueType="integer">1</value>
  </variableValue>
  <variableValue variable="MAGE[year]">
    <value valueType="integer">4</value>
  </variableValue>
  <variableValue variable="MAM[year]">
    <value valueType="integer">2</value>
  </variableValue>
  <variableValue variable="MAM2YR[year]">
    <value valueType="integer">2</value>
  </variableValue>
  <variableValue variable="MAMAGE[year]">
    <value valueType="integer">100</value>
  </variableValue>
  <variableValue variable="MAMEXAM[year]">
    <value valueType="integer">67</value>
  </variableValue>
  <variableValue variable="MASTECT[year]">
    <value valueType="integer">3</value>
  </variableValue>
  <variableValue variable="MCAUSE[year]">
    <value valueType="integer">7</value>
  </variableValue>
  <variableValue variable="MDIE[year]">
    <value valueType="integer">91</value>
  </variableValue>
  <variableValue variable="MED[year]">
    <value valueType="integer">2</value>
  </variableValue>
  <variableValue variable="MENAGE[year]">
    <value valueType="integer">83</value>
  </variableValue>
  <variableValue variable="MENHIST[year]">
    <value valueType="integer">36</value>
  </variableValue>
  <variableValue variable="MENSIT[year]">
    <value valueType="integer">2</value>
  </variableValue>
  <variableValue variable="MFQ[year]1">
    <value valueType="decimal">36.7093493459603</value>
  </variableValue>
  <variableValue variable="MFQ[year]2A">
    <value valueType="decimal">43.45656988171268</value>
  </variableValue>
  <variableValue variable="MFQ[year]2B">
    <value valueType="decimal">54.15346021276692</value>
  </variableValue>
  <variableValue variable="MFQ[year]2C">
    <value valueType="decimal">75.31210347419909</value>
  </variableValue>
  <variableValue variable="MFQ[year]2D">
    <value valueType="decimal">50.64458925513369</value>
  </variableValue>
  <variableValue variable="MFQ[year]2E">
    <value valueType="decimal">67.61641414618933</value>
  </variableValue>
  <variableValue variable="MFQ[year]3A">
    <value valueType="decimal">28.80910823004982</value>
  </variableValue>
  <variableValue variable="MFQ[year]3B">
    <value valueType="decimal">54.0580031506273</value>
  </variableValue>
  <variableValue variable="MFQ[year]3C">
    <value valueType="decimal">65.30049348558401</value>
  </variableValue>
  <variableValue variable="MFQ[year]3D">
    <value valueType="decimal">98.93295485856811</value>
  </variableValue>
  <variableValue variable="MFQ[year]3E">
    <value valueType="decimal">29.27041382360237</value>
  </variableValue>
  <variableValue variable="MFQ[year]3F">
    <value valueType="decimal">12.251784581476166</value>
  </variableValue>
  <variableValue variable="MFQ[year]3G">
    <value valueType="decimal">55.18864294142065</value>
  </variableValue>
  <variableValue variable="MFQ[year]3H">
    <value valueType="decimal">88.81585781057551</value>
  </variableValue>
  <variableValue variable="MFQ[year]3I">
    <value valueType="decimal">53.969283618703386</value>
  </variableValue>
  <variableValue variable="MFQ[year]3J">
    <value valueType="decimal">68.0148240017737</value>
  </variableValue>
  <variableValue variable="MFQ[year]3K">
    <value valueType="decimal">54.958008900873956</value>
  </variableValue>
  <variableValue variable="MFQ[year]3L">
    <value valueType="decimal">22.589776321203615</value>
  </variableValue>
  <variableValue variable="MFQ[year]3M">
    <value valueType="decimal">0.9832031269019215</value>
  </variableValue>
  <variableValue variable="MFQ[year]3N">
    <value valueType="decimal">97.08286154532651</value>
  </variableValue>
  <variableValue variable="MFQ[year]3O">
    <value valueType="decimal">67.12705723469541</value>
  </variableValue>
  <variableValue variable="MFQ[year]3P">
    <value valueType="decimal">44.31279444903351</value>
  </variableValue>
  <variableValue variable="MFQ[year]3Q">
    <value valueType="decimal">77.94710844936482</value>
  </variableValue>
  <variableValue variable="MFQ[year]3R">
    <value valueType="decimal">66.7000488021177</value>
  </variableValue>
  <variableValue variable="MFQ[year]4A">
    <value valueType="decimal">58.453499964757384</value>
  </variableValue>
  <variableValue variable="MFQ[year]4B">
    <value valueType="decimal">0.9003897860166088</value>
  </variableValue>
  <variableValue variable="MFQ[year]4C">
    <value valueType="decimal">61.163511885005384</value>
  </variableValue>
  <variableValue variable="MFQ[year]4D">
    <value valueType="decimal">82.83857641493692</value>
  </variableValue>
  <variableValue variable="MFQ[year]4E">
    <value valueType="decimal">69.01699036958138</value>
  </variableValue>
  <variableValue variable="MFQ[year]5A">
    <value valueType="decimal">66.27574044326691</value>
  </variableValue>
  <variableValue variable="MFQ[year]5B">
    <value valueType="decimal">24.910006366657477</value>
  </variableValue>
  <variableValue variable="MFQ[year]5C">
    <value valueType="decimal">13.466689151981603</value>
  </variableValue>
  <variableValue variable="MFQ[year]5D">
    <value valueType="decimal">90.21901553308909</value>
  </variableValue>
  <variableValue variable="MFQ[year]5E">
    <value valueType="decimal">29.802345396953157</value>
  </variableValue>
  <variableValue variable="MFQ[year]6A">
    <value valueType="decimal">83.13472251384331</value>
  </variableValue>
  <variableValue variable="MFQ[year]6B">
    <value valueType="decimal">25.685512440178993</value>
  </variableValue>
  <variableValue variable="MFQ[year]6C">
    <value valueType="decimal">3.158071867924972</value>
  </variableValue>
  <variableValue variable="MFQ[year]6D">
    <value valueType="decimal">84.91511015070745</value>
  </variableValue>
  <variableValue variable="MFQ[year]7A">
    <value valueType="decimal">60.046683330230124</value>
  </variableValue>
  <variableValue variable="MFQ[year]7B">
    <value valueType="decimal">27.77775794690822</value>
  </variableValue>
  <variableValue variable="MFQ[year]7C">
    <value valueType="decimal">7.217208278118948</value>
  </variableValue>
  <variableValue variable="MFQ[year]7D">
    <value valueType="decimal">33.65118426335217</value>
  </variableValue>
  <variableValue variable="MFQ[year]7E">
    <value valueType="decimal">33.54943525859678</value>
  </variableValue>
  <variableValue variable="MFQ[year]7F">
    <value valueType="decimal">38.55910158994988</value>
  </variableValue>
  <variableValue variable="MFQ[year]7G">
    <value valueType="decimal">10.204850001283495</value>
  </variableValue>
  <variableValue variable="MFQ[year]7H">
    <value valueType="decimal">30.692008623806245</value>
  </variableValue>
  <variableValue variable="MFQ[year]7I">
    <value valueType="decimal">76.03268887500461</value>
  </variableValue>
  <variableValue variable="MFQ[year]7J">
    <value valueType="decimal">15.895599898508495</value>
  </variableValue>
  <variableValue variable="MFQ[year]7K">
    <value valueType="decimal">96.01875094956903</value>
  </variableValue>
  <variableValue variable="MFQ[year]7L">
    <value valueType="decimal">26.563160942729912</value>
  </variableValue>
  <variableValue variable="MFQ[year]7M">
    <value valueType="decimal">50.72820445453683</value>
  </variableValue>
  <variableValue variable="MFQ[year]7N">
    <value valueType="decimal">63.848204123407356</value>
  </variableValue>
  <variableValue variable="MFQ[year]7O">
    <value valueType="decimal">33.55684881229448</value>
  </variableValue>
  <variableValue variable="MFQ[year]7P">
    <value valueType="decimal">33.79878208093032</value>
  </variableValue>
  <variableValue variable="MFQ[year]7Q">
    <value valueType="decimal">8.652450835686887</value>
  </variableValue>
  <variableValue variable="MFQ[year]7R">
    <value valueType="decimal">3.6281222224083587</value>
  </variableValue>
  <variableValue variable="MFQ[year]8A">
    <value valueType="decimal">41.47766611769351</value>
  </variableValue>
  <variableValue variable="MFQ[year]8B">
    <value valueType="decimal">32.16249539779263</value>
  </variableValue>
  <variableValue variable="MFQ[year]8C">
    <value valueType="decimal">71.10005725093644</value>
  </variableValue>
  <variableValue variable="MFQ[year]8D">
    <value valueType="decimal">37.39436549916425</value>
  </variableValue>
  <variableValue variable="MFQ[year]8E">
    <value valueType="decimal">77.41683108586133</value>
  </variableValue>
  <variableValue variable="MFQ[year]8F">
    <value valueType="decimal">49.42689015633918</value>
  </variableValue>
  <variableValue variable="MFQ[year]8G">
    <value valueType="decimal">75.71844521218856</value>
  </variableValue>
  <variableValue variable="MFQ[year]8H">
    <value valueType="decimal">55.89751680852137</value>
  </variableValue>
  <variableValue variable="MFQ1[year]">
    <value valueType="integer">49</value>
  </variableValue>
  <variableValue variable="mfq1[year]">
    <value valueType="decimal">17.70862941069602</value>
  </variableValue>
  <variableValue variable="MFQ2[year]">
    <value valueType="integer">84</value>
  </variableValue>
  <variableValue variable="mfq2[year]">
    <value valueType="decimal">10.385445485095968</value>
  </variableValue>
  <variableValue variable="MFQ3[year]">
    <value valueType="integer">71</value>
  </variableValue>
  <variableValue variable="mfq3[year]">
    <value valueType="decimal">62.892523875950126</value>
  </variableValue>
  <variableValue variable="MFQ4[year]">
    <value valueType="integer">89</value>
  </variableValue>
  <variableValue variable="mfq4[year]">
    <value valueType="decimal">62.337777578070906</value>
  </variableValue>
  <variableValue variable="MLIVE[year]">
    <value valueType="integer">1</value>
  </variableValue>
  <variableValue variable="MOMWK[year]">
    <value valueType="integer">0</value>
  </variableValue>
  <variableValue variable="movie[year]">
    <value valueType="decimal">58.42809915014203</value>
  </variableValue>
  <variableValue variable="MSTA84[year]">
    <value valueType="integer">3</value>
  </variableValue>
  <variableValue variable="MSTAT[year]">
    <value valueType="integer">6</value>
  </variableValue>
  <variableValue variable="NBKS[year]">
    <value valueType="integer">25</value>
  </variableValue>
  <variableValue variable="NCONF[year]">
    <value valueType="integer">8</value>
  </variableValue>
  <variableValue variable="NEEDCATA[year]">
    <value valueType="integer">1</value>
  </variableValue>
  <variableValue variable="NEMP[year]">
    <value valueType="integer">25</value>
  </variableValue>
  <variableValue variable="NEUROTIC[year]">
    <value valueType="integer">54</value>
  </variableValue>
  <variableValue variable="NEWPRNT[year]">
    <value valueType="integer">1</value>
  </variableValue>
  <variableValue variable="nfr[year]">
    <value valueType="integer">92</value>
  </variableValue>
  <variableValue variable="NFRN[year]">
    <value valueType="integer">75</value>
  </variableValue>
  <variableValue variable="NGRNKD[year]">
    <value valueType="integer">83</value>
  </variableValue>
  <variableValue variable="NJOB[year]">
    <value valueType="integer">15</value>
  </variableValue>
  <variableValue variable="NKDHM[year]">
    <value valueType="integer">94</value>
  </variableValue>
  <variableValue variable="NKIDS[year]">
    <value valueType="integer">71</value>
  </variableValue>
  <variableValue variable="NMAG[year]">
    <value valueType="integer">56</value>
  </variableValue>
  <variableValue variable="NMOV[year]">
    <value valueType="integer">89</value>
  </variableValue>
  <variableValue variable="NMTG[year]">
    <value valueType="integer">39</value>
  </variableValue>
  <variableValue variable="NNEIG[year]">
    <value valueType="integer">4</value>
  </variableValue>
  <variableValue variable="NOBR[year]">
    <value valueType="integer">73</value>
  </variableValue>
  <variableValue variable="NOISE[year]">
    <value valueType="integer">3</value>
  </variableValue>
  <variableValue variable="NONFIC[year]">
    <value valueType="integer">54</value>
  </variableValue>
  <variableValue variable="nor[year]">
    <value valueType="integer">4</value>
  </variableValue>
  <variableValue variable="norcr[year]">
    <value valueType="integer">73</value>
  </variableValue>
  <variableValue variable="NOSIS[year]">
    <value valueType="integer">27</value>
  </variableValue>
  <variableValue variable="NOWRK[year]">
    <value valueType="integer">1</value>
  </variableValue>
  <variableValue variable="NRMS[year]">
    <value valueType="integer">38</value>
  </variableValue>
  <variableValue variable="nsp08">
    <value valueType="integer">22</value>
  </variableValue>
  <variableValue variable="NSTATE[year]">
    <value valueType="integer">8</value>
  </variableValue>
  <variableValue variable="NTRAD[year]">
    <value valueType="integer">59</value>
  </variableValue>
  <variableValue variable="NTRIPS[year]">
    <value valueType="integer">62</value>
  </variableValue>
  <variableValue variable="numtot[year]">
    <value valueType="integer">11</value>
  </variableValue>
  <variableValue variable="NVISIT[year]">
    <value valueType="integer">4</value>
  </variableValue>
  <variableValue variable="NWED[year]">
    <value valueType="integer">8</value>
  </variableValue>
  <variableValue variable="NYBR[year]">
    <value valueType="integer">71</value>
  </variableValue>
  <variableValue variable="NYSIS[year]">
    <value valueType="integer">20</value>
  </variableValue>
  <variableValue variable="OBGYN[year]">
    <value valueType="integer">1</value>
  </variableValue>
  <variableValue variable="OCC[year]">
    <value valueType="integer">2</value>
  </variableValue>
  <variableValue variable="OCC84[year]">
    <value valueType="integer">5</value>
  </variableValue>
  <variableValue variable="OPEN[year]">
    <value valueType="integer">41</value>
  </variableValue>
  <variableValue variable="or[year]">
    <value valueType="integer">11</value>
  </variableValue>
  <variableValue variable="oratt[year]">
    <value valueType="integer">16</value>
  </variableValue>
  <variableValue variable="ORGAN[year]">
    <value valueType="integer">1</value>
  </variableValue>
  <variableValue variable="oromt[year]">
    <value valueType="integer">59</value>
  </variableValue>
  <variableValue variable="orwg[year]">
    <value valueType="integer">5</value>
  </variableValue>
  <variableValue variable="OTJ[year]">
    <value valueType="integer">0</value>
  </variableValue>
  <variableValue variable="outhob[year]">
    <value valueType="decimal">54.399215501437645</value>
  </variableValue>
  <variableValue variable="OWNHM[year]">
    <value valueType="integer">1</value>
  </variableValue>
  <variableValue variable="PAINREL[year]">
    <value valueType="integer">2</value>
  </variableValue>
  <variableValue variable="PAP[year]">
    <value valueType="integer">2</value>
  </variableValue>
  <variableValue variable="party[year]">
    <value valueType="decimal">98.80186217635048</value>
  </variableValue>
  <variableValue variable="pase1">
    <value valueType="integer">3</value>
  </variableValue>
  <variableValue variable="pase10">
    <value valueType="integer">1</value>
  </variableValue>
  <variableValue variable="pase10a">
    <value valueType="decimal">45.39954098391331</value>
  </variableValue>
  <variableValue variable="pase10b">
    <value valueType="integer">3</value>
  </variableValue>
  <variableValue variable="pase1b">
    <value valueType="integer">3</value>
  </variableValue>
  <variableValue variable="pase2">
    <value valueType="integer">0</value>
  </variableValue>
  <variableValue variable="pase2a">
    <value valueType="integer">4</value>
  </variableValue>
  <variableValue variable="pase3">
    <value valueType="integer">3</value>
  </variableValue>
  <variableValue variable="pase3b">
    <value valueType="integer">1</value>
  </variableValue>
  <variableValue variable="pase4">
    <value valueType="integer">2</value>
  </variableValue>
  <variableValue variable="pase4b">
    <value valueType="integer">1</value>
  </variableValue>
  <variableValue variable="pase5">
    <value valueType="integer">1</value>
  </variableValue>
  <variableValue variable="pase5b">
    <value valueType="integer">1</value>
  </variableValue>
  <variableValue variable="pase6">
    <value valueType="integer">0</value>
  </variableValue>
  <variableValue variable="pase6b">
    <value valueType="integer">1</value>
  </variableValue>
  <variableValue variable="pase7">
    <value valueType="integer">1</value>
  </variableValue>
  <variableValue variable="pase8">
    <value valueType="integer">0</value>
  </variableValue>
  <variableValue variable="pase9a - pase9d">
    <value valueType="integer">0</value>
  </variableValue>
  <variableValue variable="pattot[year]">
    <value valueType="integer">95</value>
  </variableValue>
  <variableValue variable="PDEMP[year]">
    <value valueType="integer">1</value>
  </variableValue>
  <variableValue variable="PEOP[year]">
    <value valueType="decimal">46.2319113775138</value>
  </variableValue>
  <variableValue variable="pets[year]">
    <value valueType="decimal">83.4669843520612</value>
  </variableValue>
  <variableValue variable="phone[year]">
    <value valueType="decimal">8.929347156963296</value>
  </variableValue>
  <variableValue variable="picnic[year]">
    <value valueType="decimal">80.25867900225407</value>
  </variableValue>
  <variableValue variable="PIPEDAY[year]">
    <value valueType="integer">4</value>
  </variableValue>
  <variableValue variable="PIPES[year]">
    <value valueType="integer">6</value>
  </variableValue>
  <variableValue variable="pirr1[year]">
    <value valueType="integer">19</value>
  </variableValue>
  <variableValue variable="pirr2[year]">
    <value valueType="integer">32</value>
  </variableValue>
  <variableValue variable="PORK[year]">
    <value valueType="integer">4</value>
  </variableValue>
  <variableValue variable="ppr1[year]">
    <value valueType="integer">24</value>
  </variableValue>
  <variableValue variable="ppr2[year]">
    <value valueType="integer">10</value>
  </variableValue>
  <variableValue variable="ppr3[year]">
    <value valueType="integer">20</value>
  </variableValue>
  <variableValue variable="pray[year]">
    <value valueType="decimal">56.13926472228239</value>
  </variableValue>
  <variableValue variable="PRESR[year]">
    <value valueType="integer">3</value>
  </variableValue>
  <variableValue variable="PRO2YR[year]">
    <value valueType="integer">2</value>
  </variableValue>
  <variableValue variable="PROAGE[year]">
    <value valueType="integer">35</value>
  </variableValue>
  <variableValue variable="PROENLAR[year]">
    <value valueType="integer">1</value>
  </variableValue>
  <variableValue variable="PROEXAM[year]">
    <value valueType="integer">48</value>
  </variableValue>
  <variableValue variable="PROS[year]">
    <value valueType="integer">2</value>
  </variableValue>
  <variableValue variable="PROSUC[year]">
    <value valueType="integer">5</value>
  </variableValue>
  <variableValue variable="PRSC84[year]">
    <value valueType="integer">5</value>
  </variableValue>
  <variableValue variable="radio[year]">
    <value valueType="decimal">87.77469748587053</value>
  </variableValue>
  <variableValue variable="RDPAPR[year]">
    <value valueType="integer">0</value>
  </variableValue>
  <variableValue variable="RDWRIT[year]">
    <value valueType="decimal">72.23157478550108</value>
  </variableValue>
  <variableValue variable="read[year]">
    <value valueType="decimal">81.28120176660198</value>
  </variableValue>
  <variableValue variable="REGULAR[year]">
    <value valueType="integer">1</value>
  </variableValue>
  <variableValue variable="REMAR[year]">
    <value valueType="integer">7</value>
  </variableValue>
  <variableValue variable="rv[year]">
    <value valueType="integer">82</value>
  </variableValue>
  <variableValue variable="SAFE[year]">
    <value valueType="integer">0</value>
  </variableValue>
  <variableValue variable="SBHWY[year]">
    <value valueType="integer">1</value>
  </variableValue>
  <variableValue variable="SBTOWN[year]">
    <value valueType="integer">1</value>
  </variableValue>
  <variableValue variable="SELFBLOO[year]">
    <value valueType="integer">4</value>
  </variableValue>
  <variableValue variable="selfim[year]">
    <value valueType="decimal">41.617462404013175</value>
  </variableValue>
  <variableValue variable="SELFMAM[year]">
    <value valueType="integer">4</value>
  </variableValue>
  <variableValue variable="sex">
    <value valueType="integer">1</value>
  </variableValue>
  <variableValue variable="shop[year]">
    <value valueType="decimal">28.351251835814928</value>
  </variableValue>
  <variableValue variable="SIBS[year]">
    <value valueType="integer">17</value>
  </variableValue>
  <variableValue variable="SLEEP[year]">
    <value valueType="integer">5</value>
  </variableValue>
  <variableValue variable="smdvh[year]">
    <value valueType="integer">31</value>
  </variableValue>
  <variableValue variable="smdvl[year]">
    <value valueType="integer">79</value>
  </variableValue>
  <variableValue variable="SMK[year]">
    <value valueType="integer">1</value>
  </variableValue>
  <variableValue variable="SMOKE[year]">
    <value valueType="integer">3</value>
  </variableValue>
  <variableValue variable="SMOKEPAS[year]">
    <value valueType="decimal">88.90394715692457</value>
  </variableValue>
  <variableValue variable="SODA[year]">
    <value valueType="integer">3</value>
  </variableValue>
  <variableValue variable="SODIUM[year]">
    <value valueType="integer">4</value>
  </variableValue>
  <variableValue variable="SPBRN[year]">
    <value valueType="integer">34</value>
  </variableValue>
  <variableValue variable="spec[year]">
    <value valueType="decimal">77.57804068907814</value>
  </variableValue>
  <variableValue variable="SPEED[year]">
    <value valueType="integer">3</value>
  </variableValue>
  <variableValue variable="SPOCC[year]">
    <value valueType="integer">8</value>
  </variableValue>
  <variableValue variable="sport[year]">
    <value valueType="decimal">87.39429695258704</value>
  </variableValue>
  <variableValue variable="SPRVIS[year]">
    <value valueType="integer">2</value>
  </variableValue>
  <variableValue variable="SREYE[year]">
    <value valueType="integer">2</value>
  </variableValue>
  <variableValue variable="srh[year]">
    <value valueType="integer">4</value>
  </variableValue>
  <variableValue variable="SRHEALTH">
    <value valueType="integer">4</value>
  </variableValue>
  <variableValue variable="SRHEAR[year]">
    <value valueType="integer">5</value>
  </variableValue>
  <variableValue variable="sstot[year]">
    <value valueType="integer">24</value>
  </variableValue>
  <variableValue variable="STAIRS[year]">
    <value valueType="integer">1</value>
  </variableValue>
  <variableValue variable="TEA[year]">
    <value valueType="integer">4</value>
  </variableValue>
  <variableValue variable="TRAF[year]">
    <value valueType="integer">0</value>
  </variableValue>
  <variableValue variable="travel[year]">
    <value valueType="decimal">61.66910889037291</value>
  </variableValue>
  <variableValue variable="TREES[year]">
    <value valueType="integer">1</value>
  </variableValue>
  <variableValue variable="TRYSTOP[year]">
    <value valueType="integer">2</value>
  </variableValue>
  <variableValue variable="tv[year]">
    <value valueType="decimal">77.31791560519157</value>
  </variableValue>
  <variableValue variable="TYPBLD[year]">
    <value valueType="integer">8</value>
  </variableValue>
  <variableValue variable="UNIVEX[year]">
    <value valueType="integer">1</value>
  </variableValue>
  <variableValue variable="VEAL[year]">
    <value valueType="integer">5</value>
  </variableValue>
  <variableValue variable="vis[year]">
    <value valueType="decimal">89.86677757729322</value>
  </variableValue>
  <variableValue variable="vocab1[year]">
    <value valueType="integer">47</value>
  </variableValue>
  <variableValue variable="vocab2[year]">
    <value valueType="integer">33</value>
  </variableValue>
  <variableValue variable="VOCAT[year]">
    <value valueType="integer">0</value>
  </variableValue>
  <variableValue variable="vol[year]">
    <value valueType="decimal">50.52166975180915</value>
  </variableValue>
  <variableValue variable="walk[year]">
    <value valueType="decimal">22.700512230841476</value>
  </variableValue>
  <variableValue variable="WALK[year]">
    <value valueType="integer">2</value>
  </variableValue>
  <variableValue variable="wdflu[year]">
    <value valueType="integer">56</value>
  </variableValue>
  <variableValue variable="WEIGHT[year]">
    <value valueType="integer">45</value>
  </variableValue>
  <variableValue variable="WELL[year]">
    <value valueType="integer">3</value>
  </variableValue>
  <variableValue variable="WINE[year]">
    <value valueType="integer">100</value>
  </variableValue>
  <variableValue variable="write[year]">
    <value valueType="decimal">59.31594189780505</value>
  </variableValue>
  <variableValue variable="WRKPLC[year]">
    <value valueType="integer">4</value>
  </variableValue>
  <variableValue variable="WRKTYP[year]">
    <value valueType="integer">1</value>
  </variableValue>
  <variableValue variable="ws[year]">
    <value valueType="integer">57</value>
  </variableValue>
  <variableValue variable="YEAROP[year]">
    <value valueType="integer">82</value>
  </variableValue>
  <variableValue variable="YRQUIT[year]">
    <value valueType="integer">26</value>
  </variableValue>
  <variableValue variable="YRRET[year]">
    <value valueType="integer">8</value>
  </variableValue>
  <variableValue variable="YRSMOKE[year]">
    <value valueType="decimal">8.882938980174139</value>
  </variableValue>
</valueSet>