<valueSet valueTable="2008" entityType="Participant" entityIdentifier="1207892012078920">
  <variableValue variable="ADLTED[year]">
    <value valueType="integer">0</value>
  </variableValue>
  <variableValue variable="ADVDIR[year]">
    <value valueType="integer">1</value>
  </variableValue>
  <variableValue variable="age[year]">
    <value valueType="integer">38</value>
  </variableValue>
  <variableValue variable="AGEKID[year]">
    <value valueType="integer">60</value>
  </variableValue>
  <variableValue variable="AGENB[year]">
    <value valueType="integer">7</value>
  </variableValue>
  <variableValue variable="AGEWED[year]">
    <value valueType="integer">86</value>
  </variableValue>
  <variableValue variable="AGFRN[year]">
    <value valueType="integer">2</value>
  </variableValue>
  <variableValue variable="AGREE[year]">
    <value valueType="integer">86</value>
  </variableValue>
  <variableValue variable="ALCOHOL[year]">
    <value valueType="integer">1</value>
  </variableValue>
  <variableValue variable="Apdemp[year]">
    <value valueType="decimal">9.888072248465619</value>
  </variableValue>
  <variableValue variable="ART[year]">
    <value valueType="integer">3</value>
  </variableValue>
  <variableValue variable="BDATE_DY">
    <value valueType="integer">99</value>
  </variableValue>
  <variableValue variable="BDATE_MO">
    <value valueType="integer">44</value>
  </variableValue>
  <variableValue variable="BDATE_YR">
    <value valueType="integer">70</value>
  </variableValue>
  <variableValue variable="BEEF[year]">
    <value valueType="integer">5</value>
  </variableValue>
  <variableValue variable="BEER[year]">
    <value valueType="integer">7</value>
  </variableValue>
  <variableValue variable="BLDLK[year]">
    <value valueType="integer">4</value>
  </variableValue>
  <variableValue variable="BLOODPRE[year]">
    <value valueType="integer">4</value>
  </variableValue>
  <variableValue variable="BOOK[year]">
    <value valueType="integer">2</value>
  </variableValue>
  <variableValue variable="BRUSH[year]">
    <value valueType="integer">45</value>
  </variableValue>
  <variableValue variable="BUTTER[year]">
    <value valueType="integer">2</value>
  </variableValue>
  <variableValue variable="BUYFAT[year]">
    <value valueType="integer">2</value>
  </variableValue>
  <variableValue variable="BUYSALT[year]">
    <value valueType="integer">3</value>
  </variableValue>
  <variableValue variable="CANCHK[year]">
    <value valueType="integer">2</value>
  </variableValue>
  <variableValue variable="cards[year]">
    <value valueType="decimal">76.43521553876097</value>
  </variableValue>
  <variableValue variable="CATARACT[year]">
    <value valueType="integer">1</value>
  </variableValue>
  <variableValue variable="CHKFAT[year]">
    <value valueType="integer">5</value>
  </variableValue>
  <variableValue variable="CHOLES[year]">
    <value valueType="integer">2</value>
  </variableValue>
  <variableValue variable="chur[year]">
    <value valueType="decimal">58.87584200646656</value>
  </variableValue>
  <variableValue variable="CIGARDAY[year]">
    <value valueType="integer">5</value>
  </variableValue>
  <variableValue variable="CIGARS[year]">
    <value valueType="integer">5</value>
  </variableValue>
  <variableValue variable="CIGDAY[year]">
    <value valueType="integer">4</value>
  </variableValue>
  <variableValue variable="CIGS[year]">
    <value valueType="integer">1</value>
  </variableValue>
  <variableValue variable="CLNAIR[year]">
    <value valueType="integer">5</value>
  </variableValue>
  <variableValue variable="COFFEE[year]">
    <value valueType="integer">6</value>
  </variableValue>
  <variableValue variable="CONSCIEN[year]">
    <value valueType="integer">34</value>
  </variableValue>
  <variableValue variable="cook[year]">
    <value valueType="decimal">55.65814727890036</value>
  </variableValue>
  <variableValue variable="COOKBUT[year]">
    <value valueType="integer">1</value>
  </variableValue>
  <variableValue variable="CORS[year]">
    <value valueType="integer">0</value>
  </variableValue>
  <variableValue variable="crafts[year]">
    <value valueType="decimal">30.424585660630086</value>
  </variableValue>
  <variableValue variable="crdp1[year]">
    <value valueType="integer">19</value>
  </variableValue>
  <variableValue variable="crdp2[year]">
    <value valueType="integer">0</value>
  </variableValue>
  <variableValue variable="cult[year]">
    <value valueType="decimal">99.40056799594986</value>
  </variableValue>
  <variableValue variable="dance[year]">
    <value valueType="decimal">32.406290273482085</value>
  </variableValue>
  <variableValue variable="DENTIST[year]">
    <value valueType="integer">2</value>
  </variableValue>
  <variableValue variable="DENTURE[year]">
    <value valueType="integer">1</value>
  </variableValue>
  <variableValue variable="DIABET[year]">
    <value valueType="integer">2</value>
  </variableValue>
  <variableValue variable="DRMAM[year]">
    <value valueType="integer">5</value>
  </variableValue>
  <variableValue variable="DRVISIT[year]">
    <value valueType="integer">46</value>
  </variableValue>
  <variableValue variable="dydrm[year]">
    <value valueType="decimal">56.91391255410592</value>
  </variableValue>
  <variableValue variable="EARCHK[year]">
    <value valueType="integer">0</value>
  </variableValue>
  <variableValue variable="eatout[year]">
    <value valueType="decimal">63.565351523207006</value>
  </variableValue>
  <variableValue variable="EATSALT[year]">
    <value valueType="integer">4</value>
  </variableValue>
  <variableValue variable="edact[year]">
    <value valueType="decimal">67.53668911147707</value>
  </variableValue>
  <variableValue variable="educ">
    <value valueType="integer">78</value>
  </variableValue>
  <variableValue variable="EDUC[year]">
    <value valueType="integer">23</value>
  </variableValue>
  <variableValue variable="EGG[year]">
    <value valueType="integer">5</value>
  </variableValue>
  <variableValue variable="eldcar[year]">
    <value valueType="decimal">16.72044774562894</value>
  </variableValue>
  <variableValue variable="ELDCAR[year]">
    <value valueType="decimal">69.97746309770848</value>
  </variableValue>
  <variableValue variable="ENT1[year]">
    <value valueType="integer">13</value>
  </variableValue>
  <variableValue variable="ENT2[year]">
    <value valueType="integer">8</value>
  </variableValue>
  <variableValue variable="ENT3[year]">
    <value valueType="integer">11</value>
  </variableValue>
  <variableValue variable="eth[year]">
    <value valueType="integer">10</value>
  </variableValue>
  <variableValue variable="EXCERTOT[year]">
    <value valueType="decimal">11.271213271286085</value>
  </variableValue>
  <variableValue variable="EXCERWK[year]">
    <value valueType="integer">21</value>
  </variableValue>
  <variableValue variable="EXTRAVER[year]">
    <value valueType="integer">7</value>
  </variableValue>
  <variableValue variable="EYECHG[year]">
    <value valueType="integer">1</value>
  </variableValue>
  <variableValue variable="EYECHK[year]">
    <value valueType="integer">0</value>
  </variableValue>
  <variableValue variable="EYEGLAS[year]">
    <value valueType="integer">2</value>
  </variableValue>
  <variableValue variable="FAGE[year]">
    <value valueType="integer">37</value>
  </variableValue>
  <variableValue variable="FAITH[year]">
    <value valueType="integer">3</value>
  </variableValue>
  <variableValue variable="FALLS[year]">
    <value valueType="integer">1</value>
  </variableValue>
  <variableValue variable="FCAUSE[year]">
    <value valueType="integer">11</value>
  </variableValue>
  <variableValue variable="FDIE[year]">
    <value valueType="integer">71</value>
  </variableValue>
  <variableValue variable="FIC[year]">
    <value valueType="integer">75</value>
  </variableValue>
  <variableValue variable="fit[year]">
    <value valueType="decimal">19.515110729937003</value>
  </variableValue>
  <variableValue variable="FLIVE[year]">
    <value valueType="integer">3</value>
  </variableValue>
  <variableValue variable="FLOSS[year]">
    <value valueType="integer">1</value>
  </variableValue>
  <variableValue variable="FLUSHOT[year]">
    <value valueType="integer">5</value>
  </variableValue>
  <variableValue variable="fr[year]">
    <value valueType="integer">5</value>
  </variableValue>
  <variableValue variable="fratt[year]">
    <value valueType="integer">30</value>
  </variableValue>
  <variableValue variable="frcr[year]">
    <value valueType="integer">39</value>
  </variableValue>
  <variableValue variable="fromt[year]">
    <value valueType="integer">18</value>
  </variableValue>
  <variableValue variable="frwg[year]">
    <value valueType="integer">23</value>
  </variableValue>
  <variableValue variable="game[year]">
    <value valueType="decimal">40.39434849542942</value>
  </variableValue>
  <variableValue variable="gds[year]1 –  gds[year]30">
    <value valueType="integer">1</value>
  </variableValue>
  <variableValue variable="gdstot[year]">
    <value valueType="integer">81</value>
  </variableValue>
  <variableValue variable="HANDS[year]">
    <value valueType="decimal">18.52267256887199</value>
  </variableValue>
  <variableValue variable="HARDLIQ[year]">
    <value valueType="integer">23</value>
  </variableValue>
  <variableValue variable="HEALTHCH[year]">
    <value valueType="integer">5</value>
  </variableValue>
  <variableValue variable="HEARAID[year]">
    <value valueType="integer">1</value>
  </variableValue>
  <variableValue variable="HEARCHG[year]">
    <value valueType="integer">1</value>
  </variableValue>
  <variableValue variable="HEARSPEC[year]">
    <value valueType="integer">1</value>
  </variableValue>
  <variableValue variable="HEART[year]">
    <value valueType="integer">3</value>
  </variableValue>
  <variableValue variable="HEIGHT[year]">
    <value valueType="integer">19</value>
  </variableValue>
  <variableValue variable="HHEIGHT[year]">
    <value valueType="integer">78</value>
  </variableValue>
  <variableValue variable="HIGHBLOO[year]">
    <value valueType="integer">1</value>
  </variableValue>
  <variableValue variable="HJOBTP[year]">
    <value valueType="integer">6</value>
  </variableValue>
  <variableValue variable="HMKHD[year]">
    <value valueType="decimal">67.97011831985718</value>
  </variableValue>
  <variableValue variable="HMKJB[year]">
    <value valueType="integer">50</value>
  </variableValue>
  <variableValue variable="HMKPE[year]">
    <value valueType="decimal">27.260439372699807</value>
  </variableValue>
  <variableValue variable="HMKPRS[year]">
    <value valueType="integer">3</value>
  </variableValue>
  <variableValue variable="HMKR[year]">
    <value valueType="integer">37</value>
  </variableValue>
  <variableValue variable="HMKRD[year]">
    <value valueType="decimal">65.38194752515625</value>
  </variableValue>
  <variableValue variable="HOSDAYS[year]">
    <value valueType="integer">48</value>
  </variableValue>
  <variableValue variable="HOSVISIT[year]">
    <value valueType="integer">1</value>
  </variableValue>
  <variableValue variable="HWEIGHT[year]">
    <value valueType="integer">18</value>
  </variableValue>
  <variableValue variable="INC[year]">
    <value valueType="integer">1</value>
  </variableValue>
  <variableValue variable="INC84[year]">
    <value valueType="integer">3</value>
  </variableValue>
  <variableValue variable="instr[year]">
    <value valueType="decimal">63.67225362078872</value>
  </variableValue>
  <variableValue variable="ir[year]a1 - ir[year]a20">
    <value valueType="integer">1</value>
  </variableValue>
  <variableValue variable="ir[year]b1 - ir[year]b20">
    <value valueType="integer">1</value>
  </variableValue>
  <variableValue variable="JOBLEN[year]">
    <value valueType="integer">5</value>
  </variableValue>
  <variableValue variable="JOBTYP[year]">
    <value valueType="integer">2</value>
  </variableValue>
  <variableValue variable="kidcar[year]">
    <value valueType="decimal">79.6641216703692</value>
  </variableValue>
  <variableValue variable="LAMB[year]">
    <value valueType="integer">3</value>
  </variableValue>
  <variableValue variable="lettot[year]">
    <value valueType="integer">60</value>
  </variableValue>
  <variableValue variable="LFST84[year]">
    <value valueType="integer">4</value>
  </variableValue>
  <variableValue variable="LIFSAT[year]">
    <value valueType="integer">2</value>
  </variableValue>
  <variableValue variable="LIVESMOK[year]">
    <value valueType="integer">3</value>
  </variableValue>
  <variableValue variable="ls[year]">
    <value valueType="integer">95</value>
  </variableValue>
  <variableValue variable="LSTJOB[year]">
    <value valueType="integer">2</value>
  </variableValue>
  <variableValue variable="LVNGWILL[year]">
    <value valueType="integer">2</value>
  </variableValue>
  <variableValue variable="MAGE[year]">
    <value valueType="integer">90</value>
  </variableValue>
  <variableValue variable="MAM[year]">
    <value valueType="integer">1</value>
  </variableValue>
  <variableValue variable="MAM2YR[year]">
    <value valueType="integer">2</value>
  </variableValue>
  <variableValue variable="MAMAGE[year]">
    <value valueType="integer">67</value>
  </variableValue>
  <variableValue variable="MAMEXAM[year]">
    <value valueType="integer">71</value>
  </variableValue>
  <variableValue variable="MASTECT[year]">
    <value valueType="integer">2</value>
  </variableValue>
  <variableValue variable="MCAUSE[year]">
    <value valueType="integer">8</value>
  </variableValue>
  <variableValue variable="MDIE[year]">
    <value valueType="integer">3</value>
  </variableValue>
  <variableValue variable="MED[year]">
    <value valueType="integer">2</value>
  </variableValue>
  <variableValue variable="MENAGE[year]">
    <value valueType="integer">34</value>
  </variableValue>
  <variableValue variable="MENHIST[year]">
    <value valueType="integer">87</value>
  </variableValue>
  <variableValue variable="MENSIT[year]">
    <value valueType="integer">7</value>
  </variableValue>
  <variableValue variable="MFQ[year]1">
    <value valueType="decimal">91.79824853707021</value>
  </variableValue>
  <variableValue variable="MFQ[year]2A">
    <value valueType="decimal">67.86383053807607</value>
  </variableValue>
  <variableValue variable="MFQ[year]2B">
    <value valueType="decimal">44.644444467442476</value>
  </variableValue>
  <variableValue variable="MFQ[year]2C">
    <value valueType="decimal">25.28178984967876</value>
  </variableValue>
  <variableValue variable="MFQ[year]2D">
    <value valueType="decimal">63.14373608959515</value>
  </variableValue>
  <variableValue variable="MFQ[year]2E">
    <value valueType="decimal">68.6033283142997</value>
  </variableValue>
  <variableValue variable="MFQ[year]3A">
    <value valueType="decimal">97.96687380315069</value>
  </variableValue>
  <variableValue variable="MFQ[year]3B">
    <value valueType="decimal">60.096035586478635</value>
  </variableValue>
  <variableValue variable="MFQ[year]3C">
    <value valueType="decimal">42.57135182497214</value>
  </variableValue>
  <variableValue variable="MFQ[year]3D">
    <value valueType="decimal">14.696466621521365</value>
  </variableValue>
  <variableValue variable="MFQ[year]3E">
    <value valueType="decimal">78.3501175749021</value>
  </variableValue>
  <variableValue variable="MFQ[year]3F">
    <value valueType="decimal">78.18075135011787</value>
  </variableValue>
  <variableValue variable="MFQ[year]3G">
    <value valueType="decimal">67.0735497474989</value>
  </variableValue>
  <variableValue variable="MFQ[year]3H">
    <value valueType="decimal">1.2459842166349433</value>
  </variableValue>
  <variableValue variable="MFQ[year]3I">
    <value valueType="decimal">79.92755118194712</value>
  </variableValue>
  <variableValue variable="MFQ[year]3J">
    <value valueType="decimal">51.59701224771498</value>
  </variableValue>
  <variableValue variable="MFQ[year]3K">
    <value valueType="decimal">95.3525812192958</value>
  </variableValue>
  <variableValue variable="MFQ[year]3L">
    <value valueType="decimal">39.94409823445573</value>
  </variableValue>
  <variableValue variable="MFQ[year]3M">
    <value valueType="decimal">3.687214688355822</value>
  </variableValue>
  <variableValue variable="MFQ[year]3N">
    <value valueType="decimal">89.40916235826077</value>
  </variableValue>
  <variableValue variable="MFQ[year]3O">
    <value valueType="decimal">80.10036854895527</value>
  </variableValue>
  <variableValue variable="MFQ[year]3P">
    <value valueType="decimal">53.65358481914305</value>
  </variableValue>
  <variableValue variable="MFQ[year]3Q">
    <value valueType="decimal">34.80656442561886</value>
  </variableValue>
  <variableValue variable="MFQ[year]3R">
    <value valueType="decimal">3.582479280614237</value>
  </variableValue>
  <variableValue variable="MFQ[year]4A">
    <value valueType="decimal">4.008313589114909</value>
  </variableValue>
  <variableValue variable="MFQ[year]4B">
    <value valueType="decimal">11.315650442793412</value>
  </variableValue>
  <variableValue variable="MFQ[year]4C">
    <value valueType="decimal">90.87205284185198</value>
  </variableValue>
  <variableValue variable="MFQ[year]4D">
    <value valueType="decimal">82.87271153411368</value>
  </variableValue>
  <variableValue variable="MFQ[year]4E">
    <value valueType="decimal">14.15367116323546</value>
  </variableValue>
  <variableValue variable="MFQ[year]5A">
    <value valueType="decimal">36.39075873558194</value>
  </variableValue>
  <variableValue variable="MFQ[year]5B">
    <value valueType="decimal">35.444543469110656</value>
  </variableValue>
  <variableValue variable="MFQ[year]5C">
    <value valueType="decimal">13.431265682423078</value>
  </variableValue>
  <variableValue variable="MFQ[year]5D">
    <value valueType="decimal">53.56925764814805</value>
  </variableValue>
  <variableValue variable="MFQ[year]5E">
    <value valueType="decimal">8.8550064471126</value>
  </variableValue>
  <variableValue variable="MFQ[year]6A">
    <value valueType="decimal">17.15430629188979</value>
  </variableValue>
  <variableValue variable="MFQ[year]6B">
    <value valueType="decimal">35.728696436338005</value>
  </variableValue>
  <variableValue variable="MFQ[year]6C">
    <value valueType="decimal">81.08838119113226</value>
  </variableValue>
  <variableValue variable="MFQ[year]6D">
    <value valueType="decimal">20.716048462479474</value>
  </variableValue>
  <variableValue variable="MFQ[year]7A">
    <value valueType="decimal">38.35698058673501</value>
  </variableValue>
  <variableValue variable="MFQ[year]7B">
    <value valueType="decimal">81.40306723464265</value>
  </variableValue>
  <variableValue variable="MFQ[year]7C">
    <value valueType="decimal">90.96710445873396</value>
  </variableValue>
  <variableValue variable="MFQ[year]7D">
    <value valueType="decimal">38.07891984615637</value>
  </variableValue>
  <variableValue variable="MFQ[year]7E">
    <value valueType="decimal">79.35447322781339</value>
  </variableValue>
  <variableValue variable="MFQ[year]7F">
    <value valueType="decimal">90.76863682874557</value>
  </variableValue>
  <variableValue variable="MFQ[year]7G">
    <value valueType="decimal">92.32104806088081</value>
  </variableValue>
  <variableValue variable="MFQ[year]7H">
    <value valueType="decimal">68.9836281205672</value>
  </variableValue>
  <variableValue variable="MFQ[year]7I">
    <value valueType="decimal">4.282569598809105</value>
  </variableValue>
  <variableValue variable="MFQ[year]7J">
    <value valueType="decimal">71.97430543578606</value>
  </variableValue>
  <variableValue variable="MFQ[year]7K">
    <value valueType="decimal">85.07413340529077</value>
  </variableValue>
  <variableValue variable="MFQ[year]7L">
    <value valueType="decimal">35.55266374071766</value>
  </variableValue>
  <variableValue variable="MFQ[year]7M">
    <value valueType="decimal">52.98949345257091</value>
  </variableValue>
  <variableValue variable="MFQ[year]7N">
    <value valueType="decimal">26.180022562852102</value>
  </variableValue>
  <variableValue variable="MFQ[year]7O">
    <value valueType="decimal">73.90180317243133</value>
  </variableValue>
  <variableValue variable="MFQ[year]7P">
    <value valueType="decimal">1.4280659178201094</value>
  </variableValue>
  <variableValue variable="MFQ[year]7Q">
    <value valueType="decimal">79.57750637460062</value>
  </variableValue>
  <variableValue variable="MFQ[year]7R">
    <value valueType="decimal">29.62343918253081</value>
  </variableValue>
  <variableValue variable="MFQ[year]8A">
    <value valueType="decimal">94.56143079699181</value>
  </variableValue>
  <variableValue variable="MFQ[year]8B">
    <value valueType="decimal">11.044068668800422</value>
  </variableValue>
  <variableValue variable="MFQ[year]8C">
    <value valueType="decimal">32.75212846563272</value>
  </variableValue>
  <variableValue variable="MFQ[year]8D">
    <value valueType="decimal">33.077835827055615</value>
  </variableValue>
  <variableValue variable="MFQ[year]8E">
    <value valueType="decimal">88.03774640089692</value>
  </variableValue>
  <variableValue variable="MFQ[year]8F">
    <value valueType="decimal">55.97275892434317</value>
  </variableValue>
  <variableValue variable="MFQ[year]8G">
    <value valueType="decimal">85.7213436231896</value>
  </variableValue>
  <variableValue variable="MFQ[year]8H">
    <value valueType="decimal">11.956358000226054</value>
  </variableValue>
  <variableValue variable="MFQ1[year]">
    <value valueType="integer">64</value>
  </variableValue>
  <variableValue variable="mfq1[year]">
    <value valueType="decimal">24.182026019640844</value>
  </variableValue>
  <variableValue variable="MFQ2[year]">
    <value valueType="integer">20</value>
  </variableValue>
  <variableValue variable="mfq2[year]">
    <value valueType="decimal">14.10971277215982</value>
  </variableValue>
  <variableValue variable="MFQ3[year]">
    <value valueType="integer">41</value>
  </variableValue>
  <variableValue variable="mfq3[year]">
    <value valueType="decimal">45.47239954893828</value>
  </variableValue>
  <variableValue variable="MFQ4[year]">
    <value valueType="integer">50</value>
  </variableValue>
  <variableValue variable="mfq4[year]">
    <value valueType="decimal">22.70269941431341</value>
  </variableValue>
  <variableValue variable="MLIVE[year]">
    <value valueType="integer">3</value>
  </variableValue>
  <variableValue variable="MOMWK[year]">
    <value valueType="integer">0</value>
  </variableValue>
  <variableValue variable="movie[year]">
    <value valueType="decimal">89.20004996079517</value>
  </variableValue>
  <variableValue variable="MSTA84[year]">
    <value valueType="integer">4</value>
  </variableValue>
  <variableValue variable="MSTAT[year]">
    <value valueType="integer">4</value>
  </variableValue>
  <variableValue variable="NBKS[year]">
    <value valueType="integer">61</value>
  </variableValue>
  <variableValue variable="NCONF[year]">
    <value valueType="integer">58</value>
  </variableValue>
  <variableValue variable="NEEDCATA[year]">
    <value valueType="integer">3</value>
  </variableValue>
  <variableValue variable="NEMP[year]">
    <value valueType="integer">91</value>
  </variableValue>
  <variableValue variable="NEUROTIC[year]">
    <value valueType="integer">49</value>
  </variableValue>
  <variableValue variable="NEWPRNT[year]">
    <value valueType="integer">4</value>
  </variableValue>
  <variableValue variable="nfr[year]">
    <value valueType="integer">61</value>
  </variableValue>
  <variableValue variable="NFRN[year]">
    <value valueType="integer">6</value>
  </variableValue>
  <variableValue variable="NGRNKD[year]">
    <value valueType="integer">70</value>
  </variableValue>
  <variableValue variable="NJOB[year]">
    <value valueType="integer">22</value>
  </variableValue>
  <variableValue variable="NKDHM[year]">
    <value valueType="integer">89</value>
  </variableValue>
  <variableValue variable="NKIDS[year]">
    <value valueType="integer">46</value>
  </variableValue>
  <variableValue variable="NMAG[year]">
    <value valueType="integer">59</value>
  </variableValue>
  <variableValue variable="NMOV[year]">
    <value valueType="integer">83</value>
  </variableValue>
  <variableValue variable="NMTG[year]">
    <value valueType="integer">93</value>
  </variableValue>
  <variableValue variable="NNEIG[year]">
    <value valueType="integer">2</value>
  </variableValue>
  <variableValue variable="NOBR[year]">
    <value valueType="integer">80</value>
  </variableValue>
  <variableValue variable="NOISE[year]">
    <value valueType="integer">3</value>
  </variableValue>
  <variableValue variable="NONFIC[year]">
    <value valueType="integer">11</value>
  </variableValue>
  <variableValue variable="nor[year]">
    <value valueType="integer">13</value>
  </variableValue>
  <variableValue variable="norcr[year]">
    <value valueType="integer">27</value>
  </variableValue>
  <variableValue variable="NOSIS[year]">
    <value valueType="integer">29</value>
  </variableValue>
  <variableValue variable="NOWRK[year]">
    <value valueType="integer">6</value>
  </variableValue>
  <variableValue variable="NRMS[year]">
    <value valueType="integer">25</value>
  </variableValue>
  <variableValue variable="nsp08">
    <value valueType="integer">96</value>
  </variableValue>
  <variableValue variable="NSTATE[year]">
    <value valueType="integer">54</value>
  </variableValue>
  <variableValue variable="NTRAD[year]">
    <value valueType="integer">36</value>
  </variableValue>
  <variableValue variable="NTRIPS[year]">
    <value valueType="integer">39</value>
  </variableValue>
  <variableValue variable="numtot[year]">
    <value valueType="integer">53</value>
  </variableValue>
  <variableValue variable="NVISIT[year]">
    <value valueType="integer">2</value>
  </variableValue>
  <variableValue variable="NWED[year]">
    <value valueType="integer">6</value>
  </variableValue>
  <variableValue variable="NYBR[year]">
    <value valueType="integer">56</value>
  </variableValue>
  <variableValue variable="NYSIS[year]">
    <value valueType="integer">22</value>
  </variableValue>
  <variableValue variable="OBGYN[year]">
    <value valueType="integer">1</value>
  </variableValue>
  <variableValue variable="OCC[year]">
    <value valueType="integer">8</value>
  </variableValue>
  <variableValue variable="OCC84[year]">
    <value valueType="integer">4</value>
  </variableValue>
  <variableValue variable="OPEN[year]">
    <value valueType="integer">96</value>
  </variableValue>
  <variableValue variable="or[year]">
    <value valueType="integer">78</value>
  </variableValue>
  <variableValue variable="oratt[year]">
    <value valueType="integer">57</value>
  </variableValue>
  <variableValue variable="ORGAN[year]">
    <value valueType="integer">4</value>
  </variableValue>
  <variableValue variable="oromt[year]">
    <value valueType="integer">54</value>
  </variableValue>
  <variableValue variable="orwg[year]">
    <value valueType="integer">8</value>
  </variableValue>
  <variableValue variable="OTJ[year]">
    <value valueType="integer">1</value>
  </variableValue>
  <variableValue variable="outhob[year]">
    <value valueType="decimal">50.24667389689693</value>
  </variableValue>
  <variableValue variable="OWNHM[year]">
    <value valueType="integer">0</value>
  </variableValue>
  <variableValue variable="PAINREL[year]">
    <value valueType="integer">1</value>
  </variableValue>
  <variableValue variable="PAP[year]">
    <value valueType="integer">2</value>
  </variableValue>
  <variableValue variable="party[year]">
    <value valueType="decimal">6.391363671162487</value>
  </variableValue>
  <variableValue variable="pase1">
    <value valueType="integer">0</value>
  </variableValue>
  <variableValue variable="pase10">
    <value valueType="integer">0</value>
  </variableValue>
  <variableValue variable="pase10a">
    <value valueType="decimal">5.7156814855044535</value>
  </variableValue>
  <variableValue variable="pase10b">
    <value valueType="integer">4</value>
  </variableValue>
  <variableValue variable="pase1b">
    <value valueType="integer">1</value>
  </variableValue>
  <variableValue variable="pase2">
    <value valueType="integer">0</value>
  </variableValue>
  <variableValue variable="pase2a">
    <value valueType="integer">2</value>
  </variableValue>
  <variableValue variable="pase3">
    <value valueType="integer">3</value>
  </variableValue>
  <variableValue variable="pase3b">
    <value valueType="integer">2</value>
  </variableValue>
  <variableValue variable="pase4">
    <value valueType="integer">1</value>
  </variableValue>
  <variableValue variable="pase4b">
    <value valueType="integer">2</value>
  </variableValue>
  <variableValue variable="pase5">
    <value valueType="integer">0</value>
  </variableValue>
  <variableValue variable="pase5b">
    <value valueType="integer">3</value>
  </variableValue>
  <variableValue variable="pase6">
    <value valueType="integer">3</value>
  </variableValue>
  <variableValue variable="pase6b">
    <value valueType="integer">1</value>
  </variableValue>
  <variableValue variable="pase7">
    <value valueType="integer">0</value>
  </variableValue>
  <variableValue variable="pase8">
    <value valueType="integer">0</value>
  </variableValue>
  <variableValue variable="pase9a - pase9d">
    <value valueType="integer">0</value>
  </variableValue>
  <variableValue variable="pattot[year]">
    <value valueType="integer">71</value>
  </variableValue>
  <variableValue variable="PDEMP[year]">
    <value valueType="integer">1</value>
  </variableValue>
  <variableValue variable="PEOP[year]">
    <value valueType="decimal">75.45988733466304</value>
  </variableValue>
  <variableValue variable="pets[year]">
    <value valueType="decimal">76.39746179986594</value>
  </variableValue>
  <variableValue variable="phone[year]">
    <value valueType="decimal">99.9008649270024</value>
  </variableValue>
  <variableValue variable="picnic[year]">
    <value valueType="decimal">67.78403473302278</value>
  </variableValue>
  <variableValue variable="PIPEDAY[year]">
    <value valueType="integer">5</value>
  </variableValue>
  <variableValue variable="PIPES[year]">
    <value valueType="integer">1</value>
  </variableValue>
  <variableValue variable="pirr1[year]">
    <value valueType="integer">51</value>
  </variableValue>
  <variableValue variable="pirr2[year]">
    <value valueType="integer">29</value>
  </variableValue>
  <variableValue variable="PORK[year]">
    <value valueType="integer">1</value>
  </variableValue>
  <variableValue variable="ppr1[year]">
    <value valueType="integer">100</value>
  </variableValue>
  <variableValue variable="ppr2[year]">
    <value valueType="integer">63</value>
  </variableValue>
  <variableValue variable="ppr3[year]">
    <value valueType="integer">96</value>
  </variableValue>
  <variableValue variable="pray[year]">
    <value valueType="decimal">59.08973744207503</value>
  </variableValue>
  <variableValue variable="PRESR[year]">
    <value valueType="integer">3</value>
  </variableValue>
  <variableValue variable="PRO2YR[year]">
    <value valueType="integer">2</value>
  </variableValue>
  <variableValue variable="PROAGE[year]">
    <value valueType="integer">95</value>
  </variableValue>
  <variableValue variable="PROENLAR[year]">
    <value valueType="integer">1</value>
  </variableValue>
  <variableValue variable="PROEXAM[year]">
    <value valueType="integer">2</value>
  </variableValue>
  <variableValue variable="PROS[year]">
    <value valueType="integer">2</value>
  </variableValue>
  <variableValue variable="PROSUC[year]">
    <value valueType="integer">3</value>
  </variableValue>
  <variableValue variable="PRSC84[year]">
    <value valueType="integer">3</value>
  </variableValue>
  <variableValue variable="radio[year]">
    <value valueType="decimal">38.34432659403463</value>
  </variableValue>
  <variableValue variable="RDPAPR[year]">
    <value valueType="integer">1</value>
  </variableValue>
  <variableValue variable="RDWRIT[year]">
    <value valueType="decimal">32.180845037398676</value>
  </variableValue>
  <variableValue variable="read[year]">
    <value valueType="decimal">62.98112447957306</value>
  </variableValue>
  <variableValue variable="REGULAR[year]">
    <value valueType="integer">1</value>
  </variableValue>
  <variableValue variable="REMAR[year]">
    <value valueType="integer">14</value>
  </variableValue>
  <variableValue variable="rv[year]">
    <value valueType="integer">1</value>
  </variableValue>
  <variableValue variable="SAFE[year]">
    <value valueType="integer">1</value>
  </variableValue>
  <variableValue variable="SBHWY[year]">
    <value valueType="integer">1</value>
  </variableValue>
  <variableValue variable="SBTOWN[year]">
    <value valueType="integer">3</value>
  </variableValue>
  <variableValue variable="SELFBLOO[year]">
    <value valueType="integer">6</value>
  </variableValue>
  <variableValue variable="selfim[year]">
    <value valueType="decimal">73.12967648653205</value>
  </variableValue>
  <variableValue variable="SELFMAM[year]">
    <value valueType="integer">4</value>
  </variableValue>
  <variableValue variable="sex">
    <value valueType="integer">1</value>
  </variableValue>
  <variableValue variable="shop[year]">
    <value valueType="decimal">46.54283267716405</value>
  </variableValue>
  <variableValue variable="SIBS[year]">
    <value valueType="integer">74</value>
  </variableValue>
  <variableValue variable="SLEEP[year]">
    <value valueType="integer">1</value>
  </variableValue>
  <variableValue variable="smdvh[year]">
    <value valueType="integer">42</value>
  </variableValue>
  <variableValue variable="smdvl[year]">
    <value valueType="integer">46</value>
  </variableValue>
  <variableValue variable="SMK[year]">
    <value valueType="integer">0</value>
  </variableValue>
  <variableValue variable="SMOKE[year]">
    <value valueType="integer">2</value>
  </variableValue>
  <variableValue variable="SMOKEPAS[year]">
    <value valueType="decimal">75.10448722451947</value>
  </variableValue>
  <variableValue variable="SODA[year]">
    <value valueType="integer">3</value>
  </variableValue>
  <variableValue variable="SODIUM[year]">
    <value valueType="integer">2</value>
  </variableValue>
  <variableValue variable="SPBRN[year]">
    <value valueType="integer">56</value>
  </variableValue>
  <variableValue variable="spec[year]">
    <value valueType="decimal">59.708563289192384</value>
  </variableValue>
  <variableValue variable="SPEED[year]">
    <value valueType="integer">3</value>
  </variableValue>
  <variableValue variable="SPOCC[year]">
    <value valueType="integer">0</value>
  </variableValue>
  <variableValue variable="sport[year]">
    <value valueType="decimal">82.89420334543671</value>
  </variableValue>
  <variableValue variable="SPRVIS[year]">
    <value valueType="integer">3</value>
  </variableValue>
  <variableValue variable="SREYE[year]">
    <value valueType="integer">2</value>
  </variableValue>
  <variableValue variable="srh[year]">
    <value valueType="integer">4</value>
  </variableValue>
  <variableValue variable="SRHEALTH">
    <value valueType="integer">3</value>
  </variableValue>
  <variableValue variable="SRHEAR[year]">
    <value valueType="integer">5</value>
  </variableValue>
  <variableValue variable="sstot[year]">
    <value valueType="integer">46</value>
  </variableValue>
  <variableValue variable="STAIRS[year]">
    <value valueType="integer">1</value>
  </variableValue>
  <variableValue variable="TEA[year]">
    <value valueType="integer">4</value>
  </variableValue>
  <variableValue variable="TRAF[year]">
    <value valueType="integer">1</value>
  </variableValue>
  <variableValue variable="travel[year]">
    <value valueType="decimal">91.13145988280816</value>
  </variableValue>
  <variableValue variable="TREES[year]">
    <value valueType="integer">3</value>
  </variableValue>
  <variableValue variable="TRYSTOP[year]">
    <value valueType="integer">2</value>
  </variableValue>
  <variableValue variable="tv[year]">
    <value valueType="decimal">87.00081051052844</value>
  </variableValue>
  <variableValue variable="TYPBLD[year]">
    <value valueType="integer">3</value>
  </variableValue>
  <variableValue variable="UNIVEX[year]">
    <value valueType="integer">1</value>
  </variableValue>
  <variableValue variable="VEAL[year]">
    <value valueType="integer">4</value>
  </variableValue>
  <variableValue variable="vis[year]">
    <value valueType="decimal">94.27310989644553</value>
  </variableValue>
  <variableValue variable="vocab1[year]">
    <value valueType="integer">20</value>
  </variableValue>
  <variableValue variable="vocab2[year]">
    <value valueType="integer">68</value>
  </variableValue>
  <variableValue variable="VOCAT[year]">
    <value valueType="integer">1</value>
  </variableValue>
  <variableValue variable="vol[year]">
    <value valueType="decimal">14.980906182035003</value>
  </variableValue>
  <variableValue variable="walk[year]">
    <value valueType="decimal">60.76981096887973</value>
  </variableValue>
  <variableValue variable="WALK[year]">
    <value valueType="integer">2</value>
  </variableValue>
  <variableValue variable="wdflu[year]">
    <value valueType="integer">32</value>
  </variableValue>
  <variableValue variable="WEIGHT[year]">
    <value valueType="integer">32</value>
  </variableValue>
  <variableValue variable="WELL[year]">
    <value valueType="integer">1</value>
  </variableValue>
  <variableValue variable="WINE[year]">
    <value valueType="integer">0</value>
  </variableValue>
  <variableValue variable="write[year]">
    <value valueType="decimal">2.299254721863697</value>
  </variableValue>
  <variableValue variable="WRKPLC[year]">
    <value valueType="integer">5</value>
  </variableValue>
  <variableValue variable="WRKTYP[year]">
    <value valueType="integer">3</value>
  </variableValue>
  <variableValue variable="ws[year]">
    <value valueType="integer">70</value>
  </variableValue>
  <variableValue variable="YEAROP[year]">
    <value valueType="integer">55</value>
  </variableValue>
  <variableValue variable="YRQUIT[year]">
    <value valueType="integer">61</value>
  </variableValue>
  <variableValue variable="YRRET[year]">
    <value valueType="integer">95</value>
  </variableValue>
  <variableValue variable="YRSMOKE[year]">
    <value valueType="decimal">72.68785204111981</value>
  </variableValue>
</valueSet>