<valueSet valueTable="2008" entityType="Participant" entityIdentifier="17679957">
  <variableValue variable="ADLTED[year]">
    <value valueType="integer">0</value>
  </variableValue>
  <variableValue variable="ADVDIR[year]">
    <value valueType="integer">1</value>
  </variableValue>
  <variableValue variable="age[year]">
    <value valueType="integer">44</value>
  </variableValue>
  <variableValue variable="AGEKID[year]">
    <value valueType="integer">36</value>
  </variableValue>
  <variableValue variable="AGENB[year]">
    <value valueType="integer">7</value>
  </variableValue>
  <variableValue variable="AGEWED[year]">
    <value valueType="integer">5</value>
  </variableValue>
  <variableValue variable="AGFRN[year]">
    <value valueType="integer">3</value>
  </variableValue>
  <variableValue variable="AGREE[year]">
    <value valueType="integer">99</value>
  </variableValue>
  <variableValue variable="ALCOHOL[year]">
    <value valueType="integer">2</value>
  </variableValue>
  <variableValue variable="Apdemp[year]">
    <value valueType="decimal">20.442544379563476</value>
  </variableValue>
  <variableValue variable="ART[year]">
    <value valueType="integer">2</value>
  </variableValue>
  <variableValue variable="BDATE_DY">
    <value valueType="integer">29</value>
  </variableValue>
  <variableValue variable="BDATE_MO">
    <value valueType="integer">85</value>
  </variableValue>
  <variableValue variable="BDATE_YR">
    <value valueType="integer">37</value>
  </variableValue>
  <variableValue variable="BEEF[year]">
    <value valueType="integer">1</value>
  </variableValue>
  <variableValue variable="BEER[year]">
    <value valueType="integer">27</value>
  </variableValue>
  <variableValue variable="BLDLK[year]">
    <value valueType="integer">2</value>
  </variableValue>
  <variableValue variable="BLOODPRE[year]">
    <value valueType="integer">6</value>
  </variableValue>
  <variableValue variable="BOOK[year]">
    <value valueType="integer">3</value>
  </variableValue>
  <variableValue variable="BRUSH[year]">
    <value valueType="integer">93</value>
  </variableValue>
  <variableValue variable="BUTTER[year]">
    <value valueType="integer">5</value>
  </variableValue>
  <variableValue variable="BUYFAT[year]">
    <value valueType="integer">5</value>
  </variableValue>
  <variableValue variable="BUYSALT[year]">
    <value valueType="integer">2</value>
  </variableValue>
  <variableValue variable="CANCHK[year]">
    <value valueType="integer">1</value>
  </variableValue>
  <variableValue variable="cards[year]">
    <value valueType="decimal">93.06885280455217</value>
  </variableValue>
  <variableValue variable="CATARACT[year]">
    <value valueType="integer">2</value>
  </variableValue>
  <variableValue variable="CHKFAT[year]">
    <value valueType="integer">3</value>
  </variableValue>
  <variableValue variable="CHOLES[year]">
    <value valueType="integer">1</value>
  </variableValue>
  <variableValue variable="chur[year]">
    <value valueType="decimal">68.21854592490041</value>
  </variableValue>
  <variableValue variable="CIGARDAY[year]">
    <value valueType="integer">3</value>
  </variableValue>
  <variableValue variable="CIGARS[year]">
    <value valueType="integer">1</value>
  </variableValue>
  <variableValue variable="CIGDAY[year]">
    <value valueType="integer">1</value>
  </variableValue>
  <variableValue variable="CIGS[year]">
    <value valueType="integer">2</value>
  </variableValue>
  <variableValue variable="CLNAIR[year]">
    <value valueType="integer">1</value>
  </variableValue>
  <variableValue variable="COFFEE[year]">
    <value valueType="integer">6</value>
  </variableValue>
  <variableValue variable="CONSCIEN[year]">
    <value valueType="integer">12</value>
  </variableValue>
  <variableValue variable="cook[year]">
    <value valueType="decimal">10.165522041516484</value>
  </variableValue>
  <variableValue variable="COOKBUT[year]">
    <value valueType="integer">5</value>
  </variableValue>
  <variableValue variable="CORS[year]">
    <value valueType="integer">1</value>
  </variableValue>
  <variableValue variable="crafts[year]">
    <value valueType="decimal">78.75694679828786</value>
  </variableValue>
  <variableValue variable="crdp1[year]">
    <value valueType="integer">65</value>
  </variableValue>
  <variableValue variable="crdp2[year]">
    <value valueType="integer">88</value>
  </variableValue>
  <variableValue variable="cult[year]">
    <value valueType="decimal">20.2194984227809</value>
  </variableValue>
  <variableValue variable="dance[year]">
    <value valueType="decimal">37.94453501749854</value>
  </variableValue>
  <variableValue variable="DENTIST[year]">
    <value valueType="integer">2</value>
  </variableValue>
  <variableValue variable="DENTURE[year]">
    <value valueType="integer">1</value>
  </variableValue>
  <variableValue variable="DIABET[year]">
    <value valueType="integer">2</value>
  </variableValue>
  <variableValue variable="DRMAM[year]">
    <value valueType="integer">3</value>
  </variableValue>
  <variableValue variable="DRVISIT[year]">
    <value valueType="integer">10</value>
  </variableValue>
  <variableValue variable="dydrm[year]">
    <value valueType="decimal">87.39829729628765</value>
  </variableValue>
  <variableValue variable="EARCHK[year]">
    <value valueType="integer">0</value>
  </variableValue>
  <variableValue variable="eatout[year]">
    <value valueType="decimal">5.10414923514867</value>
  </variableValue>
  <variableValue variable="EATSALT[year]">
    <value valueType="integer">5</value>
  </variableValue>
  <variableValue variable="edact[year]">
    <value valueType="decimal">9.727041636683598</value>
  </variableValue>
  <variableValue variable="educ">
    <value valueType="integer">99</value>
  </variableValue>
  <variableValue variable="EDUC[year]">
    <value valueType="integer">53</value>
  </variableValue>
  <variableValue variable="EGG[year]">
    <value valueType="integer">3</value>
  </variableValue>
  <variableValue variable="eldcar[year]">
    <value valueType="decimal">47.304138376741136</value>
  </variableValue>
  <variableValue variable="ELDCAR[year]">
    <value valueType="decimal">78.49874157750703</value>
  </variableValue>
  <variableValue variable="ENT1[year]">
    <value valueType="integer">8</value>
  </variableValue>
  <variableValue variable="ENT2[year]">
    <value valueType="integer">9</value>
  </variableValue>
  <variableValue variable="ENT3[year]">
    <value valueType="integer">9</value>
  </variableValue>
  <variableValue variable="eth[year]">
    <value valueType="integer">25</value>
  </variableValue>
  <variableValue variable="EXCERTOT[year]">
    <value valueType="decimal">90.70129009370001</value>
  </variableValue>
  <variableValue variable="EXCERWK[year]">
    <value valueType="integer">45</value>
  </variableValue>
  <variableValue variable="EXTRAVER[year]">
    <value valueType="integer">93</value>
  </variableValue>
  <variableValue variable="EYECHG[year]">
    <value valueType="integer">5</value>
  </variableValue>
  <variableValue variable="EYECHK[year]">
    <value valueType="integer">1</value>
  </variableValue>
  <variableValue variable="EYEGLAS[year]">
    <value valueType="integer">1</value>
  </variableValue>
  <variableValue variable="FAGE[year]">
    <value valueType="integer">5</value>
  </variableValue>
  <variableValue variable="FAITH[year]">
    <value valueType="integer">4</value>
  </variableValue>
  <variableValue variable="FALLS[year]">
    <value valueType="integer">7</value>
  </variableValue>
  <variableValue variable="FCAUSE[year]">
    <value valueType="integer">10</value>
  </variableValue>
  <variableValue variable="FDIE[year]">
    <value valueType="integer">60</value>
  </variableValue>
  <variableValue variable="FIC[year]">
    <value valueType="integer">19</value>
  </variableValue>
  <variableValue variable="fit[year]">
    <value valueType="decimal">6.011450952912922</value>
  </variableValue>
  <variableValue variable="FLIVE[year]">
    <value valueType="integer">2</value>
  </variableValue>
  <variableValue variable="FLOSS[year]">
    <value valueType="integer">6</value>
  </variableValue>
  <variableValue variable="FLUSHOT[year]">
    <value valueType="integer">5</value>
  </variableValue>
  <variableValue variable="fr[year]">
    <value valueType="integer">65</value>
  </variableValue>
  <variableValue variable="fratt[year]">
    <value valueType="integer">19</value>
  </variableValue>
  <variableValue variable="frcr[year]">
    <value valueType="integer">36</value>
  </variableValue>
  <variableValue variable="fromt[year]">
    <value valueType="integer">8</value>
  </variableValue>
  <variableValue variable="frwg[year]">
    <value valueType="integer">57</value>
  </variableValue>
  <variableValue variable="game[year]">
    <value valueType="decimal">35.94945612704543</value>
  </variableValue>
  <variableValue variable="gds[year]1 –  gds[year]30">
    <value valueType="integer">0</value>
  </variableValue>
  <variableValue variable="gdstot[year]">
    <value valueType="integer">88</value>
  </variableValue>
  <variableValue variable="HANDS[year]">
    <value valueType="decimal">36.30478651965383</value>
  </variableValue>
  <variableValue variable="HARDLIQ[year]">
    <value valueType="integer">17</value>
  </variableValue>
  <variableValue variable="HEALTHCH[year]">
    <value valueType="integer">2</value>
  </variableValue>
  <variableValue variable="HEARAID[year]">
    <value valueType="integer">0</value>
  </variableValue>
  <variableValue variable="HEARCHG[year]">
    <value valueType="integer">2</value>
  </variableValue>
  <variableValue variable="HEARSPEC[year]">
    <value valueType="integer">4</value>
  </variableValue>
  <variableValue variable="HEART[year]">
    <value valueType="integer">1</value>
  </variableValue>
  <variableValue variable="HEIGHT[year]">
    <value valueType="integer">9</value>
  </variableValue>
  <variableValue variable="HHEIGHT[year]">
    <value valueType="integer">72</value>
  </variableValue>
  <variableValue variable="HIGHBLOO[year]">
    <value valueType="integer">2</value>
  </variableValue>
  <variableValue variable="HJOBTP[year]">
    <value valueType="integer">1</value>
  </variableValue>
  <variableValue variable="HMKHD[year]">
    <value valueType="decimal">53.55762532311218</value>
  </variableValue>
  <variableValue variable="HMKJB[year]">
    <value valueType="integer">77</value>
  </variableValue>
  <variableValue variable="HMKPE[year]">
    <value valueType="decimal">83.95259050450785</value>
  </variableValue>
  <variableValue variable="HMKPRS[year]">
    <value valueType="integer">4</value>
  </variableValue>
  <variableValue variable="HMKR[year]">
    <value valueType="integer">8</value>
  </variableValue>
  <variableValue variable="HMKRD[year]">
    <value valueType="decimal">62.837549214963076</value>
  </variableValue>
  <variableValue variable="HOSDAYS[year]">
    <value valueType="integer">80</value>
  </variableValue>
  <variableValue variable="HOSVISIT[year]">
    <value valueType="integer">0</value>
  </variableValue>
  <variableValue variable="HWEIGHT[year]">
    <value valueType="integer">9</value>
  </variableValue>
  <variableValue variable="INC[year]">
    <value valueType="integer">10</value>
  </variableValue>
  <variableValue variable="INC84[year]">
    <value valueType="integer">6</value>
  </variableValue>
  <variableValue variable="instr[year]">
    <value valueType="decimal">75.64579794070845</value>
  </variableValue>
  <variableValue variable="ir[year]a1 - ir[year]a20">
    <value valueType="integer">0</value>
  </variableValue>
  <variableValue variable="ir[year]b1 - ir[year]b20">
    <value valueType="integer">0</value>
  </variableValue>
  <variableValue variable="JOBLEN[year]">
    <value valueType="integer">4</value>
  </variableValue>
  <variableValue variable="JOBTYP[year]">
    <value valueType="integer">1</value>
  </variableValue>
  <variableValue variable="kidcar[year]">
    <value valueType="decimal">53.33132301948642</value>
  </variableValue>
  <variableValue variable="LAMB[year]">
    <value valueType="integer">4</value>
  </variableValue>
  <variableValue variable="lettot[year]">
    <value valueType="integer">2</value>
  </variableValue>
  <variableValue variable="LFST84[year]">
    <value valueType="integer">2</value>
  </variableValue>
  <variableValue variable="LIFSAT[year]">
    <value valueType="integer">3</value>
  </variableValue>
  <variableValue variable="LIVESMOK[year]">
    <value valueType="integer">3</value>
  </variableValue>
  <variableValue variable="ls[year]">
    <value valueType="integer">59</value>
  </variableValue>
  <variableValue variable="LSTJOB[year]">
    <value valueType="integer">3</value>
  </variableValue>
  <variableValue variable="LVNGWILL[year]">
    <value valueType="integer">1</value>
  </variableValue>
  <variableValue variable="MAGE[year]">
    <value valueType="integer">67</value>
  </variableValue>
  <variableValue variable="MAM[year]">
    <value valueType="integer">1</value>
  </variableValue>
  <variableValue variable="MAM2YR[year]">
    <value valueType="integer">1</value>
  </variableValue>
  <variableValue variable="MAMAGE[year]">
    <value valueType="integer">12</value>
  </variableValue>
  <variableValue variable="MAMEXAM[year]">
    <value valueType="integer">83</value>
  </variableValue>
  <variableValue variable="MASTECT[year]">
    <value valueType="integer">1</value>
  </variableValue>
  <variableValue variable="MCAUSE[year]">
    <value valueType="integer">4</value>
  </variableValue>
  <variableValue variable="MDIE[year]">
    <value valueType="integer">20</value>
  </variableValue>
  <variableValue variable="MED[year]">
    <value valueType="integer">3</value>
  </variableValue>
  <variableValue variable="MENAGE[year]">
    <value valueType="integer">26</value>
  </variableValue>
  <variableValue variable="MENHIST[year]">
    <value valueType="integer">1</value>
  </variableValue>
  <variableValue variable="MENSIT[year]">
    <value valueType="integer">3</value>
  </variableValue>
  <variableValue variable="MFQ[year]1">
    <value valueType="decimal">10.44127417847619</value>
  </variableValue>
  <variableValue variable="MFQ[year]2A">
    <value valueType="decimal">50.86538891133362</value>
  </variableValue>
  <variableValue variable="MFQ[year]2B">
    <value valueType="decimal">70.37750029971149</value>
  </variableValue>
  <variableValue variable="MFQ[year]2C">
    <value valueType="decimal">74.49108156101005</value>
  </variableValue>
  <variableValue variable="MFQ[year]2D">
    <value valueType="decimal">67.58198029664501</value>
  </variableValue>
  <variableValue variable="MFQ[year]2E">
    <value valueType="decimal">70.28632343183567</value>
  </variableValue>
  <variableValue variable="MFQ[year]3A">
    <value valueType="decimal">98.43033300015388</value>
  </variableValue>
  <variableValue variable="MFQ[year]3B">
    <value valueType="decimal">4.972957538168455</value>
  </variableValue>
  <variableValue variable="MFQ[year]3C">
    <value valueType="decimal">70.17195789807944</value>
  </variableValue>
  <variableValue variable="MFQ[year]3D">
    <value valueType="decimal">86.87833344839026</value>
  </variableValue>
  <variableValue variable="MFQ[year]3E">
    <value valueType="decimal">99.97356750933776</value>
  </variableValue>
  <variableValue variable="MFQ[year]3F">
    <value valueType="decimal">2.692746197728424</value>
  </variableValue>
  <variableValue variable="MFQ[year]3G">
    <value valueType="decimal">76.41811656608063</value>
  </variableValue>
  <variableValue variable="MFQ[year]3H">
    <value valueType="decimal">19.709328512152503</value>
  </variableValue>
  <variableValue variable="MFQ[year]3I">
    <value valueType="decimal">28.626563376327752</value>
  </variableValue>
  <variableValue variable="MFQ[year]3J">
    <value valueType="decimal">74.85389830628671</value>
  </variableValue>
  <variableValue variable="MFQ[year]3K">
    <value valueType="decimal">37.469385046932615</value>
  </variableValue>
  <variableValue variable="MFQ[year]3L">
    <value valueType="decimal">54.69377962928428</value>
  </variableValue>
  <variableValue variable="MFQ[year]3M">
    <value valueType="decimal">2.6547924392707367</value>
  </variableValue>
  <variableValue variable="MFQ[year]3N">
    <value valueType="decimal">58.80017704638673</value>
  </variableValue>
  <variableValue variable="MFQ[year]3O">
    <value valueType="decimal">93.84111853272732</value>
  </variableValue>
  <variableValue variable="MFQ[year]3P">
    <value valueType="decimal">9.378816533694822</value>
  </variableValue>
  <variableValue variable="MFQ[year]3Q">
    <value valueType="decimal">3.6535506536517492</value>
  </variableValue>
  <variableValue variable="MFQ[year]3R">
    <value valueType="decimal">7.841958382666093</value>
  </variableValue>
  <variableValue variable="MFQ[year]4A">
    <value valueType="decimal">46.23495822207476</value>
  </variableValue>
  <variableValue variable="MFQ[year]4B">
    <value valueType="decimal">61.646806171173004</value>
  </variableValue>
  <variableValue variable="MFQ[year]4C">
    <value valueType="decimal">12.68407047542912</value>
  </variableValue>
  <variableValue variable="MFQ[year]4D">
    <value valueType="decimal">87.75956663446404</value>
  </variableValue>
  <variableValue variable="MFQ[year]4E">
    <value valueType="decimal">80.70107666139513</value>
  </variableValue>
  <variableValue variable="MFQ[year]5A">
    <value valueType="decimal">0.8213655642243967</value>
  </variableValue>
  <variableValue variable="MFQ[year]5B">
    <value valueType="decimal">51.55309658862114</value>
  </variableValue>
  <variableValue variable="MFQ[year]5C">
    <value valueType="decimal">80.6053734621083</value>
  </variableValue>
  <variableValue variable="MFQ[year]5D">
    <value valueType="decimal">44.984200477198414</value>
  </variableValue>
  <variableValue variable="MFQ[year]5E">
    <value valueType="decimal">83.58953837939032</value>
  </variableValue>
  <variableValue variable="MFQ[year]6A">
    <value valueType="decimal">59.13397029855943</value>
  </variableValue>
  <variableValue variable="MFQ[year]6B">
    <value valueType="decimal">74.16464527833847</value>
  </variableValue>
  <variableValue variable="MFQ[year]6C">
    <value valueType="decimal">5.4144048052950815</value>
  </variableValue>
  <variableValue variable="MFQ[year]6D">
    <value valueType="decimal">41.703596386901474</value>
  </variableValue>
  <variableValue variable="MFQ[year]7A">
    <value valueType="decimal">60.459354053303805</value>
  </variableValue>
  <variableValue variable="MFQ[year]7B">
    <value valueType="decimal">87.79838653506161</value>
  </variableValue>
  <variableValue variable="MFQ[year]7C">
    <value valueType="decimal">61.84815129523206</value>
  </variableValue>
  <variableValue variable="MFQ[year]7D">
    <value valueType="decimal">93.60180234083741</value>
  </variableValue>
  <variableValue variable="MFQ[year]7E">
    <value valueType="decimal">79.77270571014013</value>
  </variableValue>
  <variableValue variable="MFQ[year]7F">
    <value valueType="decimal">48.37974805305787</value>
  </variableValue>
  <variableValue variable="MFQ[year]7G">
    <value valueType="decimal">61.934599653434475</value>
  </variableValue>
  <variableValue variable="MFQ[year]7H">
    <value valueType="decimal">57.88815732062874</value>
  </variableValue>
  <variableValue variable="MFQ[year]7I">
    <value valueType="decimal">7.807676046752688</value>
  </variableValue>
  <variableValue variable="MFQ[year]7J">
    <value valueType="decimal">83.64880899732438</value>
  </variableValue>
  <variableValue variable="MFQ[year]7K">
    <value valueType="decimal">35.376761448777806</value>
  </variableValue>
  <variableValue variable="MFQ[year]7L">
    <value valueType="decimal">53.03698257741674</value>
  </variableValue>
  <variableValue variable="MFQ[year]7M">
    <value valueType="decimal">58.27164086886653</value>
  </variableValue>
  <variableValue variable="MFQ[year]7N">
    <value valueType="decimal">44.548869616822415</value>
  </variableValue>
  <variableValue variable="MFQ[year]7O">
    <value valueType="decimal">63.876556027408306</value>
  </variableValue>
  <variableValue variable="MFQ[year]7P">
    <value valueType="decimal">94.7389909988137</value>
  </variableValue>
  <variableValue variable="MFQ[year]7Q">
    <value valueType="decimal">38.84156108557072</value>
  </variableValue>
  <variableValue variable="MFQ[year]7R">
    <value valueType="decimal">2.9706082987961957</value>
  </variableValue>
  <variableValue variable="MFQ[year]8A">
    <value valueType="decimal">13.09741641083747</value>
  </variableValue>
  <variableValue variable="MFQ[year]8B">
    <value valueType="decimal">69.98120746683767</value>
  </variableValue>
  <variableValue variable="MFQ[year]8C">
    <value valueType="decimal">17.937464653746837</value>
  </variableValue>
  <variableValue variable="MFQ[year]8D">
    <value valueType="decimal">96.81882309500146</value>
  </variableValue>
  <variableValue variable="MFQ[year]8E">
    <value valueType="decimal">79.24757234663326</value>
  </variableValue>
  <variableValue variable="MFQ[year]8F">
    <value valueType="decimal">75.25397481758853</value>
  </variableValue>
  <variableValue variable="MFQ[year]8G">
    <value valueType="decimal">90.12082193522633</value>
  </variableValue>
  <variableValue variable="MFQ[year]8H">
    <value valueType="decimal">10.429668324685403</value>
  </variableValue>
  <variableValue variable="MFQ1[year]">
    <value valueType="integer">19</value>
  </variableValue>
  <variableValue variable="mfq1[year]">
    <value valueType="decimal">46.489482450544614</value>
  </variableValue>
  <variableValue variable="MFQ2[year]">
    <value valueType="integer">40</value>
  </variableValue>
  <variableValue variable="mfq2[year]">
    <value valueType="decimal">30.172134479581814</value>
  </variableValue>
  <variableValue variable="MFQ3[year]">
    <value valueType="integer">73</value>
  </variableValue>
  <variableValue variable="mfq3[year]">
    <value valueType="decimal">42.57767044362686</value>
  </variableValue>
  <variableValue variable="MFQ4[year]">
    <value valueType="integer">7</value>
  </variableValue>
  <variableValue variable="mfq4[year]">
    <value valueType="decimal">67.60308972193192</value>
  </variableValue>
  <variableValue variable="MLIVE[year]">
    <value valueType="integer">2</value>
  </variableValue>
  <variableValue variable="MOMWK[year]">
    <value valueType="integer">1</value>
  </variableValue>
  <variableValue variable="movie[year]">
    <value valueType="decimal">78.73409905578221</value>
  </variableValue>
  <variableValue variable="MSTA84[year]">
    <value valueType="integer">3</value>
  </variableValue>
  <variableValue variable="MSTAT[year]">
    <value valueType="integer">2</value>
  </variableValue>
  <variableValue variable="NBKS[year]">
    <value valueType="integer">73</value>
  </variableValue>
  <variableValue variable="NCONF[year]">
    <value valueType="integer">70</value>
  </variableValue>
  <variableValue variable="NEEDCATA[year]">
    <value valueType="integer">4</value>
  </variableValue>
  <variableValue variable="NEMP[year]">
    <value valueType="integer">39</value>
  </variableValue>
  <variableValue variable="NEUROTIC[year]">
    <value valueType="integer">92</value>
  </variableValue>
  <variableValue variable="NEWPRNT[year]">
    <value valueType="integer">2</value>
  </variableValue>
  <variableValue variable="nfr[year]">
    <value valueType="integer">85</value>
  </variableValue>
  <variableValue variable="NFRN[year]">
    <value valueType="integer">56</value>
  </variableValue>
  <variableValue variable="NGRNKD[year]">
    <value valueType="integer">32</value>
  </variableValue>
  <variableValue variable="NJOB[year]">
    <value valueType="integer">19</value>
  </variableValue>
  <variableValue variable="NKDHM[year]">
    <value valueType="integer">47</value>
  </variableValue>
  <variableValue variable="NKIDS[year]">
    <value valueType="integer">69</value>
  </variableValue>
  <variableValue variable="NMAG[year]">
    <value valueType="integer">65</value>
  </variableValue>
  <variableValue variable="NMOV[year]">
    <value valueType="integer">52</value>
  </variableValue>
  <variableValue variable="NMTG[year]">
    <value valueType="integer">95</value>
  </variableValue>
  <variableValue variable="NNEIG[year]">
    <value valueType="integer">1</value>
  </variableValue>
  <variableValue variable="NOBR[year]">
    <value valueType="integer">50</value>
  </variableValue>
  <variableValue variable="NOISE[year]">
    <value valueType="integer">3</value>
  </variableValue>
  <variableValue variable="NONFIC[year]">
    <value valueType="integer">0</value>
  </variableValue>
  <variableValue variable="nor[year]">
    <value valueType="integer">3</value>
  </variableValue>
  <variableValue variable="norcr[year]">
    <value valueType="integer">99</value>
  </variableValue>
  <variableValue variable="NOSIS[year]">
    <value valueType="integer">42</value>
  </variableValue>
  <variableValue variable="NOWRK[year]">
    <value valueType="integer">5</value>
  </variableValue>
  <variableValue variable="NRMS[year]">
    <value valueType="integer">43</value>
  </variableValue>
  <variableValue variable="nsp08">
    <value valueType="integer">23</value>
  </variableValue>
  <variableValue variable="NSTATE[year]">
    <value valueType="integer">62</value>
  </variableValue>
  <variableValue variable="NTRAD[year]">
    <value valueType="integer">53</value>
  </variableValue>
  <variableValue variable="NTRIPS[year]">
    <value valueType="integer">91</value>
  </variableValue>
  <variableValue variable="numtot[year]">
    <value valueType="integer">62</value>
  </variableValue>
  <variableValue variable="NVISIT[year]">
    <value valueType="integer">4</value>
  </variableValue>
  <variableValue variable="NWED[year]">
    <value valueType="integer">65</value>
  </variableValue>
  <variableValue variable="NYBR[year]">
    <value valueType="integer">84</value>
  </variableValue>
  <variableValue variable="NYSIS[year]">
    <value valueType="integer">24</value>
  </variableValue>
  <variableValue variable="OBGYN[year]">
    <value valueType="integer">1</value>
  </variableValue>
  <variableValue variable="OCC[year]">
    <value valueType="integer">6</value>
  </variableValue>
  <variableValue variable="OCC84[year]">
    <value valueType="integer">6</value>
  </variableValue>
  <variableValue variable="OPEN[year]">
    <value valueType="integer">58</value>
  </variableValue>
  <variableValue variable="or[year]">
    <value valueType="integer">18</value>
  </variableValue>
  <variableValue variable="oratt[year]">
    <value valueType="integer">37</value>
  </variableValue>
  <variableValue variable="ORGAN[year]">
    <value valueType="integer">3</value>
  </variableValue>
  <variableValue variable="oromt[year]">
    <value valueType="integer">51</value>
  </variableValue>
  <variableValue variable="orwg[year]">
    <value valueType="integer">51</value>
  </variableValue>
  <variableValue variable="OTJ[year]">
    <value valueType="integer">0</value>
  </variableValue>
  <variableValue variable="outhob[year]">
    <value valueType="decimal">64.55053847888344</value>
  </variableValue>
  <variableValue variable="OWNHM[year]">
    <value valueType="integer">0</value>
  </variableValue>
  <variableValue variable="PAINREL[year]">
    <value valueType="integer">2</value>
  </variableValue>
  <variableValue variable="PAP[year]">
    <value valueType="integer">4</value>
  </variableValue>
  <variableValue variable="party[year]">
    <value valueType="decimal">0.7411565159608058</value>
  </variableValue>
  <variableValue variable="pase1">
    <value valueType="integer">0</value>
  </variableValue>
  <variableValue variable="pase10">
    <value valueType="integer">0</value>
  </variableValue>
  <variableValue variable="pase10a">
    <value valueType="decimal">81.02624861691203</value>
  </variableValue>
  <variableValue variable="pase10b">
    <value valueType="integer">4</value>
  </variableValue>
  <variableValue variable="pase1b">
    <value valueType="integer">2</value>
  </variableValue>
  <variableValue variable="pase2">
    <value valueType="integer">3</value>
  </variableValue>
  <variableValue variable="pase2a">
    <value valueType="integer">1</value>
  </variableValue>
  <variableValue variable="pase3">
    <value valueType="integer">1</value>
  </variableValue>
  <variableValue variable="pase3b">
    <value valueType="integer">4</value>
  </variableValue>
  <variableValue variable="pase4">
    <value valueType="integer">0</value>
  </variableValue>
  <variableValue variable="pase4b">
    <value valueType="integer">4</value>
  </variableValue>
  <variableValue variable="pase5">
    <value valueType="integer">3</value>
  </variableValue>
  <variableValue variable="pase5b">
    <value valueType="integer">1</value>
  </variableValue>
  <variableValue variable="pase6">
    <value valueType="integer">0</value>
  </variableValue>
  <variableValue variable="pase6b">
    <value valueType="integer">2</value>
  </variableValue>
  <variableValue variable="pase7">
    <value valueType="integer">0</value>
  </variableValue>
  <variableValue variable="pase8">
    <value valueType="integer">0</value>
  </variableValue>
  <variableValue variable="pase9a - pase9d">
    <value valueType="integer">0</value>
  </variableValue>
  <variableValue variable="pattot[year]">
    <value valueType="integer">68</value>
  </variableValue>
  <variableValue variable="PDEMP[year]">
    <value valueType="integer">0</value>
  </variableValue>
  <variableValue variable="PEOP[year]">
    <value valueType="decimal">84.20387108325184</value>
  </variableValue>
  <variableValue variable="pets[year]">
    <value valueType="decimal">8.733525189395063</value>
  </variableValue>
  <variableValue variable="phone[year]">
    <value valueType="decimal">22.213043487147054</value>
  </variableValue>
  <variableValue variable="picnic[year]">
    <value valueType="decimal">80.62478647967862</value>
  </variableValue>
  <variableValue variable="PIPEDAY[year]">
    <value valueType="integer">3</value>
  </variableValue>
  <variableValue variable="PIPES[year]">
    <value valueType="integer">3</value>
  </variableValue>
  <variableValue variable="pirr1[year]">
    <value valueType="integer">31</value>
  </variableValue>
  <variableValue variable="pirr2[year]">
    <value valueType="integer">82</value>
  </variableValue>
  <variableValue variable="PORK[year]">
    <value valueType="integer">5</value>
  </variableValue>
  <variableValue variable="ppr1[year]">
    <value valueType="integer">40</value>
  </variableValue>
  <variableValue variable="ppr2[year]">
    <value valueType="integer">81</value>
  </variableValue>
  <variableValue variable="ppr3[year]">
    <value valueType="integer">5</value>
  </variableValue>
  <variableValue variable="pray[year]">
    <value valueType="decimal">45.082492323967706</value>
  </variableValue>
  <variableValue variable="PRESR[year]">
    <value valueType="integer">2</value>
  </variableValue>
  <variableValue variable="PRO2YR[year]">
    <value valueType="integer">2</value>
  </variableValue>
  <variableValue variable="PROAGE[year]">
    <value valueType="integer">55</value>
  </variableValue>
  <variableValue variable="PROENLAR[year]">
    <value valueType="integer">1</value>
  </variableValue>
  <variableValue variable="PROEXAM[year]">
    <value valueType="integer">78</value>
  </variableValue>
  <variableValue variable="PROS[year]">
    <value valueType="integer">2</value>
  </variableValue>
  <variableValue variable="PROSUC[year]">
    <value valueType="integer">3</value>
  </variableValue>
  <variableValue variable="PRSC84[year]">
    <value valueType="integer">2</value>
  </variableValue>
  <variableValue variable="radio[year]">
    <value valueType="decimal">7.38026325608473</value>
  </variableValue>
  <variableValue variable="RDPAPR[year]">
    <value valueType="integer">1</value>
  </variableValue>
  <variableValue variable="RDWRIT[year]">
    <value valueType="decimal">93.30525259430085</value>
  </variableValue>
  <variableValue variable="read[year]">
    <value valueType="decimal">6.339824782655079</value>
  </variableValue>
  <variableValue variable="REGULAR[year]">
    <value valueType="integer">1</value>
  </variableValue>
  <variableValue variable="REMAR[year]">
    <value valueType="integer">30</value>
  </variableValue>
  <variableValue variable="rv[year]">
    <value valueType="integer">92</value>
  </variableValue>
  <variableValue variable="SAFE[year]">
    <value valueType="integer">0</value>
  </variableValue>
  <variableValue variable="SBHWY[year]">
    <value valueType="integer">3</value>
  </variableValue>
  <variableValue variable="SBTOWN[year]">
    <value valueType="integer">4</value>
  </variableValue>
  <variableValue variable="SELFBLOO[year]">
    <value valueType="integer">5</value>
  </variableValue>
  <variableValue variable="selfim[year]">
    <value valueType="decimal">51.658637574386624</value>
  </variableValue>
  <variableValue variable="SELFMAM[year]">
    <value valueType="integer">1</value>
  </variableValue>
  <variableValue variable="sex">
    <value valueType="integer">0</value>
  </variableValue>
  <variableValue variable="shop[year]">
    <value valueType="decimal">21.635302236718267</value>
  </variableValue>
  <variableValue variable="SIBS[year]">
    <value valueType="integer">97</value>
  </variableValue>
  <variableValue variable="SLEEP[year]">
    <value valueType="integer">5</value>
  </variableValue>
  <variableValue variable="smdvh[year]">
    <value valueType="integer">99</value>
  </variableValue>
  <variableValue variable="smdvl[year]">
    <value valueType="integer">14</value>
  </variableValue>
  <variableValue variable="SMK[year]">
    <value valueType="integer">0</value>
  </variableValue>
  <variableValue variable="SMOKE[year]">
    <value valueType="integer">3</value>
  </variableValue>
  <variableValue variable="SMOKEPAS[year]">
    <value valueType="decimal">70.42921410746405</value>
  </variableValue>
  <variableValue variable="SODA[year]">
    <value valueType="integer">3</value>
  </variableValue>
  <variableValue variable="SODIUM[year]">
    <value valueType="integer">1</value>
  </variableValue>
  <variableValue variable="SPBRN[year]">
    <value valueType="integer">80</value>
  </variableValue>
  <variableValue variable="spec[year]">
    <value valueType="decimal">49.71491948658887</value>
  </variableValue>
  <variableValue variable="SPEED[year]">
    <value valueType="integer">3</value>
  </variableValue>
  <variableValue variable="SPOCC[year]">
    <value valueType="integer">3</value>
  </variableValue>
  <variableValue variable="sport[year]">
    <value valueType="decimal">65.60597711217044</value>
  </variableValue>
  <variableValue variable="SPRVIS[year]">
    <value valueType="integer">1</value>
  </variableValue>
  <variableValue variable="SREYE[year]">
    <value valueType="integer">3</value>
  </variableValue>
  <variableValue variable="srh[year]">
    <value valueType="integer">4</value>
  </variableValue>
  <variableValue variable="SRHEALTH">
    <value valueType="integer">6</value>
  </variableValue>
  <variableValue variable="SRHEAR[year]">
    <value valueType="integer">1</value>
  </variableValue>
  <variableValue variable="sstot[year]">
    <value valueType="integer">61</value>
  </variableValue>
  <variableValue variable="STAIRS[year]">
    <value valueType="integer">2</value>
  </variableValue>
  <variableValue variable="TEA[year]">
    <value valueType="integer">4</value>
  </variableValue>
  <variableValue variable="TRAF[year]">
    <value valueType="integer">1</value>
  </variableValue>
  <variableValue variable="travel[year]">
    <value valueType="decimal">31.846076302416993</value>
  </variableValue>
  <variableValue variable="TREES[year]">
    <value valueType="integer">5</value>
  </variableValue>
  <variableValue variable="TRYSTOP[year]">
    <value valueType="integer">2</value>
  </variableValue>
  <variableValue variable="tv[year]">
    <value valueType="decimal">78.47484079624675</value>
  </variableValue>
  <variableValue variable="TYPBLD[year]">
    <value valueType="integer">5</value>
  </variableValue>
  <variableValue variable="UNIVEX[year]">
    <value valueType="integer">1</value>
  </variableValue>
  <variableValue variable="VEAL[year]">
    <value valueType="integer">5</value>
  </variableValue>
  <variableValue variable="vis[year]">
    <value valueType="decimal">33.31280468521034</value>
  </variableValue>
  <variableValue variable="vocab1[year]">
    <value valueType="integer">94</value>
  </variableValue>
  <variableValue variable="vocab2[year]">
    <value valueType="integer">35</value>
  </variableValue>
  <variableValue variable="VOCAT[year]">
    <value valueType="integer">1</value>
  </variableValue>
  <variableValue variable="vol[year]">
    <value valueType="decimal">49.74179538279018</value>
  </variableValue>
  <variableValue variable="walk[year]">
    <value valueType="decimal">24.79255558170631</value>
  </variableValue>
  <variableValue variable="WALK[year]">
    <value valueType="integer">4</value>
  </variableValue>
  <variableValue variable="wdflu[year]">
    <value valueType="integer">36</value>
  </variableValue>
  <variableValue variable="WEIGHT[year]">
    <value valueType="integer">66</value>
  </variableValue>
  <variableValue variable="WELL[year]">
    <value valueType="integer">2</value>
  </variableValue>
  <variableValue variable="WINE[year]">
    <value valueType="integer">0</value>
  </variableValue>
  <variableValue variable="write[year]">
    <value valueType="decimal">6.860151514409174</value>
  </variableValue>
  <variableValue variable="WRKPLC[year]">
    <value valueType="integer">4</value>
  </variableValue>
  <variableValue variable="WRKTYP[year]">
    <value valueType="integer">2</value>
  </variableValue>
  <variableValue variable="ws[year]">
    <value valueType="integer">84</value>
  </variableValue>
  <variableValue variable="YEAROP[year]">
    <value valueType="integer">32</value>
  </variableValue>
  <variableValue variable="YRQUIT[year]">
    <value valueType="integer">19</value>
  </variableValue>
  <variableValue variable="YRRET[year]">
    <value valueType="integer">86</value>
  </variableValue>
  <variableValue variable="YRSMOKE[year]">
    <value valueType="decimal">52.07612479684496</value>
  </variableValue>
</valueSet>