<valueSet valueTable="2008" entityType="Participant" entityIdentifier="40796837">
  <variableValue variable="ADLTED[year]">
    <value valueType="integer">1</value>
  </variableValue>
  <variableValue variable="ADVDIR[year]">
    <value valueType="integer">2</value>
  </variableValue>
  <variableValue variable="age[year]">
    <value valueType="integer">64</value>
  </variableValue>
  <variableValue variable="AGEKID[year]">
    <value valueType="integer">9</value>
  </variableValue>
  <variableValue variable="AGENB[year]">
    <value valueType="integer">7</value>
  </variableValue>
  <variableValue variable="AGEWED[year]">
    <value valueType="integer">48</value>
  </variableValue>
  <variableValue variable="AGFRN[year]">
    <value valueType="integer">1</value>
  </variableValue>
  <variableValue variable="AGREE[year]">
    <value valueType="integer">72</value>
  </variableValue>
  <variableValue variable="ALCOHOL[year]">
    <value valueType="integer">4</value>
  </variableValue>
  <variableValue variable="Apdemp[year]">
    <value valueType="decimal">53.96547224799386</value>
  </variableValue>
  <variableValue variable="ART[year]">
    <value valueType="integer">1</value>
  </variableValue>
  <variableValue variable="BDATE_DY">
    <value valueType="integer">6</value>
  </variableValue>
  <variableValue variable="BDATE_MO">
    <value valueType="integer">26</value>
  </variableValue>
  <variableValue variable="BDATE_YR">
    <value valueType="integer">58</value>
  </variableValue>
  <variableValue variable="BEEF[year]">
    <value valueType="integer">3</value>
  </variableValue>
  <variableValue variable="BEER[year]">
    <value valueType="integer">20</value>
  </variableValue>
  <variableValue variable="BLDLK[year]">
    <value valueType="integer">4</value>
  </variableValue>
  <variableValue variable="BLOODPRE[year]">
    <value valueType="integer">1</value>
  </variableValue>
  <variableValue variable="BOOK[year]">
    <value valueType="integer">2</value>
  </variableValue>
  <variableValue variable="BRUSH[year]">
    <value valueType="integer">91</value>
  </variableValue>
  <variableValue variable="BUTTER[year]">
    <value valueType="integer">2</value>
  </variableValue>
  <variableValue variable="BUYFAT[year]">
    <value valueType="integer">1</value>
  </variableValue>
  <variableValue variable="BUYSALT[year]">
    <value valueType="integer">1</value>
  </variableValue>
  <variableValue variable="CANCHK[year]">
    <value valueType="integer">1</value>
  </variableValue>
  <variableValue variable="cards[year]">
    <value valueType="decimal">30.28943764994745</value>
  </variableValue>
  <variableValue variable="CATARACT[year]">
    <value valueType="integer">1</value>
  </variableValue>
  <variableValue variable="CHKFAT[year]">
    <value valueType="integer">5</value>
  </variableValue>
  <variableValue variable="CHOLES[year]">
    <value valueType="integer">6</value>
  </variableValue>
  <variableValue variable="chur[year]">
    <value valueType="decimal">96.768592771218</value>
  </variableValue>
  <variableValue variable="CIGARDAY[year]">
    <value valueType="integer">3</value>
  </variableValue>
  <variableValue variable="CIGARS[year]">
    <value valueType="integer">6</value>
  </variableValue>
  <variableValue variable="CIGDAY[year]">
    <value valueType="integer">4</value>
  </variableValue>
  <variableValue variable="CIGS[year]">
    <value valueType="integer">1</value>
  </variableValue>
  <variableValue variable="CLNAIR[year]">
    <value valueType="integer">3</value>
  </variableValue>
  <variableValue variable="COFFEE[year]">
    <value valueType="integer">3</value>
  </variableValue>
  <variableValue variable="CONSCIEN[year]">
    <value valueType="integer">1</value>
  </variableValue>
  <variableValue variable="cook[year]">
    <value valueType="decimal">6.100063742740747</value>
  </variableValue>
  <variableValue variable="COOKBUT[year]">
    <value valueType="integer">4</value>
  </variableValue>
  <variableValue variable="CORS[year]">
    <value valueType="integer">1</value>
  </variableValue>
  <variableValue variable="crafts[year]">
    <value valueType="decimal">42.62350664901423</value>
  </variableValue>
  <variableValue variable="crdp1[year]">
    <value valueType="integer">88</value>
  </variableValue>
  <variableValue variable="crdp2[year]">
    <value valueType="integer">56</value>
  </variableValue>
  <variableValue variable="cult[year]">
    <value valueType="decimal">82.34028233080285</value>
  </variableValue>
  <variableValue variable="dance[year]">
    <value valueType="decimal">4.259328346426361</value>
  </variableValue>
  <variableValue variable="DENTIST[year]">
    <value valueType="integer">3</value>
  </variableValue>
  <variableValue variable="DENTURE[year]">
    <value valueType="integer">2</value>
  </variableValue>
  <variableValue variable="DIABET[year]">
    <value valueType="integer">1</value>
  </variableValue>
  <variableValue variable="DRMAM[year]">
    <value valueType="integer">5</value>
  </variableValue>
  <variableValue variable="DRVISIT[year]">
    <value valueType="integer">16</value>
  </variableValue>
  <variableValue variable="dydrm[year]">
    <value valueType="decimal">47.905273865542185</value>
  </variableValue>
  <variableValue variable="EARCHK[year]">
    <value valueType="integer">0</value>
  </variableValue>
  <variableValue variable="eatout[year]">
    <value valueType="decimal">45.57757751620315</value>
  </variableValue>
  <variableValue variable="EATSALT[year]">
    <value valueType="integer">5</value>
  </variableValue>
  <variableValue variable="edact[year]">
    <value valueType="decimal">88.04888044175571</value>
  </variableValue>
  <variableValue variable="educ">
    <value valueType="integer">50</value>
  </variableValue>
  <variableValue variable="EDUC[year]">
    <value valueType="integer">94</value>
  </variableValue>
  <variableValue variable="EGG[year]">
    <value valueType="integer">2</value>
  </variableValue>
  <variableValue variable="eldcar[year]">
    <value valueType="decimal">55.8440376717243</value>
  </variableValue>
  <variableValue variable="ELDCAR[year]">
    <value valueType="decimal">85.690183960419</value>
  </variableValue>
  <variableValue variable="ENT1[year]">
    <value valueType="integer">14</value>
  </variableValue>
  <variableValue variable="ENT2[year]">
    <value valueType="integer">9</value>
  </variableValue>
  <variableValue variable="ENT3[year]">
    <value valueType="integer">1</value>
  </variableValue>
  <variableValue variable="eth[year]">
    <value valueType="integer">52</value>
  </variableValue>
  <variableValue variable="EXCERTOT[year]">
    <value valueType="decimal">2.2600955996301075</value>
  </variableValue>
  <variableValue variable="EXCERWK[year]">
    <value valueType="integer">96</value>
  </variableValue>
  <variableValue variable="EXTRAVER[year]">
    <value valueType="integer">80</value>
  </variableValue>
  <variableValue variable="EYECHG[year]">
    <value valueType="integer">4</value>
  </variableValue>
  <variableValue variable="EYECHK[year]">
    <value valueType="integer">1</value>
  </variableValue>
  <variableValue variable="EYEGLAS[year]">
    <value valueType="integer">2</value>
  </variableValue>
  <variableValue variable="FAGE[year]">
    <value valueType="integer">48</value>
  </variableValue>
  <variableValue variable="FAITH[year]">
    <value valueType="integer">1</value>
  </variableValue>
  <variableValue variable="FALLS[year]">
    <value valueType="integer">2</value>
  </variableValue>
  <variableValue variable="FCAUSE[year]">
    <value valueType="integer">4</value>
  </variableValue>
  <variableValue variable="FDIE[year]">
    <value valueType="integer">84</value>
  </variableValue>
  <variableValue variable="FIC[year]">
    <value valueType="integer">55</value>
  </variableValue>
  <variableValue variable="fit[year]">
    <value valueType="decimal">82.88453044065106</value>
  </variableValue>
  <variableValue variable="FLIVE[year]">
    <value valueType="integer">2</value>
  </variableValue>
  <variableValue variable="FLOSS[year]">
    <value valueType="integer">6</value>
  </variableValue>
  <variableValue variable="FLUSHOT[year]">
    <value valueType="integer">1</value>
  </variableValue>
  <variableValue variable="fr[year]">
    <value valueType="integer">44</value>
  </variableValue>
  <variableValue variable="fratt[year]">
    <value valueType="integer">23</value>
  </variableValue>
  <variableValue variable="frcr[year]">
    <value valueType="integer">90</value>
  </variableValue>
  <variableValue variable="fromt[year]">
    <value valueType="integer">69</value>
  </variableValue>
  <variableValue variable="frwg[year]">
    <value valueType="integer">28</value>
  </variableValue>
  <variableValue variable="game[year]">
    <value valueType="decimal">38.193305324568925</value>
  </variableValue>
  <variableValue variable="gds[year]1 –  gds[year]30">
    <value valueType="integer">1</value>
  </variableValue>
  <variableValue variable="gdstot[year]">
    <value valueType="integer">17</value>
  </variableValue>
  <variableValue variable="HANDS[year]">
    <value valueType="decimal">85.08123309842165</value>
  </variableValue>
  <variableValue variable="HARDLIQ[year]">
    <value valueType="integer">21</value>
  </variableValue>
  <variableValue variable="HEALTHCH[year]">
    <value valueType="integer">4</value>
  </variableValue>
  <variableValue variable="HEARAID[year]">
    <value valueType="integer">1</value>
  </variableValue>
  <variableValue variable="HEARCHG[year]">
    <value valueType="integer">6</value>
  </variableValue>
  <variableValue variable="HEARSPEC[year]">
    <value valueType="integer">2</value>
  </variableValue>
  <variableValue variable="HEART[year]">
    <value valueType="integer">3</value>
  </variableValue>
  <variableValue variable="HEIGHT[year]">
    <value valueType="integer">97</value>
  </variableValue>
  <variableValue variable="HHEIGHT[year]">
    <value valueType="integer">36</value>
  </variableValue>
  <variableValue variable="HIGHBLOO[year]">
    <value valueType="integer">1</value>
  </variableValue>
  <variableValue variable="HJOBTP[year]">
    <value valueType="integer">1</value>
  </variableValue>
  <variableValue variable="HMKHD[year]">
    <value valueType="decimal">0.10534563584576606</value>
  </variableValue>
  <variableValue variable="HMKJB[year]">
    <value valueType="integer">91</value>
  </variableValue>
  <variableValue variable="HMKPE[year]">
    <value valueType="decimal">75.8854295093186</value>
  </variableValue>
  <variableValue variable="HMKPRS[year]">
    <value valueType="integer">1</value>
  </variableValue>
  <variableValue variable="HMKR[year]">
    <value valueType="integer">2</value>
  </variableValue>
  <variableValue variable="HMKRD[year]">
    <value valueType="decimal">53.942471851856176</value>
  </variableValue>
  <variableValue variable="HOSDAYS[year]">
    <value valueType="integer">10</value>
  </variableValue>
  <variableValue variable="HOSVISIT[year]">
    <value valueType="integer">0</value>
  </variableValue>
  <variableValue variable="HWEIGHT[year]">
    <value valueType="integer">11</value>
  </variableValue>
  <variableValue variable="INC[year]">
    <value valueType="integer">5</value>
  </variableValue>
  <variableValue variable="INC84[year]">
    <value valueType="integer">6</value>
  </variableValue>
  <variableValue variable="instr[year]">
    <value valueType="decimal">61.590954560462976</value>
  </variableValue>
  <variableValue variable="ir[year]a1 - ir[year]a20">
    <value valueType="integer">1</value>
  </variableValue>
  <variableValue variable="ir[year]b1 - ir[year]b20">
    <value valueType="integer">0</value>
  </variableValue>
  <variableValue variable="JOBLEN[year]">
    <value valueType="integer">2</value>
  </variableValue>
  <variableValue variable="JOBTYP[year]">
    <value valueType="integer">9</value>
  </variableValue>
  <variableValue variable="kidcar[year]">
    <value valueType="decimal">26.683459826179813</value>
  </variableValue>
  <variableValue variable="LAMB[year]">
    <value valueType="integer">3</value>
  </variableValue>
  <variableValue variable="lettot[year]">
    <value valueType="integer">81</value>
  </variableValue>
  <variableValue variable="LFST84[year]">
    <value valueType="integer">3</value>
  </variableValue>
  <variableValue variable="LIFSAT[year]">
    <value valueType="integer">5</value>
  </variableValue>
  <variableValue variable="LIVESMOK[year]">
    <value valueType="integer">3</value>
  </variableValue>
  <variableValue variable="ls[year]">
    <value valueType="integer">2</value>
  </variableValue>
  <variableValue variable="LSTJOB[year]">
    <value valueType="integer">1</value>
  </variableValue>
  <variableValue variable="LVNGWILL[year]">
    <value valueType="integer">2</value>
  </variableValue>
  <variableValue variable="MAGE[year]">
    <value valueType="integer">33</value>
  </variableValue>
  <variableValue variable="MAM[year]">
    <value valueType="integer">2</value>
  </variableValue>
  <variableValue variable="MAM2YR[year]">
    <value valueType="integer">2</value>
  </variableValue>
  <variableValue variable="MAMAGE[year]">
    <value valueType="integer">77</value>
  </variableValue>
  <variableValue variable="MAMEXAM[year]">
    <value valueType="integer">10</value>
  </variableValue>
  <variableValue variable="MASTECT[year]">
    <value valueType="integer">3</value>
  </variableValue>
  <variableValue variable="MCAUSE[year]">
    <value valueType="integer">11</value>
  </variableValue>
  <variableValue variable="MDIE[year]">
    <value valueType="integer">22</value>
  </variableValue>
  <variableValue variable="MED[year]">
    <value valueType="integer">4</value>
  </variableValue>
  <variableValue variable="MENAGE[year]">
    <value valueType="integer">87</value>
  </variableValue>
  <variableValue variable="MENHIST[year]">
    <value valueType="integer">16</value>
  </variableValue>
  <variableValue variable="MENSIT[year]">
    <value valueType="integer">4</value>
  </variableValue>
  <variableValue variable="MFQ[year]1">
    <value valueType="decimal">50.95439882191653</value>
  </variableValue>
  <variableValue variable="MFQ[year]2A">
    <value valueType="decimal">72.98200351310837</value>
  </variableValue>
  <variableValue variable="MFQ[year]2B">
    <value valueType="decimal">56.82829145240594</value>
  </variableValue>
  <variableValue variable="MFQ[year]2C">
    <value valueType="decimal">1.4538866908586634</value>
  </variableValue>
  <variableValue variable="MFQ[year]2D">
    <value valueType="decimal">35.37510453451056</value>
  </variableValue>
  <variableValue variable="MFQ[year]2E">
    <value valueType="decimal">19.733558496739057</value>
  </variableValue>
  <variableValue variable="MFQ[year]3A">
    <value valueType="decimal">62.281917871883884</value>
  </variableValue>
  <variableValue variable="MFQ[year]3B">
    <value valueType="decimal">75.17184579532699</value>
  </variableValue>
  <variableValue variable="MFQ[year]3C">
    <value valueType="decimal">31.54543381302539</value>
  </variableValue>
  <variableValue variable="MFQ[year]3D">
    <value valueType="decimal">34.94749838102877</value>
  </variableValue>
  <variableValue variable="MFQ[year]3E">
    <value valueType="decimal">90.27307570966077</value>
  </variableValue>
  <variableValue variable="MFQ[year]3F">
    <value valueType="decimal">4.252555594418983</value>
  </variableValue>
  <variableValue variable="MFQ[year]3G">
    <value valueType="decimal">93.13600256728955</value>
  </variableValue>
  <variableValue variable="MFQ[year]3H">
    <value valueType="decimal">38.69066983478814</value>
  </variableValue>
  <variableValue variable="MFQ[year]3I">
    <value valueType="decimal">31.19503070499732</value>
  </variableValue>
  <variableValue variable="MFQ[year]3J">
    <value valueType="decimal">32.34754023979524</value>
  </variableValue>
  <variableValue variable="MFQ[year]3K">
    <value valueType="decimal">73.773172014934</value>
  </variableValue>
  <variableValue variable="MFQ[year]3L">
    <value valueType="decimal">96.97278203147525</value>
  </variableValue>
  <variableValue variable="MFQ[year]3M">
    <value valueType="decimal">19.22508971678014</value>
  </variableValue>
  <variableValue variable="MFQ[year]3N">
    <value valueType="decimal">23.324878397811442</value>
  </variableValue>
  <variableValue variable="MFQ[year]3O">
    <value valueType="decimal">57.12377449394367</value>
  </variableValue>
  <variableValue variable="MFQ[year]3P">
    <value valueType="decimal">91.27588264395328</value>
  </variableValue>
  <variableValue variable="MFQ[year]3Q">
    <value valueType="decimal">72.13017519654402</value>
  </variableValue>
  <variableValue variable="MFQ[year]3R">
    <value valueType="decimal">36.86390289480591</value>
  </variableValue>
  <variableValue variable="MFQ[year]4A">
    <value valueType="decimal">60.52691710289665</value>
  </variableValue>
  <variableValue variable="MFQ[year]4B">
    <value valueType="decimal">91.0445160922736</value>
  </variableValue>
  <variableValue variable="MFQ[year]4C">
    <value valueType="decimal">21.289696493686105</value>
  </variableValue>
  <variableValue variable="MFQ[year]4D">
    <value valueType="decimal">33.165676860840186</value>
  </variableValue>
  <variableValue variable="MFQ[year]4E">
    <value valueType="decimal">32.1588049948078</value>
  </variableValue>
  <variableValue variable="MFQ[year]5A">
    <value valueType="decimal">91.72506998438675</value>
  </variableValue>
  <variableValue variable="MFQ[year]5B">
    <value valueType="decimal">30.29083050295267</value>
  </variableValue>
  <variableValue variable="MFQ[year]5C">
    <value valueType="decimal">23.127500574177883</value>
  </variableValue>
  <variableValue variable="MFQ[year]5D">
    <value valueType="decimal">9.861118461784567</value>
  </variableValue>
  <variableValue variable="MFQ[year]5E">
    <value valueType="decimal">86.11857628906098</value>
  </variableValue>
  <variableValue variable="MFQ[year]6A">
    <value valueType="decimal">93.90834702218876</value>
  </variableValue>
  <variableValue variable="MFQ[year]6B">
    <value valueType="decimal">43.31802343609124</value>
  </variableValue>
  <variableValue variable="MFQ[year]6C">
    <value valueType="decimal">73.53293917534258</value>
  </variableValue>
  <variableValue variable="MFQ[year]6D">
    <value valueType="decimal">82.61204993305664</value>
  </variableValue>
  <variableValue variable="MFQ[year]7A">
    <value valueType="decimal">68.36313187741212</value>
  </variableValue>
  <variableValue variable="MFQ[year]7B">
    <value valueType="decimal">88.70274960868284</value>
  </variableValue>
  <variableValue variable="MFQ[year]7C">
    <value valueType="decimal">2.38078503944531</value>
  </variableValue>
  <variableValue variable="MFQ[year]7D">
    <value valueType="decimal">70.27919554112658</value>
  </variableValue>
  <variableValue variable="MFQ[year]7E">
    <value valueType="decimal">8.460619586101735</value>
  </variableValue>
  <variableValue variable="MFQ[year]7F">
    <value valueType="decimal">80.30808416680806</value>
  </variableValue>
  <variableValue variable="MFQ[year]7G">
    <value valueType="decimal">43.340845959677985</value>
  </variableValue>
  <variableValue variable="MFQ[year]7H">
    <value valueType="decimal">57.892115127211596</value>
  </variableValue>
  <variableValue variable="MFQ[year]7I">
    <value valueType="decimal">77.54234872051678</value>
  </variableValue>
  <variableValue variable="MFQ[year]7J">
    <value valueType="decimal">79.87529049716828</value>
  </variableValue>
  <variableValue variable="MFQ[year]7K">
    <value valueType="decimal">7.632042744644163</value>
  </variableValue>
  <variableValue variable="MFQ[year]7L">
    <value valueType="decimal">81.5614252320015</value>
  </variableValue>
  <variableValue variable="MFQ[year]7M">
    <value valueType="decimal">52.14091641017203</value>
  </variableValue>
  <variableValue variable="MFQ[year]7N">
    <value valueType="decimal">89.04404860109844</value>
  </variableValue>
  <variableValue variable="MFQ[year]7O">
    <value valueType="decimal">38.668044923641745</value>
  </variableValue>
  <variableValue variable="MFQ[year]7P">
    <value valueType="decimal">84.02296214746686</value>
  </variableValue>
  <variableValue variable="MFQ[year]7Q">
    <value valueType="decimal">64.81058755491111</value>
  </variableValue>
  <variableValue variable="MFQ[year]7R">
    <value valueType="decimal">86.71853910856004</value>
  </variableValue>
  <variableValue variable="MFQ[year]8A">
    <value valueType="decimal">36.4509415826925</value>
  </variableValue>
  <variableValue variable="MFQ[year]8B">
    <value valueType="decimal">17.515063176513767</value>
  </variableValue>
  <variableValue variable="MFQ[year]8C">
    <value valueType="decimal">15.812943255570989</value>
  </variableValue>
  <variableValue variable="MFQ[year]8D">
    <value valueType="decimal">65.00732886493314</value>
  </variableValue>
  <variableValue variable="MFQ[year]8E">
    <value valueType="decimal">81.08876404140247</value>
  </variableValue>
  <variableValue variable="MFQ[year]8F">
    <value valueType="decimal">11.741144116518509</value>
  </variableValue>
  <variableValue variable="MFQ[year]8G">
    <value valueType="decimal">37.168832356899</value>
  </variableValue>
  <variableValue variable="MFQ[year]8H">
    <value valueType="decimal">21.491529708243572</value>
  </variableValue>
  <variableValue variable="MFQ1[year]">
    <value valueType="integer">39</value>
  </variableValue>
  <variableValue variable="mfq1[year]">
    <value valueType="decimal">67.39367065710054</value>
  </variableValue>
  <variableValue variable="MFQ2[year]">
    <value valueType="integer">93</value>
  </variableValue>
  <variableValue variable="mfq2[year]">
    <value valueType="decimal">11.045103962686142</value>
  </variableValue>
  <variableValue variable="MFQ3[year]">
    <value valueType="integer">26</value>
  </variableValue>
  <variableValue variable="mfq3[year]">
    <value valueType="decimal">11.600018768410813</value>
  </variableValue>
  <variableValue variable="MFQ4[year]">
    <value valueType="integer">7</value>
  </variableValue>
  <variableValue variable="mfq4[year]">
    <value valueType="decimal">96.07215238062724</value>
  </variableValue>
  <variableValue variable="MLIVE[year]">
    <value valueType="integer">3</value>
  </variableValue>
  <variableValue variable="MOMWK[year]">
    <value valueType="integer">1</value>
  </variableValue>
  <variableValue variable="movie[year]">
    <value valueType="decimal">28.52645889237123</value>
  </variableValue>
  <variableValue variable="MSTA84[year]">
    <value valueType="integer">1</value>
  </variableValue>
  <variableValue variable="MSTAT[year]">
    <value valueType="integer">2</value>
  </variableValue>
  <variableValue variable="NBKS[year]">
    <value valueType="integer">64</value>
  </variableValue>
  <variableValue variable="NCONF[year]">
    <value valueType="integer">73</value>
  </variableValue>
  <variableValue variable="NEEDCATA[year]">
    <value valueType="integer">3</value>
  </variableValue>
  <variableValue variable="NEMP[year]">
    <value valueType="integer">92</value>
  </variableValue>
  <variableValue variable="NEUROTIC[year]">
    <value valueType="integer">93</value>
  </variableValue>
  <variableValue variable="NEWPRNT[year]">
    <value valueType="integer">1</value>
  </variableValue>
  <variableValue variable="nfr[year]">
    <value valueType="integer">67</value>
  </variableValue>
  <variableValue variable="NFRN[year]">
    <value valueType="integer">9</value>
  </variableValue>
  <variableValue variable="NGRNKD[year]">
    <value valueType="integer">8</value>
  </variableValue>
  <variableValue variable="NJOB[year]">
    <value valueType="integer">42</value>
  </variableValue>
  <variableValue variable="NKDHM[year]">
    <value valueType="integer">42</value>
  </variableValue>
  <variableValue variable="NKIDS[year]">
    <value valueType="integer">85</value>
  </variableValue>
  <variableValue variable="NMAG[year]">
    <value valueType="integer">24</value>
  </variableValue>
  <variableValue variable="NMOV[year]">
    <value valueType="integer">51</value>
  </variableValue>
  <variableValue variable="NMTG[year]">
    <value valueType="integer">94</value>
  </variableValue>
  <variableValue variable="NNEIG[year]">
    <value valueType="integer">4</value>
  </variableValue>
  <variableValue variable="NOBR[year]">
    <value valueType="integer">20</value>
  </variableValue>
  <variableValue variable="NOISE[year]">
    <value valueType="integer">3</value>
  </variableValue>
  <variableValue variable="NONFIC[year]">
    <value valueType="integer">63</value>
  </variableValue>
  <variableValue variable="nor[year]">
    <value valueType="integer">74</value>
  </variableValue>
  <variableValue variable="norcr[year]">
    <value valueType="integer">50</value>
  </variableValue>
  <variableValue variable="NOSIS[year]">
    <value valueType="integer">70</value>
  </variableValue>
  <variableValue variable="NOWRK[year]">
    <value valueType="integer">4</value>
  </variableValue>
  <variableValue variable="NRMS[year]">
    <value valueType="integer">67</value>
  </variableValue>
  <variableValue variable="nsp08">
    <value valueType="integer">30</value>
  </variableValue>
  <variableValue variable="NSTATE[year]">
    <value valueType="integer">5</value>
  </variableValue>
  <variableValue variable="NTRAD[year]">
    <value valueType="integer">43</value>
  </variableValue>
  <variableValue variable="NTRIPS[year]">
    <value valueType="integer">84</value>
  </variableValue>
  <variableValue variable="numtot[year]">
    <value valueType="integer">60</value>
  </variableValue>
  <variableValue variable="NVISIT[year]">
    <value valueType="integer">2</value>
  </variableValue>
  <variableValue variable="NWED[year]">
    <value valueType="integer">42</value>
  </variableValue>
  <variableValue variable="NYBR[year]">
    <value valueType="integer">91</value>
  </variableValue>
  <variableValue variable="NYSIS[year]">
    <value valueType="integer">20</value>
  </variableValue>
  <variableValue variable="OBGYN[year]">
    <value valueType="integer">3</value>
  </variableValue>
  <variableValue variable="OCC[year]">
    <value valueType="integer">5</value>
  </variableValue>
  <variableValue variable="OCC84[year]">
    <value valueType="integer">7</value>
  </variableValue>
  <variableValue variable="OPEN[year]">
    <value valueType="integer">59</value>
  </variableValue>
  <variableValue variable="or[year]">
    <value valueType="integer">78</value>
  </variableValue>
  <variableValue variable="oratt[year]">
    <value valueType="integer">25</value>
  </variableValue>
  <variableValue variable="ORGAN[year]">
    <value valueType="integer">4</value>
  </variableValue>
  <variableValue variable="oromt[year]">
    <value valueType="integer">96</value>
  </variableValue>
  <variableValue variable="orwg[year]">
    <value valueType="integer">2</value>
  </variableValue>
  <variableValue variable="OTJ[year]">
    <value valueType="integer">0</value>
  </variableValue>
  <variableValue variable="outhob[year]">
    <value valueType="decimal">11.207216781253827</value>
  </variableValue>
  <variableValue variable="OWNHM[year]">
    <value valueType="integer">1</value>
  </variableValue>
  <variableValue variable="PAINREL[year]">
    <value valueType="integer">2</value>
  </variableValue>
  <variableValue variable="PAP[year]">
    <value valueType="integer">5</value>
  </variableValue>
  <variableValue variable="party[year]">
    <value valueType="decimal">20.672334780055024</value>
  </variableValue>
  <variableValue variable="pase1">
    <value valueType="integer">2</value>
  </variableValue>
  <variableValue variable="pase10">
    <value valueType="integer">0</value>
  </variableValue>
  <variableValue variable="pase10a">
    <value valueType="decimal">26.292599684441008</value>
  </variableValue>
  <variableValue variable="pase10b">
    <value valueType="integer">3</value>
  </variableValue>
  <variableValue variable="pase1b">
    <value valueType="integer">3</value>
  </variableValue>
  <variableValue variable="pase2">
    <value valueType="integer">2</value>
  </variableValue>
  <variableValue variable="pase2a">
    <value valueType="integer">4</value>
  </variableValue>
  <variableValue variable="pase3">
    <value valueType="integer">3</value>
  </variableValue>
  <variableValue variable="pase3b">
    <value valueType="integer">2</value>
  </variableValue>
  <variableValue variable="pase4">
    <value valueType="integer">2</value>
  </variableValue>
  <variableValue variable="pase4b">
    <value valueType="integer">2</value>
  </variableValue>
  <variableValue variable="pase5">
    <value valueType="integer">3</value>
  </variableValue>
  <variableValue variable="pase5b">
    <value valueType="integer">4</value>
  </variableValue>
  <variableValue variable="pase6">
    <value valueType="integer">3</value>
  </variableValue>
  <variableValue variable="pase6b">
    <value valueType="integer">4</value>
  </variableValue>
  <variableValue variable="pase7">
    <value valueType="integer">1</value>
  </variableValue>
  <variableValue variable="pase8">
    <value valueType="integer">1</value>
  </variableValue>
  <variableValue variable="pase9a - pase9d">
    <value valueType="integer">0</value>
  </variableValue>
  <variableValue variable="pattot[year]">
    <value valueType="integer">56</value>
  </variableValue>
  <variableValue variable="PDEMP[year]">
    <value valueType="integer">0</value>
  </variableValue>
  <variableValue variable="PEOP[year]">
    <value valueType="decimal">17.572286642390445</value>
  </variableValue>
  <variableValue variable="pets[year]">
    <value valueType="decimal">99.00733875595446</value>
  </variableValue>
  <variableValue variable="phone[year]">
    <value valueType="decimal">17.339842198753665</value>
  </variableValue>
  <variableValue variable="picnic[year]">
    <value valueType="decimal">94.28031725759473</value>
  </variableValue>
  <variableValue variable="PIPEDAY[year]">
    <value valueType="integer">1</value>
  </variableValue>
  <variableValue variable="PIPES[year]">
    <value valueType="integer">2</value>
  </variableValue>
  <variableValue variable="pirr1[year]">
    <value valueType="integer">81</value>
  </variableValue>
  <variableValue variable="pirr2[year]">
    <value valueType="integer">78</value>
  </variableValue>
  <variableValue variable="PORK[year]">
    <value valueType="integer">2</value>
  </variableValue>
  <variableValue variable="ppr1[year]">
    <value valueType="integer">85</value>
  </variableValue>
  <variableValue variable="ppr2[year]">
    <value valueType="integer">27</value>
  </variableValue>
  <variableValue variable="ppr3[year]">
    <value valueType="integer">68</value>
  </variableValue>
  <variableValue variable="pray[year]">
    <value valueType="decimal">89.17048482590234</value>
  </variableValue>
  <variableValue variable="PRESR[year]">
    <value valueType="integer">3</value>
  </variableValue>
  <variableValue variable="PRO2YR[year]">
    <value valueType="integer">2</value>
  </variableValue>
  <variableValue variable="PROAGE[year]">
    <value valueType="integer">27</value>
  </variableValue>
  <variableValue variable="PROENLAR[year]">
    <value valueType="integer">2</value>
  </variableValue>
  <variableValue variable="PROEXAM[year]">
    <value valueType="integer">32</value>
  </variableValue>
  <variableValue variable="PROS[year]">
    <value valueType="integer">1</value>
  </variableValue>
  <variableValue variable="PROSUC[year]">
    <value valueType="integer">4</value>
  </variableValue>
  <variableValue variable="PRSC84[year]">
    <value valueType="integer">3</value>
  </variableValue>
  <variableValue variable="radio[year]">
    <value valueType="decimal">70.94733702222857</value>
  </variableValue>
  <variableValue variable="RDPAPR[year]">
    <value valueType="integer">1</value>
  </variableValue>
  <variableValue variable="RDWRIT[year]">
    <value valueType="decimal">15.224286669313713</value>
  </variableValue>
  <variableValue variable="read[year]">
    <value valueType="decimal">96.71338018596455</value>
  </variableValue>
  <variableValue variable="REGULAR[year]">
    <value valueType="integer">2</value>
  </variableValue>
  <variableValue variable="REMAR[year]">
    <value valueType="integer">43</value>
  </variableValue>
  <variableValue variable="rv[year]">
    <value valueType="integer">62</value>
  </variableValue>
  <variableValue variable="SAFE[year]">
    <value valueType="integer">0</value>
  </variableValue>
  <variableValue variable="SBHWY[year]">
    <value valueType="integer">1</value>
  </variableValue>
  <variableValue variable="SBTOWN[year]">
    <value valueType="integer">3</value>
  </variableValue>
  <variableValue variable="SELFBLOO[year]">
    <value valueType="integer">4</value>
  </variableValue>
  <variableValue variable="selfim[year]">
    <value valueType="decimal">12.344765426932124</value>
  </variableValue>
  <variableValue variable="SELFMAM[year]">
    <value valueType="integer">2</value>
  </variableValue>
  <variableValue variable="sex">
    <value valueType="integer">1</value>
  </variableValue>
  <variableValue variable="shop[year]">
    <value valueType="decimal">20.119620885027835</value>
  </variableValue>
  <variableValue variable="SIBS[year]">
    <value valueType="integer">86</value>
  </variableValue>
  <variableValue variable="SLEEP[year]">
    <value valueType="integer">2</value>
  </variableValue>
  <variableValue variable="smdvh[year]">
    <value valueType="integer">31</value>
  </variableValue>
  <variableValue variable="smdvl[year]">
    <value valueType="integer">80</value>
  </variableValue>
  <variableValue variable="SMK[year]">
    <value valueType="integer">1</value>
  </variableValue>
  <variableValue variable="SMOKE[year]">
    <value valueType="integer">1</value>
  </variableValue>
  <variableValue variable="SMOKEPAS[year]">
    <value valueType="decimal">39.93803466573566</value>
  </variableValue>
  <variableValue variable="SODA[year]">
    <value valueType="integer">6</value>
  </variableValue>
  <variableValue variable="SODIUM[year]">
    <value valueType="integer">3</value>
  </variableValue>
  <variableValue variable="SPBRN[year]">
    <value valueType="integer">66</value>
  </variableValue>
  <variableValue variable="spec[year]">
    <value valueType="decimal">18.77887565766464</value>
  </variableValue>
  <variableValue variable="SPEED[year]">
    <value valueType="integer">2</value>
  </variableValue>
  <variableValue variable="SPOCC[year]">
    <value valueType="integer">5</value>
  </variableValue>
  <variableValue variable="sport[year]">
    <value valueType="decimal">19.155460689649463</value>
  </variableValue>
  <variableValue variable="SPRVIS[year]">
    <value valueType="integer">5</value>
  </variableValue>
  <variableValue variable="SREYE[year]">
    <value valueType="integer">6</value>
  </variableValue>
  <variableValue variable="srh[year]">
    <value valueType="integer">4</value>
  </variableValue>
  <variableValue variable="SRHEALTH">
    <value valueType="integer">3</value>
  </variableValue>
  <variableValue variable="SRHEAR[year]">
    <value valueType="integer">6</value>
  </variableValue>
  <variableValue variable="sstot[year]">
    <value valueType="integer">39</value>
  </variableValue>
  <variableValue variable="STAIRS[year]">
    <value valueType="integer">4</value>
  </variableValue>
  <variableValue variable="TEA[year]">
    <value valueType="integer">5</value>
  </variableValue>
  <variableValue variable="TRAF[year]">
    <value valueType="integer">1</value>
  </variableValue>
  <variableValue variable="travel[year]">
    <value valueType="decimal">55.70612997919725</value>
  </variableValue>
  <variableValue variable="TREES[year]">
    <value valueType="integer">5</value>
  </variableValue>
  <variableValue variable="TRYSTOP[year]">
    <value valueType="integer">2</value>
  </variableValue>
  <variableValue variable="tv[year]">
    <value valueType="decimal">95.36164069657845</value>
  </variableValue>
  <variableValue variable="TYPBLD[year]">
    <value valueType="integer">4</value>
  </variableValue>
  <variableValue variable="UNIVEX[year]">
    <value valueType="integer">0</value>
  </variableValue>
  <variableValue variable="VEAL[year]">
    <value valueType="integer">1</value>
  </variableValue>
  <variableValue variable="vis[year]">
    <value valueType="decimal">99.28422744525409</value>
  </variableValue>
  <variableValue variable="vocab1[year]">
    <value valueType="integer">77</value>
  </variableValue>
  <variableValue variable="vocab2[year]">
    <value valueType="integer">62</value>
  </variableValue>
  <variableValue variable="VOCAT[year]">
    <value valueType="integer">0</value>
  </variableValue>
  <variableValue variable="vol[year]">
    <value valueType="decimal">88.947823022942</value>
  </variableValue>
  <variableValue variable="walk[year]">
    <value valueType="decimal">89.98087385825445</value>
  </variableValue>
  <variableValue variable="WALK[year]">
    <value valueType="integer">2</value>
  </variableValue>
  <variableValue variable="wdflu[year]">
    <value valueType="integer">59</value>
  </variableValue>
  <variableValue variable="WEIGHT[year]">
    <value valueType="integer">0</value>
  </variableValue>
  <variableValue variable="WELL[year]">
    <value valueType="integer">3</value>
  </variableValue>
  <variableValue variable="WINE[year]">
    <value valueType="integer">47</value>
  </variableValue>
  <variableValue variable="write[year]">
    <value valueType="decimal">20.826067365142396</value>
  </variableValue>
  <variableValue variable="WRKPLC[year]">
    <value valueType="integer">1</value>
  </variableValue>
  <variableValue variable="WRKTYP[year]">
    <value valueType="integer">1</value>
  </variableValue>
  <variableValue variable="ws[year]">
    <value valueType="integer">40</value>
  </variableValue>
  <variableValue variable="YEAROP[year]">
    <value valueType="integer">92</value>
  </variableValue>
  <variableValue variable="YRQUIT[year]">
    <value valueType="integer">21</value>
  </variableValue>
  <variableValue variable="YRRET[year]">
    <value valueType="integer">30</value>
  </variableValue>
  <variableValue variable="YRSMOKE[year]">
    <value valueType="decimal">37.24504333449862</value>
  </variableValue>
</valueSet>