<valueSet valueTable="2008" entityType="Participant" entityIdentifier="41532110">
  <variableValue variable="ADLTED[year]">
    <value valueType="integer">1</value>
  </variableValue>
  <variableValue variable="ADVDIR[year]">
    <value valueType="integer">1</value>
  </variableValue>
  <variableValue variable="age[year]">
    <value valueType="integer">21</value>
  </variableValue>
  <variableValue variable="AGEKID[year]">
    <value valueType="integer">14</value>
  </variableValue>
  <variableValue variable="AGENB[year]">
    <value valueType="integer">2</value>
  </variableValue>
  <variableValue variable="AGEWED[year]">
    <value valueType="integer">68</value>
  </variableValue>
  <variableValue variable="AGFRN[year]">
    <value valueType="integer">1</value>
  </variableValue>
  <variableValue variable="AGREE[year]">
    <value valueType="integer">52</value>
  </variableValue>
  <variableValue variable="ALCOHOL[year]">
    <value valueType="integer">3</value>
  </variableValue>
  <variableValue variable="Apdemp[year]">
    <value valueType="decimal">38.5310555422135</value>
  </variableValue>
  <variableValue variable="ART[year]">
    <value valueType="integer">2</value>
  </variableValue>
  <variableValue variable="BDATE_DY">
    <value valueType="integer">57</value>
  </variableValue>
  <variableValue variable="BDATE_MO">
    <value valueType="integer">24</value>
  </variableValue>
  <variableValue variable="BDATE_YR">
    <value valueType="integer">93</value>
  </variableValue>
  <variableValue variable="BEEF[year]">
    <value valueType="integer">3</value>
  </variableValue>
  <variableValue variable="BEER[year]">
    <value valueType="integer">82</value>
  </variableValue>
  <variableValue variable="BLDLK[year]">
    <value valueType="integer">3</value>
  </variableValue>
  <variableValue variable="BLOODPRE[year]">
    <value valueType="integer">2</value>
  </variableValue>
  <variableValue variable="BOOK[year]">
    <value valueType="integer">3</value>
  </variableValue>
  <variableValue variable="BRUSH[year]">
    <value valueType="integer">88</value>
  </variableValue>
  <variableValue variable="BUTTER[year]">
    <value valueType="integer">3</value>
  </variableValue>
  <variableValue variable="BUYFAT[year]">
    <value valueType="integer">3</value>
  </variableValue>
  <variableValue variable="BUYSALT[year]">
    <value valueType="integer">1</value>
  </variableValue>
  <variableValue variable="CANCHK[year]">
    <value valueType="integer">1</value>
  </variableValue>
  <variableValue variable="cards[year]">
    <value valueType="decimal">89.22735053986672</value>
  </variableValue>
  <variableValue variable="CATARACT[year]">
    <value valueType="integer">1</value>
  </variableValue>
  <variableValue variable="CHKFAT[year]">
    <value valueType="integer">1</value>
  </variableValue>
  <variableValue variable="CHOLES[year]">
    <value valueType="integer">5</value>
  </variableValue>
  <variableValue variable="chur[year]">
    <value valueType="decimal">78.33227085609722</value>
  </variableValue>
  <variableValue variable="CIGARDAY[year]">
    <value valueType="integer">4</value>
  </variableValue>
  <variableValue variable="CIGARS[year]">
    <value valueType="integer">5</value>
  </variableValue>
  <variableValue variable="CIGDAY[year]">
    <value valueType="integer">3</value>
  </variableValue>
  <variableValue variable="CIGS[year]">
    <value valueType="integer">2</value>
  </variableValue>
  <variableValue variable="CLNAIR[year]">
    <value valueType="integer">3</value>
  </variableValue>
  <variableValue variable="COFFEE[year]">
    <value valueType="integer">5</value>
  </variableValue>
  <variableValue variable="CONSCIEN[year]">
    <value valueType="integer">31</value>
  </variableValue>
  <variableValue variable="cook[year]">
    <value valueType="decimal">91.95166954747194</value>
  </variableValue>
  <variableValue variable="COOKBUT[year]">
    <value valueType="integer">2</value>
  </variableValue>
  <variableValue variable="CORS[year]">
    <value valueType="integer">1</value>
  </variableValue>
  <variableValue variable="crafts[year]">
    <value valueType="decimal">46.62614295865465</value>
  </variableValue>
  <variableValue variable="crdp1[year]">
    <value valueType="integer">4</value>
  </variableValue>
  <variableValue variable="crdp2[year]">
    <value valueType="integer">30</value>
  </variableValue>
  <variableValue variable="cult[year]">
    <value valueType="decimal">41.36059366125853</value>
  </variableValue>
  <variableValue variable="dance[year]">
    <value valueType="decimal">40.456173110339876</value>
  </variableValue>
  <variableValue variable="DENTIST[year]">
    <value valueType="integer">1</value>
  </variableValue>
  <variableValue variable="DENTURE[year]">
    <value valueType="integer">2</value>
  </variableValue>
  <variableValue variable="DIABET[year]">
    <value valueType="integer">1</value>
  </variableValue>
  <variableValue variable="DRMAM[year]">
    <value valueType="integer">2</value>
  </variableValue>
  <variableValue variable="DRVISIT[year]">
    <value valueType="integer">87</value>
  </variableValue>
  <variableValue variable="dydrm[year]">
    <value valueType="decimal">17.61453324051281</value>
  </variableValue>
  <variableValue variable="EARCHK[year]">
    <value valueType="integer">0</value>
  </variableValue>
  <variableValue variable="eatout[year]">
    <value valueType="decimal">71.86272556953959</value>
  </variableValue>
  <variableValue variable="EATSALT[year]">
    <value valueType="integer">5</value>
  </variableValue>
  <variableValue variable="edact[year]">
    <value valueType="decimal">48.409269346848575</value>
  </variableValue>
  <variableValue variable="educ">
    <value valueType="integer">13</value>
  </variableValue>
  <variableValue variable="EDUC[year]">
    <value valueType="integer">35</value>
  </variableValue>
  <variableValue variable="EGG[year]">
    <value valueType="integer">4</value>
  </variableValue>
  <variableValue variable="eldcar[year]">
    <value valueType="decimal">46.43290201847413</value>
  </variableValue>
  <variableValue variable="ELDCAR[year]">
    <value valueType="decimal">5.42082367792408</value>
  </variableValue>
  <variableValue variable="ENT1[year]">
    <value valueType="integer">2</value>
  </variableValue>
  <variableValue variable="ENT2[year]">
    <value valueType="integer">4</value>
  </variableValue>
  <variableValue variable="ENT3[year]">
    <value valueType="integer">1</value>
  </variableValue>
  <variableValue variable="eth[year]">
    <value valueType="integer">12</value>
  </variableValue>
  <variableValue variable="EXCERTOT[year]">
    <value valueType="decimal">37.98270385918696</value>
  </variableValue>
  <variableValue variable="EXCERWK[year]">
    <value valueType="integer">14</value>
  </variableValue>
  <variableValue variable="EXTRAVER[year]">
    <value valueType="integer">100</value>
  </variableValue>
  <variableValue variable="EYECHG[year]">
    <value valueType="integer">7</value>
  </variableValue>
  <variableValue variable="EYECHK[year]">
    <value valueType="integer">1</value>
  </variableValue>
  <variableValue variable="EYEGLAS[year]">
    <value valueType="integer">1</value>
  </variableValue>
  <variableValue variable="FAGE[year]">
    <value valueType="integer">93</value>
  </variableValue>
  <variableValue variable="FAITH[year]">
    <value valueType="integer">5</value>
  </variableValue>
  <variableValue variable="FALLS[year]">
    <value valueType="integer">7</value>
  </variableValue>
  <variableValue variable="FCAUSE[year]">
    <value valueType="integer">3</value>
  </variableValue>
  <variableValue variable="FDIE[year]">
    <value valueType="integer">20</value>
  </variableValue>
  <variableValue variable="FIC[year]">
    <value valueType="integer">32</value>
  </variableValue>
  <variableValue variable="fit[year]">
    <value valueType="decimal">93.62370465912649</value>
  </variableValue>
  <variableValue variable="FLIVE[year]">
    <value valueType="integer">1</value>
  </variableValue>
  <variableValue variable="FLOSS[year]">
    <value valueType="integer">6</value>
  </variableValue>
  <variableValue variable="FLUSHOT[year]">
    <value valueType="integer">2</value>
  </variableValue>
  <variableValue variable="fr[year]">
    <value valueType="integer">61</value>
  </variableValue>
  <variableValue variable="fratt[year]">
    <value valueType="integer">99</value>
  </variableValue>
  <variableValue variable="frcr[year]">
    <value valueType="integer">72</value>
  </variableValue>
  <variableValue variable="fromt[year]">
    <value valueType="integer">22</value>
  </variableValue>
  <variableValue variable="frwg[year]">
    <value valueType="integer">66</value>
  </variableValue>
  <variableValue variable="game[year]">
    <value valueType="decimal">28.92234181708294</value>
  </variableValue>
  <variableValue variable="gds[year]1 –  gds[year]30">
    <value valueType="integer">0</value>
  </variableValue>
  <variableValue variable="gdstot[year]">
    <value valueType="integer">82</value>
  </variableValue>
  <variableValue variable="HANDS[year]">
    <value valueType="decimal">82.53902638229276</value>
  </variableValue>
  <variableValue variable="HARDLIQ[year]">
    <value valueType="integer">0</value>
  </variableValue>
  <variableValue variable="HEALTHCH[year]">
    <value valueType="integer">4</value>
  </variableValue>
  <variableValue variable="HEARAID[year]">
    <value valueType="integer">0</value>
  </variableValue>
  <variableValue variable="HEARCHG[year]">
    <value valueType="integer">3</value>
  </variableValue>
  <variableValue variable="HEARSPEC[year]">
    <value valueType="integer">3</value>
  </variableValue>
  <variableValue variable="HEART[year]">
    <value valueType="integer">3</value>
  </variableValue>
  <variableValue variable="HEIGHT[year]">
    <value valueType="integer">12</value>
  </variableValue>
  <variableValue variable="HHEIGHT[year]">
    <value valueType="integer">16</value>
  </variableValue>
  <variableValue variable="HIGHBLOO[year]">
    <value valueType="integer">1</value>
  </variableValue>
  <variableValue variable="HJOBTP[year]">
    <value valueType="integer">7</value>
  </variableValue>
  <variableValue variable="HMKHD[year]">
    <value valueType="decimal">19.889727533369573</value>
  </variableValue>
  <variableValue variable="HMKJB[year]">
    <value valueType="integer">3</value>
  </variableValue>
  <variableValue variable="HMKPE[year]">
    <value valueType="decimal">9.712159656627295</value>
  </variableValue>
  <variableValue variable="HMKPRS[year]">
    <value valueType="integer">3</value>
  </variableValue>
  <variableValue variable="HMKR[year]">
    <value valueType="integer">33</value>
  </variableValue>
  <variableValue variable="HMKRD[year]">
    <value valueType="decimal">14.986784626211257</value>
  </variableValue>
  <variableValue variable="HOSDAYS[year]">
    <value valueType="integer">82</value>
  </variableValue>
  <variableValue variable="HOSVISIT[year]">
    <value valueType="integer">1</value>
  </variableValue>
  <variableValue variable="HWEIGHT[year]">
    <value valueType="integer">14</value>
  </variableValue>
  <variableValue variable="INC[year]">
    <value valueType="integer">8</value>
  </variableValue>
  <variableValue variable="INC84[year]">
    <value valueType="integer">1</value>
  </variableValue>
  <variableValue variable="instr[year]">
    <value valueType="decimal">1.0804703084177691</value>
  </variableValue>
  <variableValue variable="ir[year]a1 - ir[year]a20">
    <value valueType="integer">0</value>
  </variableValue>
  <variableValue variable="ir[year]b1 - ir[year]b20">
    <value valueType="integer">0</value>
  </variableValue>
  <variableValue variable="JOBLEN[year]">
    <value valueType="integer">3</value>
  </variableValue>
  <variableValue variable="JOBTYP[year]">
    <value valueType="integer">9</value>
  </variableValue>
  <variableValue variable="kidcar[year]">
    <value valueType="decimal">58.43937485336592</value>
  </variableValue>
  <variableValue variable="LAMB[year]">
    <value valueType="integer">1</value>
  </variableValue>
  <variableValue variable="lettot[year]">
    <value valueType="integer">65</value>
  </variableValue>
  <variableValue variable="LFST84[year]">
    <value valueType="integer">4</value>
  </variableValue>
  <variableValue variable="LIFSAT[year]">
    <value valueType="integer">3</value>
  </variableValue>
  <variableValue variable="LIVESMOK[year]">
    <value valueType="integer">3</value>
  </variableValue>
  <variableValue variable="ls[year]">
    <value valueType="integer">73</value>
  </variableValue>
  <variableValue variable="LSTJOB[year]">
    <value valueType="integer">6</value>
  </variableValue>
  <variableValue variable="LVNGWILL[year]">
    <value valueType="integer">1</value>
  </variableValue>
  <variableValue variable="MAGE[year]">
    <value valueType="integer">30</value>
  </variableValue>
  <variableValue variable="MAM[year]">
    <value valueType="integer">2</value>
  </variableValue>
  <variableValue variable="MAM2YR[year]">
    <value valueType="integer">2</value>
  </variableValue>
  <variableValue variable="MAMAGE[year]">
    <value valueType="integer">83</value>
  </variableValue>
  <variableValue variable="MAMEXAM[year]">
    <value valueType="integer">36</value>
  </variableValue>
  <variableValue variable="MASTECT[year]">
    <value valueType="integer">3</value>
  </variableValue>
  <variableValue variable="MCAUSE[year]">
    <value valueType="integer">4</value>
  </variableValue>
  <variableValue variable="MDIE[year]">
    <value valueType="integer">9</value>
  </variableValue>
  <variableValue variable="MED[year]">
    <value valueType="integer">3</value>
  </variableValue>
  <variableValue variable="MENAGE[year]">
    <value valueType="integer">18</value>
  </variableValue>
  <variableValue variable="MENHIST[year]">
    <value valueType="integer">16</value>
  </variableValue>
  <variableValue variable="MENSIT[year]">
    <value valueType="integer">4</value>
  </variableValue>
  <variableValue variable="MFQ[year]1">
    <value valueType="decimal">79.31400647940178</value>
  </variableValue>
  <variableValue variable="MFQ[year]2A">
    <value valueType="decimal">40.11234918423712</value>
  </variableValue>
  <variableValue variable="MFQ[year]2B">
    <value valueType="decimal">7.290124020256206</value>
  </variableValue>
  <variableValue variable="MFQ[year]2C">
    <value valueType="decimal">49.856027926089816</value>
  </variableValue>
  <variableValue variable="MFQ[year]2D">
    <value valueType="decimal">67.49054802260856</value>
  </variableValue>
  <variableValue variable="MFQ[year]2E">
    <value valueType="decimal">80.59078619564512</value>
  </variableValue>
  <variableValue variable="MFQ[year]3A">
    <value valueType="decimal">30.643462801120336</value>
  </variableValue>
  <variableValue variable="MFQ[year]3B">
    <value valueType="decimal">58.52965975359293</value>
  </variableValue>
  <variableValue variable="MFQ[year]3C">
    <value valueType="decimal">39.38968858600871</value>
  </variableValue>
  <variableValue variable="MFQ[year]3D">
    <value valueType="decimal">18.329962519998723</value>
  </variableValue>
  <variableValue variable="MFQ[year]3E">
    <value valueType="decimal">17.186306647266257</value>
  </variableValue>
  <variableValue variable="MFQ[year]3F">
    <value valueType="decimal">27.152241324383496</value>
  </variableValue>
  <variableValue variable="MFQ[year]3G">
    <value valueType="decimal">54.7285737104947</value>
  </variableValue>
  <variableValue variable="MFQ[year]3H">
    <value valueType="decimal">79.32590188641258</value>
  </variableValue>
  <variableValue variable="MFQ[year]3I">
    <value valueType="decimal">22.565482919151126</value>
  </variableValue>
  <variableValue variable="MFQ[year]3J">
    <value valueType="decimal">31.483152563826465</value>
  </variableValue>
  <variableValue variable="MFQ[year]3K">
    <value valueType="decimal">41.14394408178512</value>
  </variableValue>
  <variableValue variable="MFQ[year]3L">
    <value valueType="decimal">69.31844056354647</value>
  </variableValue>
  <variableValue variable="MFQ[year]3M">
    <value valueType="decimal">92.15058398845045</value>
  </variableValue>
  <variableValue variable="MFQ[year]3N">
    <value valueType="decimal">66.86968161833867</value>
  </variableValue>
  <variableValue variable="MFQ[year]3O">
    <value valueType="decimal">9.857573328051906</value>
  </variableValue>
  <variableValue variable="MFQ[year]3P">
    <value valueType="decimal">40.935558940800334</value>
  </variableValue>
  <variableValue variable="MFQ[year]3Q">
    <value valueType="decimal">69.41111160263948</value>
  </variableValue>
  <variableValue variable="MFQ[year]3R">
    <value valueType="decimal">92.03742235235765</value>
  </variableValue>
  <variableValue variable="MFQ[year]4A">
    <value valueType="decimal">25.8820561890171</value>
  </variableValue>
  <variableValue variable="MFQ[year]4B">
    <value valueType="decimal">10.865257172941956</value>
  </variableValue>
  <variableValue variable="MFQ[year]4C">
    <value valueType="decimal">27.744146360515785</value>
  </variableValue>
  <variableValue variable="MFQ[year]4D">
    <value valueType="decimal">68.63732423952659</value>
  </variableValue>
  <variableValue variable="MFQ[year]4E">
    <value valueType="decimal">69.63522757652153</value>
  </variableValue>
  <variableValue variable="MFQ[year]5A">
    <value valueType="decimal">81.03755424288249</value>
  </variableValue>
  <variableValue variable="MFQ[year]5B">
    <value valueType="decimal">89.2322399875621</value>
  </variableValue>
  <variableValue variable="MFQ[year]5C">
    <value valueType="decimal">69.72135957563772</value>
  </variableValue>
  <variableValue variable="MFQ[year]5D">
    <value valueType="decimal">93.3354126916057</value>
  </variableValue>
  <variableValue variable="MFQ[year]5E">
    <value valueType="decimal">50.70928252674973</value>
  </variableValue>
  <variableValue variable="MFQ[year]6A">
    <value valueType="decimal">99.37746532227749</value>
  </variableValue>
  <variableValue variable="MFQ[year]6B">
    <value valueType="decimal">64.79145761513145</value>
  </variableValue>
  <variableValue variable="MFQ[year]6C">
    <value valueType="decimal">45.17860030133459</value>
  </variableValue>
  <variableValue variable="MFQ[year]6D">
    <value valueType="decimal">67.37954647074497</value>
  </variableValue>
  <variableValue variable="MFQ[year]7A">
    <value valueType="decimal">85.54913426349408</value>
  </variableValue>
  <variableValue variable="MFQ[year]7B">
    <value valueType="decimal">1.664031199339755</value>
  </variableValue>
  <variableValue variable="MFQ[year]7C">
    <value valueType="decimal">7.0525402134265285</value>
  </variableValue>
  <variableValue variable="MFQ[year]7D">
    <value valueType="decimal">53.62385933842965</value>
  </variableValue>
  <variableValue variable="MFQ[year]7E">
    <value valueType="decimal">38.698941302341325</value>
  </variableValue>
  <variableValue variable="MFQ[year]7F">
    <value valueType="decimal">96.11506039097901</value>
  </variableValue>
  <variableValue variable="MFQ[year]7G">
    <value valueType="decimal">67.42169340832753</value>
  </variableValue>
  <variableValue variable="MFQ[year]7H">
    <value valueType="decimal">64.22011086355623</value>
  </variableValue>
  <variableValue variable="MFQ[year]7I">
    <value valueType="decimal">22.83881912841288</value>
  </variableValue>
  <variableValue variable="MFQ[year]7J">
    <value valueType="decimal">9.11834574924255</value>
  </variableValue>
  <variableValue variable="MFQ[year]7K">
    <value valueType="decimal">30.020830220553087</value>
  </variableValue>
  <variableValue variable="MFQ[year]7L">
    <value valueType="decimal">73.34972406302431</value>
  </variableValue>
  <variableValue variable="MFQ[year]7M">
    <value valueType="decimal">34.843157613112105</value>
  </variableValue>
  <variableValue variable="MFQ[year]7N">
    <value valueType="decimal">38.462207133680614</value>
  </variableValue>
  <variableValue variable="MFQ[year]7O">
    <value valueType="decimal">41.12402145504544</value>
  </variableValue>
  <variableValue variable="MFQ[year]7P">
    <value valueType="decimal">65.19244218225973</value>
  </variableValue>
  <variableValue variable="MFQ[year]7Q">
    <value valueType="decimal">8.328378305018092</value>
  </variableValue>
  <variableValue variable="MFQ[year]7R">
    <value valueType="decimal">76.62757784253478</value>
  </variableValue>
  <variableValue variable="MFQ[year]8A">
    <value valueType="decimal">3.4096280166137527</value>
  </variableValue>
  <variableValue variable="MFQ[year]8B">
    <value valueType="decimal">2.8934164723006917</value>
  </variableValue>
  <variableValue variable="MFQ[year]8C">
    <value valueType="decimal">79.67940290030423</value>
  </variableValue>
  <variableValue variable="MFQ[year]8D">
    <value valueType="decimal">90.03308227871875</value>
  </variableValue>
  <variableValue variable="MFQ[year]8E">
    <value valueType="decimal">32.82084831540255</value>
  </variableValue>
  <variableValue variable="MFQ[year]8F">
    <value valueType="decimal">80.66636656264613</value>
  </variableValue>
  <variableValue variable="MFQ[year]8G">
    <value valueType="decimal">11.733820197904665</value>
  </variableValue>
  <variableValue variable="MFQ[year]8H">
    <value valueType="decimal">56.100313526178915</value>
  </variableValue>
  <variableValue variable="MFQ1[year]">
    <value valueType="integer">43</value>
  </variableValue>
  <variableValue variable="mfq1[year]">
    <value valueType="decimal">80.59261622588014</value>
  </variableValue>
  <variableValue variable="MFQ2[year]">
    <value valueType="integer">52</value>
  </variableValue>
  <variableValue variable="mfq2[year]">
    <value valueType="decimal">1.2010410031570329</value>
  </variableValue>
  <variableValue variable="MFQ3[year]">
    <value valueType="integer">92</value>
  </variableValue>
  <variableValue variable="mfq3[year]">
    <value valueType="decimal">77.10038189747462</value>
  </variableValue>
  <variableValue variable="MFQ4[year]">
    <value valueType="integer">98</value>
  </variableValue>
  <variableValue variable="mfq4[year]">
    <value valueType="decimal">70.62425776698412</value>
  </variableValue>
  <variableValue variable="MLIVE[year]">
    <value valueType="integer">3</value>
  </variableValue>
  <variableValue variable="MOMWK[year]">
    <value valueType="integer">1</value>
  </variableValue>
  <variableValue variable="movie[year]">
    <value valueType="decimal">79.58513032136598</value>
  </variableValue>
  <variableValue variable="MSTA84[year]">
    <value valueType="integer">2</value>
  </variableValue>
  <variableValue variable="MSTAT[year]">
    <value valueType="integer">3</value>
  </variableValue>
  <variableValue variable="NBKS[year]">
    <value valueType="integer">80</value>
  </variableValue>
  <variableValue variable="NCONF[year]">
    <value valueType="integer">61</value>
  </variableValue>
  <variableValue variable="NEEDCATA[year]">
    <value valueType="integer">4</value>
  </variableValue>
  <variableValue variable="NEMP[year]">
    <value valueType="integer">55</value>
  </variableValue>
  <variableValue variable="NEUROTIC[year]">
    <value valueType="integer">58</value>
  </variableValue>
  <variableValue variable="NEWPRNT[year]">
    <value valueType="integer">4</value>
  </variableValue>
  <variableValue variable="nfr[year]">
    <value valueType="integer">86</value>
  </variableValue>
  <variableValue variable="NFRN[year]">
    <value valueType="integer">51</value>
  </variableValue>
  <variableValue variable="NGRNKD[year]">
    <value valueType="integer">96</value>
  </variableValue>
  <variableValue variable="NJOB[year]">
    <value valueType="integer">36</value>
  </variableValue>
  <variableValue variable="NKDHM[year]">
    <value valueType="integer">21</value>
  </variableValue>
  <variableValue variable="NKIDS[year]">
    <value valueType="integer">63</value>
  </variableValue>
  <variableValue variable="NMAG[year]">
    <value valueType="integer">20</value>
  </variableValue>
  <variableValue variable="NMOV[year]">
    <value valueType="integer">91</value>
  </variableValue>
  <variableValue variable="NMTG[year]">
    <value valueType="integer">42</value>
  </variableValue>
  <variableValue variable="NNEIG[year]">
    <value valueType="integer">4</value>
  </variableValue>
  <variableValue variable="NOBR[year]">
    <value valueType="integer">97</value>
  </variableValue>
  <variableValue variable="NOISE[year]">
    <value valueType="integer">1</value>
  </variableValue>
  <variableValue variable="NONFIC[year]">
    <value valueType="integer">41</value>
  </variableValue>
  <variableValue variable="nor[year]">
    <value valueType="integer">10</value>
  </variableValue>
  <variableValue variable="norcr[year]">
    <value valueType="integer">29</value>
  </variableValue>
  <variableValue variable="NOSIS[year]">
    <value valueType="integer">27</value>
  </variableValue>
  <variableValue variable="NOWRK[year]">
    <value valueType="integer">7</value>
  </variableValue>
  <variableValue variable="NRMS[year]">
    <value valueType="integer">63</value>
  </variableValue>
  <variableValue variable="nsp08">
    <value valueType="integer">93</value>
  </variableValue>
  <variableValue variable="NSTATE[year]">
    <value valueType="integer">64</value>
  </variableValue>
  <variableValue variable="NTRAD[year]">
    <value valueType="integer">67</value>
  </variableValue>
  <variableValue variable="NTRIPS[year]">
    <value valueType="integer">17</value>
  </variableValue>
  <variableValue variable="numtot[year]">
    <value valueType="integer">77</value>
  </variableValue>
  <variableValue variable="NVISIT[year]">
    <value valueType="integer">4</value>
  </variableValue>
  <variableValue variable="NWED[year]">
    <value valueType="integer">52</value>
  </variableValue>
  <variableValue variable="NYBR[year]">
    <value valueType="integer">82</value>
  </variableValue>
  <variableValue variable="NYSIS[year]">
    <value valueType="integer">23</value>
  </variableValue>
  <variableValue variable="OBGYN[year]">
    <value valueType="integer">3</value>
  </variableValue>
  <variableValue variable="OCC[year]">
    <value valueType="integer">8</value>
  </variableValue>
  <variableValue variable="OCC84[year]">
    <value valueType="integer">3</value>
  </variableValue>
  <variableValue variable="OPEN[year]">
    <value valueType="integer">82</value>
  </variableValue>
  <variableValue variable="or[year]">
    <value valueType="integer">78</value>
  </variableValue>
  <variableValue variable="oratt[year]">
    <value valueType="integer">0</value>
  </variableValue>
  <variableValue variable="ORGAN[year]">
    <value valueType="integer">3</value>
  </variableValue>
  <variableValue variable="oromt[year]">
    <value valueType="integer">26</value>
  </variableValue>
  <variableValue variable="orwg[year]">
    <value valueType="integer">84</value>
  </variableValue>
  <variableValue variable="OTJ[year]">
    <value valueType="integer">0</value>
  </variableValue>
  <variableValue variable="outhob[year]">
    <value valueType="decimal">5.438186185101179</value>
  </variableValue>
  <variableValue variable="OWNHM[year]">
    <value valueType="integer">1</value>
  </variableValue>
  <variableValue variable="PAINREL[year]">
    <value valueType="integer">2</value>
  </variableValue>
  <variableValue variable="PAP[year]">
    <value valueType="integer">5</value>
  </variableValue>
  <variableValue variable="party[year]">
    <value valueType="decimal">64.60455626050515</value>
  </variableValue>
  <variableValue variable="pase1">
    <value valueType="integer">2</value>
  </variableValue>
  <variableValue variable="pase10">
    <value valueType="integer">0</value>
  </variableValue>
  <variableValue variable="pase10a">
    <value valueType="decimal">59.96612976084601</value>
  </variableValue>
  <variableValue variable="pase10b">
    <value valueType="integer">1</value>
  </variableValue>
  <variableValue variable="pase1b">
    <value valueType="integer">2</value>
  </variableValue>
  <variableValue variable="pase2">
    <value valueType="integer">3</value>
  </variableValue>
  <variableValue variable="pase2a">
    <value valueType="integer">3</value>
  </variableValue>
  <variableValue variable="pase3">
    <value valueType="integer">2</value>
  </variableValue>
  <variableValue variable="pase3b">
    <value valueType="integer">3</value>
  </variableValue>
  <variableValue variable="pase4">
    <value valueType="integer">2</value>
  </variableValue>
  <variableValue variable="pase4b">
    <value valueType="integer">1</value>
  </variableValue>
  <variableValue variable="pase5">
    <value valueType="integer">2</value>
  </variableValue>
  <variableValue variable="pase5b">
    <value valueType="integer">3</value>
  </variableValue>
  <variableValue variable="pase6">
    <value valueType="integer">3</value>
  </variableValue>
  <variableValue variable="pase6b">
    <value valueType="integer">3</value>
  </variableValue>
  <variableValue variable="pase7">
    <value valueType="integer">0</value>
  </variableValue>
  <variableValue variable="pase8">
    <value valueType="integer">1</value>
  </variableValue>
  <variableValue variable="pase9a - pase9d">
    <value valueType="integer">0</value>
  </variableValue>
  <variableValue variable="pattot[year]">
    <value valueType="integer">37</value>
  </variableValue>
  <variableValue variable="PDEMP[year]">
    <value valueType="integer">0</value>
  </variableValue>
  <variableValue variable="PEOP[year]">
    <value valueType="decimal">43.71931722166518</value>
  </variableValue>
  <variableValue variable="pets[year]">
    <value valueType="decimal">30.49546063834375</value>
  </variableValue>
  <variableValue variable="phone[year]">
    <value valueType="decimal">55.66695329189491</value>
  </variableValue>
  <variableValue variable="picnic[year]">
    <value valueType="decimal">56.3626587484072</value>
  </variableValue>
  <variableValue variable="PIPEDAY[year]">
    <value valueType="integer">5</value>
  </variableValue>
  <variableValue variable="PIPES[year]">
    <value valueType="integer">4</value>
  </variableValue>
  <variableValue variable="pirr1[year]">
    <value valueType="integer">20</value>
  </variableValue>
  <variableValue variable="pirr2[year]">
    <value valueType="integer">41</value>
  </variableValue>
  <variableValue variable="PORK[year]">
    <value valueType="integer">5</value>
  </variableValue>
  <variableValue variable="ppr1[year]">
    <value valueType="integer">72</value>
  </variableValue>
  <variableValue variable="ppr2[year]">
    <value valueType="integer">88</value>
  </variableValue>
  <variableValue variable="ppr3[year]">
    <value valueType="integer">97</value>
  </variableValue>
  <variableValue variable="pray[year]">
    <value valueType="decimal">31.219947427114203</value>
  </variableValue>
  <variableValue variable="PRESR[year]">
    <value valueType="integer">1</value>
  </variableValue>
  <variableValue variable="PRO2YR[year]">
    <value valueType="integer">1</value>
  </variableValue>
  <variableValue variable="PROAGE[year]">
    <value valueType="integer">54</value>
  </variableValue>
  <variableValue variable="PROENLAR[year]">
    <value valueType="integer">1</value>
  </variableValue>
  <variableValue variable="PROEXAM[year]">
    <value valueType="integer">99</value>
  </variableValue>
  <variableValue variable="PROS[year]">
    <value valueType="integer">1</value>
  </variableValue>
  <variableValue variable="PROSUC[year]">
    <value valueType="integer">1</value>
  </variableValue>
  <variableValue variable="PRSC84[year]">
    <value valueType="integer">4</value>
  </variableValue>
  <variableValue variable="radio[year]">
    <value valueType="decimal">18.421195799620293</value>
  </variableValue>
  <variableValue variable="RDPAPR[year]">
    <value valueType="integer">0</value>
  </variableValue>
  <variableValue variable="RDWRIT[year]">
    <value valueType="decimal">77.64057824928503</value>
  </variableValue>
  <variableValue variable="read[year]">
    <value valueType="decimal">22.477539233640254</value>
  </variableValue>
  <variableValue variable="REGULAR[year]">
    <value valueType="integer">2</value>
  </variableValue>
  <variableValue variable="REMAR[year]">
    <value valueType="integer">72</value>
  </variableValue>
  <variableValue variable="rv[year]">
    <value valueType="integer">84</value>
  </variableValue>
  <variableValue variable="SAFE[year]">
    <value valueType="integer">1</value>
  </variableValue>
  <variableValue variable="SBHWY[year]">
    <value valueType="integer">4</value>
  </variableValue>
  <variableValue variable="SBTOWN[year]">
    <value valueType="integer">3</value>
  </variableValue>
  <variableValue variable="SELFBLOO[year]">
    <value valueType="integer">4</value>
  </variableValue>
  <variableValue variable="selfim[year]">
    <value valueType="decimal">32.163531640953714</value>
  </variableValue>
  <variableValue variable="SELFMAM[year]">
    <value valueType="integer">3</value>
  </variableValue>
  <variableValue variable="sex">
    <value valueType="integer">1</value>
  </variableValue>
  <variableValue variable="shop[year]">
    <value valueType="decimal">8.669974999138574</value>
  </variableValue>
  <variableValue variable="SIBS[year]">
    <value valueType="integer">1</value>
  </variableValue>
  <variableValue variable="SLEEP[year]">
    <value valueType="integer">2</value>
  </variableValue>
  <variableValue variable="smdvh[year]">
    <value valueType="integer">40</value>
  </variableValue>
  <variableValue variable="smdvl[year]">
    <value valueType="integer">13</value>
  </variableValue>
  <variableValue variable="SMK[year]">
    <value valueType="integer">0</value>
  </variableValue>
  <variableValue variable="SMOKE[year]">
    <value valueType="integer">1</value>
  </variableValue>
  <variableValue variable="SMOKEPAS[year]">
    <value valueType="decimal">48.334794212179844</value>
  </variableValue>
  <variableValue variable="SODA[year]">
    <value valueType="integer">2</value>
  </variableValue>
  <variableValue variable="SODIUM[year]">
    <value valueType="integer">4</value>
  </variableValue>
  <variableValue variable="SPBRN[year]">
    <value valueType="integer">18</value>
  </variableValue>
  <variableValue variable="spec[year]">
    <value valueType="decimal">99.48022770953308</value>
  </variableValue>
  <variableValue variable="SPEED[year]">
    <value valueType="integer">3</value>
  </variableValue>
  <variableValue variable="SPOCC[year]">
    <value valueType="integer">2</value>
  </variableValue>
  <variableValue variable="sport[year]">
    <value valueType="decimal">20.379041195519175</value>
  </variableValue>
  <variableValue variable="SPRVIS[year]">
    <value valueType="integer">5</value>
  </variableValue>
  <variableValue variable="SREYE[year]">
    <value valueType="integer">6</value>
  </variableValue>
  <variableValue variable="srh[year]">
    <value valueType="integer">5</value>
  </variableValue>
  <variableValue variable="SRHEALTH">
    <value valueType="integer">6</value>
  </variableValue>
  <variableValue variable="SRHEAR[year]">
    <value valueType="integer">2</value>
  </variableValue>
  <variableValue variable="sstot[year]">
    <value valueType="integer">34</value>
  </variableValue>
  <variableValue variable="STAIRS[year]">
    <value valueType="integer">5</value>
  </variableValue>
  <variableValue variable="TEA[year]">
    <value valueType="integer">1</value>
  </variableValue>
  <variableValue variable="TRAF[year]">
    <value valueType="integer">1</value>
  </variableValue>
  <variableValue variable="travel[year]">
    <value valueType="decimal">90.34043584833988</value>
  </variableValue>
  <variableValue variable="TREES[year]">
    <value valueType="integer">1</value>
  </variableValue>
  <variableValue variable="TRYSTOP[year]">
    <value valueType="integer">2</value>
  </variableValue>
  <variableValue variable="tv[year]">
    <value valueType="decimal">73.24346637828872</value>
  </variableValue>
  <variableValue variable="TYPBLD[year]">
    <value valueType="integer">4</value>
  </variableValue>
  <variableValue variable="UNIVEX[year]">
    <value valueType="integer">1</value>
  </variableValue>
  <variableValue variable="VEAL[year]">
    <value valueType="integer">2</value>
  </variableValue>
  <variableValue variable="vis[year]">
    <value valueType="decimal">45.63556400453328</value>
  </variableValue>
  <variableValue variable="vocab1[year]">
    <value valueType="integer">14</value>
  </variableValue>
  <variableValue variable="vocab2[year]">
    <value valueType="integer">35</value>
  </variableValue>
  <variableValue variable="VOCAT[year]">
    <value valueType="integer">0</value>
  </variableValue>
  <variableValue variable="vol[year]">
    <value valueType="decimal">13.917634574411174</value>
  </variableValue>
  <variableValue variable="walk[year]">
    <value valueType="decimal">1.1961636068925752</value>
  </variableValue>
  <variableValue variable="WALK[year]">
    <value valueType="integer">1</value>
  </variableValue>
  <variableValue variable="wdflu[year]">
    <value valueType="integer">22</value>
  </variableValue>
  <variableValue variable="WEIGHT[year]">
    <value valueType="integer">75</value>
  </variableValue>
  <variableValue variable="WELL[year]">
    <value valueType="integer">1</value>
  </variableValue>
  <variableValue variable="WINE[year]">
    <value valueType="integer">29</value>
  </variableValue>
  <variableValue variable="write[year]">
    <value valueType="decimal">67.39861980890625</value>
  </variableValue>
  <variableValue variable="WRKPLC[year]">
    <value valueType="integer">2</value>
  </variableValue>
  <variableValue variable="WRKTYP[year]">
    <value valueType="integer">4</value>
  </variableValue>
  <variableValue variable="ws[year]">
    <value valueType="integer">41</value>
  </variableValue>
  <variableValue variable="YEAROP[year]">
    <value valueType="integer">8</value>
  </variableValue>
  <variableValue variable="YRQUIT[year]">
    <value valueType="integer">99</value>
  </variableValue>
  <variableValue variable="YRRET[year]">
    <value valueType="integer">64</value>
  </variableValue>
  <variableValue variable="YRSMOKE[year]">
    <value valueType="decimal">3.306383396380086</value>
  </variableValue>
</valueSet>