<valueSet valueTable="2008" entityType="Participant" entityIdentifier="21316437">
  <variableValue variable="ADLTED[year]">
    <value valueType="integer">1</value>
  </variableValue>
  <variableValue variable="ADVDIR[year]">
    <value valueType="integer">2</value>
  </variableValue>
  <variableValue variable="age[year]">
    <value valueType="integer">69</value>
  </variableValue>
  <variableValue variable="AGEKID[year]">
    <value valueType="integer">50</value>
  </variableValue>
  <variableValue variable="AGENB[year]">
    <value valueType="integer">1</value>
  </variableValue>
  <variableValue variable="AGEWED[year]">
    <value valueType="integer">19</value>
  </variableValue>
  <variableValue variable="AGFRN[year]">
    <value valueType="integer">3</value>
  </variableValue>
  <variableValue variable="AGREE[year]">
    <value valueType="integer">12</value>
  </variableValue>
  <variableValue variable="ALCOHOL[year]">
    <value valueType="integer">2</value>
  </variableValue>
  <variableValue variable="Apdemp[year]">
    <value valueType="decimal">37.94086727954894</value>
  </variableValue>
  <variableValue variable="ART[year]">
    <value valueType="integer">3</value>
  </variableValue>
  <variableValue variable="BDATE_DY">
    <value valueType="integer">100</value>
  </variableValue>
  <variableValue variable="BDATE_MO">
    <value valueType="integer">23</value>
  </variableValue>
  <variableValue variable="BDATE_YR">
    <value valueType="integer">90</value>
  </variableValue>
  <variableValue variable="BEEF[year]">
    <value valueType="integer">4</value>
  </variableValue>
  <variableValue variable="BEER[year]">
    <value valueType="integer">92</value>
  </variableValue>
  <variableValue variable="BLDLK[year]">
    <value valueType="integer">1</value>
  </variableValue>
  <variableValue variable="BLOODPRE[year]">
    <value valueType="integer">1</value>
  </variableValue>
  <variableValue variable="BOOK[year]">
    <value valueType="integer">1</value>
  </variableValue>
  <variableValue variable="BRUSH[year]">
    <value valueType="integer">81</value>
  </variableValue>
  <variableValue variable="BUTTER[year]">
    <value valueType="integer">2</value>
  </variableValue>
  <variableValue variable="BUYFAT[year]">
    <value valueType="integer">3</value>
  </variableValue>
  <variableValue variable="BUYSALT[year]">
    <value valueType="integer">1</value>
  </variableValue>
  <variableValue variable="CANCHK[year]">
    <value valueType="integer">1</value>
  </variableValue>
  <variableValue variable="cards[year]">
    <value valueType="decimal">79.31148879684146</value>
  </variableValue>
  <variableValue variable="CATARACT[year]">
    <value valueType="integer">2</value>
  </variableValue>
  <variableValue variable="CHKFAT[year]">
    <value valueType="integer">2</value>
  </variableValue>
  <variableValue variable="CHOLES[year]">
    <value valueType="integer">4</value>
  </variableValue>
  <variableValue variable="chur[year]">
    <value valueType="decimal">98.91254363641934</value>
  </variableValue>
  <variableValue variable="CIGARDAY[year]">
    <value valueType="integer">5</value>
  </variableValue>
  <variableValue variable="CIGARS[year]">
    <value valueType="integer">2</value>
  </variableValue>
  <variableValue variable="CIGDAY[year]">
    <value valueType="integer">3</value>
  </variableValue>
  <variableValue variable="CIGS[year]">
    <value valueType="integer">3</value>
  </variableValue>
  <variableValue variable="CLNAIR[year]">
    <value valueType="integer">4</value>
  </variableValue>
  <variableValue variable="COFFEE[year]">
    <value valueType="integer">2</value>
  </variableValue>
  <variableValue variable="CONSCIEN[year]">
    <value valueType="integer">99</value>
  </variableValue>
  <variableValue variable="cook[year]">
    <value valueType="decimal">99.71986014466945</value>
  </variableValue>
  <variableValue variable="COOKBUT[year]">
    <value valueType="integer">3</value>
  </variableValue>
  <variableValue variable="CORS[year]">
    <value valueType="integer">1</value>
  </variableValue>
  <variableValue variable="crafts[year]">
    <value valueType="decimal">57.292403886268986</value>
  </variableValue>
  <variableValue variable="crdp1[year]">
    <value valueType="integer">88</value>
  </variableValue>
  <variableValue variable="crdp2[year]">
    <value valueType="integer">8</value>
  </variableValue>
  <variableValue variable="cult[year]">
    <value valueType="decimal">76.25384348244476</value>
  </variableValue>
  <variableValue variable="dance[year]">
    <value valueType="decimal">43.01840818048422</value>
  </variableValue>
  <variableValue variable="DENTIST[year]">
    <value valueType="integer">1</value>
  </variableValue>
  <variableValue variable="DENTURE[year]">
    <value valueType="integer">2</value>
  </variableValue>
  <variableValue variable="DIABET[year]">
    <value valueType="integer">2</value>
  </variableValue>
  <variableValue variable="DRMAM[year]">
    <value valueType="integer">5</value>
  </variableValue>
  <variableValue variable="DRVISIT[year]">
    <value valueType="integer">31</value>
  </variableValue>
  <variableValue variable="dydrm[year]">
    <value valueType="decimal">73.33921170962508</value>
  </variableValue>
  <variableValue variable="EARCHK[year]">
    <value valueType="integer">0</value>
  </variableValue>
  <variableValue variable="eatout[year]">
    <value valueType="decimal">64.40895205870257</value>
  </variableValue>
  <variableValue variable="EATSALT[year]">
    <value valueType="integer">5</value>
  </variableValue>
  <variableValue variable="edact[year]">
    <value valueType="decimal">98.61968923684904</value>
  </variableValue>
  <variableValue variable="educ">
    <value valueType="integer">5</value>
  </variableValue>
  <variableValue variable="EDUC[year]">
    <value valueType="integer">69</value>
  </variableValue>
  <variableValue variable="EGG[year]">
    <value valueType="integer">2</value>
  </variableValue>
  <variableValue variable="eldcar[year]">
    <value valueType="decimal">62.5838436925506</value>
  </variableValue>
  <variableValue variable="ELDCAR[year]">
    <value valueType="decimal">58.930085214619965</value>
  </variableValue>
  <variableValue variable="ENT1[year]">
    <value valueType="integer">9</value>
  </variableValue>
  <variableValue variable="ENT2[year]">
    <value valueType="integer">5</value>
  </variableValue>
  <variableValue variable="ENT3[year]">
    <value valueType="integer">11</value>
  </variableValue>
  <variableValue variable="eth[year]">
    <value valueType="integer">44</value>
  </variableValue>
  <variableValue variable="EXCERTOT[year]">
    <value valueType="decimal">20.157783387181883</value>
  </variableValue>
  <variableValue variable="EXCERWK[year]">
    <value valueType="integer">82</value>
  </variableValue>
  <variableValue variable="EXTRAVER[year]">
    <value valueType="integer">2</value>
  </variableValue>
  <variableValue variable="EYECHG[year]">
    <value valueType="integer">6</value>
  </variableValue>
  <variableValue variable="EYECHK[year]">
    <value valueType="integer">1</value>
  </variableValue>
  <variableValue variable="EYEGLAS[year]">
    <value valueType="integer">1</value>
  </variableValue>
  <variableValue variable="FAGE[year]">
    <value valueType="integer">100</value>
  </variableValue>
  <variableValue variable="FAITH[year]">
    <value valueType="integer">5</value>
  </variableValue>
  <variableValue variable="FALLS[year]">
    <value valueType="integer">5</value>
  </variableValue>
  <variableValue variable="FCAUSE[year]">
    <value valueType="integer">2</value>
  </variableValue>
  <variableValue variable="FDIE[year]">
    <value valueType="integer">19</value>
  </variableValue>
  <variableValue variable="FIC[year]">
    <value valueType="integer">64</value>
  </variableValue>
  <variableValue variable="fit[year]">
    <value valueType="decimal">88.54574586921518</value>
  </variableValue>
  <variableValue variable="FLIVE[year]">
    <value valueType="integer">3</value>
  </variableValue>
  <variableValue variable="FLOSS[year]">
    <value valueType="integer">1</value>
  </variableValue>
  <variableValue variable="FLUSHOT[year]">
    <value valueType="integer">5</value>
  </variableValue>
  <variableValue variable="fr[year]">
    <value valueType="integer">84</value>
  </variableValue>
  <variableValue variable="fratt[year]">
    <value valueType="integer">20</value>
  </variableValue>
  <variableValue variable="frcr[year]">
    <value valueType="integer">80</value>
  </variableValue>
  <variableValue variable="fromt[year]">
    <value valueType="integer">19</value>
  </variableValue>
  <variableValue variable="frwg[year]">
    <value valueType="integer">0</value>
  </variableValue>
  <variableValue variable="game[year]">
    <value valueType="decimal">91.85676463152681</value>
  </variableValue>
  <variableValue variable="gds[year]1 –  gds[year]30">
    <value valueType="integer">1</value>
  </variableValue>
  <variableValue variable="gdstot[year]">
    <value valueType="integer">85</value>
  </variableValue>
  <variableValue variable="HANDS[year]">
    <value valueType="decimal">23.22246984807792</value>
  </variableValue>
  <variableValue variable="HARDLIQ[year]">
    <value valueType="integer">18</value>
  </variableValue>
  <variableValue variable="HEALTHCH[year]">
    <value valueType="integer">2</value>
  </variableValue>
  <variableValue variable="HEARAID[year]">
    <value valueType="integer">1</value>
  </variableValue>
  <variableValue variable="HEARCHG[year]">
    <value valueType="integer">1</value>
  </variableValue>
  <variableValue variable="HEARSPEC[year]">
    <value valueType="integer">3</value>
  </variableValue>
  <variableValue variable="HEART[year]">
    <value valueType="integer">2</value>
  </variableValue>
  <variableValue variable="HEIGHT[year]">
    <value valueType="integer">74</value>
  </variableValue>
  <variableValue variable="HHEIGHT[year]">
    <value valueType="integer">100</value>
  </variableValue>
  <variableValue variable="HIGHBLOO[year]">
    <value valueType="integer">1</value>
  </variableValue>
  <variableValue variable="HJOBTP[year]">
    <value valueType="integer">2</value>
  </variableValue>
  <variableValue variable="HMKHD[year]">
    <value valueType="decimal">28.043342823548112</value>
  </variableValue>
  <variableValue variable="HMKJB[year]">
    <value valueType="integer">37</value>
  </variableValue>
  <variableValue variable="HMKPE[year]">
    <value valueType="decimal">57.07450866557584</value>
  </variableValue>
  <variableValue variable="HMKPRS[year]">
    <value valueType="integer">3</value>
  </variableValue>
  <variableValue variable="HMKR[year]">
    <value valueType="integer">70</value>
  </variableValue>
  <variableValue variable="HMKRD[year]">
    <value valueType="decimal">50.733473661217865</value>
  </variableValue>
  <variableValue variable="HOSDAYS[year]">
    <value valueType="integer">87</value>
  </variableValue>
  <variableValue variable="HOSVISIT[year]">
    <value valueType="integer">0</value>
  </variableValue>
  <variableValue variable="HWEIGHT[year]">
    <value valueType="integer">0</value>
  </variableValue>
  <variableValue variable="INC[year]">
    <value valueType="integer">8</value>
  </variableValue>
  <variableValue variable="INC84[year]">
    <value valueType="integer">6</value>
  </variableValue>
  <variableValue variable="instr[year]">
    <value valueType="decimal">48.3319504251233</value>
  </variableValue>
  <variableValue variable="ir[year]a1 - ir[year]a20">
    <value valueType="integer">0</value>
  </variableValue>
  <variableValue variable="ir[year]b1 - ir[year]b20">
    <value valueType="integer">0</value>
  </variableValue>
  <variableValue variable="JOBLEN[year]">
    <value valueType="integer">1</value>
  </variableValue>
  <variableValue variable="JOBTYP[year]">
    <value valueType="integer">5</value>
  </variableValue>
  <variableValue variable="kidcar[year]">
    <value valueType="decimal">87.60655323720181</value>
  </variableValue>
  <variableValue variable="LAMB[year]">
    <value valueType="integer">2</value>
  </variableValue>
  <variableValue variable="lettot[year]">
    <value valueType="integer">84</value>
  </variableValue>
  <variableValue variable="LFST84[year]">
    <value valueType="integer">4</value>
  </variableValue>
  <variableValue variable="LIFSAT[year]">
    <value valueType="integer">4</value>
  </variableValue>
  <variableValue variable="LIVESMOK[year]">
    <value valueType="integer">2</value>
  </variableValue>
  <variableValue variable="ls[year]">
    <value valueType="integer">57</value>
  </variableValue>
  <variableValue variable="LSTJOB[year]">
    <value valueType="integer">5</value>
  </variableValue>
  <variableValue variable="LVNGWILL[year]">
    <value valueType="integer">1</value>
  </variableValue>
  <variableValue variable="MAGE[year]">
    <value valueType="integer">24</value>
  </variableValue>
  <variableValue variable="MAM[year]">
    <value valueType="integer">2</value>
  </variableValue>
  <variableValue variable="MAM2YR[year]">
    <value valueType="integer">1</value>
  </variableValue>
  <variableValue variable="MAMAGE[year]">
    <value valueType="integer">62</value>
  </variableValue>
  <variableValue variable="MAMEXAM[year]">
    <value valueType="integer">25</value>
  </variableValue>
  <variableValue variable="MASTECT[year]">
    <value valueType="integer">3</value>
  </variableValue>
  <variableValue variable="MCAUSE[year]">
    <value valueType="integer">3</value>
  </variableValue>
  <variableValue variable="MDIE[year]">
    <value valueType="integer">19</value>
  </variableValue>
  <variableValue variable="MED[year]">
    <value valueType="integer">3</value>
  </variableValue>
  <variableValue variable="MENAGE[year]">
    <value valueType="integer">81</value>
  </variableValue>
  <variableValue variable="MENHIST[year]">
    <value valueType="integer">9</value>
  </variableValue>
  <variableValue variable="MENSIT[year]">
    <value valueType="integer">3</value>
  </variableValue>
  <variableValue variable="MFQ[year]1">
    <value valueType="decimal">54.19770448465678</value>
  </variableValue>
  <variableValue variable="MFQ[year]2A">
    <value valueType="decimal">25.44369172831934</value>
  </variableValue>
  <variableValue variable="MFQ[year]2B">
    <value valueType="decimal">65.56025923851654</value>
  </variableValue>
  <variableValue variable="MFQ[year]2C">
    <value valueType="decimal">2.78550344948415</value>
  </variableValue>
  <variableValue variable="MFQ[year]2D">
    <value valueType="decimal">7.220555213749746</value>
  </variableValue>
  <variableValue variable="MFQ[year]2E">
    <value valueType="decimal">89.30489242035954</value>
  </variableValue>
  <variableValue variable="MFQ[year]3A">
    <value valueType="decimal">93.83030421942298</value>
  </variableValue>
  <variableValue variable="MFQ[year]3B">
    <value valueType="decimal">34.86265827247211</value>
  </variableValue>
  <variableValue variable="MFQ[year]3C">
    <value valueType="decimal">19.05570766193462</value>
  </variableValue>
  <variableValue variable="MFQ[year]3D">
    <value valueType="decimal">63.39977630228692</value>
  </variableValue>
  <variableValue variable="MFQ[year]3E">
    <value valueType="decimal">68.967388156509</value>
  </variableValue>
  <variableValue variable="MFQ[year]3F">
    <value valueType="decimal">42.874401226762025</value>
  </variableValue>
  <variableValue variable="MFQ[year]3G">
    <value valueType="decimal">7.091359257509944</value>
  </variableValue>
  <variableValue variable="MFQ[year]3H">
    <value valueType="decimal">53.6784655483481</value>
  </variableValue>
  <variableValue variable="MFQ[year]3I">
    <value valueType="decimal">4.437869417668594</value>
  </variableValue>
  <variableValue variable="MFQ[year]3J">
    <value valueType="decimal">95.02982751169313</value>
  </variableValue>
  <variableValue variable="MFQ[year]3K">
    <value valueType="decimal">21.265063292217512</value>
  </variableValue>
  <variableValue variable="MFQ[year]3L">
    <value valueType="decimal">86.48312131257087</value>
  </variableValue>
  <variableValue variable="MFQ[year]3M">
    <value valueType="decimal">77.04511219049841</value>
  </variableValue>
  <variableValue variable="MFQ[year]3N">
    <value valueType="decimal">0.9035718557904748</value>
  </variableValue>
  <variableValue variable="MFQ[year]3O">
    <value valueType="decimal">16.101532953689947</value>
  </variableValue>
  <variableValue variable="MFQ[year]3P">
    <value valueType="decimal">83.05388462977709</value>
  </variableValue>
  <variableValue variable="MFQ[year]3Q">
    <value valueType="decimal">29.009799725496432</value>
  </variableValue>
  <variableValue variable="MFQ[year]3R">
    <value valueType="decimal">49.21826988886785</value>
  </variableValue>
  <variableValue variable="MFQ[year]4A">
    <value valueType="decimal">84.74356279883155</value>
  </variableValue>
  <variableValue variable="MFQ[year]4B">
    <value valueType="decimal">45.70521007051889</value>
  </variableValue>
  <variableValue variable="MFQ[year]4C">
    <value valueType="decimal">71.66281844274513</value>
  </variableValue>
  <variableValue variable="MFQ[year]4D">
    <value valueType="decimal">43.12049841703406</value>
  </variableValue>
  <variableValue variable="MFQ[year]4E">
    <value valueType="decimal">13.047998423427476</value>
  </variableValue>
  <variableValue variable="MFQ[year]5A">
    <value valueType="decimal">17.28454741472727</value>
  </variableValue>
  <variableValue variable="MFQ[year]5B">
    <value valueType="decimal">86.56673792652117</value>
  </variableValue>
  <variableValue variable="MFQ[year]5C">
    <value valueType="decimal">82.69685263266624</value>
  </variableValue>
  <variableValue variable="MFQ[year]5D">
    <value valueType="decimal">28.71311934912746</value>
  </variableValue>
  <variableValue variable="MFQ[year]5E">
    <value valueType="decimal">99.45107295900316</value>
  </variableValue>
  <variableValue variable="MFQ[year]6A">
    <value valueType="decimal">82.08898526099951</value>
  </variableValue>
  <variableValue variable="MFQ[year]6B">
    <value valueType="decimal">26.215189834592103</value>
  </variableValue>
  <variableValue variable="MFQ[year]6C">
    <value valueType="decimal">52.92346840959732</value>
  </variableValue>
  <variableValue variable="MFQ[year]6D">
    <value valueType="decimal">79.8629799364795</value>
  </variableValue>
  <variableValue variable="MFQ[year]7A">
    <value valueType="decimal">91.28179250325525</value>
  </variableValue>
  <variableValue variable="MFQ[year]7B">
    <value valueType="decimal">33.939276538166176</value>
  </variableValue>
  <variableValue variable="MFQ[year]7C">
    <value valueType="decimal">10.142572924872917</value>
  </variableValue>
  <variableValue variable="MFQ[year]7D">
    <value valueType="decimal">23.53760855837238</value>
  </variableValue>
  <variableValue variable="MFQ[year]7E">
    <value valueType="decimal">90.38105471046349</value>
  </variableValue>
  <variableValue variable="MFQ[year]7F">
    <value valueType="decimal">61.353397572345884</value>
  </variableValue>
  <variableValue variable="MFQ[year]7G">
    <value valueType="decimal">15.453595310808478</value>
  </variableValue>
  <variableValue variable="MFQ[year]7H">
    <value valueType="decimal">29.44947955655349</value>
  </variableValue>
  <variableValue variable="MFQ[year]7I">
    <value valueType="decimal">76.31829386040306</value>
  </variableValue>
  <variableValue variable="MFQ[year]7J">
    <value valueType="decimal">22.246768409312658</value>
  </variableValue>
  <variableValue variable="MFQ[year]7K">
    <value valueType="decimal">38.24248953075485</value>
  </variableValue>
  <variableValue variable="MFQ[year]7L">
    <value valueType="decimal">39.85708634636599</value>
  </variableValue>
  <variableValue variable="MFQ[year]7M">
    <value valueType="decimal">66.34685754844578</value>
  </variableValue>
  <variableValue variable="MFQ[year]7N">
    <value valueType="decimal">86.3458266109433</value>
  </variableValue>
  <variableValue variable="MFQ[year]7O">
    <value valueType="decimal">36.03770111737473</value>
  </variableValue>
  <variableValue variable="MFQ[year]7P">
    <value valueType="decimal">16.90003149312973</value>
  </variableValue>
  <variableValue variable="MFQ[year]7Q">
    <value valueType="decimal">73.21566154907183</value>
  </variableValue>
  <variableValue variable="MFQ[year]7R">
    <value valueType="decimal">11.045837758988542</value>
  </variableValue>
  <variableValue variable="MFQ[year]8A">
    <value valueType="decimal">62.96509016388957</value>
  </variableValue>
  <variableValue variable="MFQ[year]8B">
    <value valueType="decimal">68.68399402233896</value>
  </variableValue>
  <variableValue variable="MFQ[year]8C">
    <value valueType="decimal">65.28067277356058</value>
  </variableValue>
  <variableValue variable="MFQ[year]8D">
    <value valueType="decimal">32.28145094997925</value>
  </variableValue>
  <variableValue variable="MFQ[year]8E">
    <value valueType="decimal">83.54618084505367</value>
  </variableValue>
  <variableValue variable="MFQ[year]8F">
    <value valueType="decimal">15.371611405518982</value>
  </variableValue>
  <variableValue variable="MFQ[year]8G">
    <value valueType="decimal">42.52645729943334</value>
  </variableValue>
  <variableValue variable="MFQ[year]8H">
    <value valueType="decimal">55.689191806042246</value>
  </variableValue>
  <variableValue variable="MFQ1[year]">
    <value valueType="integer">67</value>
  </variableValue>
  <variableValue variable="mfq1[year]">
    <value valueType="decimal">90.83571336751194</value>
  </variableValue>
  <variableValue variable="MFQ2[year]">
    <value valueType="integer">85</value>
  </variableValue>
  <variableValue variable="mfq2[year]">
    <value valueType="decimal">46.677093600816086</value>
  </variableValue>
  <variableValue variable="MFQ3[year]">
    <value valueType="integer">39</value>
  </variableValue>
  <variableValue variable="mfq3[year]">
    <value valueType="decimal">97.11079708379118</value>
  </variableValue>
  <variableValue variable="MFQ4[year]">
    <value valueType="integer">42</value>
  </variableValue>
  <variableValue variable="mfq4[year]">
    <value valueType="decimal">16.08300337115005</value>
  </variableValue>
  <variableValue variable="MLIVE[year]">
    <value valueType="integer">1</value>
  </variableValue>
  <variableValue variable="MOMWK[year]">
    <value valueType="integer">1</value>
  </variableValue>
  <variableValue variable="movie[year]">
    <value valueType="decimal">76.4078227215375</value>
  </variableValue>
  <variableValue variable="MSTA84[year]">
    <value valueType="integer">3</value>
  </variableValue>
  <variableValue variable="MSTAT[year]">
    <value valueType="integer">6</value>
  </variableValue>
  <variableValue variable="NBKS[year]">
    <value valueType="integer">21</value>
  </variableValue>
  <variableValue variable="NCONF[year]">
    <value valueType="integer">16</value>
  </variableValue>
  <variableValue variable="NEEDCATA[year]">
    <value valueType="integer">2</value>
  </variableValue>
  <variableValue variable="NEMP[year]">
    <value valueType="integer">8</value>
  </variableValue>
  <variableValue variable="NEUROTIC[year]">
    <value valueType="integer">62</value>
  </variableValue>
  <variableValue variable="NEWPRNT[year]">
    <value valueType="integer">1</value>
  </variableValue>
  <variableValue variable="nfr[year]">
    <value valueType="integer">15</value>
  </variableValue>
  <variableValue variable="NFRN[year]">
    <value valueType="integer">100</value>
  </variableValue>
  <variableValue variable="NGRNKD[year]">
    <value valueType="integer">9</value>
  </variableValue>
  <variableValue variable="NJOB[year]">
    <value valueType="integer">51</value>
  </variableValue>
  <variableValue variable="NKDHM[year]">
    <value valueType="integer">71</value>
  </variableValue>
  <variableValue variable="NKIDS[year]">
    <value valueType="integer">28</value>
  </variableValue>
  <variableValue variable="NMAG[year]">
    <value valueType="integer">92</value>
  </variableValue>
  <variableValue variable="NMOV[year]">
    <value valueType="integer">15</value>
  </variableValue>
  <variableValue variable="NMTG[year]">
    <value valueType="integer">44</value>
  </variableValue>
  <variableValue variable="NNEIG[year]">
    <value valueType="integer">3</value>
  </variableValue>
  <variableValue variable="NOBR[year]">
    <value valueType="integer">22</value>
  </variableValue>
  <variableValue variable="NOISE[year]">
    <value valueType="integer">4</value>
  </variableValue>
  <variableValue variable="NONFIC[year]">
    <value valueType="integer">8</value>
  </variableValue>
  <variableValue variable="nor[year]">
    <value valueType="integer">96</value>
  </variableValue>
  <variableValue variable="norcr[year]">
    <value valueType="integer">94</value>
  </variableValue>
  <variableValue variable="NOSIS[year]">
    <value valueType="integer">15</value>
  </variableValue>
  <variableValue variable="NOWRK[year]">
    <value valueType="integer">5</value>
  </variableValue>
  <variableValue variable="NRMS[year]">
    <value valueType="integer">36</value>
  </variableValue>
  <variableValue variable="nsp08">
    <value valueType="integer">6</value>
  </variableValue>
  <variableValue variable="NSTATE[year]">
    <value valueType="integer">18</value>
  </variableValue>
  <variableValue variable="NTRAD[year]">
    <value valueType="integer">49</value>
  </variableValue>
  <variableValue variable="NTRIPS[year]">
    <value valueType="integer">39</value>
  </variableValue>
  <variableValue variable="numtot[year]">
    <value valueType="integer">62</value>
  </variableValue>
  <variableValue variable="NVISIT[year]">
    <value valueType="integer">3</value>
  </variableValue>
  <variableValue variable="NWED[year]">
    <value valueType="integer">60</value>
  </variableValue>
  <variableValue variable="NYBR[year]">
    <value valueType="integer">67</value>
  </variableValue>
  <variableValue variable="NYSIS[year]">
    <value valueType="integer">93</value>
  </variableValue>
  <variableValue variable="OBGYN[year]">
    <value valueType="integer">1</value>
  </variableValue>
  <variableValue variable="OCC[year]">
    <value valueType="integer">4</value>
  </variableValue>
  <variableValue variable="OCC84[year]">
    <value valueType="integer">6</value>
  </variableValue>
  <variableValue variable="OPEN[year]">
    <value valueType="integer">24</value>
  </variableValue>
  <variableValue variable="or[year]">
    <value valueType="integer">98</value>
  </variableValue>
  <variableValue variable="oratt[year]">
    <value valueType="integer">100</value>
  </variableValue>
  <variableValue variable="ORGAN[year]">
    <value valueType="integer">4</value>
  </variableValue>
  <variableValue variable="oromt[year]">
    <value valueType="integer">92</value>
  </variableValue>
  <variableValue variable="orwg[year]">
    <value valueType="integer">16</value>
  </variableValue>
  <variableValue variable="OTJ[year]">
    <value valueType="integer">0</value>
  </variableValue>
  <variableValue variable="outhob[year]">
    <value valueType="decimal">9.825783837203694</value>
  </variableValue>
  <variableValue variable="OWNHM[year]">
    <value valueType="integer">0</value>
  </variableValue>
  <variableValue variable="PAINREL[year]">
    <value valueType="integer">2</value>
  </variableValue>
  <variableValue variable="PAP[year]">
    <value valueType="integer">2</value>
  </variableValue>
  <variableValue variable="party[year]">
    <value valueType="decimal">84.88622542531604</value>
  </variableValue>
  <variableValue variable="pase1">
    <value valueType="integer">2</value>
  </variableValue>
  <variableValue variable="pase10">
    <value valueType="integer">1</value>
  </variableValue>
  <variableValue variable="pase10a">
    <value valueType="decimal">9.211307977203075</value>
  </variableValue>
  <variableValue variable="pase10b">
    <value valueType="integer">2</value>
  </variableValue>
  <variableValue variable="pase1b">
    <value valueType="integer">3</value>
  </variableValue>
  <variableValue variable="pase2">
    <value valueType="integer">3</value>
  </variableValue>
  <variableValue variable="pase2a">
    <value valueType="integer">2</value>
  </variableValue>
  <variableValue variable="pase3">
    <value valueType="integer">3</value>
  </variableValue>
  <variableValue variable="pase3b">
    <value valueType="integer">2</value>
  </variableValue>
  <variableValue variable="pase4">
    <value valueType="integer">1</value>
  </variableValue>
  <variableValue variable="pase4b">
    <value valueType="integer">3</value>
  </variableValue>
  <variableValue variable="pase5">
    <value valueType="integer">3</value>
  </variableValue>
  <variableValue variable="pase5b">
    <value valueType="integer">4</value>
  </variableValue>
  <variableValue variable="pase6">
    <value valueType="integer">3</value>
  </variableValue>
  <variableValue variable="pase6b">
    <value valueType="integer">1</value>
  </variableValue>
  <variableValue variable="pase7">
    <value valueType="integer">1</value>
  </variableValue>
  <variableValue variable="pase8">
    <value valueType="integer">1</value>
  </variableValue>
  <variableValue variable="pase9a - pase9d">
    <value valueType="integer">0</value>
  </variableValue>
  <variableValue variable="pattot[year]">
    <value valueType="integer">51</value>
  </variableValue>
  <variableValue variable="PDEMP[year]">
    <value valueType="integer">1</value>
  </variableValue>
  <variableValue variable="PEOP[year]">
    <value valueType="decimal">89.87399433257059</value>
  </variableValue>
  <variableValue variable="pets[year]">
    <value valueType="decimal">11.442076321119421</value>
  </variableValue>
  <variableValue variable="phone[year]">
    <value valueType="decimal">64.05995818846458</value>
  </variableValue>
  <variableValue variable="picnic[year]">
    <value valueType="decimal">88.39768619193524</value>
  </variableValue>
  <variableValue variable="PIPEDAY[year]">
    <value valueType="integer">5</value>
  </variableValue>
  <variableValue variable="PIPES[year]">
    <value valueType="integer">1</value>
  </variableValue>
  <variableValue variable="pirr1[year]">
    <value valueType="integer">77</value>
  </variableValue>
  <variableValue variable="pirr2[year]">
    <value valueType="integer">13</value>
  </variableValue>
  <variableValue variable="PORK[year]">
    <value valueType="integer">3</value>
  </variableValue>
  <variableValue variable="ppr1[year]">
    <value valueType="integer">17</value>
  </variableValue>
  <variableValue variable="ppr2[year]">
    <value valueType="integer">83</value>
  </variableValue>
  <variableValue variable="ppr3[year]">
    <value valueType="integer">76</value>
  </variableValue>
  <variableValue variable="pray[year]">
    <value valueType="decimal">7.535197990085418</value>
  </variableValue>
  <variableValue variable="PRESR[year]">
    <value valueType="integer">2</value>
  </variableValue>
  <variableValue variable="PRO2YR[year]">
    <value valueType="integer">2</value>
  </variableValue>
  <variableValue variable="PROAGE[year]">
    <value valueType="integer">17</value>
  </variableValue>
  <variableValue variable="PROENLAR[year]">
    <value valueType="integer">1</value>
  </variableValue>
  <variableValue variable="PROEXAM[year]">
    <value valueType="integer">10</value>
  </variableValue>
  <variableValue variable="PROS[year]">
    <value valueType="integer">2</value>
  </variableValue>
  <variableValue variable="PROSUC[year]">
    <value valueType="integer">2</value>
  </variableValue>
  <variableValue variable="PRSC84[year]">
    <value valueType="integer">5</value>
  </variableValue>
  <variableValue variable="radio[year]">
    <value valueType="decimal">90.24371051655767</value>
  </variableValue>
  <variableValue variable="RDPAPR[year]">
    <value valueType="integer">1</value>
  </variableValue>
  <variableValue variable="RDWRIT[year]">
    <value valueType="decimal">65.30375024642626</value>
  </variableValue>
  <variableValue variable="read[year]">
    <value valueType="decimal">9.910368846938844</value>
  </variableValue>
  <variableValue variable="REGULAR[year]">
    <value valueType="integer">2</value>
  </variableValue>
  <variableValue variable="REMAR[year]">
    <value valueType="integer">65</value>
  </variableValue>
  <variableValue variable="rv[year]">
    <value valueType="integer">75</value>
  </variableValue>
  <variableValue variable="SAFE[year]">
    <value valueType="integer">1</value>
  </variableValue>
  <variableValue variable="SBHWY[year]">
    <value valueType="integer">5</value>
  </variableValue>
  <variableValue variable="SBTOWN[year]">
    <value valueType="integer">5</value>
  </variableValue>
  <variableValue variable="SELFBLOO[year]">
    <value valueType="integer">4</value>
  </variableValue>
  <variableValue variable="selfim[year]">
    <value valueType="decimal">45.61302211734052</value>
  </variableValue>
  <variableValue variable="SELFMAM[year]">
    <value valueType="integer">3</value>
  </variableValue>
  <variableValue variable="sex">
    <value valueType="integer">1</value>
  </variableValue>
  <variableValue variable="shop[year]">
    <value valueType="decimal">85.37515342415104</value>
  </variableValue>
  <variableValue variable="SIBS[year]">
    <value valueType="integer">54</value>
  </variableValue>
  <variableValue variable="SLEEP[year]">
    <value valueType="integer">5</value>
  </variableValue>
  <variableValue variable="smdvh[year]">
    <value valueType="integer">4</value>
  </variableValue>
  <variableValue variable="smdvl[year]">
    <value valueType="integer">26</value>
  </variableValue>
  <variableValue variable="SMK[year]">
    <value valueType="integer">1</value>
  </variableValue>
  <variableValue variable="SMOKE[year]">
    <value valueType="integer">2</value>
  </variableValue>
  <variableValue variable="SMOKEPAS[year]">
    <value valueType="decimal">56.103201547837045</value>
  </variableValue>
  <variableValue variable="SODA[year]">
    <value valueType="integer">4</value>
  </variableValue>
  <variableValue variable="SODIUM[year]">
    <value valueType="integer">1</value>
  </variableValue>
  <variableValue variable="SPBRN[year]">
    <value valueType="integer">12</value>
  </variableValue>
  <variableValue variable="spec[year]">
    <value valueType="decimal">82.72079543827121</value>
  </variableValue>
  <variableValue variable="SPEED[year]">
    <value valueType="integer">4</value>
  </variableValue>
  <variableValue variable="SPOCC[year]">
    <value valueType="integer">4</value>
  </variableValue>
  <variableValue variable="sport[year]">
    <value valueType="decimal">89.52506923169749</value>
  </variableValue>
  <variableValue variable="SPRVIS[year]">
    <value valueType="integer">2</value>
  </variableValue>
  <variableValue variable="SREYE[year]">
    <value valueType="integer">1</value>
  </variableValue>
  <variableValue variable="srh[year]">
    <value valueType="integer">1</value>
  </variableValue>
  <variableValue variable="SRHEALTH">
    <value valueType="integer">4</value>
  </variableValue>
  <variableValue variable="SRHEAR[year]">
    <value valueType="integer">5</value>
  </variableValue>
  <variableValue variable="sstot[year]">
    <value valueType="integer">48</value>
  </variableValue>
  <variableValue variable="STAIRS[year]">
    <value valueType="integer">2</value>
  </variableValue>
  <variableValue variable="TEA[year]">
    <value valueType="integer">4</value>
  </variableValue>
  <variableValue variable="TRAF[year]">
    <value valueType="integer">1</value>
  </variableValue>
  <variableValue variable="travel[year]">
    <value valueType="decimal">54.569989620237955</value>
  </variableValue>
  <variableValue variable="TREES[year]">
    <value valueType="integer">4</value>
  </variableValue>
  <variableValue variable="TRYSTOP[year]">
    <value valueType="integer">2</value>
  </variableValue>
  <variableValue variable="tv[year]">
    <value valueType="decimal">12.215332500019006</value>
  </variableValue>
  <variableValue variable="TYPBLD[year]">
    <value valueType="integer">1</value>
  </variableValue>
  <variableValue variable="UNIVEX[year]">
    <value valueType="integer">0</value>
  </variableValue>
  <variableValue variable="VEAL[year]">
    <value valueType="integer">5</value>
  </variableValue>
  <variableValue variable="vis[year]">
    <value valueType="decimal">29.007937069897103</value>
  </variableValue>
  <variableValue variable="vocab1[year]">
    <value valueType="integer">64</value>
  </variableValue>
  <variableValue variable="vocab2[year]">
    <value valueType="integer">52</value>
  </variableValue>
  <variableValue variable="VOCAT[year]">
    <value valueType="integer">1</value>
  </variableValue>
  <variableValue variable="vol[year]">
    <value valueType="decimal">66.6565108842659</value>
  </variableValue>
  <variableValue variable="walk[year]">
    <value valueType="decimal">78.28472850585638</value>
  </variableValue>
  <variableValue variable="WALK[year]">
    <value valueType="integer">3</value>
  </variableValue>
  <variableValue variable="wdflu[year]">
    <value valueType="integer">83</value>
  </variableValue>
  <variableValue variable="WEIGHT[year]">
    <value valueType="integer">81</value>
  </variableValue>
  <variableValue variable="WELL[year]">
    <value valueType="integer">2</value>
  </variableValue>
  <variableValue variable="WINE[year]">
    <value valueType="integer">35</value>
  </variableValue>
  <variableValue variable="write[year]">
    <value valueType="decimal">46.47404204526951</value>
  </variableValue>
  <variableValue variable="WRKPLC[year]">
    <value valueType="integer">2</value>
  </variableValue>
  <variableValue variable="WRKTYP[year]">
    <value valueType="integer">4</value>
  </variableValue>
  <variableValue variable="ws[year]">
    <value valueType="integer">64</value>
  </variableValue>
  <variableValue variable="YEAROP[year]">
    <value valueType="integer">64</value>
  </variableValue>
  <variableValue variable="YRQUIT[year]">
    <value valueType="integer">72</value>
  </variableValue>
  <variableValue variable="YRRET[year]">
    <value valueType="integer">74</value>
  </variableValue>
  <variableValue variable="YRSMOKE[year]">
    <value valueType="decimal">85.05650981240598</value>
  </variableValue>
</valueSet>