<valueSet valueTable="2008" entityType="Participant" entityIdentifier="22719350">
  <variableValue variable="ADLTED[year]">
    <value valueType="integer">0</value>
  </variableValue>
  <variableValue variable="ADVDIR[year]">
    <value valueType="integer">2</value>
  </variableValue>
  <variableValue variable="age[year]">
    <value valueType="integer">56</value>
  </variableValue>
  <variableValue variable="AGEKID[year]">
    <value valueType="integer">91</value>
  </variableValue>
  <variableValue variable="AGENB[year]">
    <value valueType="integer">7</value>
  </variableValue>
  <variableValue variable="AGEWED[year]">
    <value valueType="integer">58</value>
  </variableValue>
  <variableValue variable="AGFRN[year]">
    <value valueType="integer">4</value>
  </variableValue>
  <variableValue variable="AGREE[year]">
    <value valueType="integer">45</value>
  </variableValue>
  <variableValue variable="ALCOHOL[year]">
    <value valueType="integer">3</value>
  </variableValue>
  <variableValue variable="Apdemp[year]">
    <value valueType="decimal">42.476166693126025</value>
  </variableValue>
  <variableValue variable="ART[year]">
    <value valueType="integer">2</value>
  </variableValue>
  <variableValue variable="BDATE_DY">
    <value valueType="integer">82</value>
  </variableValue>
  <variableValue variable="BDATE_MO">
    <value valueType="integer">98</value>
  </variableValue>
  <variableValue variable="BDATE_YR">
    <value valueType="integer">8</value>
  </variableValue>
  <variableValue variable="BEEF[year]">
    <value valueType="integer">5</value>
  </variableValue>
  <variableValue variable="BEER[year]">
    <value valueType="integer">11</value>
  </variableValue>
  <variableValue variable="BLDLK[year]">
    <value valueType="integer">2</value>
  </variableValue>
  <variableValue variable="BLOODPRE[year]">
    <value valueType="integer">3</value>
  </variableValue>
  <variableValue variable="BOOK[year]">
    <value valueType="integer">2</value>
  </variableValue>
  <variableValue variable="BRUSH[year]">
    <value valueType="integer">70</value>
  </variableValue>
  <variableValue variable="BUTTER[year]">
    <value valueType="integer">1</value>
  </variableValue>
  <variableValue variable="BUYFAT[year]">
    <value valueType="integer">3</value>
  </variableValue>
  <variableValue variable="BUYSALT[year]">
    <value valueType="integer">1</value>
  </variableValue>
  <variableValue variable="CANCHK[year]">
    <value valueType="integer">2</value>
  </variableValue>
  <variableValue variable="cards[year]">
    <value valueType="decimal">4.648211494741695</value>
  </variableValue>
  <variableValue variable="CATARACT[year]">
    <value valueType="integer">1</value>
  </variableValue>
  <variableValue variable="CHKFAT[year]">
    <value valueType="integer">3</value>
  </variableValue>
  <variableValue variable="CHOLES[year]">
    <value valueType="integer">4</value>
  </variableValue>
  <variableValue variable="chur[year]">
    <value valueType="decimal">79.50243219183254</value>
  </variableValue>
  <variableValue variable="CIGARDAY[year]">
    <value valueType="integer">2</value>
  </variableValue>
  <variableValue variable="CIGARS[year]">
    <value valueType="integer">4</value>
  </variableValue>
  <variableValue variable="CIGDAY[year]">
    <value valueType="integer">4</value>
  </variableValue>
  <variableValue variable="CIGS[year]">
    <value valueType="integer">1</value>
  </variableValue>
  <variableValue variable="CLNAIR[year]">
    <value valueType="integer">1</value>
  </variableValue>
  <variableValue variable="COFFEE[year]">
    <value valueType="integer">2</value>
  </variableValue>
  <variableValue variable="CONSCIEN[year]">
    <value valueType="integer">90</value>
  </variableValue>
  <variableValue variable="cook[year]">
    <value valueType="decimal">76.78006784437741</value>
  </variableValue>
  <variableValue variable="COOKBUT[year]">
    <value valueType="integer">4</value>
  </variableValue>
  <variableValue variable="CORS[year]">
    <value valueType="integer">0</value>
  </variableValue>
  <variableValue variable="crafts[year]">
    <value valueType="decimal">75.95819812217685</value>
  </variableValue>
  <variableValue variable="crdp1[year]">
    <value valueType="integer">69</value>
  </variableValue>
  <variableValue variable="crdp2[year]">
    <value valueType="integer">61</value>
  </variableValue>
  <variableValue variable="cult[year]">
    <value valueType="decimal">19.150342470988758</value>
  </variableValue>
  <variableValue variable="dance[year]">
    <value valueType="decimal">31.42622107399283</value>
  </variableValue>
  <variableValue variable="DENTIST[year]">
    <value valueType="integer">1</value>
  </variableValue>
  <variableValue variable="DENTURE[year]">
    <value valueType="integer">2</value>
  </variableValue>
  <variableValue variable="DIABET[year]">
    <value valueType="integer">1</value>
  </variableValue>
  <variableValue variable="DRMAM[year]">
    <value valueType="integer">2</value>
  </variableValue>
  <variableValue variable="DRVISIT[year]">
    <value valueType="integer">90</value>
  </variableValue>
  <variableValue variable="dydrm[year]">
    <value valueType="decimal">74.4687474249499</value>
  </variableValue>
  <variableValue variable="EARCHK[year]">
    <value valueType="integer">0</value>
  </variableValue>
  <variableValue variable="eatout[year]">
    <value valueType="decimal">94.5713849522432</value>
  </variableValue>
  <variableValue variable="EATSALT[year]">
    <value valueType="integer">3</value>
  </variableValue>
  <variableValue variable="edact[year]">
    <value valueType="decimal">54.77746215403138</value>
  </variableValue>
  <variableValue variable="educ">
    <value valueType="integer">51</value>
  </variableValue>
  <variableValue variable="EDUC[year]">
    <value valueType="integer">85</value>
  </variableValue>
  <variableValue variable="EGG[year]">
    <value valueType="integer">4</value>
  </variableValue>
  <variableValue variable="eldcar[year]">
    <value valueType="decimal">83.25114325938324</value>
  </variableValue>
  <variableValue variable="ELDCAR[year]">
    <value valueType="decimal">58.500120020127454</value>
  </variableValue>
  <variableValue variable="ENT1[year]">
    <value valueType="integer">12</value>
  </variableValue>
  <variableValue variable="ENT2[year]">
    <value valueType="integer">13</value>
  </variableValue>
  <variableValue variable="ENT3[year]">
    <value valueType="integer">12</value>
  </variableValue>
  <variableValue variable="eth[year]">
    <value valueType="integer">24</value>
  </variableValue>
  <variableValue variable="EXCERTOT[year]">
    <value valueType="decimal">7.363408241304958</value>
  </variableValue>
  <variableValue variable="EXCERWK[year]">
    <value valueType="integer">86</value>
  </variableValue>
  <variableValue variable="EXTRAVER[year]">
    <value valueType="integer">96</value>
  </variableValue>
  <variableValue variable="EYECHG[year]">
    <value valueType="integer">5</value>
  </variableValue>
  <variableValue variable="EYECHK[year]">
    <value valueType="integer">0</value>
  </variableValue>
  <variableValue variable="EYEGLAS[year]">
    <value valueType="integer">2</value>
  </variableValue>
  <variableValue variable="FAGE[year]">
    <value valueType="integer">28</value>
  </variableValue>
  <variableValue variable="FAITH[year]">
    <value valueType="integer">3</value>
  </variableValue>
  <variableValue variable="FALLS[year]">
    <value valueType="integer">5</value>
  </variableValue>
  <variableValue variable="FCAUSE[year]">
    <value valueType="integer">6</value>
  </variableValue>
  <variableValue variable="FDIE[year]">
    <value valueType="integer">59</value>
  </variableValue>
  <variableValue variable="FIC[year]">
    <value valueType="integer">70</value>
  </variableValue>
  <variableValue variable="fit[year]">
    <value valueType="decimal">41.17380894850405</value>
  </variableValue>
  <variableValue variable="FLIVE[year]">
    <value valueType="integer">3</value>
  </variableValue>
  <variableValue variable="FLOSS[year]">
    <value valueType="integer">4</value>
  </variableValue>
  <variableValue variable="FLUSHOT[year]">
    <value valueType="integer">3</value>
  </variableValue>
  <variableValue variable="fr[year]">
    <value valueType="integer">2</value>
  </variableValue>
  <variableValue variable="fratt[year]">
    <value valueType="integer">22</value>
  </variableValue>
  <variableValue variable="frcr[year]">
    <value valueType="integer">29</value>
  </variableValue>
  <variableValue variable="fromt[year]">
    <value valueType="integer">99</value>
  </variableValue>
  <variableValue variable="frwg[year]">
    <value valueType="integer">96</value>
  </variableValue>
  <variableValue variable="game[year]">
    <value valueType="decimal">51.59944217838459</value>
  </variableValue>
  <variableValue variable="gds[year]1 –  gds[year]30">
    <value valueType="integer">1</value>
  </variableValue>
  <variableValue variable="gdstot[year]">
    <value valueType="integer">50</value>
  </variableValue>
  <variableValue variable="HANDS[year]">
    <value valueType="decimal">24.367643922971073</value>
  </variableValue>
  <variableValue variable="HARDLIQ[year]">
    <value valueType="integer">34</value>
  </variableValue>
  <variableValue variable="HEALTHCH[year]">
    <value valueType="integer">4</value>
  </variableValue>
  <variableValue variable="HEARAID[year]">
    <value valueType="integer">1</value>
  </variableValue>
  <variableValue variable="HEARCHG[year]">
    <value valueType="integer">1</value>
  </variableValue>
  <variableValue variable="HEARSPEC[year]">
    <value valueType="integer">3</value>
  </variableValue>
  <variableValue variable="HEART[year]">
    <value valueType="integer">2</value>
  </variableValue>
  <variableValue variable="HEIGHT[year]">
    <value valueType="integer">97</value>
  </variableValue>
  <variableValue variable="HHEIGHT[year]">
    <value valueType="integer">7</value>
  </variableValue>
  <variableValue variable="HIGHBLOO[year]">
    <value valueType="integer">1</value>
  </variableValue>
  <variableValue variable="HJOBTP[year]">
    <value valueType="integer">9</value>
  </variableValue>
  <variableValue variable="HMKHD[year]">
    <value valueType="decimal">11.825716132306196</value>
  </variableValue>
  <variableValue variable="HMKJB[year]">
    <value valueType="integer">80</value>
  </variableValue>
  <variableValue variable="HMKPE[year]">
    <value valueType="decimal">40.30389318262005</value>
  </variableValue>
  <variableValue variable="HMKPRS[year]">
    <value valueType="integer">4</value>
  </variableValue>
  <variableValue variable="HMKR[year]">
    <value valueType="integer">1</value>
  </variableValue>
  <variableValue variable="HMKRD[year]">
    <value valueType="decimal">17.348539930605288</value>
  </variableValue>
  <variableValue variable="HOSDAYS[year]">
    <value valueType="integer">19</value>
  </variableValue>
  <variableValue variable="HOSVISIT[year]">
    <value valueType="integer">1</value>
  </variableValue>
  <variableValue variable="HWEIGHT[year]">
    <value valueType="integer">80</value>
  </variableValue>
  <variableValue variable="INC[year]">
    <value valueType="integer">8</value>
  </variableValue>
  <variableValue variable="INC84[year]">
    <value valueType="integer">12</value>
  </variableValue>
  <variableValue variable="instr[year]">
    <value valueType="decimal">32.88671157710531</value>
  </variableValue>
  <variableValue variable="ir[year]a1 - ir[year]a20">
    <value valueType="integer">0</value>
  </variableValue>
  <variableValue variable="ir[year]b1 - ir[year]b20">
    <value valueType="integer">1</value>
  </variableValue>
  <variableValue variable="JOBLEN[year]">
    <value valueType="integer">3</value>
  </variableValue>
  <variableValue variable="JOBTYP[year]">
    <value valueType="integer">0</value>
  </variableValue>
  <variableValue variable="kidcar[year]">
    <value valueType="decimal">95.18053348747256</value>
  </variableValue>
  <variableValue variable="LAMB[year]">
    <value valueType="integer">5</value>
  </variableValue>
  <variableValue variable="lettot[year]">
    <value valueType="integer">4</value>
  </variableValue>
  <variableValue variable="LFST84[year]">
    <value valueType="integer">2</value>
  </variableValue>
  <variableValue variable="LIFSAT[year]">
    <value valueType="integer">1</value>
  </variableValue>
  <variableValue variable="LIVESMOK[year]">
    <value valueType="integer">2</value>
  </variableValue>
  <variableValue variable="ls[year]">
    <value valueType="integer">46</value>
  </variableValue>
  <variableValue variable="LSTJOB[year]">
    <value valueType="integer">2</value>
  </variableValue>
  <variableValue variable="LVNGWILL[year]">
    <value valueType="integer">1</value>
  </variableValue>
  <variableValue variable="MAGE[year]">
    <value valueType="integer">63</value>
  </variableValue>
  <variableValue variable="MAM[year]">
    <value valueType="integer">1</value>
  </variableValue>
  <variableValue variable="MAM2YR[year]">
    <value valueType="integer">2</value>
  </variableValue>
  <variableValue variable="MAMAGE[year]">
    <value valueType="integer">63</value>
  </variableValue>
  <variableValue variable="MAMEXAM[year]">
    <value valueType="integer">3</value>
  </variableValue>
  <variableValue variable="MASTECT[year]">
    <value valueType="integer">2</value>
  </variableValue>
  <variableValue variable="MCAUSE[year]">
    <value valueType="integer">10</value>
  </variableValue>
  <variableValue variable="MDIE[year]">
    <value valueType="integer">82</value>
  </variableValue>
  <variableValue variable="MED[year]">
    <value valueType="integer">4</value>
  </variableValue>
  <variableValue variable="MENAGE[year]">
    <value valueType="integer">56</value>
  </variableValue>
  <variableValue variable="MENHIST[year]">
    <value valueType="integer">63</value>
  </variableValue>
  <variableValue variable="MENSIT[year]">
    <value valueType="integer">2</value>
  </variableValue>
  <variableValue variable="MFQ[year]1">
    <value valueType="decimal">94.37895310705473</value>
  </variableValue>
  <variableValue variable="MFQ[year]2A">
    <value valueType="decimal">11.708459626618117</value>
  </variableValue>
  <variableValue variable="MFQ[year]2B">
    <value valueType="decimal">8.001769655610858</value>
  </variableValue>
  <variableValue variable="MFQ[year]2C">
    <value valueType="decimal">88.48991507907219</value>
  </variableValue>
  <variableValue variable="MFQ[year]2D">
    <value valueType="decimal">55.73471482104334</value>
  </variableValue>
  <variableValue variable="MFQ[year]2E">
    <value valueType="decimal">97.41571498280655</value>
  </variableValue>
  <variableValue variable="MFQ[year]3A">
    <value valueType="decimal">23.570669505344366</value>
  </variableValue>
  <variableValue variable="MFQ[year]3B">
    <value valueType="decimal">77.3704440496087</value>
  </variableValue>
  <variableValue variable="MFQ[year]3C">
    <value valueType="decimal">72.69448482152698</value>
  </variableValue>
  <variableValue variable="MFQ[year]3D">
    <value valueType="decimal">74.8680758110619</value>
  </variableValue>
  <variableValue variable="MFQ[year]3E">
    <value valueType="decimal">48.78744410772465</value>
  </variableValue>
  <variableValue variable="MFQ[year]3F">
    <value valueType="decimal">92.59485885599791</value>
  </variableValue>
  <variableValue variable="MFQ[year]3G">
    <value valueType="decimal">24.431053166485782</value>
  </variableValue>
  <variableValue variable="MFQ[year]3H">
    <value valueType="decimal">32.044233675833546</value>
  </variableValue>
  <variableValue variable="MFQ[year]3I">
    <value valueType="decimal">56.10033477726357</value>
  </variableValue>
  <variableValue variable="MFQ[year]3J">
    <value valueType="decimal">51.51758070788131</value>
  </variableValue>
  <variableValue variable="MFQ[year]3K">
    <value valueType="decimal">0.4970154749459832</value>
  </variableValue>
  <variableValue variable="MFQ[year]3L">
    <value valueType="decimal">49.381962954662384</value>
  </variableValue>
  <variableValue variable="MFQ[year]3M">
    <value valueType="decimal">0.14376127479401868</value>
  </variableValue>
  <variableValue variable="MFQ[year]3N">
    <value valueType="decimal">62.31037823703396</value>
  </variableValue>
  <variableValue variable="MFQ[year]3O">
    <value valueType="decimal">6.745472571383814</value>
  </variableValue>
  <variableValue variable="MFQ[year]3P">
    <value valueType="decimal">97.19160243287284</value>
  </variableValue>
  <variableValue variable="MFQ[year]3Q">
    <value valueType="decimal">93.38945028960978</value>
  </variableValue>
  <variableValue variable="MFQ[year]3R">
    <value valueType="decimal">52.95813673524694</value>
  </variableValue>
  <variableValue variable="MFQ[year]4A">
    <value valueType="decimal">7.831484008752132</value>
  </variableValue>
  <variableValue variable="MFQ[year]4B">
    <value valueType="decimal">20.77713927245003</value>
  </variableValue>
  <variableValue variable="MFQ[year]4C">
    <value valueType="decimal">22.591259294893927</value>
  </variableValue>
  <variableValue variable="MFQ[year]4D">
    <value valueType="decimal">15.478433164007477</value>
  </variableValue>
  <variableValue variable="MFQ[year]4E">
    <value valueType="decimal">41.111778114721496</value>
  </variableValue>
  <variableValue variable="MFQ[year]5A">
    <value valueType="decimal">1.9154245175888152</value>
  </variableValue>
  <variableValue variable="MFQ[year]5B">
    <value valueType="decimal">59.6400447861256</value>
  </variableValue>
  <variableValue variable="MFQ[year]5C">
    <value valueType="decimal">52.89235679371765</value>
  </variableValue>
  <variableValue variable="MFQ[year]5D">
    <value valueType="decimal">62.63913745143756</value>
  </variableValue>
  <variableValue variable="MFQ[year]5E">
    <value valueType="decimal">52.629174019767724</value>
  </variableValue>
  <variableValue variable="MFQ[year]6A">
    <value valueType="decimal">35.38630898184189</value>
  </variableValue>
  <variableValue variable="MFQ[year]6B">
    <value valueType="decimal">35.32170740846213</value>
  </variableValue>
  <variableValue variable="MFQ[year]6C">
    <value valueType="decimal">14.951753706915982</value>
  </variableValue>
  <variableValue variable="MFQ[year]6D">
    <value valueType="decimal">92.59961184949174</value>
  </variableValue>
  <variableValue variable="MFQ[year]7A">
    <value valueType="decimal">13.054763367630784</value>
  </variableValue>
  <variableValue variable="MFQ[year]7B">
    <value valueType="decimal">68.56035509030183</value>
  </variableValue>
  <variableValue variable="MFQ[year]7C">
    <value valueType="decimal">38.48682011703809</value>
  </variableValue>
  <variableValue variable="MFQ[year]7D">
    <value valueType="decimal">85.09970566532111</value>
  </variableValue>
  <variableValue variable="MFQ[year]7E">
    <value valueType="decimal">19.0663799382368</value>
  </variableValue>
  <variableValue variable="MFQ[year]7F">
    <value valueType="decimal">53.565187477053755</value>
  </variableValue>
  <variableValue variable="MFQ[year]7G">
    <value valueType="decimal">83.70143433007541</value>
  </variableValue>
  <variableValue variable="MFQ[year]7H">
    <value valueType="decimal">57.989130769478336</value>
  </variableValue>
  <variableValue variable="MFQ[year]7I">
    <value valueType="decimal">63.39984690023488</value>
  </variableValue>
  <variableValue variable="MFQ[year]7J">
    <value valueType="decimal">68.53472442126099</value>
  </variableValue>
  <variableValue variable="MFQ[year]7K">
    <value valueType="decimal">19.36290462071638</value>
  </variableValue>
  <variableValue variable="MFQ[year]7L">
    <value valueType="decimal">16.097292286239583</value>
  </variableValue>
  <variableValue variable="MFQ[year]7M">
    <value valueType="decimal">9.065859748723614</value>
  </variableValue>
  <variableValue variable="MFQ[year]7N">
    <value valueType="decimal">36.59119235915889</value>
  </variableValue>
  <variableValue variable="MFQ[year]7O">
    <value valueType="decimal">73.97435242378782</value>
  </variableValue>
  <variableValue variable="MFQ[year]7P">
    <value valueType="decimal">59.230819805641644</value>
  </variableValue>
  <variableValue variable="MFQ[year]7Q">
    <value valueType="decimal">30.833946773627364</value>
  </variableValue>
  <variableValue variable="MFQ[year]7R">
    <value valueType="decimal">51.55439492925578</value>
  </variableValue>
  <variableValue variable="MFQ[year]8A">
    <value valueType="decimal">91.93050003165479</value>
  </variableValue>
  <variableValue variable="MFQ[year]8B">
    <value valueType="decimal">56.07715243842277</value>
  </variableValue>
  <variableValue variable="MFQ[year]8C">
    <value valueType="decimal">37.043053843725325</value>
  </variableValue>
  <variableValue variable="MFQ[year]8D">
    <value valueType="decimal">21.893490321671038</value>
  </variableValue>
  <variableValue variable="MFQ[year]8E">
    <value valueType="decimal">33.752366355775585</value>
  </variableValue>
  <variableValue variable="MFQ[year]8F">
    <value valueType="decimal">88.43597571463111</value>
  </variableValue>
  <variableValue variable="MFQ[year]8G">
    <value valueType="decimal">15.143457175188857</value>
  </variableValue>
  <variableValue variable="MFQ[year]8H">
    <value valueType="decimal">58.66538716025891</value>
  </variableValue>
  <variableValue variable="MFQ1[year]">
    <value valueType="integer">44</value>
  </variableValue>
  <variableValue variable="mfq1[year]">
    <value valueType="decimal">10.30773479484689</value>
  </variableValue>
  <variableValue variable="MFQ2[year]">
    <value valueType="integer">17</value>
  </variableValue>
  <variableValue variable="mfq2[year]">
    <value valueType="decimal">1.5589865458310426</value>
  </variableValue>
  <variableValue variable="MFQ3[year]">
    <value valueType="integer">78</value>
  </variableValue>
  <variableValue variable="mfq3[year]">
    <value valueType="decimal">29.1205736621425</value>
  </variableValue>
  <variableValue variable="MFQ4[year]">
    <value valueType="integer">95</value>
  </variableValue>
  <variableValue variable="mfq4[year]">
    <value valueType="decimal">84.2802554347605</value>
  </variableValue>
  <variableValue variable="MLIVE[year]">
    <value valueType="integer">3</value>
  </variableValue>
  <variableValue variable="MOMWK[year]">
    <value valueType="integer">0</value>
  </variableValue>
  <variableValue variable="movie[year]">
    <value valueType="decimal">69.52496099146153</value>
  </variableValue>
  <variableValue variable="MSTA84[year]">
    <value valueType="integer">2</value>
  </variableValue>
  <variableValue variable="MSTAT[year]">
    <value valueType="integer">3</value>
  </variableValue>
  <variableValue variable="NBKS[year]">
    <value valueType="integer">19</value>
  </variableValue>
  <variableValue variable="NCONF[year]">
    <value valueType="integer">52</value>
  </variableValue>
  <variableValue variable="NEEDCATA[year]">
    <value valueType="integer">4</value>
  </variableValue>
  <variableValue variable="NEMP[year]">
    <value valueType="integer">18</value>
  </variableValue>
  <variableValue variable="NEUROTIC[year]">
    <value valueType="integer">60</value>
  </variableValue>
  <variableValue variable="NEWPRNT[year]">
    <value valueType="integer">3</value>
  </variableValue>
  <variableValue variable="nfr[year]">
    <value valueType="integer">36</value>
  </variableValue>
  <variableValue variable="NFRN[year]">
    <value valueType="integer">9</value>
  </variableValue>
  <variableValue variable="NGRNKD[year]">
    <value valueType="integer">5</value>
  </variableValue>
  <variableValue variable="NJOB[year]">
    <value valueType="integer">57</value>
  </variableValue>
  <variableValue variable="NKDHM[year]">
    <value valueType="integer">31</value>
  </variableValue>
  <variableValue variable="NKIDS[year]">
    <value valueType="integer">59</value>
  </variableValue>
  <variableValue variable="NMAG[year]">
    <value valueType="integer">100</value>
  </variableValue>
  <variableValue variable="NMOV[year]">
    <value valueType="integer">31</value>
  </variableValue>
  <variableValue variable="NMTG[year]">
    <value valueType="integer">13</value>
  </variableValue>
  <variableValue variable="NNEIG[year]">
    <value valueType="integer">2</value>
  </variableValue>
  <variableValue variable="NOBR[year]">
    <value valueType="integer">35</value>
  </variableValue>
  <variableValue variable="NOISE[year]">
    <value valueType="integer">5</value>
  </variableValue>
  <variableValue variable="NONFIC[year]">
    <value valueType="integer">18</value>
  </variableValue>
  <variableValue variable="nor[year]">
    <value valueType="integer">4</value>
  </variableValue>
  <variableValue variable="norcr[year]">
    <value valueType="integer">50</value>
  </variableValue>
  <variableValue variable="NOSIS[year]">
    <value valueType="integer">77</value>
  </variableValue>
  <variableValue variable="NOWRK[year]">
    <value valueType="integer">4</value>
  </variableValue>
  <variableValue variable="NRMS[year]">
    <value valueType="integer">47</value>
  </variableValue>
  <variableValue variable="nsp08">
    <value valueType="integer">26</value>
  </variableValue>
  <variableValue variable="NSTATE[year]">
    <value valueType="integer">41</value>
  </variableValue>
  <variableValue variable="NTRAD[year]">
    <value valueType="integer">98</value>
  </variableValue>
  <variableValue variable="NTRIPS[year]">
    <value valueType="integer">88</value>
  </variableValue>
  <variableValue variable="numtot[year]">
    <value valueType="integer">82</value>
  </variableValue>
  <variableValue variable="NVISIT[year]">
    <value valueType="integer">3</value>
  </variableValue>
  <variableValue variable="NWED[year]">
    <value valueType="integer">81</value>
  </variableValue>
  <variableValue variable="NYBR[year]">
    <value valueType="integer">32</value>
  </variableValue>
  <variableValue variable="NYSIS[year]">
    <value valueType="integer">45</value>
  </variableValue>
  <variableValue variable="OBGYN[year]">
    <value valueType="integer">4</value>
  </variableValue>
  <variableValue variable="OCC[year]">
    <value valueType="integer">5</value>
  </variableValue>
  <variableValue variable="OCC84[year]">
    <value valueType="integer">1</value>
  </variableValue>
  <variableValue variable="OPEN[year]">
    <value valueType="integer">43</value>
  </variableValue>
  <variableValue variable="or[year]">
    <value valueType="integer">12</value>
  </variableValue>
  <variableValue variable="oratt[year]">
    <value valueType="integer">30</value>
  </variableValue>
  <variableValue variable="ORGAN[year]">
    <value valueType="integer">5</value>
  </variableValue>
  <variableValue variable="oromt[year]">
    <value valueType="integer">54</value>
  </variableValue>
  <variableValue variable="orwg[year]">
    <value valueType="integer">95</value>
  </variableValue>
  <variableValue variable="OTJ[year]">
    <value valueType="integer">1</value>
  </variableValue>
  <variableValue variable="outhob[year]">
    <value valueType="decimal">33.72396360530778</value>
  </variableValue>
  <variableValue variable="OWNHM[year]">
    <value valueType="integer">1</value>
  </variableValue>
  <variableValue variable="PAINREL[year]">
    <value valueType="integer">1</value>
  </variableValue>
  <variableValue variable="PAP[year]">
    <value valueType="integer">1</value>
  </variableValue>
  <variableValue variable="party[year]">
    <value valueType="decimal">10.459704326523411</value>
  </variableValue>
  <variableValue variable="pase1">
    <value valueType="integer">2</value>
  </variableValue>
  <variableValue variable="pase10">
    <value valueType="integer">0</value>
  </variableValue>
  <variableValue variable="pase10a">
    <value valueType="decimal">55.386550318420056</value>
  </variableValue>
  <variableValue variable="pase10b">
    <value valueType="integer">1</value>
  </variableValue>
  <variableValue variable="pase1b">
    <value valueType="integer">2</value>
  </variableValue>
  <variableValue variable="pase2">
    <value valueType="integer">2</value>
  </variableValue>
  <variableValue variable="pase2a">
    <value valueType="integer">1</value>
  </variableValue>
  <variableValue variable="pase3">
    <value valueType="integer">1</value>
  </variableValue>
  <variableValue variable="pase3b">
    <value valueType="integer">2</value>
  </variableValue>
  <variableValue variable="pase4">
    <value valueType="integer">3</value>
  </variableValue>
  <variableValue variable="pase4b">
    <value valueType="integer">1</value>
  </variableValue>
  <variableValue variable="pase5">
    <value valueType="integer">2</value>
  </variableValue>
  <variableValue variable="pase5b">
    <value valueType="integer">4</value>
  </variableValue>
  <variableValue variable="pase6">
    <value valueType="integer">1</value>
  </variableValue>
  <variableValue variable="pase6b">
    <value valueType="integer">1</value>
  </variableValue>
  <variableValue variable="pase7">
    <value valueType="integer">0</value>
  </variableValue>
  <variableValue variable="pase8">
    <value valueType="integer">1</value>
  </variableValue>
  <variableValue variable="pase9a - pase9d">
    <value valueType="integer">0</value>
  </variableValue>
  <variableValue variable="pattot[year]">
    <value valueType="integer">26</value>
  </variableValue>
  <variableValue variable="PDEMP[year]">
    <value valueType="integer">1</value>
  </variableValue>
  <variableValue variable="PEOP[year]">
    <value valueType="decimal">52.54875850779314</value>
  </variableValue>
  <variableValue variable="pets[year]">
    <value valueType="decimal">90.76881868128237</value>
  </variableValue>
  <variableValue variable="phone[year]">
    <value valueType="decimal">28.228319184133134</value>
  </variableValue>
  <variableValue variable="picnic[year]">
    <value valueType="decimal">47.234335199493</value>
  </variableValue>
  <variableValue variable="PIPEDAY[year]">
    <value valueType="integer">6</value>
  </variableValue>
  <variableValue variable="PIPES[year]">
    <value valueType="integer">4</value>
  </variableValue>
  <variableValue variable="pirr1[year]">
    <value valueType="integer">0</value>
  </variableValue>
  <variableValue variable="pirr2[year]">
    <value valueType="integer">6</value>
  </variableValue>
  <variableValue variable="PORK[year]">
    <value valueType="integer">1</value>
  </variableValue>
  <variableValue variable="ppr1[year]">
    <value valueType="integer">59</value>
  </variableValue>
  <variableValue variable="ppr2[year]">
    <value valueType="integer">69</value>
  </variableValue>
  <variableValue variable="ppr3[year]">
    <value valueType="integer">1</value>
  </variableValue>
  <variableValue variable="pray[year]">
    <value valueType="decimal">14.00611243047516</value>
  </variableValue>
  <variableValue variable="PRESR[year]">
    <value valueType="integer">2</value>
  </variableValue>
  <variableValue variable="PRO2YR[year]">
    <value valueType="integer">2</value>
  </variableValue>
  <variableValue variable="PROAGE[year]">
    <value valueType="integer">80</value>
  </variableValue>
  <variableValue variable="PROENLAR[year]">
    <value valueType="integer">1</value>
  </variableValue>
  <variableValue variable="PROEXAM[year]">
    <value valueType="integer">37</value>
  </variableValue>
  <variableValue variable="PROS[year]">
    <value valueType="integer">2</value>
  </variableValue>
  <variableValue variable="PROSUC[year]">
    <value valueType="integer">3</value>
  </variableValue>
  <variableValue variable="PRSC84[year]">
    <value valueType="integer">1</value>
  </variableValue>
  <variableValue variable="radio[year]">
    <value valueType="decimal">1.3107624374234295</value>
  </variableValue>
  <variableValue variable="RDPAPR[year]">
    <value valueType="integer">1</value>
  </variableValue>
  <variableValue variable="RDWRIT[year]">
    <value valueType="decimal">79.11106464403505</value>
  </variableValue>
  <variableValue variable="read[year]">
    <value valueType="decimal">48.922690715863645</value>
  </variableValue>
  <variableValue variable="REGULAR[year]">
    <value valueType="integer">2</value>
  </variableValue>
  <variableValue variable="REMAR[year]">
    <value valueType="integer">83</value>
  </variableValue>
  <variableValue variable="rv[year]">
    <value valueType="integer">36</value>
  </variableValue>
  <variableValue variable="SAFE[year]">
    <value valueType="integer">1</value>
  </variableValue>
  <variableValue variable="SBHWY[year]">
    <value valueType="integer">3</value>
  </variableValue>
  <variableValue variable="SBTOWN[year]">
    <value valueType="integer">1</value>
  </variableValue>
  <variableValue variable="SELFBLOO[year]">
    <value valueType="integer">3</value>
  </variableValue>
  <variableValue variable="selfim[year]">
    <value valueType="decimal">75.53413074880609</value>
  </variableValue>
  <variableValue variable="SELFMAM[year]">
    <value valueType="integer">4</value>
  </variableValue>
  <variableValue variable="sex">
    <value valueType="integer">0</value>
  </variableValue>
  <variableValue variable="shop[year]">
    <value valueType="decimal">80.45329004939687</value>
  </variableValue>
  <variableValue variable="SIBS[year]">
    <value valueType="integer">62</value>
  </variableValue>
  <variableValue variable="SLEEP[year]">
    <value valueType="integer">5</value>
  </variableValue>
  <variableValue variable="smdvh[year]">
    <value valueType="integer">60</value>
  </variableValue>
  <variableValue variable="smdvl[year]">
    <value valueType="integer">28</value>
  </variableValue>
  <variableValue variable="SMK[year]">
    <value valueType="integer">1</value>
  </variableValue>
  <variableValue variable="SMOKE[year]">
    <value valueType="integer">2</value>
  </variableValue>
  <variableValue variable="SMOKEPAS[year]">
    <value valueType="decimal">16.950781273586458</value>
  </variableValue>
  <variableValue variable="SODA[year]">
    <value valueType="integer">5</value>
  </variableValue>
  <variableValue variable="SODIUM[year]">
    <value valueType="integer">4</value>
  </variableValue>
  <variableValue variable="SPBRN[year]">
    <value valueType="integer">61</value>
  </variableValue>
  <variableValue variable="spec[year]">
    <value valueType="decimal">90.63045341118602</value>
  </variableValue>
  <variableValue variable="SPEED[year]">
    <value valueType="integer">4</value>
  </variableValue>
  <variableValue variable="SPOCC[year]">
    <value valueType="integer">6</value>
  </variableValue>
  <variableValue variable="sport[year]">
    <value valueType="decimal">4.832338670171721</value>
  </variableValue>
  <variableValue variable="SPRVIS[year]">
    <value valueType="integer">4</value>
  </variableValue>
  <variableValue variable="SREYE[year]">
    <value valueType="integer">2</value>
  </variableValue>
  <variableValue variable="srh[year]">
    <value valueType="integer">4</value>
  </variableValue>
  <variableValue variable="SRHEALTH">
    <value valueType="integer">3</value>
  </variableValue>
  <variableValue variable="SRHEAR[year]">
    <value valueType="integer">3</value>
  </variableValue>
  <variableValue variable="sstot[year]">
    <value valueType="integer">65</value>
  </variableValue>
  <variableValue variable="STAIRS[year]">
    <value valueType="integer">4</value>
  </variableValue>
  <variableValue variable="TEA[year]">
    <value valueType="integer">3</value>
  </variableValue>
  <variableValue variable="TRAF[year]">
    <value valueType="integer">1</value>
  </variableValue>
  <variableValue variable="travel[year]">
    <value valueType="decimal">97.12466587342381</value>
  </variableValue>
  <variableValue variable="TREES[year]">
    <value valueType="integer">1</value>
  </variableValue>
  <variableValue variable="TRYSTOP[year]">
    <value valueType="integer">2</value>
  </variableValue>
  <variableValue variable="tv[year]">
    <value valueType="decimal">79.23271783409666</value>
  </variableValue>
  <variableValue variable="TYPBLD[year]">
    <value valueType="integer">7</value>
  </variableValue>
  <variableValue variable="UNIVEX[year]">
    <value valueType="integer">1</value>
  </variableValue>
  <variableValue variable="VEAL[year]">
    <value valueType="integer">2</value>
  </variableValue>
  <variableValue variable="vis[year]">
    <value valueType="decimal">34.18661382989322</value>
  </variableValue>
  <variableValue variable="vocab1[year]">
    <value valueType="integer">8</value>
  </variableValue>
  <variableValue variable="vocab2[year]">
    <value valueType="integer">66</value>
  </variableValue>
  <variableValue variable="VOCAT[year]">
    <value valueType="integer">1</value>
  </variableValue>
  <variableValue variable="vol[year]">
    <value valueType="decimal">66.4374897863978</value>
  </variableValue>
  <variableValue variable="walk[year]">
    <value valueType="decimal">41.8464266230617</value>
  </variableValue>
  <variableValue variable="WALK[year]">
    <value valueType="integer">4</value>
  </variableValue>
  <variableValue variable="wdflu[year]">
    <value valueType="integer">16</value>
  </variableValue>
  <variableValue variable="WEIGHT[year]">
    <value valueType="integer">16</value>
  </variableValue>
  <variableValue variable="WELL[year]">
    <value valueType="integer">1</value>
  </variableValue>
  <variableValue variable="WINE[year]">
    <value valueType="integer">69</value>
  </variableValue>
  <variableValue variable="write[year]">
    <value valueType="decimal">4.337725942247883</value>
  </variableValue>
  <variableValue variable="WRKPLC[year]">
    <value valueType="integer">4</value>
  </variableValue>
  <variableValue variable="WRKTYP[year]">
    <value valueType="integer">3</value>
  </variableValue>
  <variableValue variable="ws[year]">
    <value valueType="integer">89</value>
  </variableValue>
  <variableValue variable="YEAROP[year]">
    <value valueType="integer">76</value>
  </variableValue>
  <variableValue variable="YRQUIT[year]">
    <value valueType="integer">42</value>
  </variableValue>
  <variableValue variable="YRRET[year]">
    <value valueType="integer">93</value>
  </variableValue>
  <variableValue variable="YRSMOKE[year]">
    <value valueType="decimal">0.7065103162665953</value>
  </variableValue>
</valueSet>