<valueSet valueTable="2008" entityType="Participant" entityIdentifier="61213018">
  <variableValue variable="ADLTED[year]">
    <value valueType="integer">1</value>
  </variableValue>
  <variableValue variable="ADVDIR[year]">
    <value valueType="integer">2</value>
  </variableValue>
  <variableValue variable="age[year]">
    <value valueType="integer">99</value>
  </variableValue>
  <variableValue variable="AGEKID[year]">
    <value valueType="integer">71</value>
  </variableValue>
  <variableValue variable="AGENB[year]">
    <value valueType="integer">3</value>
  </variableValue>
  <variableValue variable="AGEWED[year]">
    <value valueType="integer">87</value>
  </variableValue>
  <variableValue variable="AGFRN[year]">
    <value valueType="integer">2</value>
  </variableValue>
  <variableValue variable="AGREE[year]">
    <value valueType="integer">73</value>
  </variableValue>
  <variableValue variable="ALCOHOL[year]">
    <value valueType="integer">3</value>
  </variableValue>
  <variableValue variable="Apdemp[year]">
    <value valueType="decimal">40.65142552366518</value>
  </variableValue>
  <variableValue variable="ART[year]">
    <value valueType="integer">3</value>
  </variableValue>
  <variableValue variable="BDATE_DY">
    <value valueType="integer">9</value>
  </variableValue>
  <variableValue variable="BDATE_MO">
    <value valueType="integer">29</value>
  </variableValue>
  <variableValue variable="BDATE_YR">
    <value valueType="integer">17</value>
  </variableValue>
  <variableValue variable="BEEF[year]">
    <value valueType="integer">4</value>
  </variableValue>
  <variableValue variable="BEER[year]">
    <value valueType="integer">76</value>
  </variableValue>
  <variableValue variable="BLDLK[year]">
    <value valueType="integer">1</value>
  </variableValue>
  <variableValue variable="BLOODPRE[year]">
    <value valueType="integer">2</value>
  </variableValue>
  <variableValue variable="BOOK[year]">
    <value valueType="integer">1</value>
  </variableValue>
  <variableValue variable="BRUSH[year]">
    <value valueType="integer">76</value>
  </variableValue>
  <variableValue variable="BUTTER[year]">
    <value valueType="integer">5</value>
  </variableValue>
  <variableValue variable="BUYFAT[year]">
    <value valueType="integer">5</value>
  </variableValue>
  <variableValue variable="BUYSALT[year]">
    <value valueType="integer">2</value>
  </variableValue>
  <variableValue variable="CANCHK[year]">
    <value valueType="integer">2</value>
  </variableValue>
  <variableValue variable="cards[year]">
    <value valueType="decimal">54.284880326050555</value>
  </variableValue>
  <variableValue variable="CATARACT[year]">
    <value valueType="integer">3</value>
  </variableValue>
  <variableValue variable="CHKFAT[year]">
    <value valueType="integer">1</value>
  </variableValue>
  <variableValue variable="CHOLES[year]">
    <value valueType="integer">3</value>
  </variableValue>
  <variableValue variable="chur[year]">
    <value valueType="decimal">84.40745255217304</value>
  </variableValue>
  <variableValue variable="CIGARDAY[year]">
    <value valueType="integer">1</value>
  </variableValue>
  <variableValue variable="CIGARS[year]">
    <value valueType="integer">4</value>
  </variableValue>
  <variableValue variable="CIGDAY[year]">
    <value valueType="integer">2</value>
  </variableValue>
  <variableValue variable="CIGS[year]">
    <value valueType="integer">4</value>
  </variableValue>
  <variableValue variable="CLNAIR[year]">
    <value valueType="integer">4</value>
  </variableValue>
  <variableValue variable="COFFEE[year]">
    <value valueType="integer">4</value>
  </variableValue>
  <variableValue variable="CONSCIEN[year]">
    <value valueType="integer">22</value>
  </variableValue>
  <variableValue variable="cook[year]">
    <value valueType="decimal">69.25437668602947</value>
  </variableValue>
  <variableValue variable="COOKBUT[year]">
    <value valueType="integer">2</value>
  </variableValue>
  <variableValue variable="CORS[year]">
    <value valueType="integer">0</value>
  </variableValue>
  <variableValue variable="crafts[year]">
    <value valueType="decimal">29.44980584868381</value>
  </variableValue>
  <variableValue variable="crdp1[year]">
    <value valueType="integer">91</value>
  </variableValue>
  <variableValue variable="crdp2[year]">
    <value valueType="integer">35</value>
  </variableValue>
  <variableValue variable="cult[year]">
    <value valueType="decimal">38.76526425424282</value>
  </variableValue>
  <variableValue variable="dance[year]">
    <value valueType="decimal">18.706269153815814</value>
  </variableValue>
  <variableValue variable="DENTIST[year]">
    <value valueType="integer">1</value>
  </variableValue>
  <variableValue variable="DENTURE[year]">
    <value valueType="integer">1</value>
  </variableValue>
  <variableValue variable="DIABET[year]">
    <value valueType="integer">2</value>
  </variableValue>
  <variableValue variable="DRMAM[year]">
    <value valueType="integer">5</value>
  </variableValue>
  <variableValue variable="DRVISIT[year]">
    <value valueType="integer">27</value>
  </variableValue>
  <variableValue variable="dydrm[year]">
    <value valueType="decimal">5.416808601088519</value>
  </variableValue>
  <variableValue variable="EARCHK[year]">
    <value valueType="integer">0</value>
  </variableValue>
  <variableValue variable="eatout[year]">
    <value valueType="decimal">34.47244333955787</value>
  </variableValue>
  <variableValue variable="EATSALT[year]">
    <value valueType="integer">1</value>
  </variableValue>
  <variableValue variable="edact[year]">
    <value valueType="decimal">31.331667507547223</value>
  </variableValue>
  <variableValue variable="educ">
    <value valueType="integer">71</value>
  </variableValue>
  <variableValue variable="EDUC[year]">
    <value valueType="integer">1</value>
  </variableValue>
  <variableValue variable="EGG[year]">
    <value valueType="integer">3</value>
  </variableValue>
  <variableValue variable="eldcar[year]">
    <value valueType="decimal">43.96448974910926</value>
  </variableValue>
  <variableValue variable="ELDCAR[year]">
    <value valueType="decimal">23.716587792247555</value>
  </variableValue>
  <variableValue variable="ENT1[year]">
    <value valueType="integer">8</value>
  </variableValue>
  <variableValue variable="ENT2[year]">
    <value valueType="integer">6</value>
  </variableValue>
  <variableValue variable="ENT3[year]">
    <value valueType="integer">11</value>
  </variableValue>
  <variableValue variable="eth[year]">
    <value valueType="integer">80</value>
  </variableValue>
  <variableValue variable="EXCERTOT[year]">
    <value valueType="decimal">43.500373294679285</value>
  </variableValue>
  <variableValue variable="EXCERWK[year]">
    <value valueType="integer">49</value>
  </variableValue>
  <variableValue variable="EXTRAVER[year]">
    <value valueType="integer">68</value>
  </variableValue>
  <variableValue variable="EYECHG[year]">
    <value valueType="integer">2</value>
  </variableValue>
  <variableValue variable="EYECHK[year]">
    <value valueType="integer">0</value>
  </variableValue>
  <variableValue variable="EYEGLAS[year]">
    <value valueType="integer">1</value>
  </variableValue>
  <variableValue variable="FAGE[year]">
    <value valueType="integer">58</value>
  </variableValue>
  <variableValue variable="FAITH[year]">
    <value valueType="integer">2</value>
  </variableValue>
  <variableValue variable="FALLS[year]">
    <value valueType="integer">1</value>
  </variableValue>
  <variableValue variable="FCAUSE[year]">
    <value valueType="integer">10</value>
  </variableValue>
  <variableValue variable="FDIE[year]">
    <value valueType="integer">87</value>
  </variableValue>
  <variableValue variable="FIC[year]">
    <value valueType="integer">42</value>
  </variableValue>
  <variableValue variable="fit[year]">
    <value valueType="decimal">80.68141171283551</value>
  </variableValue>
  <variableValue variable="FLIVE[year]">
    <value valueType="integer">2</value>
  </variableValue>
  <variableValue variable="FLOSS[year]">
    <value valueType="integer">1</value>
  </variableValue>
  <variableValue variable="FLUSHOT[year]">
    <value valueType="integer">4</value>
  </variableValue>
  <variableValue variable="fr[year]">
    <value valueType="integer">34</value>
  </variableValue>
  <variableValue variable="fratt[year]">
    <value valueType="integer">84</value>
  </variableValue>
  <variableValue variable="frcr[year]">
    <value valueType="integer">20</value>
  </variableValue>
  <variableValue variable="fromt[year]">
    <value valueType="integer">1</value>
  </variableValue>
  <variableValue variable="frwg[year]">
    <value valueType="integer">55</value>
  </variableValue>
  <variableValue variable="game[year]">
    <value valueType="decimal">42.678223430524</value>
  </variableValue>
  <variableValue variable="gds[year]1 –  gds[year]30">
    <value valueType="integer">1</value>
  </variableValue>
  <variableValue variable="gdstot[year]">
    <value valueType="integer">65</value>
  </variableValue>
  <variableValue variable="HANDS[year]">
    <value valueType="decimal">10.718357980801285</value>
  </variableValue>
  <variableValue variable="HARDLIQ[year]">
    <value valueType="integer">14</value>
  </variableValue>
  <variableValue variable="HEALTHCH[year]">
    <value valueType="integer">2</value>
  </variableValue>
  <variableValue variable="HEARAID[year]">
    <value valueType="integer">0</value>
  </variableValue>
  <variableValue variable="HEARCHG[year]">
    <value valueType="integer">2</value>
  </variableValue>
  <variableValue variable="HEARSPEC[year]">
    <value valueType="integer">3</value>
  </variableValue>
  <variableValue variable="HEART[year]">
    <value valueType="integer">1</value>
  </variableValue>
  <variableValue variable="HEIGHT[year]">
    <value valueType="integer">93</value>
  </variableValue>
  <variableValue variable="HHEIGHT[year]">
    <value valueType="integer">92</value>
  </variableValue>
  <variableValue variable="HIGHBLOO[year]">
    <value valueType="integer">2</value>
  </variableValue>
  <variableValue variable="HJOBTP[year]">
    <value valueType="integer">7</value>
  </variableValue>
  <variableValue variable="HMKHD[year]">
    <value valueType="decimal">7.607396350499796</value>
  </variableValue>
  <variableValue variable="HMKJB[year]">
    <value valueType="integer">12</value>
  </variableValue>
  <variableValue variable="HMKPE[year]">
    <value valueType="decimal">43.392545454274625</value>
  </variableValue>
  <variableValue variable="HMKPRS[year]">
    <value valueType="integer">3</value>
  </variableValue>
  <variableValue variable="HMKR[year]">
    <value valueType="integer">46</value>
  </variableValue>
  <variableValue variable="HMKRD[year]">
    <value valueType="decimal">56.518978704840094</value>
  </variableValue>
  <variableValue variable="HOSDAYS[year]">
    <value valueType="integer">29</value>
  </variableValue>
  <variableValue variable="HOSVISIT[year]">
    <value valueType="integer">1</value>
  </variableValue>
  <variableValue variable="HWEIGHT[year]">
    <value valueType="integer">22</value>
  </variableValue>
  <variableValue variable="INC[year]">
    <value valueType="integer">15</value>
  </variableValue>
  <variableValue variable="INC84[year]">
    <value valueType="integer">9</value>
  </variableValue>
  <variableValue variable="instr[year]">
    <value valueType="decimal">26.699566904769522</value>
  </variableValue>
  <variableValue variable="ir[year]a1 - ir[year]a20">
    <value valueType="integer">0</value>
  </variableValue>
  <variableValue variable="ir[year]b1 - ir[year]b20">
    <value valueType="integer">0</value>
  </variableValue>
  <variableValue variable="JOBLEN[year]">
    <value valueType="integer">5</value>
  </variableValue>
  <variableValue variable="JOBTYP[year]">
    <value valueType="integer">8</value>
  </variableValue>
  <variableValue variable="kidcar[year]">
    <value valueType="decimal">77.86059553512916</value>
  </variableValue>
  <variableValue variable="LAMB[year]">
    <value valueType="integer">3</value>
  </variableValue>
  <variableValue variable="lettot[year]">
    <value valueType="integer">22</value>
  </variableValue>
  <variableValue variable="LFST84[year]">
    <value valueType="integer">1</value>
  </variableValue>
  <variableValue variable="LIFSAT[year]">
    <value valueType="integer">1</value>
  </variableValue>
  <variableValue variable="LIVESMOK[year]">
    <value valueType="integer">3</value>
  </variableValue>
  <variableValue variable="ls[year]">
    <value valueType="integer">79</value>
  </variableValue>
  <variableValue variable="LSTJOB[year]">
    <value valueType="integer">7</value>
  </variableValue>
  <variableValue variable="LVNGWILL[year]">
    <value valueType="integer">2</value>
  </variableValue>
  <variableValue variable="MAGE[year]">
    <value valueType="integer">73</value>
  </variableValue>
  <variableValue variable="MAM[year]">
    <value valueType="integer">1</value>
  </variableValue>
  <variableValue variable="MAM2YR[year]">
    <value valueType="integer">2</value>
  </variableValue>
  <variableValue variable="MAMAGE[year]">
    <value valueType="integer">26</value>
  </variableValue>
  <variableValue variable="MAMEXAM[year]">
    <value valueType="integer">16</value>
  </variableValue>
  <variableValue variable="MASTECT[year]">
    <value valueType="integer">1</value>
  </variableValue>
  <variableValue variable="MCAUSE[year]">
    <value valueType="integer">11</value>
  </variableValue>
  <variableValue variable="MDIE[year]">
    <value valueType="integer">3</value>
  </variableValue>
  <variableValue variable="MED[year]">
    <value valueType="integer">3</value>
  </variableValue>
  <variableValue variable="MENAGE[year]">
    <value valueType="integer">26</value>
  </variableValue>
  <variableValue variable="MENHIST[year]">
    <value valueType="integer">24</value>
  </variableValue>
  <variableValue variable="MENSIT[year]">
    <value valueType="integer">2</value>
  </variableValue>
  <variableValue variable="MFQ[year]1">
    <value valueType="decimal">40.52802577150292</value>
  </variableValue>
  <variableValue variable="MFQ[year]2A">
    <value valueType="decimal">77.31809168592996</value>
  </variableValue>
  <variableValue variable="MFQ[year]2B">
    <value valueType="decimal">27.760973569047643</value>
  </variableValue>
  <variableValue variable="MFQ[year]2C">
    <value valueType="decimal">14.863801482116346</value>
  </variableValue>
  <variableValue variable="MFQ[year]2D">
    <value valueType="decimal">36.53494023048338</value>
  </variableValue>
  <variableValue variable="MFQ[year]2E">
    <value valueType="decimal">51.6491086477192</value>
  </variableValue>
  <variableValue variable="MFQ[year]3A">
    <value valueType="decimal">22.08987357256721</value>
  </variableValue>
  <variableValue variable="MFQ[year]3B">
    <value valueType="decimal">83.86693533338354</value>
  </variableValue>
  <variableValue variable="MFQ[year]3C">
    <value valueType="decimal">60.91470416608065</value>
  </variableValue>
  <variableValue variable="MFQ[year]3D">
    <value valueType="decimal">26.226413898390565</value>
  </variableValue>
  <variableValue variable="MFQ[year]3E">
    <value valueType="decimal">66.64759869141906</value>
  </variableValue>
  <variableValue variable="MFQ[year]3F">
    <value valueType="decimal">91.41407984987164</value>
  </variableValue>
  <variableValue variable="MFQ[year]3G">
    <value valueType="decimal">7.8548144878743065</value>
  </variableValue>
  <variableValue variable="MFQ[year]3H">
    <value valueType="decimal">10.358873863263007</value>
  </variableValue>
  <variableValue variable="MFQ[year]3I">
    <value valueType="decimal">77.3526344806435</value>
  </variableValue>
  <variableValue variable="MFQ[year]3J">
    <value valueType="decimal">99.25000600640146</value>
  </variableValue>
  <variableValue variable="MFQ[year]3K">
    <value valueType="decimal">17.275300324333642</value>
  </variableValue>
  <variableValue variable="MFQ[year]3L">
    <value valueType="decimal">23.94704382261694</value>
  </variableValue>
  <variableValue variable="MFQ[year]3M">
    <value valueType="decimal">3.802231018640112</value>
  </variableValue>
  <variableValue variable="MFQ[year]3N">
    <value valueType="decimal">40.80943749216258</value>
  </variableValue>
  <variableValue variable="MFQ[year]3O">
    <value valueType="decimal">49.03187975965177</value>
  </variableValue>
  <variableValue variable="MFQ[year]3P">
    <value valueType="decimal">67.65564738849851</value>
  </variableValue>
  <variableValue variable="MFQ[year]3Q">
    <value valueType="decimal">7.6809431246095405</value>
  </variableValue>
  <variableValue variable="MFQ[year]3R">
    <value valueType="decimal">98.70044519666651</value>
  </variableValue>
  <variableValue variable="MFQ[year]4A">
    <value valueType="decimal">44.91295025943889</value>
  </variableValue>
  <variableValue variable="MFQ[year]4B">
    <value valueType="decimal">63.63515358283476</value>
  </variableValue>
  <variableValue variable="MFQ[year]4C">
    <value valueType="decimal">54.53822870609493</value>
  </variableValue>
  <variableValue variable="MFQ[year]4D">
    <value valueType="decimal">10.795116130162308</value>
  </variableValue>
  <variableValue variable="MFQ[year]4E">
    <value valueType="decimal">29.019391521188243</value>
  </variableValue>
  <variableValue variable="MFQ[year]5A">
    <value valueType="decimal">86.44885353451369</value>
  </variableValue>
  <variableValue variable="MFQ[year]5B">
    <value valueType="decimal">3.1667312693381744</value>
  </variableValue>
  <variableValue variable="MFQ[year]5C">
    <value valueType="decimal">82.05456972432795</value>
  </variableValue>
  <variableValue variable="MFQ[year]5D">
    <value valueType="decimal">90.18257608038532</value>
  </variableValue>
  <variableValue variable="MFQ[year]5E">
    <value valueType="decimal">25.834425698468443</value>
  </variableValue>
  <variableValue variable="MFQ[year]6A">
    <value valueType="decimal">33.941654853558326</value>
  </variableValue>
  <variableValue variable="MFQ[year]6B">
    <value valueType="decimal">27.750552800161888</value>
  </variableValue>
  <variableValue variable="MFQ[year]6C">
    <value valueType="decimal">36.2674113793174</value>
  </variableValue>
  <variableValue variable="MFQ[year]6D">
    <value valueType="decimal">23.02670121858862</value>
  </variableValue>
  <variableValue variable="MFQ[year]7A">
    <value valueType="decimal">17.735660902590332</value>
  </variableValue>
  <variableValue variable="MFQ[year]7B">
    <value valueType="decimal">50.40599933864903</value>
  </variableValue>
  <variableValue variable="MFQ[year]7C">
    <value valueType="decimal">9.523574345046605</value>
  </variableValue>
  <variableValue variable="MFQ[year]7D">
    <value valueType="decimal">0.5909611898827105</value>
  </variableValue>
  <variableValue variable="MFQ[year]7E">
    <value valueType="decimal">90.40255963107832</value>
  </variableValue>
  <variableValue variable="MFQ[year]7F">
    <value valueType="decimal">57.562116387824815</value>
  </variableValue>
  <variableValue variable="MFQ[year]7G">
    <value valueType="decimal">4.589612556418155</value>
  </variableValue>
  <variableValue variable="MFQ[year]7H">
    <value valueType="decimal">62.06375519465135</value>
  </variableValue>
  <variableValue variable="MFQ[year]7I">
    <value valueType="decimal">64.32696424559806</value>
  </variableValue>
  <variableValue variable="MFQ[year]7J">
    <value valueType="decimal">60.389657619875884</value>
  </variableValue>
  <variableValue variable="MFQ[year]7K">
    <value valueType="decimal">36.32087545626891</value>
  </variableValue>
  <variableValue variable="MFQ[year]7L">
    <value valueType="decimal">72.17092410238355</value>
  </variableValue>
  <variableValue variable="MFQ[year]7M">
    <value valueType="decimal">78.16604580531244</value>
  </variableValue>
  <variableValue variable="MFQ[year]7N">
    <value valueType="decimal">54.197282810387456</value>
  </variableValue>
  <variableValue variable="MFQ[year]7O">
    <value valueType="decimal">63.30374883878099</value>
  </variableValue>
  <variableValue variable="MFQ[year]7P">
    <value valueType="decimal">40.99008178134971</value>
  </variableValue>
  <variableValue variable="MFQ[year]7Q">
    <value valueType="decimal">58.66337136659923</value>
  </variableValue>
  <variableValue variable="MFQ[year]7R">
    <value valueType="decimal">71.04999470694321</value>
  </variableValue>
  <variableValue variable="MFQ[year]8A">
    <value valueType="decimal">84.73499219172446</value>
  </variableValue>
  <variableValue variable="MFQ[year]8B">
    <value valueType="decimal">26.1475908772143</value>
  </variableValue>
  <variableValue variable="MFQ[year]8C">
    <value valueType="decimal">44.29372653697513</value>
  </variableValue>
  <variableValue variable="MFQ[year]8D">
    <value valueType="decimal">11.99582237377096</value>
  </variableValue>
  <variableValue variable="MFQ[year]8E">
    <value valueType="decimal">93.28644028400082</value>
  </variableValue>
  <variableValue variable="MFQ[year]8F">
    <value valueType="decimal">35.98758778384944</value>
  </variableValue>
  <variableValue variable="MFQ[year]8G">
    <value valueType="decimal">99.50176649174239</value>
  </variableValue>
  <variableValue variable="MFQ[year]8H">
    <value valueType="decimal">11.809080815110784</value>
  </variableValue>
  <variableValue variable="MFQ1[year]">
    <value valueType="integer">70</value>
  </variableValue>
  <variableValue variable="mfq1[year]">
    <value valueType="decimal">12.061942571750128</value>
  </variableValue>
  <variableValue variable="MFQ2[year]">
    <value valueType="integer">47</value>
  </variableValue>
  <variableValue variable="mfq2[year]">
    <value valueType="decimal">30.426205554208064</value>
  </variableValue>
  <variableValue variable="MFQ3[year]">
    <value valueType="integer">87</value>
  </variableValue>
  <variableValue variable="mfq3[year]">
    <value valueType="decimal">77.82791399334201</value>
  </variableValue>
  <variableValue variable="MFQ4[year]">
    <value valueType="integer">37</value>
  </variableValue>
  <variableValue variable="mfq4[year]">
    <value valueType="decimal">6.879185089042961</value>
  </variableValue>
  <variableValue variable="MLIVE[year]">
    <value valueType="integer">1</value>
  </variableValue>
  <variableValue variable="MOMWK[year]">
    <value valueType="integer">1</value>
  </variableValue>
  <variableValue variable="movie[year]">
    <value valueType="decimal">98.25515934601256</value>
  </variableValue>
  <variableValue variable="MSTA84[year]">
    <value valueType="integer">5</value>
  </variableValue>
  <variableValue variable="MSTAT[year]">
    <value valueType="integer">1</value>
  </variableValue>
  <variableValue variable="NBKS[year]">
    <value valueType="integer">16</value>
  </variableValue>
  <variableValue variable="NCONF[year]">
    <value valueType="integer">90</value>
  </variableValue>
  <variableValue variable="NEEDCATA[year]">
    <value valueType="integer">2</value>
  </variableValue>
  <variableValue variable="NEMP[year]">
    <value valueType="integer">51</value>
  </variableValue>
  <variableValue variable="NEUROTIC[year]">
    <value valueType="integer">6</value>
  </variableValue>
  <variableValue variable="NEWPRNT[year]">
    <value valueType="integer">4</value>
  </variableValue>
  <variableValue variable="nfr[year]">
    <value valueType="integer">27</value>
  </variableValue>
  <variableValue variable="NFRN[year]">
    <value valueType="integer">58</value>
  </variableValue>
  <variableValue variable="NGRNKD[year]">
    <value valueType="integer">94</value>
  </variableValue>
  <variableValue variable="NJOB[year]">
    <value valueType="integer">75</value>
  </variableValue>
  <variableValue variable="NKDHM[year]">
    <value valueType="integer">87</value>
  </variableValue>
  <variableValue variable="NKIDS[year]">
    <value valueType="integer">41</value>
  </variableValue>
  <variableValue variable="NMAG[year]">
    <value valueType="integer">91</value>
  </variableValue>
  <variableValue variable="NMOV[year]">
    <value valueType="integer">65</value>
  </variableValue>
  <variableValue variable="NMTG[year]">
    <value valueType="integer">27</value>
  </variableValue>
  <variableValue variable="NNEIG[year]">
    <value valueType="integer">3</value>
  </variableValue>
  <variableValue variable="NOBR[year]">
    <value valueType="integer">87</value>
  </variableValue>
  <variableValue variable="NOISE[year]">
    <value valueType="integer">2</value>
  </variableValue>
  <variableValue variable="NONFIC[year]">
    <value valueType="integer">12</value>
  </variableValue>
  <variableValue variable="nor[year]">
    <value valueType="integer">73</value>
  </variableValue>
  <variableValue variable="norcr[year]">
    <value valueType="integer">75</value>
  </variableValue>
  <variableValue variable="NOSIS[year]">
    <value valueType="integer">34</value>
  </variableValue>
  <variableValue variable="NOWRK[year]">
    <value valueType="integer">3</value>
  </variableValue>
  <variableValue variable="NRMS[year]">
    <value valueType="integer">84</value>
  </variableValue>
  <variableValue variable="nsp08">
    <value valueType="integer">96</value>
  </variableValue>
  <variableValue variable="NSTATE[year]">
    <value valueType="integer">60</value>
  </variableValue>
  <variableValue variable="NTRAD[year]">
    <value valueType="integer">90</value>
  </variableValue>
  <variableValue variable="NTRIPS[year]">
    <value valueType="integer">41</value>
  </variableValue>
  <variableValue variable="numtot[year]">
    <value valueType="integer">89</value>
  </variableValue>
  <variableValue variable="NVISIT[year]">
    <value valueType="integer">4</value>
  </variableValue>
  <variableValue variable="NWED[year]">
    <value valueType="integer">30</value>
  </variableValue>
  <variableValue variable="NYBR[year]">
    <value valueType="integer">34</value>
  </variableValue>
  <variableValue variable="NYSIS[year]">
    <value valueType="integer">24</value>
  </variableValue>
  <variableValue variable="OBGYN[year]">
    <value valueType="integer">1</value>
  </variableValue>
  <variableValue variable="OCC[year]">
    <value valueType="integer">0</value>
  </variableValue>
  <variableValue variable="OCC84[year]">
    <value valueType="integer">3</value>
  </variableValue>
  <variableValue variable="OPEN[year]">
    <value valueType="integer">3</value>
  </variableValue>
  <variableValue variable="or[year]">
    <value valueType="integer">99</value>
  </variableValue>
  <variableValue variable="oratt[year]">
    <value valueType="integer">11</value>
  </variableValue>
  <variableValue variable="ORGAN[year]">
    <value valueType="integer">1</value>
  </variableValue>
  <variableValue variable="oromt[year]">
    <value valueType="integer">10</value>
  </variableValue>
  <variableValue variable="orwg[year]">
    <value valueType="integer">86</value>
  </variableValue>
  <variableValue variable="OTJ[year]">
    <value valueType="integer">1</value>
  </variableValue>
  <variableValue variable="outhob[year]">
    <value valueType="decimal">34.251814117094945</value>
  </variableValue>
  <variableValue variable="OWNHM[year]">
    <value valueType="integer">1</value>
  </variableValue>
  <variableValue variable="PAINREL[year]">
    <value valueType="integer">3</value>
  </variableValue>
  <variableValue variable="PAP[year]">
    <value valueType="integer">4</value>
  </variableValue>
  <variableValue variable="party[year]">
    <value valueType="decimal">46.668750137399876</value>
  </variableValue>
  <variableValue variable="pase1">
    <value valueType="integer">2</value>
  </variableValue>
  <variableValue variable="pase10">
    <value valueType="integer">0</value>
  </variableValue>
  <variableValue variable="pase10a">
    <value valueType="decimal">96.01307488916339</value>
  </variableValue>
  <variableValue variable="pase10b">
    <value valueType="integer">1</value>
  </variableValue>
  <variableValue variable="pase1b">
    <value valueType="integer">4</value>
  </variableValue>
  <variableValue variable="pase2">
    <value valueType="integer">1</value>
  </variableValue>
  <variableValue variable="pase2a">
    <value valueType="integer">1</value>
  </variableValue>
  <variableValue variable="pase3">
    <value valueType="integer">2</value>
  </variableValue>
  <variableValue variable="pase3b">
    <value valueType="integer">3</value>
  </variableValue>
  <variableValue variable="pase4">
    <value valueType="integer">1</value>
  </variableValue>
  <variableValue variable="pase4b">
    <value valueType="integer">2</value>
  </variableValue>
  <variableValue variable="pase5">
    <value valueType="integer">1</value>
  </variableValue>
  <variableValue variable="pase5b">
    <value valueType="integer">2</value>
  </variableValue>
  <variableValue variable="pase6">
    <value valueType="integer">0</value>
  </variableValue>
  <variableValue variable="pase6b">
    <value valueType="integer">3</value>
  </variableValue>
  <variableValue variable="pase7">
    <value valueType="integer">0</value>
  </variableValue>
  <variableValue variable="pase8">
    <value valueType="integer">1</value>
  </variableValue>
  <variableValue variable="pase9a - pase9d">
    <value valueType="integer">1</value>
  </variableValue>
  <variableValue variable="pattot[year]">
    <value valueType="integer">43</value>
  </variableValue>
  <variableValue variable="PDEMP[year]">
    <value valueType="integer">1</value>
  </variableValue>
  <variableValue variable="PEOP[year]">
    <value valueType="decimal">10.433364541285284</value>
  </variableValue>
  <variableValue variable="pets[year]">
    <value valueType="decimal">64.36063506811924</value>
  </variableValue>
  <variableValue variable="phone[year]">
    <value valueType="decimal">24.71557179088458</value>
  </variableValue>
  <variableValue variable="picnic[year]">
    <value valueType="decimal">73.55600952355535</value>
  </variableValue>
  <variableValue variable="PIPEDAY[year]">
    <value valueType="integer">6</value>
  </variableValue>
  <variableValue variable="PIPES[year]">
    <value valueType="integer">1</value>
  </variableValue>
  <variableValue variable="pirr1[year]">
    <value valueType="integer">12</value>
  </variableValue>
  <variableValue variable="pirr2[year]">
    <value valueType="integer">66</value>
  </variableValue>
  <variableValue variable="PORK[year]">
    <value valueType="integer">1</value>
  </variableValue>
  <variableValue variable="ppr1[year]">
    <value valueType="integer">34</value>
  </variableValue>
  <variableValue variable="ppr2[year]">
    <value valueType="integer">55</value>
  </variableValue>
  <variableValue variable="ppr3[year]">
    <value valueType="integer">99</value>
  </variableValue>
  <variableValue variable="pray[year]">
    <value valueType="decimal">6.737648536350626</value>
  </variableValue>
  <variableValue variable="PRESR[year]">
    <value valueType="integer">1</value>
  </variableValue>
  <variableValue variable="PRO2YR[year]">
    <value valueType="integer">2</value>
  </variableValue>
  <variableValue variable="PROAGE[year]">
    <value valueType="integer">55</value>
  </variableValue>
  <variableValue variable="PROENLAR[year]">
    <value valueType="integer">1</value>
  </variableValue>
  <variableValue variable="PROEXAM[year]">
    <value valueType="integer">97</value>
  </variableValue>
  <variableValue variable="PROS[year]">
    <value valueType="integer">2</value>
  </variableValue>
  <variableValue variable="PROSUC[year]">
    <value valueType="integer">1</value>
  </variableValue>
  <variableValue variable="PRSC84[year]">
    <value valueType="integer">1</value>
  </variableValue>
  <variableValue variable="radio[year]">
    <value valueType="decimal">75.8187007457196</value>
  </variableValue>
  <variableValue variable="RDPAPR[year]">
    <value valueType="integer">0</value>
  </variableValue>
  <variableValue variable="RDWRIT[year]">
    <value valueType="decimal">73.34379217439833</value>
  </variableValue>
  <variableValue variable="read[year]">
    <value valueType="decimal">30.945210987200188</value>
  </variableValue>
  <variableValue variable="REGULAR[year]">
    <value valueType="integer">1</value>
  </variableValue>
  <variableValue variable="REMAR[year]">
    <value valueType="integer">86</value>
  </variableValue>
  <variableValue variable="rv[year]">
    <value valueType="integer">60</value>
  </variableValue>
  <variableValue variable="SAFE[year]">
    <value valueType="integer">1</value>
  </variableValue>
  <variableValue variable="SBHWY[year]">
    <value valueType="integer">4</value>
  </variableValue>
  <variableValue variable="SBTOWN[year]">
    <value valueType="integer">2</value>
  </variableValue>
  <variableValue variable="SELFBLOO[year]">
    <value valueType="integer">4</value>
  </variableValue>
  <variableValue variable="selfim[year]">
    <value valueType="decimal">3.3948623392032085</value>
  </variableValue>
  <variableValue variable="SELFMAM[year]">
    <value valueType="integer">1</value>
  </variableValue>
  <variableValue variable="sex">
    <value valueType="integer">1</value>
  </variableValue>
  <variableValue variable="shop[year]">
    <value valueType="decimal">79.10851701670516</value>
  </variableValue>
  <variableValue variable="SIBS[year]">
    <value valueType="integer">9</value>
  </variableValue>
  <variableValue variable="SLEEP[year]">
    <value valueType="integer">1</value>
  </variableValue>
  <variableValue variable="smdvh[year]">
    <value valueType="integer">5</value>
  </variableValue>
  <variableValue variable="smdvl[year]">
    <value valueType="integer">46</value>
  </variableValue>
  <variableValue variable="SMK[year]">
    <value valueType="integer">1</value>
  </variableValue>
  <variableValue variable="SMOKE[year]">
    <value valueType="integer">1</value>
  </variableValue>
  <variableValue variable="SMOKEPAS[year]">
    <value valueType="decimal">72.88125853517984</value>
  </variableValue>
  <variableValue variable="SODA[year]">
    <value valueType="integer">4</value>
  </variableValue>
  <variableValue variable="SODIUM[year]">
    <value valueType="integer">3</value>
  </variableValue>
  <variableValue variable="SPBRN[year]">
    <value valueType="integer">14</value>
  </variableValue>
  <variableValue variable="spec[year]">
    <value valueType="decimal">87.91996835852774</value>
  </variableValue>
  <variableValue variable="SPEED[year]">
    <value valueType="integer">2</value>
  </variableValue>
  <variableValue variable="SPOCC[year]">
    <value valueType="integer">9</value>
  </variableValue>
  <variableValue variable="sport[year]">
    <value valueType="decimal">44.60450667758333</value>
  </variableValue>
  <variableValue variable="SPRVIS[year]">
    <value valueType="integer">5</value>
  </variableValue>
  <variableValue variable="SREYE[year]">
    <value valueType="integer">6</value>
  </variableValue>
  <variableValue variable="srh[year]">
    <value valueType="integer">6</value>
  </variableValue>
  <variableValue variable="SRHEALTH">
    <value valueType="integer">5</value>
  </variableValue>
  <variableValue variable="SRHEAR[year]">
    <value valueType="integer">3</value>
  </variableValue>
  <variableValue variable="sstot[year]">
    <value valueType="integer">34</value>
  </variableValue>
  <variableValue variable="STAIRS[year]">
    <value valueType="integer">2</value>
  </variableValue>
  <variableValue variable="TEA[year]">
    <value valueType="integer">2</value>
  </variableValue>
  <variableValue variable="TRAF[year]">
    <value valueType="integer">0</value>
  </variableValue>
  <variableValue variable="travel[year]">
    <value valueType="decimal">15.188259469217192</value>
  </variableValue>
  <variableValue variable="TREES[year]">
    <value valueType="integer">2</value>
  </variableValue>
  <variableValue variable="TRYSTOP[year]">
    <value valueType="integer">2</value>
  </variableValue>
  <variableValue variable="tv[year]">
    <value valueType="decimal">48.83150503646466</value>
  </variableValue>
  <variableValue variable="TYPBLD[year]">
    <value valueType="integer">7</value>
  </variableValue>
  <variableValue variable="UNIVEX[year]">
    <value valueType="integer">1</value>
  </variableValue>
  <variableValue variable="VEAL[year]">
    <value valueType="integer">4</value>
  </variableValue>
  <variableValue variable="vis[year]">
    <value valueType="decimal">27.189067752301266</value>
  </variableValue>
  <variableValue variable="vocab1[year]">
    <value valueType="integer">71</value>
  </variableValue>
  <variableValue variable="vocab2[year]">
    <value valueType="integer">25</value>
  </variableValue>
  <variableValue variable="VOCAT[year]">
    <value valueType="integer">1</value>
  </variableValue>
  <variableValue variable="vol[year]">
    <value valueType="decimal">46.46948103276425</value>
  </variableValue>
  <variableValue variable="walk[year]">
    <value valueType="decimal">96.21706682628658</value>
  </variableValue>
  <variableValue variable="WALK[year]">
    <value valueType="integer">3</value>
  </variableValue>
  <variableValue variable="wdflu[year]">
    <value valueType="integer">74</value>
  </variableValue>
  <variableValue variable="WEIGHT[year]">
    <value valueType="integer">30</value>
  </variableValue>
  <variableValue variable="WELL[year]">
    <value valueType="integer">2</value>
  </variableValue>
  <variableValue variable="WINE[year]">
    <value valueType="integer">30</value>
  </variableValue>
  <variableValue variable="write[year]">
    <value valueType="decimal">99.46417294516517</value>
  </variableValue>
  <variableValue variable="WRKPLC[year]">
    <value valueType="integer">3</value>
  </variableValue>
  <variableValue variable="WRKTYP[year]">
    <value valueType="integer">5</value>
  </variableValue>
  <variableValue variable="ws[year]">
    <value valueType="integer">48</value>
  </variableValue>
  <variableValue variable="YEAROP[year]">
    <value valueType="integer">21</value>
  </variableValue>
  <variableValue variable="YRQUIT[year]">
    <value valueType="integer">9</value>
  </variableValue>
  <variableValue variable="YRRET[year]">
    <value valueType="integer">55</value>
  </variableValue>
  <variableValue variable="YRSMOKE[year]">
    <value valueType="decimal">13.80542997266585</value>
  </variableValue>
</valueSet>