<valueSet valueTable="2008" entityType="Participant" entityIdentifier="19574534">
  <variableValue variable="ADLTED[year]">
    <value valueType="integer">1</value>
  </variableValue>
  <variableValue variable="ADVDIR[year]">
    <value valueType="integer">1</value>
  </variableValue>
  <variableValue variable="age[year]">
    <value valueType="integer">2</value>
  </variableValue>
  <variableValue variable="AGEKID[year]">
    <value valueType="integer">60</value>
  </variableValue>
  <variableValue variable="AGENB[year]">
    <value valueType="integer">4</value>
  </variableValue>
  <variableValue variable="AGEWED[year]">
    <value valueType="integer">5</value>
  </variableValue>
  <variableValue variable="AGFRN[year]">
    <value valueType="integer">4</value>
  </variableValue>
  <variableValue variable="AGREE[year]">
    <value valueType="integer">29</value>
  </variableValue>
  <variableValue variable="ALCOHOL[year]">
    <value valueType="integer">3</value>
  </variableValue>
  <variableValue variable="Apdemp[year]">
    <value valueType="decimal">59.65018996067496</value>
  </variableValue>
  <variableValue variable="ART[year]">
    <value valueType="integer">2</value>
  </variableValue>
  <variableValue variable="BDATE_DY">
    <value valueType="integer">83</value>
  </variableValue>
  <variableValue variable="BDATE_MO">
    <value valueType="integer">43</value>
  </variableValue>
  <variableValue variable="BDATE_YR">
    <value valueType="integer">4</value>
  </variableValue>
  <variableValue variable="BEEF[year]">
    <value valueType="integer">3</value>
  </variableValue>
  <variableValue variable="BEER[year]">
    <value valueType="integer">43</value>
  </variableValue>
  <variableValue variable="BLDLK[year]">
    <value valueType="integer">4</value>
  </variableValue>
  <variableValue variable="BLOODPRE[year]">
    <value valueType="integer">2</value>
  </variableValue>
  <variableValue variable="BOOK[year]">
    <value valueType="integer">2</value>
  </variableValue>
  <variableValue variable="BRUSH[year]">
    <value valueType="integer">53</value>
  </variableValue>
  <variableValue variable="BUTTER[year]">
    <value valueType="integer">4</value>
  </variableValue>
  <variableValue variable="BUYFAT[year]">
    <value valueType="integer">1</value>
  </variableValue>
  <variableValue variable="BUYSALT[year]">
    <value valueType="integer">4</value>
  </variableValue>
  <variableValue variable="CANCHK[year]">
    <value valueType="integer">1</value>
  </variableValue>
  <variableValue variable="cards[year]">
    <value valueType="decimal">12.26187862417346</value>
  </variableValue>
  <variableValue variable="CATARACT[year]">
    <value valueType="integer">3</value>
  </variableValue>
  <variableValue variable="CHKFAT[year]">
    <value valueType="integer">3</value>
  </variableValue>
  <variableValue variable="CHOLES[year]">
    <value valueType="integer">4</value>
  </variableValue>
  <variableValue variable="chur[year]">
    <value valueType="decimal">59.40654358832346</value>
  </variableValue>
  <variableValue variable="CIGARDAY[year]">
    <value valueType="integer">1</value>
  </variableValue>
  <variableValue variable="CIGARS[year]">
    <value valueType="integer">4</value>
  </variableValue>
  <variableValue variable="CIGDAY[year]">
    <value valueType="integer">4</value>
  </variableValue>
  <variableValue variable="CIGS[year]">
    <value valueType="integer">6</value>
  </variableValue>
  <variableValue variable="CLNAIR[year]">
    <value valueType="integer">2</value>
  </variableValue>
  <variableValue variable="COFFEE[year]">
    <value valueType="integer">5</value>
  </variableValue>
  <variableValue variable="CONSCIEN[year]">
    <value valueType="integer">85</value>
  </variableValue>
  <variableValue variable="cook[year]">
    <value valueType="decimal">80.53301827547843</value>
  </variableValue>
  <variableValue variable="COOKBUT[year]">
    <value valueType="integer">2</value>
  </variableValue>
  <variableValue variable="CORS[year]">
    <value valueType="integer">1</value>
  </variableValue>
  <variableValue variable="crafts[year]">
    <value valueType="decimal">28.130862835858917</value>
  </variableValue>
  <variableValue variable="crdp1[year]">
    <value valueType="integer">27</value>
  </variableValue>
  <variableValue variable="crdp2[year]">
    <value valueType="integer">89</value>
  </variableValue>
  <variableValue variable="cult[year]">
    <value valueType="decimal">95.12214102387563</value>
  </variableValue>
  <variableValue variable="dance[year]">
    <value valueType="decimal">33.74033527745352</value>
  </variableValue>
  <variableValue variable="DENTIST[year]">
    <value valueType="integer">1</value>
  </variableValue>
  <variableValue variable="DENTURE[year]">
    <value valueType="integer">1</value>
  </variableValue>
  <variableValue variable="DIABET[year]">
    <value valueType="integer">2</value>
  </variableValue>
  <variableValue variable="DRMAM[year]">
    <value valueType="integer">2</value>
  </variableValue>
  <variableValue variable="DRVISIT[year]">
    <value valueType="integer">34</value>
  </variableValue>
  <variableValue variable="dydrm[year]">
    <value valueType="decimal">37.965662271853994</value>
  </variableValue>
  <variableValue variable="EARCHK[year]">
    <value valueType="integer">0</value>
  </variableValue>
  <variableValue variable="eatout[year]">
    <value valueType="decimal">52.19653301714414</value>
  </variableValue>
  <variableValue variable="EATSALT[year]">
    <value valueType="integer">2</value>
  </variableValue>
  <variableValue variable="edact[year]">
    <value valueType="decimal">49.21867198807919</value>
  </variableValue>
  <variableValue variable="educ">
    <value valueType="integer">34</value>
  </variableValue>
  <variableValue variable="EDUC[year]">
    <value valueType="integer">19</value>
  </variableValue>
  <variableValue variable="EGG[year]">
    <value valueType="integer">1</value>
  </variableValue>
  <variableValue variable="eldcar[year]">
    <value valueType="decimal">5.457414982301856</value>
  </variableValue>
  <variableValue variable="ELDCAR[year]">
    <value valueType="decimal">7.1302379926109545</value>
  </variableValue>
  <variableValue variable="ENT1[year]">
    <value valueType="integer">6</value>
  </variableValue>
  <variableValue variable="ENT2[year]">
    <value valueType="integer">10</value>
  </variableValue>
  <variableValue variable="ENT3[year]">
    <value valueType="integer">4</value>
  </variableValue>
  <variableValue variable="eth[year]">
    <value valueType="integer">89</value>
  </variableValue>
  <variableValue variable="EXCERTOT[year]">
    <value valueType="decimal">21.816681207254828</value>
  </variableValue>
  <variableValue variable="EXCERWK[year]">
    <value valueType="integer">23</value>
  </variableValue>
  <variableValue variable="EXTRAVER[year]">
    <value valueType="integer">18</value>
  </variableValue>
  <variableValue variable="EYECHG[year]">
    <value valueType="integer">6</value>
  </variableValue>
  <variableValue variable="EYECHK[year]">
    <value valueType="integer">1</value>
  </variableValue>
  <variableValue variable="EYEGLAS[year]">
    <value valueType="integer">2</value>
  </variableValue>
  <variableValue variable="FAGE[year]">
    <value valueType="integer">35</value>
  </variableValue>
  <variableValue variable="FAITH[year]">
    <value valueType="integer">2</value>
  </variableValue>
  <variableValue variable="FALLS[year]">
    <value valueType="integer">4</value>
  </variableValue>
  <variableValue variable="FCAUSE[year]">
    <value valueType="integer">2</value>
  </variableValue>
  <variableValue variable="FDIE[year]">
    <value valueType="integer">73</value>
  </variableValue>
  <variableValue variable="FIC[year]">
    <value valueType="integer">39</value>
  </variableValue>
  <variableValue variable="fit[year]">
    <value valueType="decimal">8.15922331465786</value>
  </variableValue>
  <variableValue variable="FLIVE[year]">
    <value valueType="integer">3</value>
  </variableValue>
  <variableValue variable="FLOSS[year]">
    <value valueType="integer">4</value>
  </variableValue>
  <variableValue variable="FLUSHOT[year]">
    <value valueType="integer">5</value>
  </variableValue>
  <variableValue variable="fr[year]">
    <value valueType="integer">14</value>
  </variableValue>
  <variableValue variable="fratt[year]">
    <value valueType="integer">96</value>
  </variableValue>
  <variableValue variable="frcr[year]">
    <value valueType="integer">63</value>
  </variableValue>
  <variableValue variable="fromt[year]">
    <value valueType="integer">73</value>
  </variableValue>
  <variableValue variable="frwg[year]">
    <value valueType="integer">66</value>
  </variableValue>
  <variableValue variable="game[year]">
    <value valueType="decimal">60.26467737643034</value>
  </variableValue>
  <variableValue variable="gds[year]1 –  gds[year]30">
    <value valueType="integer">1</value>
  </variableValue>
  <variableValue variable="gdstot[year]">
    <value valueType="integer">15</value>
  </variableValue>
  <variableValue variable="HANDS[year]">
    <value valueType="decimal">78.10713179717996</value>
  </variableValue>
  <variableValue variable="HARDLIQ[year]">
    <value valueType="integer">15</value>
  </variableValue>
  <variableValue variable="HEALTHCH[year]">
    <value valueType="integer">5</value>
  </variableValue>
  <variableValue variable="HEARAID[year]">
    <value valueType="integer">1</value>
  </variableValue>
  <variableValue variable="HEARCHG[year]">
    <value valueType="integer">5</value>
  </variableValue>
  <variableValue variable="HEARSPEC[year]">
    <value valueType="integer">3</value>
  </variableValue>
  <variableValue variable="HEART[year]">
    <value valueType="integer">3</value>
  </variableValue>
  <variableValue variable="HEIGHT[year]">
    <value valueType="integer">24</value>
  </variableValue>
  <variableValue variable="HHEIGHT[year]">
    <value valueType="integer">93</value>
  </variableValue>
  <variableValue variable="HIGHBLOO[year]">
    <value valueType="integer">2</value>
  </variableValue>
  <variableValue variable="HJOBTP[year]">
    <value valueType="integer">1</value>
  </variableValue>
  <variableValue variable="HMKHD[year]">
    <value valueType="decimal">48.032848934836856</value>
  </variableValue>
  <variableValue variable="HMKJB[year]">
    <value valueType="integer">18</value>
  </variableValue>
  <variableValue variable="HMKPE[year]">
    <value valueType="decimal">24.806709569717878</value>
  </variableValue>
  <variableValue variable="HMKPRS[year]">
    <value valueType="integer">3</value>
  </variableValue>
  <variableValue variable="HMKR[year]">
    <value valueType="integer">59</value>
  </variableValue>
  <variableValue variable="HMKRD[year]">
    <value valueType="decimal">65.29940776756288</value>
  </variableValue>
  <variableValue variable="HOSDAYS[year]">
    <value valueType="integer">0</value>
  </variableValue>
  <variableValue variable="HOSVISIT[year]">
    <value valueType="integer">0</value>
  </variableValue>
  <variableValue variable="HWEIGHT[year]">
    <value valueType="integer">12</value>
  </variableValue>
  <variableValue variable="INC[year]">
    <value valueType="integer">2</value>
  </variableValue>
  <variableValue variable="INC84[year]">
    <value valueType="integer">13</value>
  </variableValue>
  <variableValue variable="instr[year]">
    <value valueType="decimal">57.58408336514849</value>
  </variableValue>
  <variableValue variable="ir[year]a1 - ir[year]a20">
    <value valueType="integer">0</value>
  </variableValue>
  <variableValue variable="ir[year]b1 - ir[year]b20">
    <value valueType="integer">0</value>
  </variableValue>
  <variableValue variable="JOBLEN[year]">
    <value valueType="integer">4</value>
  </variableValue>
  <variableValue variable="JOBTYP[year]">
    <value valueType="integer">6</value>
  </variableValue>
  <variableValue variable="kidcar[year]">
    <value valueType="decimal">40.73411652458745</value>
  </variableValue>
  <variableValue variable="LAMB[year]">
    <value valueType="integer">2</value>
  </variableValue>
  <variableValue variable="lettot[year]">
    <value valueType="integer">5</value>
  </variableValue>
  <variableValue variable="LFST84[year]">
    <value valueType="integer">2</value>
  </variableValue>
  <variableValue variable="LIFSAT[year]">
    <value valueType="integer">4</value>
  </variableValue>
  <variableValue variable="LIVESMOK[year]">
    <value valueType="integer">2</value>
  </variableValue>
  <variableValue variable="ls[year]">
    <value valueType="integer">32</value>
  </variableValue>
  <variableValue variable="LSTJOB[year]">
    <value valueType="integer">1</value>
  </variableValue>
  <variableValue variable="LVNGWILL[year]">
    <value valueType="integer">2</value>
  </variableValue>
  <variableValue variable="MAGE[year]">
    <value valueType="integer">49</value>
  </variableValue>
  <variableValue variable="MAM[year]">
    <value valueType="integer">1</value>
  </variableValue>
  <variableValue variable="MAM2YR[year]">
    <value valueType="integer">2</value>
  </variableValue>
  <variableValue variable="MAMAGE[year]">
    <value valueType="integer">43</value>
  </variableValue>
  <variableValue variable="MAMEXAM[year]">
    <value valueType="integer">76</value>
  </variableValue>
  <variableValue variable="MASTECT[year]">
    <value valueType="integer">1</value>
  </variableValue>
  <variableValue variable="MCAUSE[year]">
    <value valueType="integer">9</value>
  </variableValue>
  <variableValue variable="MDIE[year]">
    <value valueType="integer">48</value>
  </variableValue>
  <variableValue variable="MED[year]">
    <value valueType="integer">2</value>
  </variableValue>
  <variableValue variable="MENAGE[year]">
    <value valueType="integer">70</value>
  </variableValue>
  <variableValue variable="MENHIST[year]">
    <value valueType="integer">75</value>
  </variableValue>
  <variableValue variable="MENSIT[year]">
    <value valueType="integer">3</value>
  </variableValue>
  <variableValue variable="MFQ[year]1">
    <value valueType="decimal">62.98928317504171</value>
  </variableValue>
  <variableValue variable="MFQ[year]2A">
    <value valueType="decimal">18.53816319827154</value>
  </variableValue>
  <variableValue variable="MFQ[year]2B">
    <value valueType="decimal">34.43508643768636</value>
  </variableValue>
  <variableValue variable="MFQ[year]2C">
    <value valueType="decimal">14.577563305265617</value>
  </variableValue>
  <variableValue variable="MFQ[year]2D">
    <value valueType="decimal">60.708949819405625</value>
  </variableValue>
  <variableValue variable="MFQ[year]2E">
    <value valueType="decimal">80.90961155745772</value>
  </variableValue>
  <variableValue variable="MFQ[year]3A">
    <value valueType="decimal">31.329135858707925</value>
  </variableValue>
  <variableValue variable="MFQ[year]3B">
    <value valueType="decimal">9.521716699706396</value>
  </variableValue>
  <variableValue variable="MFQ[year]3C">
    <value valueType="decimal">87.19863420370176</value>
  </variableValue>
  <variableValue variable="MFQ[year]3D">
    <value valueType="decimal">43.56617562571681</value>
  </variableValue>
  <variableValue variable="MFQ[year]3E">
    <value valueType="decimal">9.429084961698509</value>
  </variableValue>
  <variableValue variable="MFQ[year]3F">
    <value valueType="decimal">82.7867455140331</value>
  </variableValue>
  <variableValue variable="MFQ[year]3G">
    <value valueType="decimal">94.23808389908189</value>
  </variableValue>
  <variableValue variable="MFQ[year]3H">
    <value valueType="decimal">58.83612130622229</value>
  </variableValue>
  <variableValue variable="MFQ[year]3I">
    <value valueType="decimal">46.485742590431045</value>
  </variableValue>
  <variableValue variable="MFQ[year]3J">
    <value valueType="decimal">18.617580801452092</value>
  </variableValue>
  <variableValue variable="MFQ[year]3K">
    <value valueType="decimal">66.99797721544684</value>
  </variableValue>
  <variableValue variable="MFQ[year]3L">
    <value valueType="decimal">33.63673796337937</value>
  </variableValue>
  <variableValue variable="MFQ[year]3M">
    <value valueType="decimal">16.206587659985182</value>
  </variableValue>
  <variableValue variable="MFQ[year]3N">
    <value valueType="decimal">27.934699583411092</value>
  </variableValue>
  <variableValue variable="MFQ[year]3O">
    <value valueType="decimal">6.573655319415939</value>
  </variableValue>
  <variableValue variable="MFQ[year]3P">
    <value valueType="decimal">0.652041806369219</value>
  </variableValue>
  <variableValue variable="MFQ[year]3Q">
    <value valueType="decimal">45.576703139852334</value>
  </variableValue>
  <variableValue variable="MFQ[year]3R">
    <value valueType="decimal">27.366724862816138</value>
  </variableValue>
  <variableValue variable="MFQ[year]4A">
    <value valueType="decimal">20.590109870719875</value>
  </variableValue>
  <variableValue variable="MFQ[year]4B">
    <value valueType="decimal">99.34332349312074</value>
  </variableValue>
  <variableValue variable="MFQ[year]4C">
    <value valueType="decimal">76.74904555406948</value>
  </variableValue>
  <variableValue variable="MFQ[year]4D">
    <value valueType="decimal">95.57344826669303</value>
  </variableValue>
  <variableValue variable="MFQ[year]4E">
    <value valueType="decimal">92.82849719147043</value>
  </variableValue>
  <variableValue variable="MFQ[year]5A">
    <value valueType="decimal">49.38840605568375</value>
  </variableValue>
  <variableValue variable="MFQ[year]5B">
    <value valueType="decimal">51.37819666802794</value>
  </variableValue>
  <variableValue variable="MFQ[year]5C">
    <value valueType="decimal">41.45707879691156</value>
  </variableValue>
  <variableValue variable="MFQ[year]5D">
    <value valueType="decimal">34.953443435112554</value>
  </variableValue>
  <variableValue variable="MFQ[year]5E">
    <value valueType="decimal">22.68054631947487</value>
  </variableValue>
  <variableValue variable="MFQ[year]6A">
    <value valueType="decimal">56.463169055029695</value>
  </variableValue>
  <variableValue variable="MFQ[year]6B">
    <value valueType="decimal">93.95714665629738</value>
  </variableValue>
  <variableValue variable="MFQ[year]6C">
    <value valueType="decimal">58.67424728773144</value>
  </variableValue>
  <variableValue variable="MFQ[year]6D">
    <value valueType="decimal">71.67814346091134</value>
  </variableValue>
  <variableValue variable="MFQ[year]7A">
    <value valueType="decimal">45.081181653120424</value>
  </variableValue>
  <variableValue variable="MFQ[year]7B">
    <value valueType="decimal">76.34714813143233</value>
  </variableValue>
  <variableValue variable="MFQ[year]7C">
    <value valueType="decimal">45.05200838176937</value>
  </variableValue>
  <variableValue variable="MFQ[year]7D">
    <value valueType="decimal">51.68155890079687</value>
  </variableValue>
  <variableValue variable="MFQ[year]7E">
    <value valueType="decimal">72.83581620221553</value>
  </variableValue>
  <variableValue variable="MFQ[year]7F">
    <value valueType="decimal">59.298677740481665</value>
  </variableValue>
  <variableValue variable="MFQ[year]7G">
    <value valueType="decimal">29.16866314738599</value>
  </variableValue>
  <variableValue variable="MFQ[year]7H">
    <value valueType="decimal">82.52346792958745</value>
  </variableValue>
  <variableValue variable="MFQ[year]7I">
    <value valueType="decimal">71.40929170820152</value>
  </variableValue>
  <variableValue variable="MFQ[year]7J">
    <value valueType="decimal">96.45145580437254</value>
  </variableValue>
  <variableValue variable="MFQ[year]7K">
    <value valueType="decimal">63.002719435972296</value>
  </variableValue>
  <variableValue variable="MFQ[year]7L">
    <value valueType="decimal">31.19436706405223</value>
  </variableValue>
  <variableValue variable="MFQ[year]7M">
    <value valueType="decimal">14.300049837767004</value>
  </variableValue>
  <variableValue variable="MFQ[year]7N">
    <value valueType="decimal">33.825318802231486</value>
  </variableValue>
  <variableValue variable="MFQ[year]7O">
    <value valueType="decimal">67.1105060416845</value>
  </variableValue>
  <variableValue variable="MFQ[year]7P">
    <value valueType="decimal">61.08501207194047</value>
  </variableValue>
  <variableValue variable="MFQ[year]7Q">
    <value valueType="decimal">16.64322525928267</value>
  </variableValue>
  <variableValue variable="MFQ[year]7R">
    <value valueType="decimal">50.13285460391901</value>
  </variableValue>
  <variableValue variable="MFQ[year]8A">
    <value valueType="decimal">32.590546185466216</value>
  </variableValue>
  <variableValue variable="MFQ[year]8B">
    <value valueType="decimal">85.81267179299874</value>
  </variableValue>
  <variableValue variable="MFQ[year]8C">
    <value valueType="decimal">50.953006580867</value>
  </variableValue>
  <variableValue variable="MFQ[year]8D">
    <value valueType="decimal">28.899112257595803</value>
  </variableValue>
  <variableValue variable="MFQ[year]8E">
    <value valueType="decimal">88.8126527752</value>
  </variableValue>
  <variableValue variable="MFQ[year]8F">
    <value valueType="decimal">86.00831028336144</value>
  </variableValue>
  <variableValue variable="MFQ[year]8G">
    <value valueType="decimal">53.69225052708529</value>
  </variableValue>
  <variableValue variable="MFQ[year]8H">
    <value valueType="decimal">85.2673462712279</value>
  </variableValue>
  <variableValue variable="MFQ1[year]">
    <value valueType="integer">43</value>
  </variableValue>
  <variableValue variable="mfq1[year]">
    <value valueType="decimal">24.098139941348016</value>
  </variableValue>
  <variableValue variable="MFQ2[year]">
    <value valueType="integer">75</value>
  </variableValue>
  <variableValue variable="mfq2[year]">
    <value valueType="decimal">43.76619997656198</value>
  </variableValue>
  <variableValue variable="MFQ3[year]">
    <value valueType="integer">86</value>
  </variableValue>
  <variableValue variable="mfq3[year]">
    <value valueType="decimal">0.5933029977088222</value>
  </variableValue>
  <variableValue variable="MFQ4[year]">
    <value valueType="integer">73</value>
  </variableValue>
  <variableValue variable="mfq4[year]">
    <value valueType="decimal">43.80324726150966</value>
  </variableValue>
  <variableValue variable="MLIVE[year]">
    <value valueType="integer">3</value>
  </variableValue>
  <variableValue variable="MOMWK[year]">
    <value valueType="integer">0</value>
  </variableValue>
  <variableValue variable="movie[year]">
    <value valueType="decimal">73.35345656928845</value>
  </variableValue>
  <variableValue variable="MSTA84[year]">
    <value valueType="integer">5</value>
  </variableValue>
  <variableValue variable="MSTAT[year]">
    <value valueType="integer">4</value>
  </variableValue>
  <variableValue variable="NBKS[year]">
    <value valueType="integer">89</value>
  </variableValue>
  <variableValue variable="NCONF[year]">
    <value valueType="integer">7</value>
  </variableValue>
  <variableValue variable="NEEDCATA[year]">
    <value valueType="integer">3</value>
  </variableValue>
  <variableValue variable="NEMP[year]">
    <value valueType="integer">83</value>
  </variableValue>
  <variableValue variable="NEUROTIC[year]">
    <value valueType="integer">64</value>
  </variableValue>
  <variableValue variable="NEWPRNT[year]">
    <value valueType="integer">2</value>
  </variableValue>
  <variableValue variable="nfr[year]">
    <value valueType="integer">86</value>
  </variableValue>
  <variableValue variable="NFRN[year]">
    <value valueType="integer">13</value>
  </variableValue>
  <variableValue variable="NGRNKD[year]">
    <value valueType="integer">37</value>
  </variableValue>
  <variableValue variable="NJOB[year]">
    <value valueType="integer">61</value>
  </variableValue>
  <variableValue variable="NKDHM[year]">
    <value valueType="integer">12</value>
  </variableValue>
  <variableValue variable="NKIDS[year]">
    <value valueType="integer">76</value>
  </variableValue>
  <variableValue variable="NMAG[year]">
    <value valueType="integer">64</value>
  </variableValue>
  <variableValue variable="NMOV[year]">
    <value valueType="integer">22</value>
  </variableValue>
  <variableValue variable="NMTG[year]">
    <value valueType="integer">78</value>
  </variableValue>
  <variableValue variable="NNEIG[year]">
    <value valueType="integer">1</value>
  </variableValue>
  <variableValue variable="NOBR[year]">
    <value valueType="integer">22</value>
  </variableValue>
  <variableValue variable="NOISE[year]">
    <value valueType="integer">4</value>
  </variableValue>
  <variableValue variable="NONFIC[year]">
    <value valueType="integer">5</value>
  </variableValue>
  <variableValue variable="nor[year]">
    <value valueType="integer">8</value>
  </variableValue>
  <variableValue variable="norcr[year]">
    <value valueType="integer">0</value>
  </variableValue>
  <variableValue variable="NOSIS[year]">
    <value valueType="integer">9</value>
  </variableValue>
  <variableValue variable="NOWRK[year]">
    <value valueType="integer">3</value>
  </variableValue>
  <variableValue variable="NRMS[year]">
    <value valueType="integer">44</value>
  </variableValue>
  <variableValue variable="nsp08">
    <value valueType="integer">53</value>
  </variableValue>
  <variableValue variable="NSTATE[year]">
    <value valueType="integer">83</value>
  </variableValue>
  <variableValue variable="NTRAD[year]">
    <value valueType="integer">12</value>
  </variableValue>
  <variableValue variable="NTRIPS[year]">
    <value valueType="integer">58</value>
  </variableValue>
  <variableValue variable="numtot[year]">
    <value valueType="integer">50</value>
  </variableValue>
  <variableValue variable="NVISIT[year]">
    <value valueType="integer">4</value>
  </variableValue>
  <variableValue variable="NWED[year]">
    <value valueType="integer">71</value>
  </variableValue>
  <variableValue variable="NYBR[year]">
    <value valueType="integer">64</value>
  </variableValue>
  <variableValue variable="NYSIS[year]">
    <value valueType="integer">24</value>
  </variableValue>
  <variableValue variable="OBGYN[year]">
    <value valueType="integer">4</value>
  </variableValue>
  <variableValue variable="OCC[year]">
    <value valueType="integer">6</value>
  </variableValue>
  <variableValue variable="OCC84[year]">
    <value valueType="integer">8</value>
  </variableValue>
  <variableValue variable="OPEN[year]">
    <value valueType="integer">0</value>
  </variableValue>
  <variableValue variable="or[year]">
    <value valueType="integer">97</value>
  </variableValue>
  <variableValue variable="oratt[year]">
    <value valueType="integer">69</value>
  </variableValue>
  <variableValue variable="ORGAN[year]">
    <value valueType="integer">1</value>
  </variableValue>
  <variableValue variable="oromt[year]">
    <value valueType="integer">29</value>
  </variableValue>
  <variableValue variable="orwg[year]">
    <value valueType="integer">35</value>
  </variableValue>
  <variableValue variable="OTJ[year]">
    <value valueType="integer">0</value>
  </variableValue>
  <variableValue variable="outhob[year]">
    <value valueType="decimal">10.300709314957102</value>
  </variableValue>
  <variableValue variable="OWNHM[year]">
    <value valueType="integer">0</value>
  </variableValue>
  <variableValue variable="PAINREL[year]">
    <value valueType="integer">3</value>
  </variableValue>
  <variableValue variable="PAP[year]">
    <value valueType="integer">4</value>
  </variableValue>
  <variableValue variable="party[year]">
    <value valueType="decimal">65.34262242505197</value>
  </variableValue>
  <variableValue variable="pase1">
    <value valueType="integer">3</value>
  </variableValue>
  <variableValue variable="pase10">
    <value valueType="integer">1</value>
  </variableValue>
  <variableValue variable="pase10a">
    <value valueType="decimal">10.298482258462405</value>
  </variableValue>
  <variableValue variable="pase10b">
    <value valueType="integer">3</value>
  </variableValue>
  <variableValue variable="pase1b">
    <value valueType="integer">3</value>
  </variableValue>
  <variableValue variable="pase2">
    <value valueType="integer">0</value>
  </variableValue>
  <variableValue variable="pase2a">
    <value valueType="integer">2</value>
  </variableValue>
  <variableValue variable="pase3">
    <value valueType="integer">3</value>
  </variableValue>
  <variableValue variable="pase3b">
    <value valueType="integer">1</value>
  </variableValue>
  <variableValue variable="pase4">
    <value valueType="integer">0</value>
  </variableValue>
  <variableValue variable="pase4b">
    <value valueType="integer">4</value>
  </variableValue>
  <variableValue variable="pase5">
    <value valueType="integer">2</value>
  </variableValue>
  <variableValue variable="pase5b">
    <value valueType="integer">2</value>
  </variableValue>
  <variableValue variable="pase6">
    <value valueType="integer">3</value>
  </variableValue>
  <variableValue variable="pase6b">
    <value valueType="integer">3</value>
  </variableValue>
  <variableValue variable="pase7">
    <value valueType="integer">1</value>
  </variableValue>
  <variableValue variable="pase8">
    <value valueType="integer">1</value>
  </variableValue>
  <variableValue variable="pase9a - pase9d">
    <value valueType="integer">1</value>
  </variableValue>
  <variableValue variable="pattot[year]">
    <value valueType="integer">18</value>
  </variableValue>
  <variableValue variable="PDEMP[year]">
    <value valueType="integer">1</value>
  </variableValue>
  <variableValue variable="PEOP[year]">
    <value valueType="decimal">73.98805526902204</value>
  </variableValue>
  <variableValue variable="pets[year]">
    <value valueType="decimal">23.04128037057074</value>
  </variableValue>
  <variableValue variable="phone[year]">
    <value valueType="decimal">56.1273093595609</value>
  </variableValue>
  <variableValue variable="picnic[year]">
    <value valueType="decimal">94.19604224058881</value>
  </variableValue>
  <variableValue variable="PIPEDAY[year]">
    <value valueType="integer">1</value>
  </variableValue>
  <variableValue variable="PIPES[year]">
    <value valueType="integer">1</value>
  </variableValue>
  <variableValue variable="pirr1[year]">
    <value valueType="integer">76</value>
  </variableValue>
  <variableValue variable="pirr2[year]">
    <value valueType="integer">48</value>
  </variableValue>
  <variableValue variable="PORK[year]">
    <value valueType="integer">1</value>
  </variableValue>
  <variableValue variable="ppr1[year]">
    <value valueType="integer">22</value>
  </variableValue>
  <variableValue variable="ppr2[year]">
    <value valueType="integer">17</value>
  </variableValue>
  <variableValue variable="ppr3[year]">
    <value valueType="integer">67</value>
  </variableValue>
  <variableValue variable="pray[year]">
    <value valueType="decimal">90.36227060340353</value>
  </variableValue>
  <variableValue variable="PRESR[year]">
    <value valueType="integer">3</value>
  </variableValue>
  <variableValue variable="PRO2YR[year]">
    <value valueType="integer">1</value>
  </variableValue>
  <variableValue variable="PROAGE[year]">
    <value valueType="integer">29</value>
  </variableValue>
  <variableValue variable="PROENLAR[year]">
    <value valueType="integer">1</value>
  </variableValue>
  <variableValue variable="PROEXAM[year]">
    <value valueType="integer">85</value>
  </variableValue>
  <variableValue variable="PROS[year]">
    <value valueType="integer">1</value>
  </variableValue>
  <variableValue variable="PROSUC[year]">
    <value valueType="integer">1</value>
  </variableValue>
  <variableValue variable="PRSC84[year]">
    <value valueType="integer">3</value>
  </variableValue>
  <variableValue variable="radio[year]">
    <value valueType="decimal">88.98876122560273</value>
  </variableValue>
  <variableValue variable="RDPAPR[year]">
    <value valueType="integer">0</value>
  </variableValue>
  <variableValue variable="RDWRIT[year]">
    <value valueType="decimal">94.80869245423428</value>
  </variableValue>
  <variableValue variable="read[year]">
    <value valueType="decimal">61.72461330164701</value>
  </variableValue>
  <variableValue variable="REGULAR[year]">
    <value valueType="integer">2</value>
  </variableValue>
  <variableValue variable="REMAR[year]">
    <value valueType="integer">8</value>
  </variableValue>
  <variableValue variable="rv[year]">
    <value valueType="integer">89</value>
  </variableValue>
  <variableValue variable="SAFE[year]">
    <value valueType="integer">1</value>
  </variableValue>
  <variableValue variable="SBHWY[year]">
    <value valueType="integer">4</value>
  </variableValue>
  <variableValue variable="SBTOWN[year]">
    <value valueType="integer">4</value>
  </variableValue>
  <variableValue variable="SELFBLOO[year]">
    <value valueType="integer">5</value>
  </variableValue>
  <variableValue variable="selfim[year]">
    <value valueType="decimal">53.36781539576535</value>
  </variableValue>
  <variableValue variable="SELFMAM[year]">
    <value valueType="integer">3</value>
  </variableValue>
  <variableValue variable="sex">
    <value valueType="integer">1</value>
  </variableValue>
  <variableValue variable="shop[year]">
    <value valueType="decimal">9.55852169026855</value>
  </variableValue>
  <variableValue variable="SIBS[year]">
    <value valueType="integer">17</value>
  </variableValue>
  <variableValue variable="SLEEP[year]">
    <value valueType="integer">1</value>
  </variableValue>
  <variableValue variable="smdvh[year]">
    <value valueType="integer">96</value>
  </variableValue>
  <variableValue variable="smdvl[year]">
    <value valueType="integer">44</value>
  </variableValue>
  <variableValue variable="SMK[year]">
    <value valueType="integer">0</value>
  </variableValue>
  <variableValue variable="SMOKE[year]">
    <value valueType="integer">2</value>
  </variableValue>
  <variableValue variable="SMOKEPAS[year]">
    <value valueType="decimal">6.820545996478589</value>
  </variableValue>
  <variableValue variable="SODA[year]">
    <value valueType="integer">1</value>
  </variableValue>
  <variableValue variable="SODIUM[year]">
    <value valueType="integer">2</value>
  </variableValue>
  <variableValue variable="SPBRN[year]">
    <value valueType="integer">1</value>
  </variableValue>
  <variableValue variable="spec[year]">
    <value valueType="decimal">0.7030356105625746</value>
  </variableValue>
  <variableValue variable="SPEED[year]">
    <value valueType="integer">3</value>
  </variableValue>
  <variableValue variable="SPOCC[year]">
    <value valueType="integer">1</value>
  </variableValue>
  <variableValue variable="sport[year]">
    <value valueType="decimal">36.297299329736596</value>
  </variableValue>
  <variableValue variable="SPRVIS[year]">
    <value valueType="integer">1</value>
  </variableValue>
  <variableValue variable="SREYE[year]">
    <value valueType="integer">1</value>
  </variableValue>
  <variableValue variable="srh[year]">
    <value valueType="integer">4</value>
  </variableValue>
  <variableValue variable="SRHEALTH">
    <value valueType="integer">2</value>
  </variableValue>
  <variableValue variable="SRHEAR[year]">
    <value valueType="integer">6</value>
  </variableValue>
  <variableValue variable="sstot[year]">
    <value valueType="integer">32</value>
  </variableValue>
  <variableValue variable="STAIRS[year]">
    <value valueType="integer">5</value>
  </variableValue>
  <variableValue variable="TEA[year]">
    <value valueType="integer">4</value>
  </variableValue>
  <variableValue variable="TRAF[year]">
    <value valueType="integer">0</value>
  </variableValue>
  <variableValue variable="travel[year]">
    <value valueType="decimal">78.20791576075948</value>
  </variableValue>
  <variableValue variable="TREES[year]">
    <value valueType="integer">5</value>
  </variableValue>
  <variableValue variable="TRYSTOP[year]">
    <value valueType="integer">2</value>
  </variableValue>
  <variableValue variable="tv[year]">
    <value valueType="decimal">30.77188948624575</value>
  </variableValue>
  <variableValue variable="TYPBLD[year]">
    <value valueType="integer">8</value>
  </variableValue>
  <variableValue variable="UNIVEX[year]">
    <value valueType="integer">1</value>
  </variableValue>
  <variableValue variable="VEAL[year]">
    <value valueType="integer">1</value>
  </variableValue>
  <variableValue variable="vis[year]">
    <value valueType="decimal">78.68632296061713</value>
  </variableValue>
  <variableValue variable="vocab1[year]">
    <value valueType="integer">11</value>
  </variableValue>
  <variableValue variable="vocab2[year]">
    <value valueType="integer">20</value>
  </variableValue>
  <variableValue variable="VOCAT[year]">
    <value valueType="integer">1</value>
  </variableValue>
  <variableValue variable="vol[year]">
    <value valueType="decimal">42.50405708921989</value>
  </variableValue>
  <variableValue variable="walk[year]">
    <value valueType="decimal">10.50354676212798</value>
  </variableValue>
  <variableValue variable="WALK[year]">
    <value valueType="integer">3</value>
  </variableValue>
  <variableValue variable="wdflu[year]">
    <value valueType="integer">16</value>
  </variableValue>
  <variableValue variable="WEIGHT[year]">
    <value valueType="integer">48</value>
  </variableValue>
  <variableValue variable="WELL[year]">
    <value valueType="integer">2</value>
  </variableValue>
  <variableValue variable="WINE[year]">
    <value valueType="integer">4</value>
  </variableValue>
  <variableValue variable="write[year]">
    <value valueType="decimal">95.1226902170488</value>
  </variableValue>
  <variableValue variable="WRKPLC[year]">
    <value valueType="integer">3</value>
  </variableValue>
  <variableValue variable="WRKTYP[year]">
    <value valueType="integer">5</value>
  </variableValue>
  <variableValue variable="ws[year]">
    <value valueType="integer">8</value>
  </variableValue>
  <variableValue variable="YEAROP[year]">
    <value valueType="integer">2</value>
  </variableValue>
  <variableValue variable="YRQUIT[year]">
    <value valueType="integer">90</value>
  </variableValue>
  <variableValue variable="YRRET[year]">
    <value valueType="integer">73</value>
  </variableValue>
  <variableValue variable="YRSMOKE[year]">
    <value valueType="decimal">12.933431796783946</value>
  </variableValue>
</valueSet>