<valueSet valueTable="2008" entityType="Participant" entityIdentifier="20390011">
  <variableValue variable="ADLTED[year]">
    <value valueType="integer">1</value>
  </variableValue>
  <variableValue variable="ADVDIR[year]">
    <value valueType="integer">2</value>
  </variableValue>
  <variableValue variable="age[year]">
    <value valueType="integer">10</value>
  </variableValue>
  <variableValue variable="AGEKID[year]">
    <value valueType="integer">86</value>
  </variableValue>
  <variableValue variable="AGENB[year]">
    <value valueType="integer">3</value>
  </variableValue>
  <variableValue variable="AGEWED[year]">
    <value valueType="integer">25</value>
  </variableValue>
  <variableValue variable="AGFRN[year]">
    <value valueType="integer">2</value>
  </variableValue>
  <variableValue variable="AGREE[year]">
    <value valueType="integer">98</value>
  </variableValue>
  <variableValue variable="ALCOHOL[year]">
    <value valueType="integer">1</value>
  </variableValue>
  <variableValue variable="Apdemp[year]">
    <value valueType="decimal">30.61991972983288</value>
  </variableValue>
  <variableValue variable="ART[year]">
    <value valueType="integer">1</value>
  </variableValue>
  <variableValue variable="BDATE_DY">
    <value valueType="integer">56</value>
  </variableValue>
  <variableValue variable="BDATE_MO">
    <value valueType="integer">57</value>
  </variableValue>
  <variableValue variable="BDATE_YR">
    <value valueType="integer">66</value>
  </variableValue>
  <variableValue variable="BEEF[year]">
    <value valueType="integer">2</value>
  </variableValue>
  <variableValue variable="BEER[year]">
    <value valueType="integer">5</value>
  </variableValue>
  <variableValue variable="BLDLK[year]">
    <value valueType="integer">1</value>
  </variableValue>
  <variableValue variable="BLOODPRE[year]">
    <value valueType="integer">6</value>
  </variableValue>
  <variableValue variable="BOOK[year]">
    <value valueType="integer">2</value>
  </variableValue>
  <variableValue variable="BRUSH[year]">
    <value valueType="integer">59</value>
  </variableValue>
  <variableValue variable="BUTTER[year]">
    <value valueType="integer">2</value>
  </variableValue>
  <variableValue variable="BUYFAT[year]">
    <value valueType="integer">1</value>
  </variableValue>
  <variableValue variable="BUYSALT[year]">
    <value valueType="integer">1</value>
  </variableValue>
  <variableValue variable="CANCHK[year]">
    <value valueType="integer">2</value>
  </variableValue>
  <variableValue variable="cards[year]">
    <value valueType="decimal">51.028589195479725</value>
  </variableValue>
  <variableValue variable="CATARACT[year]">
    <value valueType="integer">2</value>
  </variableValue>
  <variableValue variable="CHKFAT[year]">
    <value valueType="integer">4</value>
  </variableValue>
  <variableValue variable="CHOLES[year]">
    <value valueType="integer">2</value>
  </variableValue>
  <variableValue variable="chur[year]">
    <value valueType="decimal">57.945200272168464</value>
  </variableValue>
  <variableValue variable="CIGARDAY[year]">
    <value valueType="integer">5</value>
  </variableValue>
  <variableValue variable="CIGARS[year]">
    <value valueType="integer">3</value>
  </variableValue>
  <variableValue variable="CIGDAY[year]">
    <value valueType="integer">3</value>
  </variableValue>
  <variableValue variable="CIGS[year]">
    <value valueType="integer">5</value>
  </variableValue>
  <variableValue variable="CLNAIR[year]">
    <value valueType="integer">5</value>
  </variableValue>
  <variableValue variable="COFFEE[year]">
    <value valueType="integer">3</value>
  </variableValue>
  <variableValue variable="CONSCIEN[year]">
    <value valueType="integer">55</value>
  </variableValue>
  <variableValue variable="cook[year]">
    <value valueType="decimal">72.16099178602437</value>
  </variableValue>
  <variableValue variable="COOKBUT[year]">
    <value valueType="integer">2</value>
  </variableValue>
  <variableValue variable="CORS[year]">
    <value valueType="integer">1</value>
  </variableValue>
  <variableValue variable="crafts[year]">
    <value valueType="decimal">18.25328707015491</value>
  </variableValue>
  <variableValue variable="crdp1[year]">
    <value valueType="integer">13</value>
  </variableValue>
  <variableValue variable="crdp2[year]">
    <value valueType="integer">60</value>
  </variableValue>
  <variableValue variable="cult[year]">
    <value valueType="decimal">35.386263896633544</value>
  </variableValue>
  <variableValue variable="dance[year]">
    <value valueType="decimal">94.45380070313219</value>
  </variableValue>
  <variableValue variable="DENTIST[year]">
    <value valueType="integer">1</value>
  </variableValue>
  <variableValue variable="DENTURE[year]">
    <value valueType="integer">1</value>
  </variableValue>
  <variableValue variable="DIABET[year]">
    <value valueType="integer">2</value>
  </variableValue>
  <variableValue variable="DRMAM[year]">
    <value valueType="integer">3</value>
  </variableValue>
  <variableValue variable="DRVISIT[year]">
    <value valueType="integer">54</value>
  </variableValue>
  <variableValue variable="dydrm[year]">
    <value valueType="decimal">34.34379135886802</value>
  </variableValue>
  <variableValue variable="EARCHK[year]">
    <value valueType="integer">0</value>
  </variableValue>
  <variableValue variable="eatout[year]">
    <value valueType="decimal">87.93414010010443</value>
  </variableValue>
  <variableValue variable="EATSALT[year]">
    <value valueType="integer">1</value>
  </variableValue>
  <variableValue variable="edact[year]">
    <value valueType="decimal">93.95601693463246</value>
  </variableValue>
  <variableValue variable="educ">
    <value valueType="integer">96</value>
  </variableValue>
  <variableValue variable="EDUC[year]">
    <value valueType="integer">49</value>
  </variableValue>
  <variableValue variable="EGG[year]">
    <value valueType="integer">2</value>
  </variableValue>
  <variableValue variable="eldcar[year]">
    <value valueType="decimal">67.05750578039405</value>
  </variableValue>
  <variableValue variable="ELDCAR[year]">
    <value valueType="decimal">91.63807989310659</value>
  </variableValue>
  <variableValue variable="ENT1[year]">
    <value valueType="integer">12</value>
  </variableValue>
  <variableValue variable="ENT2[year]">
    <value valueType="integer">7</value>
  </variableValue>
  <variableValue variable="ENT3[year]">
    <value valueType="integer">3</value>
  </variableValue>
  <variableValue variable="eth[year]">
    <value valueType="integer">70</value>
  </variableValue>
  <variableValue variable="EXCERTOT[year]">
    <value valueType="decimal">71.30617396672604</value>
  </variableValue>
  <variableValue variable="EXCERWK[year]">
    <value valueType="integer">25</value>
  </variableValue>
  <variableValue variable="EXTRAVER[year]">
    <value valueType="integer">8</value>
  </variableValue>
  <variableValue variable="EYECHG[year]">
    <value valueType="integer">4</value>
  </variableValue>
  <variableValue variable="EYECHK[year]">
    <value valueType="integer">0</value>
  </variableValue>
  <variableValue variable="EYEGLAS[year]">
    <value valueType="integer">1</value>
  </variableValue>
  <variableValue variable="FAGE[year]">
    <value valueType="integer">29</value>
  </variableValue>
  <variableValue variable="FAITH[year]">
    <value valueType="integer">5</value>
  </variableValue>
  <variableValue variable="FALLS[year]">
    <value valueType="integer">7</value>
  </variableValue>
  <variableValue variable="FCAUSE[year]">
    <value valueType="integer">2</value>
  </variableValue>
  <variableValue variable="FDIE[year]">
    <value valueType="integer">2</value>
  </variableValue>
  <variableValue variable="FIC[year]">
    <value valueType="integer">51</value>
  </variableValue>
  <variableValue variable="fit[year]">
    <value valueType="decimal">22.5758519118477</value>
  </variableValue>
  <variableValue variable="FLIVE[year]">
    <value valueType="integer">3</value>
  </variableValue>
  <variableValue variable="FLOSS[year]">
    <value valueType="integer">5</value>
  </variableValue>
  <variableValue variable="FLUSHOT[year]">
    <value valueType="integer">1</value>
  </variableValue>
  <variableValue variable="fr[year]">
    <value valueType="integer">69</value>
  </variableValue>
  <variableValue variable="fratt[year]">
    <value valueType="integer">59</value>
  </variableValue>
  <variableValue variable="frcr[year]">
    <value valueType="integer">69</value>
  </variableValue>
  <variableValue variable="fromt[year]">
    <value valueType="integer">47</value>
  </variableValue>
  <variableValue variable="frwg[year]">
    <value valueType="integer">80</value>
  </variableValue>
  <variableValue variable="game[year]">
    <value valueType="decimal">78.65074374096223</value>
  </variableValue>
  <variableValue variable="gds[year]1 –  gds[year]30">
    <value valueType="integer">1</value>
  </variableValue>
  <variableValue variable="gdstot[year]">
    <value valueType="integer">73</value>
  </variableValue>
  <variableValue variable="HANDS[year]">
    <value valueType="decimal">77.0407134155126</value>
  </variableValue>
  <variableValue variable="HARDLIQ[year]">
    <value valueType="integer">64</value>
  </variableValue>
  <variableValue variable="HEALTHCH[year]">
    <value valueType="integer">5</value>
  </variableValue>
  <variableValue variable="HEARAID[year]">
    <value valueType="integer">1</value>
  </variableValue>
  <variableValue variable="HEARCHG[year]">
    <value valueType="integer">7</value>
  </variableValue>
  <variableValue variable="HEARSPEC[year]">
    <value valueType="integer">2</value>
  </variableValue>
  <variableValue variable="HEART[year]">
    <value valueType="integer">2</value>
  </variableValue>
  <variableValue variable="HEIGHT[year]">
    <value valueType="integer">38</value>
  </variableValue>
  <variableValue variable="HHEIGHT[year]">
    <value valueType="integer">38</value>
  </variableValue>
  <variableValue variable="HIGHBLOO[year]">
    <value valueType="integer">2</value>
  </variableValue>
  <variableValue variable="HJOBTP[year]">
    <value valueType="integer">0</value>
  </variableValue>
  <variableValue variable="HMKHD[year]">
    <value valueType="decimal">64.1693707495082</value>
  </variableValue>
  <variableValue variable="HMKJB[year]">
    <value valueType="integer">5</value>
  </variableValue>
  <variableValue variable="HMKPE[year]">
    <value valueType="decimal">27.149340884502926</value>
  </variableValue>
  <variableValue variable="HMKPRS[year]">
    <value valueType="integer">4</value>
  </variableValue>
  <variableValue variable="HMKR[year]">
    <value valueType="integer">64</value>
  </variableValue>
  <variableValue variable="HMKRD[year]">
    <value valueType="decimal">76.82723406843218</value>
  </variableValue>
  <variableValue variable="HOSDAYS[year]">
    <value valueType="integer">94</value>
  </variableValue>
  <variableValue variable="HOSVISIT[year]">
    <value valueType="integer">0</value>
  </variableValue>
  <variableValue variable="HWEIGHT[year]">
    <value valueType="integer">7</value>
  </variableValue>
  <variableValue variable="INC[year]">
    <value valueType="integer">17</value>
  </variableValue>
  <variableValue variable="INC84[year]">
    <value valueType="integer">17</value>
  </variableValue>
  <variableValue variable="instr[year]">
    <value valueType="decimal">61.22288644473882</value>
  </variableValue>
  <variableValue variable="ir[year]a1 - ir[year]a20">
    <value valueType="integer">1</value>
  </variableValue>
  <variableValue variable="ir[year]b1 - ir[year]b20">
    <value valueType="integer">0</value>
  </variableValue>
  <variableValue variable="JOBLEN[year]">
    <value valueType="integer">3</value>
  </variableValue>
  <variableValue variable="JOBTYP[year]">
    <value valueType="integer">4</value>
  </variableValue>
  <variableValue variable="kidcar[year]">
    <value valueType="decimal">9.45837909109899</value>
  </variableValue>
  <variableValue variable="LAMB[year]">
    <value valueType="integer">3</value>
  </variableValue>
  <variableValue variable="lettot[year]">
    <value valueType="integer">5</value>
  </variableValue>
  <variableValue variable="LFST84[year]">
    <value valueType="integer">2</value>
  </variableValue>
  <variableValue variable="LIFSAT[year]">
    <value valueType="integer">2</value>
  </variableValue>
  <variableValue variable="LIVESMOK[year]">
    <value valueType="integer">3</value>
  </variableValue>
  <variableValue variable="ls[year]">
    <value valueType="integer">39</value>
  </variableValue>
  <variableValue variable="LSTJOB[year]">
    <value valueType="integer">8</value>
  </variableValue>
  <variableValue variable="LVNGWILL[year]">
    <value valueType="integer">2</value>
  </variableValue>
  <variableValue variable="MAGE[year]">
    <value valueType="integer">81</value>
  </variableValue>
  <variableValue variable="MAM[year]">
    <value valueType="integer">2</value>
  </variableValue>
  <variableValue variable="MAM2YR[year]">
    <value valueType="integer">2</value>
  </variableValue>
  <variableValue variable="MAMAGE[year]">
    <value valueType="integer">44</value>
  </variableValue>
  <variableValue variable="MAMEXAM[year]">
    <value valueType="integer">11</value>
  </variableValue>
  <variableValue variable="MASTECT[year]">
    <value valueType="integer">2</value>
  </variableValue>
  <variableValue variable="MCAUSE[year]">
    <value valueType="integer">5</value>
  </variableValue>
  <variableValue variable="MDIE[year]">
    <value valueType="integer">82</value>
  </variableValue>
  <variableValue variable="MED[year]">
    <value valueType="integer">1</value>
  </variableValue>
  <variableValue variable="MENAGE[year]">
    <value valueType="integer">66</value>
  </variableValue>
  <variableValue variable="MENHIST[year]">
    <value valueType="integer">18</value>
  </variableValue>
  <variableValue variable="MENSIT[year]">
    <value valueType="integer">7</value>
  </variableValue>
  <variableValue variable="MFQ[year]1">
    <value valueType="decimal">88.47082368891671</value>
  </variableValue>
  <variableValue variable="MFQ[year]2A">
    <value valueType="decimal">6.559233359723294</value>
  </variableValue>
  <variableValue variable="MFQ[year]2B">
    <value valueType="decimal">40.39751533623098</value>
  </variableValue>
  <variableValue variable="MFQ[year]2C">
    <value valueType="decimal">71.73615571563751</value>
  </variableValue>
  <variableValue variable="MFQ[year]2D">
    <value valueType="decimal">68.13968377365242</value>
  </variableValue>
  <variableValue variable="MFQ[year]2E">
    <value valueType="decimal">97.4719985371353</value>
  </variableValue>
  <variableValue variable="MFQ[year]3A">
    <value valueType="decimal">3.6958134418686672</value>
  </variableValue>
  <variableValue variable="MFQ[year]3B">
    <value valueType="decimal">9.318962369538974</value>
  </variableValue>
  <variableValue variable="MFQ[year]3C">
    <value valueType="decimal">85.58215187143318</value>
  </variableValue>
  <variableValue variable="MFQ[year]3D">
    <value valueType="decimal">83.68853721012222</value>
  </variableValue>
  <variableValue variable="MFQ[year]3E">
    <value valueType="decimal">70.50759257424826</value>
  </variableValue>
  <variableValue variable="MFQ[year]3F">
    <value valueType="decimal">11.274799759077148</value>
  </variableValue>
  <variableValue variable="MFQ[year]3G">
    <value valueType="decimal">85.9908512654069</value>
  </variableValue>
  <variableValue variable="MFQ[year]3H">
    <value valueType="decimal">18.441553790753005</value>
  </variableValue>
  <variableValue variable="MFQ[year]3I">
    <value valueType="decimal">78.43237036085652</value>
  </variableValue>
  <variableValue variable="MFQ[year]3J">
    <value valueType="decimal">72.45134244515569</value>
  </variableValue>
  <variableValue variable="MFQ[year]3K">
    <value valueType="decimal">71.70232419768755</value>
  </variableValue>
  <variableValue variable="MFQ[year]3L">
    <value valueType="decimal">58.91940535775403</value>
  </variableValue>
  <variableValue variable="MFQ[year]3M">
    <value valueType="decimal">27.022031346167118</value>
  </variableValue>
  <variableValue variable="MFQ[year]3N">
    <value valueType="decimal">3.065344873934106</value>
  </variableValue>
  <variableValue variable="MFQ[year]3O">
    <value valueType="decimal">95.66262315569263</value>
  </variableValue>
  <variableValue variable="MFQ[year]3P">
    <value valueType="decimal">95.85444808762516</value>
  </variableValue>
  <variableValue variable="MFQ[year]3Q">
    <value valueType="decimal">24.437673089334044</value>
  </variableValue>
  <variableValue variable="MFQ[year]3R">
    <value valueType="decimal">12.92608127568794</value>
  </variableValue>
  <variableValue variable="MFQ[year]4A">
    <value valueType="decimal">10.61391988996203</value>
  </variableValue>
  <variableValue variable="MFQ[year]4B">
    <value valueType="decimal">79.56798224684466</value>
  </variableValue>
  <variableValue variable="MFQ[year]4C">
    <value valueType="decimal">91.0069353138453</value>
  </variableValue>
  <variableValue variable="MFQ[year]4D">
    <value valueType="decimal">35.49460443614324</value>
  </variableValue>
  <variableValue variable="MFQ[year]4E">
    <value valueType="decimal">80.78006875220022</value>
  </variableValue>
  <variableValue variable="MFQ[year]5A">
    <value valueType="decimal">5.719519882390367</value>
  </variableValue>
  <variableValue variable="MFQ[year]5B">
    <value valueType="decimal">74.75081854404243</value>
  </variableValue>
  <variableValue variable="MFQ[year]5C">
    <value valueType="decimal">50.58316114145145</value>
  </variableValue>
  <variableValue variable="MFQ[year]5D">
    <value valueType="decimal">69.56732556963067</value>
  </variableValue>
  <variableValue variable="MFQ[year]5E">
    <value valueType="decimal">81.52755638449119</value>
  </variableValue>
  <variableValue variable="MFQ[year]6A">
    <value valueType="decimal">23.4997085522743</value>
  </variableValue>
  <variableValue variable="MFQ[year]6B">
    <value valueType="decimal">17.331124536786234</value>
  </variableValue>
  <variableValue variable="MFQ[year]6C">
    <value valueType="decimal">14.159805292309446</value>
  </variableValue>
  <variableValue variable="MFQ[year]6D">
    <value valueType="decimal">66.37360189795149</value>
  </variableValue>
  <variableValue variable="MFQ[year]7A">
    <value valueType="decimal">88.39416884897857</value>
  </variableValue>
  <variableValue variable="MFQ[year]7B">
    <value valueType="decimal">47.55081047770597</value>
  </variableValue>
  <variableValue variable="MFQ[year]7C">
    <value valueType="decimal">85.87742280745387</value>
  </variableValue>
  <variableValue variable="MFQ[year]7D">
    <value valueType="decimal">69.47076019401503</value>
  </variableValue>
  <variableValue variable="MFQ[year]7E">
    <value valueType="decimal">4.36679354654691</value>
  </variableValue>
  <variableValue variable="MFQ[year]7F">
    <value valueType="decimal">33.61860622839238</value>
  </variableValue>
  <variableValue variable="MFQ[year]7G">
    <value valueType="decimal">13.77741139103571</value>
  </variableValue>
  <variableValue variable="MFQ[year]7H">
    <value valueType="decimal">91.67261767251586</value>
  </variableValue>
  <variableValue variable="MFQ[year]7I">
    <value valueType="decimal">4.627222421642452</value>
  </variableValue>
  <variableValue variable="MFQ[year]7J">
    <value valueType="decimal">94.79384381293774</value>
  </variableValue>
  <variableValue variable="MFQ[year]7K">
    <value valueType="decimal">18.218790001429053</value>
  </variableValue>
  <variableValue variable="MFQ[year]7L">
    <value valueType="decimal">18.517839710833016</value>
  </variableValue>
  <variableValue variable="MFQ[year]7M">
    <value valueType="decimal">78.22319564087468</value>
  </variableValue>
  <variableValue variable="MFQ[year]7N">
    <value valueType="decimal">21.179919144533088</value>
  </variableValue>
  <variableValue variable="MFQ[year]7O">
    <value valueType="decimal">60.972407656971285</value>
  </variableValue>
  <variableValue variable="MFQ[year]7P">
    <value valueType="decimal">7.250287122433052</value>
  </variableValue>
  <variableValue variable="MFQ[year]7Q">
    <value valueType="decimal">72.42630465430065</value>
  </variableValue>
  <variableValue variable="MFQ[year]7R">
    <value valueType="decimal">75.49913826074605</value>
  </variableValue>
  <variableValue variable="MFQ[year]8A">
    <value valueType="decimal">68.94749157365226</value>
  </variableValue>
  <variableValue variable="MFQ[year]8B">
    <value valueType="decimal">61.82409416722206</value>
  </variableValue>
  <variableValue variable="MFQ[year]8C">
    <value valueType="decimal">74.9918782001136</value>
  </variableValue>
  <variableValue variable="MFQ[year]8D">
    <value valueType="decimal">59.434846865353165</value>
  </variableValue>
  <variableValue variable="MFQ[year]8E">
    <value valueType="decimal">29.718905966147013</value>
  </variableValue>
  <variableValue variable="MFQ[year]8F">
    <value valueType="decimal">56.79760393834782</value>
  </variableValue>
  <variableValue variable="MFQ[year]8G">
    <value valueType="decimal">85.26821777128521</value>
  </variableValue>
  <variableValue variable="MFQ[year]8H">
    <value valueType="decimal">63.50141096609953</value>
  </variableValue>
  <variableValue variable="MFQ1[year]">
    <value valueType="integer">20</value>
  </variableValue>
  <variableValue variable="mfq1[year]">
    <value valueType="decimal">42.75359144120887</value>
  </variableValue>
  <variableValue variable="MFQ2[year]">
    <value valueType="integer">9</value>
  </variableValue>
  <variableValue variable="mfq2[year]">
    <value valueType="decimal">97.68119358305545</value>
  </variableValue>
  <variableValue variable="MFQ3[year]">
    <value valueType="integer">69</value>
  </variableValue>
  <variableValue variable="mfq3[year]">
    <value valueType="decimal">78.77268345341167</value>
  </variableValue>
  <variableValue variable="MFQ4[year]">
    <value valueType="integer">97</value>
  </variableValue>
  <variableValue variable="mfq4[year]">
    <value valueType="decimal">50.31617349890809</value>
  </variableValue>
  <variableValue variable="MLIVE[year]">
    <value valueType="integer">1</value>
  </variableValue>
  <variableValue variable="MOMWK[year]">
    <value valueType="integer">1</value>
  </variableValue>
  <variableValue variable="movie[year]">
    <value valueType="decimal">76.29597193448235</value>
  </variableValue>
  <variableValue variable="MSTA84[year]">
    <value valueType="integer">4</value>
  </variableValue>
  <variableValue variable="MSTAT[year]">
    <value valueType="integer">1</value>
  </variableValue>
  <variableValue variable="NBKS[year]">
    <value valueType="integer">66</value>
  </variableValue>
  <variableValue variable="NCONF[year]">
    <value valueType="integer">71</value>
  </variableValue>
  <variableValue variable="NEEDCATA[year]">
    <value valueType="integer">3</value>
  </variableValue>
  <variableValue variable="NEMP[year]">
    <value valueType="integer">62</value>
  </variableValue>
  <variableValue variable="NEUROTIC[year]">
    <value valueType="integer">61</value>
  </variableValue>
  <variableValue variable="NEWPRNT[year]">
    <value valueType="integer">1</value>
  </variableValue>
  <variableValue variable="nfr[year]">
    <value valueType="integer">73</value>
  </variableValue>
  <variableValue variable="NFRN[year]">
    <value valueType="integer">20</value>
  </variableValue>
  <variableValue variable="NGRNKD[year]">
    <value valueType="integer">2</value>
  </variableValue>
  <variableValue variable="NJOB[year]">
    <value valueType="integer">58</value>
  </variableValue>
  <variableValue variable="NKDHM[year]">
    <value valueType="integer">74</value>
  </variableValue>
  <variableValue variable="NKIDS[year]">
    <value valueType="integer">71</value>
  </variableValue>
  <variableValue variable="NMAG[year]">
    <value valueType="integer">61</value>
  </variableValue>
  <variableValue variable="NMOV[year]">
    <value valueType="integer">24</value>
  </variableValue>
  <variableValue variable="NMTG[year]">
    <value valueType="integer">85</value>
  </variableValue>
  <variableValue variable="NNEIG[year]">
    <value valueType="integer">1</value>
  </variableValue>
  <variableValue variable="NOBR[year]">
    <value valueType="integer">37</value>
  </variableValue>
  <variableValue variable="NOISE[year]">
    <value valueType="integer">3</value>
  </variableValue>
  <variableValue variable="NONFIC[year]">
    <value valueType="integer">32</value>
  </variableValue>
  <variableValue variable="nor[year]">
    <value valueType="integer">91</value>
  </variableValue>
  <variableValue variable="norcr[year]">
    <value valueType="integer">13</value>
  </variableValue>
  <variableValue variable="NOSIS[year]">
    <value valueType="integer">4</value>
  </variableValue>
  <variableValue variable="NOWRK[year]">
    <value valueType="integer">2</value>
  </variableValue>
  <variableValue variable="NRMS[year]">
    <value valueType="integer">91</value>
  </variableValue>
  <variableValue variable="nsp08">
    <value valueType="integer">15</value>
  </variableValue>
  <variableValue variable="NSTATE[year]">
    <value valueType="integer">59</value>
  </variableValue>
  <variableValue variable="NTRAD[year]">
    <value valueType="integer">64</value>
  </variableValue>
  <variableValue variable="NTRIPS[year]">
    <value valueType="integer">0</value>
  </variableValue>
  <variableValue variable="numtot[year]">
    <value valueType="integer">98</value>
  </variableValue>
  <variableValue variable="NVISIT[year]">
    <value valueType="integer">4</value>
  </variableValue>
  <variableValue variable="NWED[year]">
    <value valueType="integer">45</value>
  </variableValue>
  <variableValue variable="NYBR[year]">
    <value valueType="integer">67</value>
  </variableValue>
  <variableValue variable="NYSIS[year]">
    <value valueType="integer">85</value>
  </variableValue>
  <variableValue variable="OBGYN[year]">
    <value valueType="integer">5</value>
  </variableValue>
  <variableValue variable="OCC[year]">
    <value valueType="integer">8</value>
  </variableValue>
  <variableValue variable="OCC84[year]">
    <value valueType="integer">4</value>
  </variableValue>
  <variableValue variable="OPEN[year]">
    <value valueType="integer">25</value>
  </variableValue>
  <variableValue variable="or[year]">
    <value valueType="integer">47</value>
  </variableValue>
  <variableValue variable="oratt[year]">
    <value valueType="integer">54</value>
  </variableValue>
  <variableValue variable="ORGAN[year]">
    <value valueType="integer">3</value>
  </variableValue>
  <variableValue variable="oromt[year]">
    <value valueType="integer">66</value>
  </variableValue>
  <variableValue variable="orwg[year]">
    <value valueType="integer">21</value>
  </variableValue>
  <variableValue variable="OTJ[year]">
    <value valueType="integer">0</value>
  </variableValue>
  <variableValue variable="outhob[year]">
    <value valueType="decimal">37.73635197079015</value>
  </variableValue>
  <variableValue variable="OWNHM[year]">
    <value valueType="integer">1</value>
  </variableValue>
  <variableValue variable="PAINREL[year]">
    <value valueType="integer">2</value>
  </variableValue>
  <variableValue variable="PAP[year]">
    <value valueType="integer">5</value>
  </variableValue>
  <variableValue variable="party[year]">
    <value valueType="decimal">32.3398444599863</value>
  </variableValue>
  <variableValue variable="pase1">
    <value valueType="integer">3</value>
  </variableValue>
  <variableValue variable="pase10">
    <value valueType="integer">1</value>
  </variableValue>
  <variableValue variable="pase10a">
    <value valueType="decimal">53.45818921106796</value>
  </variableValue>
  <variableValue variable="pase10b">
    <value valueType="integer">4</value>
  </variableValue>
  <variableValue variable="pase1b">
    <value valueType="integer">3</value>
  </variableValue>
  <variableValue variable="pase2">
    <value valueType="integer">2</value>
  </variableValue>
  <variableValue variable="pase2a">
    <value valueType="integer">3</value>
  </variableValue>
  <variableValue variable="pase3">
    <value valueType="integer">0</value>
  </variableValue>
  <variableValue variable="pase3b">
    <value valueType="integer">4</value>
  </variableValue>
  <variableValue variable="pase4">
    <value valueType="integer">3</value>
  </variableValue>
  <variableValue variable="pase4b">
    <value valueType="integer">3</value>
  </variableValue>
  <variableValue variable="pase5">
    <value valueType="integer">1</value>
  </variableValue>
  <variableValue variable="pase5b">
    <value valueType="integer">1</value>
  </variableValue>
  <variableValue variable="pase6">
    <value valueType="integer">2</value>
  </variableValue>
  <variableValue variable="pase6b">
    <value valueType="integer">4</value>
  </variableValue>
  <variableValue variable="pase7">
    <value valueType="integer">1</value>
  </variableValue>
  <variableValue variable="pase8">
    <value valueType="integer">0</value>
  </variableValue>
  <variableValue variable="pase9a - pase9d">
    <value valueType="integer">1</value>
  </variableValue>
  <variableValue variable="pattot[year]">
    <value valueType="integer">37</value>
  </variableValue>
  <variableValue variable="PDEMP[year]">
    <value valueType="integer">0</value>
  </variableValue>
  <variableValue variable="PEOP[year]">
    <value valueType="decimal">52.99012482462621</value>
  </variableValue>
  <variableValue variable="pets[year]">
    <value valueType="decimal">45.02461396099216</value>
  </variableValue>
  <variableValue variable="phone[year]">
    <value valueType="decimal">97.37046470159349</value>
  </variableValue>
  <variableValue variable="picnic[year]">
    <value valueType="decimal">68.43385907871365</value>
  </variableValue>
  <variableValue variable="PIPEDAY[year]">
    <value valueType="integer">1</value>
  </variableValue>
  <variableValue variable="PIPES[year]">
    <value valueType="integer">3</value>
  </variableValue>
  <variableValue variable="pirr1[year]">
    <value valueType="integer">12</value>
  </variableValue>
  <variableValue variable="pirr2[year]">
    <value valueType="integer">72</value>
  </variableValue>
  <variableValue variable="PORK[year]">
    <value valueType="integer">3</value>
  </variableValue>
  <variableValue variable="ppr1[year]">
    <value valueType="integer">35</value>
  </variableValue>
  <variableValue variable="ppr2[year]">
    <value valueType="integer">83</value>
  </variableValue>
  <variableValue variable="ppr3[year]">
    <value valueType="integer">23</value>
  </variableValue>
  <variableValue variable="pray[year]">
    <value valueType="decimal">38.71267168460174</value>
  </variableValue>
  <variableValue variable="PRESR[year]">
    <value valueType="integer">3</value>
  </variableValue>
  <variableValue variable="PRO2YR[year]">
    <value valueType="integer">2</value>
  </variableValue>
  <variableValue variable="PROAGE[year]">
    <value valueType="integer">9</value>
  </variableValue>
  <variableValue variable="PROENLAR[year]">
    <value valueType="integer">1</value>
  </variableValue>
  <variableValue variable="PROEXAM[year]">
    <value valueType="integer">3</value>
  </variableValue>
  <variableValue variable="PROS[year]">
    <value valueType="integer">1</value>
  </variableValue>
  <variableValue variable="PROSUC[year]">
    <value valueType="integer">5</value>
  </variableValue>
  <variableValue variable="PRSC84[year]">
    <value valueType="integer">1</value>
  </variableValue>
  <variableValue variable="radio[year]">
    <value valueType="decimal">88.5369962255068</value>
  </variableValue>
  <variableValue variable="RDPAPR[year]">
    <value valueType="integer">0</value>
  </variableValue>
  <variableValue variable="RDWRIT[year]">
    <value valueType="decimal">70.41362150094736</value>
  </variableValue>
  <variableValue variable="read[year]">
    <value valueType="decimal">72.37472415145217</value>
  </variableValue>
  <variableValue variable="REGULAR[year]">
    <value valueType="integer">1</value>
  </variableValue>
  <variableValue variable="REMAR[year]">
    <value valueType="integer">17</value>
  </variableValue>
  <variableValue variable="rv[year]">
    <value valueType="integer">15</value>
  </variableValue>
  <variableValue variable="SAFE[year]">
    <value valueType="integer">1</value>
  </variableValue>
  <variableValue variable="SBHWY[year]">
    <value valueType="integer">5</value>
  </variableValue>
  <variableValue variable="SBTOWN[year]">
    <value valueType="integer">4</value>
  </variableValue>
  <variableValue variable="SELFBLOO[year]">
    <value valueType="integer">4</value>
  </variableValue>
  <variableValue variable="selfim[year]">
    <value valueType="decimal">84.66862941894124</value>
  </variableValue>
  <variableValue variable="SELFMAM[year]">
    <value valueType="integer">4</value>
  </variableValue>
  <variableValue variable="sex">
    <value valueType="integer">1</value>
  </variableValue>
  <variableValue variable="shop[year]">
    <value valueType="decimal">81.52257395222658</value>
  </variableValue>
  <variableValue variable="SIBS[year]">
    <value valueType="integer">31</value>
  </variableValue>
  <variableValue variable="SLEEP[year]">
    <value valueType="integer">4</value>
  </variableValue>
  <variableValue variable="smdvh[year]">
    <value valueType="integer">53</value>
  </variableValue>
  <variableValue variable="smdvl[year]">
    <value valueType="integer">53</value>
  </variableValue>
  <variableValue variable="SMK[year]">
    <value valueType="integer">0</value>
  </variableValue>
  <variableValue variable="SMOKE[year]">
    <value valueType="integer">3</value>
  </variableValue>
  <variableValue variable="SMOKEPAS[year]">
    <value valueType="decimal">67.67673941153424</value>
  </variableValue>
  <variableValue variable="SODA[year]">
    <value valueType="integer">5</value>
  </variableValue>
  <variableValue variable="SODIUM[year]">
    <value valueType="integer">3</value>
  </variableValue>
  <variableValue variable="SPBRN[year]">
    <value valueType="integer">22</value>
  </variableValue>
  <variableValue variable="spec[year]">
    <value valueType="decimal">44.70781930831765</value>
  </variableValue>
  <variableValue variable="SPEED[year]">
    <value valueType="integer">3</value>
  </variableValue>
  <variableValue variable="SPOCC[year]">
    <value valueType="integer">0</value>
  </variableValue>
  <variableValue variable="sport[year]">
    <value valueType="decimal">83.24417416439299</value>
  </variableValue>
  <variableValue variable="SPRVIS[year]">
    <value valueType="integer">4</value>
  </variableValue>
  <variableValue variable="SREYE[year]">
    <value valueType="integer">4</value>
  </variableValue>
  <variableValue variable="srh[year]">
    <value valueType="integer">4</value>
  </variableValue>
  <variableValue variable="SRHEALTH">
    <value valueType="integer">2</value>
  </variableValue>
  <variableValue variable="SRHEAR[year]">
    <value valueType="integer">1</value>
  </variableValue>
  <variableValue variable="sstot[year]">
    <value valueType="integer">81</value>
  </variableValue>
  <variableValue variable="STAIRS[year]">
    <value valueType="integer">1</value>
  </variableValue>
  <variableValue variable="TEA[year]">
    <value valueType="integer">6</value>
  </variableValue>
  <variableValue variable="TRAF[year]">
    <value valueType="integer">1</value>
  </variableValue>
  <variableValue variable="travel[year]">
    <value valueType="decimal">10.90010203276095</value>
  </variableValue>
  <variableValue variable="TREES[year]">
    <value valueType="integer">2</value>
  </variableValue>
  <variableValue variable="TRYSTOP[year]">
    <value valueType="integer">2</value>
  </variableValue>
  <variableValue variable="tv[year]">
    <value valueType="decimal">70.84700115377258</value>
  </variableValue>
  <variableValue variable="TYPBLD[year]">
    <value valueType="integer">6</value>
  </variableValue>
  <variableValue variable="UNIVEX[year]">
    <value valueType="integer">1</value>
  </variableValue>
  <variableValue variable="VEAL[year]">
    <value valueType="integer">5</value>
  </variableValue>
  <variableValue variable="vis[year]">
    <value valueType="decimal">4.766471802128757</value>
  </variableValue>
  <variableValue variable="vocab1[year]">
    <value valueType="integer">54</value>
  </variableValue>
  <variableValue variable="vocab2[year]">
    <value valueType="integer">11</value>
  </variableValue>
  <variableValue variable="VOCAT[year]">
    <value valueType="integer">1</value>
  </variableValue>
  <variableValue variable="vol[year]">
    <value valueType="decimal">48.26221872102805</value>
  </variableValue>
  <variableValue variable="walk[year]">
    <value valueType="decimal">73.32070459813743</value>
  </variableValue>
  <variableValue variable="WALK[year]">
    <value valueType="integer">4</value>
  </variableValue>
  <variableValue variable="wdflu[year]">
    <value valueType="integer">86</value>
  </variableValue>
  <variableValue variable="WEIGHT[year]">
    <value valueType="integer">0</value>
  </variableValue>
  <variableValue variable="WELL[year]">
    <value valueType="integer">3</value>
  </variableValue>
  <variableValue variable="WINE[year]">
    <value valueType="integer">78</value>
  </variableValue>
  <variableValue variable="write[year]">
    <value valueType="decimal">93.47569093429907</value>
  </variableValue>
  <variableValue variable="WRKPLC[year]">
    <value valueType="integer">1</value>
  </variableValue>
  <variableValue variable="WRKTYP[year]">
    <value valueType="integer">2</value>
  </variableValue>
  <variableValue variable="ws[year]">
    <value valueType="integer">67</value>
  </variableValue>
  <variableValue variable="YEAROP[year]">
    <value valueType="integer">53</value>
  </variableValue>
  <variableValue variable="YRQUIT[year]">
    <value valueType="integer">3</value>
  </variableValue>
  <variableValue variable="YRRET[year]">
    <value valueType="integer">77</value>
  </variableValue>
  <variableValue variable="YRSMOKE[year]">
    <value valueType="decimal">16.526197053044434</value>
  </variableValue>
</valueSet>