<valueSet valueTable="2008" entityType="Participant" entityIdentifier="74190431">
  <variableValue variable="ADLTED[year]">
    <value valueType="integer">0</value>
  </variableValue>
  <variableValue variable="ADVDIR[year]">
    <value valueType="integer">2</value>
  </variableValue>
  <variableValue variable="age[year]">
    <value valueType="integer">76</value>
  </variableValue>
  <variableValue variable="AGEKID[year]">
    <value valueType="integer">81</value>
  </variableValue>
  <variableValue variable="AGENB[year]">
    <value valueType="integer">3</value>
  </variableValue>
  <variableValue variable="AGEWED[year]">
    <value valueType="integer">58</value>
  </variableValue>
  <variableValue variable="AGFRN[year]">
    <value valueType="integer">4</value>
  </variableValue>
  <variableValue variable="AGREE[year]">
    <value valueType="integer">5</value>
  </variableValue>
  <variableValue variable="ALCOHOL[year]">
    <value valueType="integer">7</value>
  </variableValue>
  <variableValue variable="Apdemp[year]">
    <value valueType="decimal">66.62503543339011</value>
  </variableValue>
  <variableValue variable="ART[year]">
    <value valueType="integer">3</value>
  </variableValue>
  <variableValue variable="BDATE_DY">
    <value valueType="integer">72</value>
  </variableValue>
  <variableValue variable="BDATE_MO">
    <value valueType="integer">1</value>
  </variableValue>
  <variableValue variable="BDATE_YR">
    <value valueType="integer">71</value>
  </variableValue>
  <variableValue variable="BEEF[year]">
    <value valueType="integer">2</value>
  </variableValue>
  <variableValue variable="BEER[year]">
    <value valueType="integer">84</value>
  </variableValue>
  <variableValue variable="BLDLK[year]">
    <value valueType="integer">3</value>
  </variableValue>
  <variableValue variable="BLOODPRE[year]">
    <value valueType="integer">4</value>
  </variableValue>
  <variableValue variable="BOOK[year]">
    <value valueType="integer">1</value>
  </variableValue>
  <variableValue variable="BRUSH[year]">
    <value valueType="integer">17</value>
  </variableValue>
  <variableValue variable="BUTTER[year]">
    <value valueType="integer">3</value>
  </variableValue>
  <variableValue variable="BUYFAT[year]">
    <value valueType="integer">4</value>
  </variableValue>
  <variableValue variable="BUYSALT[year]">
    <value valueType="integer">2</value>
  </variableValue>
  <variableValue variable="CANCHK[year]">
    <value valueType="integer">2</value>
  </variableValue>
  <variableValue variable="cards[year]">
    <value valueType="decimal">96.45512175328435</value>
  </variableValue>
  <variableValue variable="CATARACT[year]">
    <value valueType="integer">2</value>
  </variableValue>
  <variableValue variable="CHKFAT[year]">
    <value valueType="integer">5</value>
  </variableValue>
  <variableValue variable="CHOLES[year]">
    <value valueType="integer">6</value>
  </variableValue>
  <variableValue variable="chur[year]">
    <value valueType="decimal">96.42297377163379</value>
  </variableValue>
  <variableValue variable="CIGARDAY[year]">
    <value valueType="integer">4</value>
  </variableValue>
  <variableValue variable="CIGARS[year]">
    <value valueType="integer">2</value>
  </variableValue>
  <variableValue variable="CIGDAY[year]">
    <value valueType="integer">6</value>
  </variableValue>
  <variableValue variable="CIGS[year]">
    <value valueType="integer">2</value>
  </variableValue>
  <variableValue variable="CLNAIR[year]">
    <value valueType="integer">5</value>
  </variableValue>
  <variableValue variable="COFFEE[year]">
    <value valueType="integer">2</value>
  </variableValue>
  <variableValue variable="CONSCIEN[year]">
    <value valueType="integer">33</value>
  </variableValue>
  <variableValue variable="cook[year]">
    <value valueType="decimal">82.62599473160375</value>
  </variableValue>
  <variableValue variable="COOKBUT[year]">
    <value valueType="integer">5</value>
  </variableValue>
  <variableValue variable="CORS[year]">
    <value valueType="integer">0</value>
  </variableValue>
  <variableValue variable="crafts[year]">
    <value valueType="decimal">85.86622653645783</value>
  </variableValue>
  <variableValue variable="crdp1[year]">
    <value valueType="integer">56</value>
  </variableValue>
  <variableValue variable="crdp2[year]">
    <value valueType="integer">19</value>
  </variableValue>
  <variableValue variable="cult[year]">
    <value valueType="decimal">84.55913091207573</value>
  </variableValue>
  <variableValue variable="dance[year]">
    <value valueType="decimal">21.21367812866829</value>
  </variableValue>
  <variableValue variable="DENTIST[year]">
    <value valueType="integer">2</value>
  </variableValue>
  <variableValue variable="DENTURE[year]">
    <value valueType="integer">1</value>
  </variableValue>
  <variableValue variable="DIABET[year]">
    <value valueType="integer">2</value>
  </variableValue>
  <variableValue variable="DRMAM[year]">
    <value valueType="integer">2</value>
  </variableValue>
  <variableValue variable="DRVISIT[year]">
    <value valueType="integer">15</value>
  </variableValue>
  <variableValue variable="dydrm[year]">
    <value valueType="decimal">49.4611647785632</value>
  </variableValue>
  <variableValue variable="EARCHK[year]">
    <value valueType="integer">0</value>
  </variableValue>
  <variableValue variable="eatout[year]">
    <value valueType="decimal">59.828095385650506</value>
  </variableValue>
  <variableValue variable="EATSALT[year]">
    <value valueType="integer">3</value>
  </variableValue>
  <variableValue variable="edact[year]">
    <value valueType="decimal">0.6040791766207754</value>
  </variableValue>
  <variableValue variable="educ">
    <value valueType="integer">67</value>
  </variableValue>
  <variableValue variable="EDUC[year]">
    <value valueType="integer">70</value>
  </variableValue>
  <variableValue variable="EGG[year]">
    <value valueType="integer">1</value>
  </variableValue>
  <variableValue variable="eldcar[year]">
    <value valueType="decimal">77.16681951150431</value>
  </variableValue>
  <variableValue variable="ELDCAR[year]">
    <value valueType="decimal">63.973016493004366</value>
  </variableValue>
  <variableValue variable="ENT1[year]">
    <value valueType="integer">4</value>
  </variableValue>
  <variableValue variable="ENT2[year]">
    <value valueType="integer">1</value>
  </variableValue>
  <variableValue variable="ENT3[year]">
    <value valueType="integer">1</value>
  </variableValue>
  <variableValue variable="eth[year]">
    <value valueType="integer">100</value>
  </variableValue>
  <variableValue variable="EXCERTOT[year]">
    <value valueType="decimal">29.372181053162027</value>
  </variableValue>
  <variableValue variable="EXCERWK[year]">
    <value valueType="integer">14</value>
  </variableValue>
  <variableValue variable="EXTRAVER[year]">
    <value valueType="integer">72</value>
  </variableValue>
  <variableValue variable="EYECHG[year]">
    <value valueType="integer">5</value>
  </variableValue>
  <variableValue variable="EYECHK[year]">
    <value valueType="integer">1</value>
  </variableValue>
  <variableValue variable="EYEGLAS[year]">
    <value valueType="integer">2</value>
  </variableValue>
  <variableValue variable="FAGE[year]">
    <value valueType="integer">74</value>
  </variableValue>
  <variableValue variable="FAITH[year]">
    <value valueType="integer">4</value>
  </variableValue>
  <variableValue variable="FALLS[year]">
    <value valueType="integer">5</value>
  </variableValue>
  <variableValue variable="FCAUSE[year]">
    <value valueType="integer">11</value>
  </variableValue>
  <variableValue variable="FDIE[year]">
    <value valueType="integer">48</value>
  </variableValue>
  <variableValue variable="FIC[year]">
    <value valueType="integer">22</value>
  </variableValue>
  <variableValue variable="fit[year]">
    <value valueType="decimal">38.924836037295904</value>
  </variableValue>
  <variableValue variable="FLIVE[year]">
    <value valueType="integer">2</value>
  </variableValue>
  <variableValue variable="FLOSS[year]">
    <value valueType="integer">1</value>
  </variableValue>
  <variableValue variable="FLUSHOT[year]">
    <value valueType="integer">1</value>
  </variableValue>
  <variableValue variable="fr[year]">
    <value valueType="integer">41</value>
  </variableValue>
  <variableValue variable="fratt[year]">
    <value valueType="integer">9</value>
  </variableValue>
  <variableValue variable="frcr[year]">
    <value valueType="integer">84</value>
  </variableValue>
  <variableValue variable="fromt[year]">
    <value valueType="integer">4</value>
  </variableValue>
  <variableValue variable="frwg[year]">
    <value valueType="integer">74</value>
  </variableValue>
  <variableValue variable="game[year]">
    <value valueType="decimal">17.435767104420698</value>
  </variableValue>
  <variableValue variable="gds[year]1 –  gds[year]30">
    <value valueType="integer">1</value>
  </variableValue>
  <variableValue variable="gdstot[year]">
    <value valueType="integer">98</value>
  </variableValue>
  <variableValue variable="HANDS[year]">
    <value valueType="decimal">49.51207522982739</value>
  </variableValue>
  <variableValue variable="HARDLIQ[year]">
    <value valueType="integer">74</value>
  </variableValue>
  <variableValue variable="HEALTHCH[year]">
    <value valueType="integer">7</value>
  </variableValue>
  <variableValue variable="HEARAID[year]">
    <value valueType="integer">0</value>
  </variableValue>
  <variableValue variable="HEARCHG[year]">
    <value valueType="integer">6</value>
  </variableValue>
  <variableValue variable="HEARSPEC[year]">
    <value valueType="integer">4</value>
  </variableValue>
  <variableValue variable="HEART[year]">
    <value valueType="integer">3</value>
  </variableValue>
  <variableValue variable="HEIGHT[year]">
    <value valueType="integer">11</value>
  </variableValue>
  <variableValue variable="HHEIGHT[year]">
    <value valueType="integer">82</value>
  </variableValue>
  <variableValue variable="HIGHBLOO[year]">
    <value valueType="integer">1</value>
  </variableValue>
  <variableValue variable="HJOBTP[year]">
    <value valueType="integer">2</value>
  </variableValue>
  <variableValue variable="HMKHD[year]">
    <value valueType="decimal">84.19664477464599</value>
  </variableValue>
  <variableValue variable="HMKJB[year]">
    <value valueType="integer">7</value>
  </variableValue>
  <variableValue variable="HMKPE[year]">
    <value valueType="decimal">91.97053247141275</value>
  </variableValue>
  <variableValue variable="HMKPRS[year]">
    <value valueType="integer">2</value>
  </variableValue>
  <variableValue variable="HMKR[year]">
    <value valueType="integer">53</value>
  </variableValue>
  <variableValue variable="HMKRD[year]">
    <value valueType="decimal">74.84929158333178</value>
  </variableValue>
  <variableValue variable="HOSDAYS[year]">
    <value valueType="integer">74</value>
  </variableValue>
  <variableValue variable="HOSVISIT[year]">
    <value valueType="integer">1</value>
  </variableValue>
  <variableValue variable="HWEIGHT[year]">
    <value valueType="integer">45</value>
  </variableValue>
  <variableValue variable="INC[year]">
    <value valueType="integer">10</value>
  </variableValue>
  <variableValue variable="INC84[year]">
    <value valueType="integer">13</value>
  </variableValue>
  <variableValue variable="instr[year]">
    <value valueType="decimal">3.6700337616734524</value>
  </variableValue>
  <variableValue variable="ir[year]a1 - ir[year]a20">
    <value valueType="integer">0</value>
  </variableValue>
  <variableValue variable="ir[year]b1 - ir[year]b20">
    <value valueType="integer">1</value>
  </variableValue>
  <variableValue variable="JOBLEN[year]">
    <value valueType="integer">3</value>
  </variableValue>
  <variableValue variable="JOBTYP[year]">
    <value valueType="integer">3</value>
  </variableValue>
  <variableValue variable="kidcar[year]">
    <value valueType="decimal">78.47271854773471</value>
  </variableValue>
  <variableValue variable="LAMB[year]">
    <value valueType="integer">4</value>
  </variableValue>
  <variableValue variable="lettot[year]">
    <value valueType="integer">10</value>
  </variableValue>
  <variableValue variable="LFST84[year]">
    <value valueType="integer">1</value>
  </variableValue>
  <variableValue variable="LIFSAT[year]">
    <value valueType="integer">5</value>
  </variableValue>
  <variableValue variable="LIVESMOK[year]">
    <value valueType="integer">2</value>
  </variableValue>
  <variableValue variable="ls[year]">
    <value valueType="integer">8</value>
  </variableValue>
  <variableValue variable="LSTJOB[year]">
    <value valueType="integer">2</value>
  </variableValue>
  <variableValue variable="LVNGWILL[year]">
    <value valueType="integer">1</value>
  </variableValue>
  <variableValue variable="MAGE[year]">
    <value valueType="integer">70</value>
  </variableValue>
  <variableValue variable="MAM[year]">
    <value valueType="integer">2</value>
  </variableValue>
  <variableValue variable="MAM2YR[year]">
    <value valueType="integer">2</value>
  </variableValue>
  <variableValue variable="MAMAGE[year]">
    <value valueType="integer">8</value>
  </variableValue>
  <variableValue variable="MAMEXAM[year]">
    <value valueType="integer">8</value>
  </variableValue>
  <variableValue variable="MASTECT[year]">
    <value valueType="integer">2</value>
  </variableValue>
  <variableValue variable="MCAUSE[year]">
    <value valueType="integer">9</value>
  </variableValue>
  <variableValue variable="MDIE[year]">
    <value valueType="integer">10</value>
  </variableValue>
  <variableValue variable="MED[year]">
    <value valueType="integer">3</value>
  </variableValue>
  <variableValue variable="MENAGE[year]">
    <value valueType="integer">69</value>
  </variableValue>
  <variableValue variable="MENHIST[year]">
    <value valueType="integer">78</value>
  </variableValue>
  <variableValue variable="MENSIT[year]">
    <value valueType="integer">4</value>
  </variableValue>
  <variableValue variable="MFQ[year]1">
    <value valueType="decimal">10.000937334265947</value>
  </variableValue>
  <variableValue variable="MFQ[year]2A">
    <value valueType="decimal">84.29816405469981</value>
  </variableValue>
  <variableValue variable="MFQ[year]2B">
    <value valueType="decimal">96.04631137410419</value>
  </variableValue>
  <variableValue variable="MFQ[year]2C">
    <value valueType="decimal">68.26382454920076</value>
  </variableValue>
  <variableValue variable="MFQ[year]2D">
    <value valueType="decimal">7.1830605392425255</value>
  </variableValue>
  <variableValue variable="MFQ[year]2E">
    <value valueType="decimal">40.57874668260724</value>
  </variableValue>
  <variableValue variable="MFQ[year]3A">
    <value valueType="decimal">28.978949873464053</value>
  </variableValue>
  <variableValue variable="MFQ[year]3B">
    <value valueType="decimal">2.804117581167187</value>
  </variableValue>
  <variableValue variable="MFQ[year]3C">
    <value valueType="decimal">52.47950309541848</value>
  </variableValue>
  <variableValue variable="MFQ[year]3D">
    <value valueType="decimal">4.701247242230943</value>
  </variableValue>
  <variableValue variable="MFQ[year]3E">
    <value valueType="decimal">39.51237822791671</value>
  </variableValue>
  <variableValue variable="MFQ[year]3F">
    <value valueType="decimal">83.36076232903267</value>
  </variableValue>
  <variableValue variable="MFQ[year]3G">
    <value valueType="decimal">9.627339223155252</value>
  </variableValue>
  <variableValue variable="MFQ[year]3H">
    <value valueType="decimal">57.983995331014334</value>
  </variableValue>
  <variableValue variable="MFQ[year]3I">
    <value valueType="decimal">11.983644040847608</value>
  </variableValue>
  <variableValue variable="MFQ[year]3J">
    <value valueType="decimal">56.49484674326658</value>
  </variableValue>
  <variableValue variable="MFQ[year]3K">
    <value valueType="decimal">47.323657268712395</value>
  </variableValue>
  <variableValue variable="MFQ[year]3L">
    <value valueType="decimal">18.738360214587747</value>
  </variableValue>
  <variableValue variable="MFQ[year]3M">
    <value valueType="decimal">65.42719319418467</value>
  </variableValue>
  <variableValue variable="MFQ[year]3N">
    <value valueType="decimal">2.765506646210325</value>
  </variableValue>
  <variableValue variable="MFQ[year]3O">
    <value valueType="decimal">9.176750877097273</value>
  </variableValue>
  <variableValue variable="MFQ[year]3P">
    <value valueType="decimal">5.944219912986792</value>
  </variableValue>
  <variableValue variable="MFQ[year]3Q">
    <value valueType="decimal">42.442248216866</value>
  </variableValue>
  <variableValue variable="MFQ[year]3R">
    <value valueType="decimal">12.019100098911629</value>
  </variableValue>
  <variableValue variable="MFQ[year]4A">
    <value valueType="decimal">53.091384051039014</value>
  </variableValue>
  <variableValue variable="MFQ[year]4B">
    <value valueType="decimal">44.723542142743575</value>
  </variableValue>
  <variableValue variable="MFQ[year]4C">
    <value valueType="decimal">90.03603860880806</value>
  </variableValue>
  <variableValue variable="MFQ[year]4D">
    <value valueType="decimal">74.39767544982632</value>
  </variableValue>
  <variableValue variable="MFQ[year]4E">
    <value valueType="decimal">82.63755916742814</value>
  </variableValue>
  <variableValue variable="MFQ[year]5A">
    <value valueType="decimal">7.865618972948107</value>
  </variableValue>
  <variableValue variable="MFQ[year]5B">
    <value valueType="decimal">18.12715167714386</value>
  </variableValue>
  <variableValue variable="MFQ[year]5C">
    <value valueType="decimal">35.470729286601276</value>
  </variableValue>
  <variableValue variable="MFQ[year]5D">
    <value valueType="decimal">66.87801627182711</value>
  </variableValue>
  <variableValue variable="MFQ[year]5E">
    <value valueType="decimal">99.86452354344583</value>
  </variableValue>
  <variableValue variable="MFQ[year]6A">
    <value valueType="decimal">53.131419722204285</value>
  </variableValue>
  <variableValue variable="MFQ[year]6B">
    <value valueType="decimal">46.4136423562593</value>
  </variableValue>
  <variableValue variable="MFQ[year]6C">
    <value valueType="decimal">59.6804663080423</value>
  </variableValue>
  <variableValue variable="MFQ[year]6D">
    <value valueType="decimal">67.76141129712006</value>
  </variableValue>
  <variableValue variable="MFQ[year]7A">
    <value valueType="decimal">26.416171606124173</value>
  </variableValue>
  <variableValue variable="MFQ[year]7B">
    <value valueType="decimal">38.300834180101596</value>
  </variableValue>
  <variableValue variable="MFQ[year]7C">
    <value valueType="decimal">84.71632973476336</value>
  </variableValue>
  <variableValue variable="MFQ[year]7D">
    <value valueType="decimal">66.54126707769305</value>
  </variableValue>
  <variableValue variable="MFQ[year]7E">
    <value valueType="decimal">50.39684273724178</value>
  </variableValue>
  <variableValue variable="MFQ[year]7F">
    <value valueType="decimal">63.35113906233998</value>
  </variableValue>
  <variableValue variable="MFQ[year]7G">
    <value valueType="decimal">48.14855546805791</value>
  </variableValue>
  <variableValue variable="MFQ[year]7H">
    <value valueType="decimal">15.91578195360076</value>
  </variableValue>
  <variableValue variable="MFQ[year]7I">
    <value valueType="decimal">38.66331179404051</value>
  </variableValue>
  <variableValue variable="MFQ[year]7J">
    <value valueType="decimal">75.35747847932761</value>
  </variableValue>
  <variableValue variable="MFQ[year]7K">
    <value valueType="decimal">77.43685727113478</value>
  </variableValue>
  <variableValue variable="MFQ[year]7L">
    <value valueType="decimal">60.031062854249065</value>
  </variableValue>
  <variableValue variable="MFQ[year]7M">
    <value valueType="decimal">20.761561935735628</value>
  </variableValue>
  <variableValue variable="MFQ[year]7N">
    <value valueType="decimal">66.55238925382804</value>
  </variableValue>
  <variableValue variable="MFQ[year]7O">
    <value valueType="decimal">61.73950009706443</value>
  </variableValue>
  <variableValue variable="MFQ[year]7P">
    <value valueType="decimal">81.97088918163873</value>
  </variableValue>
  <variableValue variable="MFQ[year]7Q">
    <value valueType="decimal">87.11954847829632</value>
  </variableValue>
  <variableValue variable="MFQ[year]7R">
    <value valueType="decimal">38.80554973056365</value>
  </variableValue>
  <variableValue variable="MFQ[year]8A">
    <value valueType="decimal">87.06653191096065</value>
  </variableValue>
  <variableValue variable="MFQ[year]8B">
    <value valueType="decimal">30.883270740857093</value>
  </variableValue>
  <variableValue variable="MFQ[year]8C">
    <value valueType="decimal">75.09445680181118</value>
  </variableValue>
  <variableValue variable="MFQ[year]8D">
    <value valueType="decimal">63.318947071265264</value>
  </variableValue>
  <variableValue variable="MFQ[year]8E">
    <value valueType="decimal">17.64016615163886</value>
  </variableValue>
  <variableValue variable="MFQ[year]8F">
    <value valueType="decimal">91.14012316669461</value>
  </variableValue>
  <variableValue variable="MFQ[year]8G">
    <value valueType="decimal">73.23180293370577</value>
  </variableValue>
  <variableValue variable="MFQ[year]8H">
    <value valueType="decimal">74.87985357784972</value>
  </variableValue>
  <variableValue variable="MFQ1[year]">
    <value valueType="integer">54</value>
  </variableValue>
  <variableValue variable="mfq1[year]">
    <value valueType="decimal">47.75395184974144</value>
  </variableValue>
  <variableValue variable="MFQ2[year]">
    <value valueType="integer">4</value>
  </variableValue>
  <variableValue variable="mfq2[year]">
    <value valueType="decimal">77.5651214468164</value>
  </variableValue>
  <variableValue variable="MFQ3[year]">
    <value valueType="integer">47</value>
  </variableValue>
  <variableValue variable="mfq3[year]">
    <value valueType="decimal">34.929226289566316</value>
  </variableValue>
  <variableValue variable="MFQ4[year]">
    <value valueType="integer">50</value>
  </variableValue>
  <variableValue variable="mfq4[year]">
    <value valueType="decimal">4.250691881353341</value>
  </variableValue>
  <variableValue variable="MLIVE[year]">
    <value valueType="integer">2</value>
  </variableValue>
  <variableValue variable="MOMWK[year]">
    <value valueType="integer">0</value>
  </variableValue>
  <variableValue variable="movie[year]">
    <value valueType="decimal">81.14821608509581</value>
  </variableValue>
  <variableValue variable="MSTA84[year]">
    <value valueType="integer">4</value>
  </variableValue>
  <variableValue variable="MSTAT[year]">
    <value valueType="integer">4</value>
  </variableValue>
  <variableValue variable="NBKS[year]">
    <value valueType="integer">40</value>
  </variableValue>
  <variableValue variable="NCONF[year]">
    <value valueType="integer">82</value>
  </variableValue>
  <variableValue variable="NEEDCATA[year]">
    <value valueType="integer">2</value>
  </variableValue>
  <variableValue variable="NEMP[year]">
    <value valueType="integer">71</value>
  </variableValue>
  <variableValue variable="NEUROTIC[year]">
    <value valueType="integer">77</value>
  </variableValue>
  <variableValue variable="NEWPRNT[year]">
    <value valueType="integer">4</value>
  </variableValue>
  <variableValue variable="nfr[year]">
    <value valueType="integer">50</value>
  </variableValue>
  <variableValue variable="NFRN[year]">
    <value valueType="integer">13</value>
  </variableValue>
  <variableValue variable="NGRNKD[year]">
    <value valueType="integer">59</value>
  </variableValue>
  <variableValue variable="NJOB[year]">
    <value valueType="integer">100</value>
  </variableValue>
  <variableValue variable="NKDHM[year]">
    <value valueType="integer">41</value>
  </variableValue>
  <variableValue variable="NKIDS[year]">
    <value valueType="integer">13</value>
  </variableValue>
  <variableValue variable="NMAG[year]">
    <value valueType="integer">52</value>
  </variableValue>
  <variableValue variable="NMOV[year]">
    <value valueType="integer">80</value>
  </variableValue>
  <variableValue variable="NMTG[year]">
    <value valueType="integer">68</value>
  </variableValue>
  <variableValue variable="NNEIG[year]">
    <value valueType="integer">1</value>
  </variableValue>
  <variableValue variable="NOBR[year]">
    <value valueType="integer">93</value>
  </variableValue>
  <variableValue variable="NOISE[year]">
    <value valueType="integer">2</value>
  </variableValue>
  <variableValue variable="NONFIC[year]">
    <value valueType="integer">70</value>
  </variableValue>
  <variableValue variable="nor[year]">
    <value valueType="integer">100</value>
  </variableValue>
  <variableValue variable="norcr[year]">
    <value valueType="integer">86</value>
  </variableValue>
  <variableValue variable="NOSIS[year]">
    <value valueType="integer">26</value>
  </variableValue>
  <variableValue variable="NOWRK[year]">
    <value valueType="integer">5</value>
  </variableValue>
  <variableValue variable="NRMS[year]">
    <value valueType="integer">43</value>
  </variableValue>
  <variableValue variable="nsp08">
    <value valueType="integer">43</value>
  </variableValue>
  <variableValue variable="NSTATE[year]">
    <value valueType="integer">25</value>
  </variableValue>
  <variableValue variable="NTRAD[year]">
    <value valueType="integer">17</value>
  </variableValue>
  <variableValue variable="NTRIPS[year]">
    <value valueType="integer">55</value>
  </variableValue>
  <variableValue variable="numtot[year]">
    <value valueType="integer">8</value>
  </variableValue>
  <variableValue variable="NVISIT[year]">
    <value valueType="integer">4</value>
  </variableValue>
  <variableValue variable="NWED[year]">
    <value valueType="integer">83</value>
  </variableValue>
  <variableValue variable="NYBR[year]">
    <value valueType="integer">45</value>
  </variableValue>
  <variableValue variable="NYSIS[year]">
    <value valueType="integer">28</value>
  </variableValue>
  <variableValue variable="OBGYN[year]">
    <value valueType="integer">3</value>
  </variableValue>
  <variableValue variable="OCC[year]">
    <value valueType="integer">9</value>
  </variableValue>
  <variableValue variable="OCC84[year]">
    <value valueType="integer">0</value>
  </variableValue>
  <variableValue variable="OPEN[year]">
    <value valueType="integer">46</value>
  </variableValue>
  <variableValue variable="or[year]">
    <value valueType="integer">93</value>
  </variableValue>
  <variableValue variable="oratt[year]">
    <value valueType="integer">12</value>
  </variableValue>
  <variableValue variable="ORGAN[year]">
    <value valueType="integer">5</value>
  </variableValue>
  <variableValue variable="oromt[year]">
    <value valueType="integer">85</value>
  </variableValue>
  <variableValue variable="orwg[year]">
    <value valueType="integer">8</value>
  </variableValue>
  <variableValue variable="OTJ[year]">
    <value valueType="integer">1</value>
  </variableValue>
  <variableValue variable="outhob[year]">
    <value valueType="decimal">78.71568780308019</value>
  </variableValue>
  <variableValue variable="OWNHM[year]">
    <value valueType="integer">1</value>
  </variableValue>
  <variableValue variable="PAINREL[year]">
    <value valueType="integer">3</value>
  </variableValue>
  <variableValue variable="PAP[year]">
    <value valueType="integer">5</value>
  </variableValue>
  <variableValue variable="party[year]">
    <value valueType="decimal">85.00772925333662</value>
  </variableValue>
  <variableValue variable="pase1">
    <value valueType="integer">1</value>
  </variableValue>
  <variableValue variable="pase10">
    <value valueType="integer">1</value>
  </variableValue>
  <variableValue variable="pase10a">
    <value valueType="decimal">86.35781037794064</value>
  </variableValue>
  <variableValue variable="pase10b">
    <value valueType="integer">4</value>
  </variableValue>
  <variableValue variable="pase1b">
    <value valueType="integer">1</value>
  </variableValue>
  <variableValue variable="pase2">
    <value valueType="integer">3</value>
  </variableValue>
  <variableValue variable="pase2a">
    <value valueType="integer">1</value>
  </variableValue>
  <variableValue variable="pase3">
    <value valueType="integer">1</value>
  </variableValue>
  <variableValue variable="pase3b">
    <value valueType="integer">2</value>
  </variableValue>
  <variableValue variable="pase4">
    <value valueType="integer">1</value>
  </variableValue>
  <variableValue variable="pase4b">
    <value valueType="integer">1</value>
  </variableValue>
  <variableValue variable="pase5">
    <value valueType="integer">2</value>
  </variableValue>
  <variableValue variable="pase5b">
    <value valueType="integer">4</value>
  </variableValue>
  <variableValue variable="pase6">
    <value valueType="integer">0</value>
  </variableValue>
  <variableValue variable="pase6b">
    <value valueType="integer">4</value>
  </variableValue>
  <variableValue variable="pase7">
    <value valueType="integer">0</value>
  </variableValue>
  <variableValue variable="pase8">
    <value valueType="integer">1</value>
  </variableValue>
  <variableValue variable="pase9a - pase9d">
    <value valueType="integer">0</value>
  </variableValue>
  <variableValue variable="pattot[year]">
    <value valueType="integer">92</value>
  </variableValue>
  <variableValue variable="PDEMP[year]">
    <value valueType="integer">1</value>
  </variableValue>
  <variableValue variable="PEOP[year]">
    <value valueType="decimal">45.01125732293049</value>
  </variableValue>
  <variableValue variable="pets[year]">
    <value valueType="decimal">89.99443513322973</value>
  </variableValue>
  <variableValue variable="phone[year]">
    <value valueType="decimal">44.83122450319479</value>
  </variableValue>
  <variableValue variable="picnic[year]">
    <value valueType="decimal">28.48654284956229</value>
  </variableValue>
  <variableValue variable="PIPEDAY[year]">
    <value valueType="integer">4</value>
  </variableValue>
  <variableValue variable="PIPES[year]">
    <value valueType="integer">4</value>
  </variableValue>
  <variableValue variable="pirr1[year]">
    <value valueType="integer">66</value>
  </variableValue>
  <variableValue variable="pirr2[year]">
    <value valueType="integer">70</value>
  </variableValue>
  <variableValue variable="PORK[year]">
    <value valueType="integer">5</value>
  </variableValue>
  <variableValue variable="ppr1[year]">
    <value valueType="integer">92</value>
  </variableValue>
  <variableValue variable="ppr2[year]">
    <value valueType="integer">40</value>
  </variableValue>
  <variableValue variable="ppr3[year]">
    <value valueType="integer">40</value>
  </variableValue>
  <variableValue variable="pray[year]">
    <value valueType="decimal">91.5301860258859</value>
  </variableValue>
  <variableValue variable="PRESR[year]">
    <value valueType="integer">3</value>
  </variableValue>
  <variableValue variable="PRO2YR[year]">
    <value valueType="integer">1</value>
  </variableValue>
  <variableValue variable="PROAGE[year]">
    <value valueType="integer">89</value>
  </variableValue>
  <variableValue variable="PROENLAR[year]">
    <value valueType="integer">2</value>
  </variableValue>
  <variableValue variable="PROEXAM[year]">
    <value valueType="integer">28</value>
  </variableValue>
  <variableValue variable="PROS[year]">
    <value valueType="integer">1</value>
  </variableValue>
  <variableValue variable="PROSUC[year]">
    <value valueType="integer">5</value>
  </variableValue>
  <variableValue variable="PRSC84[year]">
    <value valueType="integer">1</value>
  </variableValue>
  <variableValue variable="radio[year]">
    <value valueType="decimal">15.034055734733299</value>
  </variableValue>
  <variableValue variable="RDPAPR[year]">
    <value valueType="integer">1</value>
  </variableValue>
  <variableValue variable="RDWRIT[year]">
    <value valueType="decimal">45.31653237479066</value>
  </variableValue>
  <variableValue variable="read[year]">
    <value valueType="decimal">92.55927688360667</value>
  </variableValue>
  <variableValue variable="REGULAR[year]">
    <value valueType="integer">2</value>
  </variableValue>
  <variableValue variable="REMAR[year]">
    <value valueType="integer">61</value>
  </variableValue>
  <variableValue variable="rv[year]">
    <value valueType="integer">90</value>
  </variableValue>
  <variableValue variable="SAFE[year]">
    <value valueType="integer">1</value>
  </variableValue>
  <variableValue variable="SBHWY[year]">
    <value valueType="integer">1</value>
  </variableValue>
  <variableValue variable="SBTOWN[year]">
    <value valueType="integer">4</value>
  </variableValue>
  <variableValue variable="SELFBLOO[year]">
    <value valueType="integer">4</value>
  </variableValue>
  <variableValue variable="selfim[year]">
    <value valueType="decimal">23.162350301599098</value>
  </variableValue>
  <variableValue variable="SELFMAM[year]">
    <value valueType="integer">1</value>
  </variableValue>
  <variableValue variable="sex">
    <value valueType="integer">0</value>
  </variableValue>
  <variableValue variable="shop[year]">
    <value valueType="decimal">2.2314255407123174</value>
  </variableValue>
  <variableValue variable="SIBS[year]">
    <value valueType="integer">82</value>
  </variableValue>
  <variableValue variable="SLEEP[year]">
    <value valueType="integer">2</value>
  </variableValue>
  <variableValue variable="smdvh[year]">
    <value valueType="integer">84</value>
  </variableValue>
  <variableValue variable="smdvl[year]">
    <value valueType="integer">50</value>
  </variableValue>
  <variableValue variable="SMK[year]">
    <value valueType="integer">1</value>
  </variableValue>
  <variableValue variable="SMOKE[year]">
    <value valueType="integer">2</value>
  </variableValue>
  <variableValue variable="SMOKEPAS[year]">
    <value valueType="decimal">99.88015191981559</value>
  </variableValue>
  <variableValue variable="SODA[year]">
    <value valueType="integer">6</value>
  </variableValue>
  <variableValue variable="SODIUM[year]">
    <value valueType="integer">4</value>
  </variableValue>
  <variableValue variable="SPBRN[year]">
    <value valueType="integer">82</value>
  </variableValue>
  <variableValue variable="spec[year]">
    <value valueType="decimal">62.450925494982656</value>
  </variableValue>
  <variableValue variable="SPEED[year]">
    <value valueType="integer">3</value>
  </variableValue>
  <variableValue variable="SPOCC[year]">
    <value valueType="integer">5</value>
  </variableValue>
  <variableValue variable="sport[year]">
    <value valueType="decimal">7.403477492997535</value>
  </variableValue>
  <variableValue variable="SPRVIS[year]">
    <value valueType="integer">5</value>
  </variableValue>
  <variableValue variable="SREYE[year]">
    <value valueType="integer">1</value>
  </variableValue>
  <variableValue variable="srh[year]">
    <value valueType="integer">5</value>
  </variableValue>
  <variableValue variable="SRHEALTH">
    <value valueType="integer">6</value>
  </variableValue>
  <variableValue variable="SRHEAR[year]">
    <value valueType="integer">3</value>
  </variableValue>
  <variableValue variable="sstot[year]">
    <value valueType="integer">26</value>
  </variableValue>
  <variableValue variable="STAIRS[year]">
    <value valueType="integer">5</value>
  </variableValue>
  <variableValue variable="TEA[year]">
    <value valueType="integer">4</value>
  </variableValue>
  <variableValue variable="TRAF[year]">
    <value valueType="integer">0</value>
  </variableValue>
  <variableValue variable="travel[year]">
    <value valueType="decimal">86.65694610855698</value>
  </variableValue>
  <variableValue variable="TREES[year]">
    <value valueType="integer">1</value>
  </variableValue>
  <variableValue variable="TRYSTOP[year]">
    <value valueType="integer">1</value>
  </variableValue>
  <variableValue variable="tv[year]">
    <value valueType="decimal">2.2095339311186013</value>
  </variableValue>
  <variableValue variable="TYPBLD[year]">
    <value valueType="integer">2</value>
  </variableValue>
  <variableValue variable="UNIVEX[year]">
    <value valueType="integer">0</value>
  </variableValue>
  <variableValue variable="VEAL[year]">
    <value valueType="integer">3</value>
  </variableValue>
  <variableValue variable="vis[year]">
    <value valueType="decimal">57.20795707785482</value>
  </variableValue>
  <variableValue variable="vocab1[year]">
    <value valueType="integer">9</value>
  </variableValue>
  <variableValue variable="vocab2[year]">
    <value valueType="integer">35</value>
  </variableValue>
  <variableValue variable="VOCAT[year]">
    <value valueType="integer">0</value>
  </variableValue>
  <variableValue variable="vol[year]">
    <value valueType="decimal">83.5938313525991</value>
  </variableValue>
  <variableValue variable="walk[year]">
    <value valueType="decimal">37.78343278621428</value>
  </variableValue>
  <variableValue variable="WALK[year]">
    <value valueType="integer">4</value>
  </variableValue>
  <variableValue variable="wdflu[year]">
    <value valueType="integer">69</value>
  </variableValue>
  <variableValue variable="WEIGHT[year]">
    <value valueType="integer">24</value>
  </variableValue>
  <variableValue variable="WELL[year]">
    <value valueType="integer">3</value>
  </variableValue>
  <variableValue variable="WINE[year]">
    <value valueType="integer">61</value>
  </variableValue>
  <variableValue variable="write[year]">
    <value valueType="decimal">74.69513150999128</value>
  </variableValue>
  <variableValue variable="WRKPLC[year]">
    <value valueType="integer">2</value>
  </variableValue>
  <variableValue variable="WRKTYP[year]">
    <value valueType="integer">4</value>
  </variableValue>
  <variableValue variable="ws[year]">
    <value valueType="integer">14</value>
  </variableValue>
  <variableValue variable="YEAROP[year]">
    <value valueType="integer">77</value>
  </variableValue>
  <variableValue variable="YRQUIT[year]">
    <value valueType="integer">67</value>
  </variableValue>
  <variableValue variable="YRRET[year]">
    <value valueType="integer">37</value>
  </variableValue>
  <variableValue variable="YRSMOKE[year]">
    <value valueType="decimal">56.18980556011357</value>
  </variableValue>
</valueSet>