<valueSet valueTable="2008" entityType="Participant" entityIdentifier="20509142">
  <variableValue variable="ADLTED[year]">
    <value valueType="integer">1</value>
  </variableValue>
  <variableValue variable="ADVDIR[year]">
    <value valueType="integer">2</value>
  </variableValue>
  <variableValue variable="age[year]">
    <value valueType="integer">11</value>
  </variableValue>
  <variableValue variable="AGEKID[year]">
    <value valueType="integer">25</value>
  </variableValue>
  <variableValue variable="AGENB[year]">
    <value valueType="integer">3</value>
  </variableValue>
  <variableValue variable="AGEWED[year]">
    <value valueType="integer">98</value>
  </variableValue>
  <variableValue variable="AGFRN[year]">
    <value valueType="integer">1</value>
  </variableValue>
  <variableValue variable="AGREE[year]">
    <value valueType="integer">75</value>
  </variableValue>
  <variableValue variable="ALCOHOL[year]">
    <value valueType="integer">2</value>
  </variableValue>
  <variableValue variable="Apdemp[year]">
    <value valueType="decimal">61.43056701249523</value>
  </variableValue>
  <variableValue variable="ART[year]">
    <value valueType="integer">3</value>
  </variableValue>
  <variableValue variable="BDATE_DY">
    <value valueType="integer">62</value>
  </variableValue>
  <variableValue variable="BDATE_MO">
    <value valueType="integer">99</value>
  </variableValue>
  <variableValue variable="BDATE_YR">
    <value valueType="integer">68</value>
  </variableValue>
  <variableValue variable="BEEF[year]">
    <value valueType="integer">4</value>
  </variableValue>
  <variableValue variable="BEER[year]">
    <value valueType="integer">6</value>
  </variableValue>
  <variableValue variable="BLDLK[year]">
    <value valueType="integer">1</value>
  </variableValue>
  <variableValue variable="BLOODPRE[year]">
    <value valueType="integer">2</value>
  </variableValue>
  <variableValue variable="BOOK[year]">
    <value valueType="integer">1</value>
  </variableValue>
  <variableValue variable="BRUSH[year]">
    <value valueType="integer">0</value>
  </variableValue>
  <variableValue variable="BUTTER[year]">
    <value valueType="integer">2</value>
  </variableValue>
  <variableValue variable="BUYFAT[year]">
    <value valueType="integer">4</value>
  </variableValue>
  <variableValue variable="BUYSALT[year]">
    <value valueType="integer">4</value>
  </variableValue>
  <variableValue variable="CANCHK[year]">
    <value valueType="integer">1</value>
  </variableValue>
  <variableValue variable="cards[year]">
    <value valueType="decimal">68.88092572833494</value>
  </variableValue>
  <variableValue variable="CATARACT[year]">
    <value valueType="integer">1</value>
  </variableValue>
  <variableValue variable="CHKFAT[year]">
    <value valueType="integer">2</value>
  </variableValue>
  <variableValue variable="CHOLES[year]">
    <value valueType="integer">6</value>
  </variableValue>
  <variableValue variable="chur[year]">
    <value valueType="decimal">86.73213010889145</value>
  </variableValue>
  <variableValue variable="CIGARDAY[year]">
    <value valueType="integer">2</value>
  </variableValue>
  <variableValue variable="CIGARS[year]">
    <value valueType="integer">6</value>
  </variableValue>
  <variableValue variable="CIGDAY[year]">
    <value valueType="integer">4</value>
  </variableValue>
  <variableValue variable="CIGS[year]">
    <value valueType="integer">2</value>
  </variableValue>
  <variableValue variable="CLNAIR[year]">
    <value valueType="integer">5</value>
  </variableValue>
  <variableValue variable="COFFEE[year]">
    <value valueType="integer">5</value>
  </variableValue>
  <variableValue variable="CONSCIEN[year]">
    <value valueType="integer">5</value>
  </variableValue>
  <variableValue variable="cook[year]">
    <value valueType="decimal">27.76068057103066</value>
  </variableValue>
  <variableValue variable="COOKBUT[year]">
    <value valueType="integer">1</value>
  </variableValue>
  <variableValue variable="CORS[year]">
    <value valueType="integer">1</value>
  </variableValue>
  <variableValue variable="crafts[year]">
    <value valueType="decimal">55.007659813162114</value>
  </variableValue>
  <variableValue variable="crdp1[year]">
    <value valueType="integer">10</value>
  </variableValue>
  <variableValue variable="crdp2[year]">
    <value valueType="integer">7</value>
  </variableValue>
  <variableValue variable="cult[year]">
    <value valueType="decimal">26.784087654332932</value>
  </variableValue>
  <variableValue variable="dance[year]">
    <value valueType="decimal">6.696654769413291</value>
  </variableValue>
  <variableValue variable="DENTIST[year]">
    <value valueType="integer">3</value>
  </variableValue>
  <variableValue variable="DENTURE[year]">
    <value valueType="integer">1</value>
  </variableValue>
  <variableValue variable="DIABET[year]">
    <value valueType="integer">2</value>
  </variableValue>
  <variableValue variable="DRMAM[year]">
    <value valueType="integer">5</value>
  </variableValue>
  <variableValue variable="DRVISIT[year]">
    <value valueType="integer">79</value>
  </variableValue>
  <variableValue variable="dydrm[year]">
    <value valueType="decimal">73.99338316297803</value>
  </variableValue>
  <variableValue variable="EARCHK[year]">
    <value valueType="integer">1</value>
  </variableValue>
  <variableValue variable="eatout[year]">
    <value valueType="decimal">51.016643779603456</value>
  </variableValue>
  <variableValue variable="EATSALT[year]">
    <value valueType="integer">5</value>
  </variableValue>
  <variableValue variable="edact[year]">
    <value valueType="decimal">13.067902300956547</value>
  </variableValue>
  <variableValue variable="educ">
    <value valueType="integer">8</value>
  </variableValue>
  <variableValue variable="EDUC[year]">
    <value valueType="integer">95</value>
  </variableValue>
  <variableValue variable="EGG[year]">
    <value valueType="integer">5</value>
  </variableValue>
  <variableValue variable="eldcar[year]">
    <value valueType="decimal">5.613843913594607</value>
  </variableValue>
  <variableValue variable="ELDCAR[year]">
    <value valueType="decimal">48.35210980908498</value>
  </variableValue>
  <variableValue variable="ENT1[year]">
    <value valueType="integer">13</value>
  </variableValue>
  <variableValue variable="ENT2[year]">
    <value valueType="integer">1</value>
  </variableValue>
  <variableValue variable="ENT3[year]">
    <value valueType="integer">2</value>
  </variableValue>
  <variableValue variable="eth[year]">
    <value valueType="integer">67</value>
  </variableValue>
  <variableValue variable="EXCERTOT[year]">
    <value valueType="decimal">52.41701318771632</value>
  </variableValue>
  <variableValue variable="EXCERWK[year]">
    <value valueType="integer">54</value>
  </variableValue>
  <variableValue variable="EXTRAVER[year]">
    <value valueType="integer">11</value>
  </variableValue>
  <variableValue variable="EYECHG[year]">
    <value valueType="integer">1</value>
  </variableValue>
  <variableValue variable="EYECHK[year]">
    <value valueType="integer">0</value>
  </variableValue>
  <variableValue variable="EYEGLAS[year]">
    <value valueType="integer">1</value>
  </variableValue>
  <variableValue variable="FAGE[year]">
    <value valueType="integer">22</value>
  </variableValue>
  <variableValue variable="FAITH[year]">
    <value valueType="integer">4</value>
  </variableValue>
  <variableValue variable="FALLS[year]">
    <value valueType="integer">6</value>
  </variableValue>
  <variableValue variable="FCAUSE[year]">
    <value valueType="integer">10</value>
  </variableValue>
  <variableValue variable="FDIE[year]">
    <value valueType="integer">82</value>
  </variableValue>
  <variableValue variable="FIC[year]">
    <value valueType="integer">7</value>
  </variableValue>
  <variableValue variable="fit[year]">
    <value valueType="decimal">71.4098053367137</value>
  </variableValue>
  <variableValue variable="FLIVE[year]">
    <value valueType="integer">3</value>
  </variableValue>
  <variableValue variable="FLOSS[year]">
    <value valueType="integer">3</value>
  </variableValue>
  <variableValue variable="FLUSHOT[year]">
    <value valueType="integer">3</value>
  </variableValue>
  <variableValue variable="fr[year]">
    <value valueType="integer">82</value>
  </variableValue>
  <variableValue variable="fratt[year]">
    <value valueType="integer">6</value>
  </variableValue>
  <variableValue variable="frcr[year]">
    <value valueType="integer">75</value>
  </variableValue>
  <variableValue variable="fromt[year]">
    <value valueType="integer">83</value>
  </variableValue>
  <variableValue variable="frwg[year]">
    <value valueType="integer">25</value>
  </variableValue>
  <variableValue variable="game[year]">
    <value valueType="decimal">4.781228800737313</value>
  </variableValue>
  <variableValue variable="gds[year]1 –  gds[year]30">
    <value valueType="integer">0</value>
  </variableValue>
  <variableValue variable="gdstot[year]">
    <value valueType="integer">90</value>
  </variableValue>
  <variableValue variable="HANDS[year]">
    <value valueType="decimal">5.823951777101644</value>
  </variableValue>
  <variableValue variable="HARDLIQ[year]">
    <value valueType="integer">67</value>
  </variableValue>
  <variableValue variable="HEALTHCH[year]">
    <value valueType="integer">1</value>
  </variableValue>
  <variableValue variable="HEARAID[year]">
    <value valueType="integer">0</value>
  </variableValue>
  <variableValue variable="HEARCHG[year]">
    <value valueType="integer">6</value>
  </variableValue>
  <variableValue variable="HEARSPEC[year]">
    <value valueType="integer">2</value>
  </variableValue>
  <variableValue variable="HEART[year]">
    <value valueType="integer">3</value>
  </variableValue>
  <variableValue variable="HEIGHT[year]">
    <value valueType="integer">68</value>
  </variableValue>
  <variableValue variable="HHEIGHT[year]">
    <value valueType="integer">80</value>
  </variableValue>
  <variableValue variable="HIGHBLOO[year]">
    <value valueType="integer">2</value>
  </variableValue>
  <variableValue variable="HJOBTP[year]">
    <value valueType="integer">8</value>
  </variableValue>
  <variableValue variable="HMKHD[year]">
    <value valueType="decimal">61.28448155285251</value>
  </variableValue>
  <variableValue variable="HMKJB[year]">
    <value valueType="integer">31</value>
  </variableValue>
  <variableValue variable="HMKPE[year]">
    <value valueType="decimal">13.146884864109875</value>
  </variableValue>
  <variableValue variable="HMKPRS[year]">
    <value valueType="integer">2</value>
  </variableValue>
  <variableValue variable="HMKR[year]">
    <value valueType="integer">28</value>
  </variableValue>
  <variableValue variable="HMKRD[year]">
    <value valueType="decimal">31.151135762747472</value>
  </variableValue>
  <variableValue variable="HOSDAYS[year]">
    <value valueType="integer">58</value>
  </variableValue>
  <variableValue variable="HOSVISIT[year]">
    <value valueType="integer">1</value>
  </variableValue>
  <variableValue variable="HWEIGHT[year]">
    <value valueType="integer">89</value>
  </variableValue>
  <variableValue variable="INC[year]">
    <value valueType="integer">8</value>
  </variableValue>
  <variableValue variable="INC84[year]">
    <value valueType="integer">12</value>
  </variableValue>
  <variableValue variable="instr[year]">
    <value valueType="decimal">67.27469060149474</value>
  </variableValue>
  <variableValue variable="ir[year]a1 - ir[year]a20">
    <value valueType="integer">1</value>
  </variableValue>
  <variableValue variable="ir[year]b1 - ir[year]b20">
    <value valueType="integer">1</value>
  </variableValue>
  <variableValue variable="JOBLEN[year]">
    <value valueType="integer">3</value>
  </variableValue>
  <variableValue variable="JOBTYP[year]">
    <value valueType="integer">1</value>
  </variableValue>
  <variableValue variable="kidcar[year]">
    <value valueType="decimal">42.43257045090885</value>
  </variableValue>
  <variableValue variable="LAMB[year]">
    <value valueType="integer">1</value>
  </variableValue>
  <variableValue variable="lettot[year]">
    <value valueType="integer">33</value>
  </variableValue>
  <variableValue variable="LFST84[year]">
    <value valueType="integer">3</value>
  </variableValue>
  <variableValue variable="LIFSAT[year]">
    <value valueType="integer">3</value>
  </variableValue>
  <variableValue variable="LIVESMOK[year]">
    <value valueType="integer">3</value>
  </variableValue>
  <variableValue variable="ls[year]">
    <value valueType="integer">62</value>
  </variableValue>
  <variableValue variable="LSTJOB[year]">
    <value valueType="integer">3</value>
  </variableValue>
  <variableValue variable="LVNGWILL[year]">
    <value valueType="integer">2</value>
  </variableValue>
  <variableValue variable="MAGE[year]">
    <value valueType="integer">28</value>
  </variableValue>
  <variableValue variable="MAM[year]">
    <value valueType="integer">1</value>
  </variableValue>
  <variableValue variable="MAM2YR[year]">
    <value valueType="integer">1</value>
  </variableValue>
  <variableValue variable="MAMAGE[year]">
    <value valueType="integer">49</value>
  </variableValue>
  <variableValue variable="MAMEXAM[year]">
    <value valueType="integer">96</value>
  </variableValue>
  <variableValue variable="MASTECT[year]">
    <value valueType="integer">2</value>
  </variableValue>
  <variableValue variable="MCAUSE[year]">
    <value valueType="integer">8</value>
  </variableValue>
  <variableValue variable="MDIE[year]">
    <value valueType="integer">24</value>
  </variableValue>
  <variableValue variable="MED[year]">
    <value valueType="integer">3</value>
  </variableValue>
  <variableValue variable="MENAGE[year]">
    <value valueType="integer">39</value>
  </variableValue>
  <variableValue variable="MENHIST[year]">
    <value valueType="integer">53</value>
  </variableValue>
  <variableValue variable="MENSIT[year]">
    <value valueType="integer">3</value>
  </variableValue>
  <variableValue variable="MFQ[year]1">
    <value valueType="decimal">1.5225935407708002</value>
  </variableValue>
  <variableValue variable="MFQ[year]2A">
    <value valueType="decimal">9.70319643618084</value>
  </variableValue>
  <variableValue variable="MFQ[year]2B">
    <value valueType="decimal">30.19966980922423</value>
  </variableValue>
  <variableValue variable="MFQ[year]2C">
    <value valueType="decimal">86.35895928825916</value>
  </variableValue>
  <variableValue variable="MFQ[year]2D">
    <value valueType="decimal">58.46064940359563</value>
  </variableValue>
  <variableValue variable="MFQ[year]2E">
    <value valueType="decimal">96.45394583041532</value>
  </variableValue>
  <variableValue variable="MFQ[year]3A">
    <value valueType="decimal">42.018897800148004</value>
  </variableValue>
  <variableValue variable="MFQ[year]3B">
    <value valueType="decimal">48.324995141263784</value>
  </variableValue>
  <variableValue variable="MFQ[year]3C">
    <value valueType="decimal">39.63681789097615</value>
  </variableValue>
  <variableValue variable="MFQ[year]3D">
    <value valueType="decimal">51.70657216623306</value>
  </variableValue>
  <variableValue variable="MFQ[year]3E">
    <value valueType="decimal">29.13560912671024</value>
  </variableValue>
  <variableValue variable="MFQ[year]3F">
    <value valueType="decimal">10.887620917790663</value>
  </variableValue>
  <variableValue variable="MFQ[year]3G">
    <value valueType="decimal">20.963770360172884</value>
  </variableValue>
  <variableValue variable="MFQ[year]3H">
    <value valueType="decimal">96.31270625017731</value>
  </variableValue>
  <variableValue variable="MFQ[year]3I">
    <value valueType="decimal">85.24140391946612</value>
  </variableValue>
  <variableValue variable="MFQ[year]3J">
    <value valueType="decimal">63.53621943324325</value>
  </variableValue>
  <variableValue variable="MFQ[year]3K">
    <value valueType="decimal">84.00643553818868</value>
  </variableValue>
  <variableValue variable="MFQ[year]3L">
    <value valueType="decimal">19.68257655821912</value>
  </variableValue>
  <variableValue variable="MFQ[year]3M">
    <value valueType="decimal">66.38965593429985</value>
  </variableValue>
  <variableValue variable="MFQ[year]3N">
    <value valueType="decimal">29.55801580619809</value>
  </variableValue>
  <variableValue variable="MFQ[year]3O">
    <value valueType="decimal">44.64173931111658</value>
  </variableValue>
  <variableValue variable="MFQ[year]3P">
    <value valueType="decimal">76.71056898572631</value>
  </variableValue>
  <variableValue variable="MFQ[year]3Q">
    <value valueType="decimal">66.39373824113864</value>
  </variableValue>
  <variableValue variable="MFQ[year]3R">
    <value valueType="decimal">21.016882469148868</value>
  </variableValue>
  <variableValue variable="MFQ[year]4A">
    <value valueType="decimal">40.38160042559197</value>
  </variableValue>
  <variableValue variable="MFQ[year]4B">
    <value valueType="decimal">22.322980126610837</value>
  </variableValue>
  <variableValue variable="MFQ[year]4C">
    <value valueType="decimal">55.29675913666843</value>
  </variableValue>
  <variableValue variable="MFQ[year]4D">
    <value valueType="decimal">79.37834370200801</value>
  </variableValue>
  <variableValue variable="MFQ[year]4E">
    <value valueType="decimal">64.69233557367971</value>
  </variableValue>
  <variableValue variable="MFQ[year]5A">
    <value valueType="decimal">91.43904502472463</value>
  </variableValue>
  <variableValue variable="MFQ[year]5B">
    <value valueType="decimal">44.294807093025526</value>
  </variableValue>
  <variableValue variable="MFQ[year]5C">
    <value valueType="decimal">14.698774027525019</value>
  </variableValue>
  <variableValue variable="MFQ[year]5D">
    <value valueType="decimal">75.02250129619247</value>
  </variableValue>
  <variableValue variable="MFQ[year]5E">
    <value valueType="decimal">11.921577122480798</value>
  </variableValue>
  <variableValue variable="MFQ[year]6A">
    <value valueType="decimal">67.93705081242862</value>
  </variableValue>
  <variableValue variable="MFQ[year]6B">
    <value valueType="decimal">87.64463278945026</value>
  </variableValue>
  <variableValue variable="MFQ[year]6C">
    <value valueType="decimal">42.75511941194563</value>
  </variableValue>
  <variableValue variable="MFQ[year]6D">
    <value valueType="decimal">46.003659429279764</value>
  </variableValue>
  <variableValue variable="MFQ[year]7A">
    <value valueType="decimal">54.99247698297594</value>
  </variableValue>
  <variableValue variable="MFQ[year]7B">
    <value valueType="decimal">88.0800529197428</value>
  </variableValue>
  <variableValue variable="MFQ[year]7C">
    <value valueType="decimal">57.929124246116324</value>
  </variableValue>
  <variableValue variable="MFQ[year]7D">
    <value valueType="decimal">91.71297887175868</value>
  </variableValue>
  <variableValue variable="MFQ[year]7E">
    <value valueType="decimal">93.06441319081938</value>
  </variableValue>
  <variableValue variable="MFQ[year]7F">
    <value valueType="decimal">51.55890862520089</value>
  </variableValue>
  <variableValue variable="MFQ[year]7G">
    <value valueType="decimal">49.32881574607673</value>
  </variableValue>
  <variableValue variable="MFQ[year]7H">
    <value valueType="decimal">39.97558397788177</value>
  </variableValue>
  <variableValue variable="MFQ[year]7I">
    <value valueType="decimal">78.85047184385466</value>
  </variableValue>
  <variableValue variable="MFQ[year]7J">
    <value valueType="decimal">20.780049301759696</value>
  </variableValue>
  <variableValue variable="MFQ[year]7K">
    <value valueType="decimal">31.41892680411138</value>
  </variableValue>
  <variableValue variable="MFQ[year]7L">
    <value valueType="decimal">75.36597710024763</value>
  </variableValue>
  <variableValue variable="MFQ[year]7M">
    <value valueType="decimal">85.88683805661906</value>
  </variableValue>
  <variableValue variable="MFQ[year]7N">
    <value valueType="decimal">2.91206006399094</value>
  </variableValue>
  <variableValue variable="MFQ[year]7O">
    <value valueType="decimal">43.60693165792448</value>
  </variableValue>
  <variableValue variable="MFQ[year]7P">
    <value valueType="decimal">28.88061421755953</value>
  </variableValue>
  <variableValue variable="MFQ[year]7Q">
    <value valueType="decimal">74.6823677009149</value>
  </variableValue>
  <variableValue variable="MFQ[year]7R">
    <value valueType="decimal">95.66660643131787</value>
  </variableValue>
  <variableValue variable="MFQ[year]8A">
    <value valueType="decimal">4.443029800208487</value>
  </variableValue>
  <variableValue variable="MFQ[year]8B">
    <value valueType="decimal">39.647055615243865</value>
  </variableValue>
  <variableValue variable="MFQ[year]8C">
    <value valueType="decimal">16.339230760439495</value>
  </variableValue>
  <variableValue variable="MFQ[year]8D">
    <value valueType="decimal">55.09702571206856</value>
  </variableValue>
  <variableValue variable="MFQ[year]8E">
    <value valueType="decimal">63.62219253553523</value>
  </variableValue>
  <variableValue variable="MFQ[year]8F">
    <value valueType="decimal">59.14113132218206</value>
  </variableValue>
  <variableValue variable="MFQ[year]8G">
    <value valueType="decimal">0.07335724150623335</value>
  </variableValue>
  <variableValue variable="MFQ[year]8H">
    <value valueType="decimal">56.321522265897826</value>
  </variableValue>
  <variableValue variable="MFQ1[year]">
    <value valueType="integer">4</value>
  </variableValue>
  <variableValue variable="mfq1[year]">
    <value valueType="decimal">60.03493571683316</value>
  </variableValue>
  <variableValue variable="MFQ2[year]">
    <value valueType="integer">2</value>
  </variableValue>
  <variableValue variable="mfq2[year]">
    <value valueType="decimal">47.48927264106803</value>
  </variableValue>
  <variableValue variable="MFQ3[year]">
    <value valueType="integer">25</value>
  </variableValue>
  <variableValue variable="mfq3[year]">
    <value valueType="decimal">75.10971672222689</value>
  </variableValue>
  <variableValue variable="MFQ4[year]">
    <value valueType="integer">26</value>
  </variableValue>
  <variableValue variable="mfq4[year]">
    <value valueType="decimal">54.58666121315407</value>
  </variableValue>
  <variableValue variable="MLIVE[year]">
    <value valueType="integer">3</value>
  </variableValue>
  <variableValue variable="MOMWK[year]">
    <value valueType="integer">1</value>
  </variableValue>
  <variableValue variable="movie[year]">
    <value valueType="decimal">62.03035730185604</value>
  </variableValue>
  <variableValue variable="MSTA84[year]">
    <value valueType="integer">4</value>
  </variableValue>
  <variableValue variable="MSTAT[year]">
    <value valueType="integer">5</value>
  </variableValue>
  <variableValue variable="NBKS[year]">
    <value valueType="integer">68</value>
  </variableValue>
  <variableValue variable="NCONF[year]">
    <value valueType="integer">42</value>
  </variableValue>
  <variableValue variable="NEEDCATA[year]">
    <value valueType="integer">2</value>
  </variableValue>
  <variableValue variable="NEMP[year]">
    <value valueType="integer">9</value>
  </variableValue>
  <variableValue variable="NEUROTIC[year]">
    <value valueType="integer">35</value>
  </variableValue>
  <variableValue variable="NEWPRNT[year]">
    <value valueType="integer">2</value>
  </variableValue>
  <variableValue variable="nfr[year]">
    <value valueType="integer">63</value>
  </variableValue>
  <variableValue variable="NFRN[year]">
    <value valueType="integer">61</value>
  </variableValue>
  <variableValue variable="NGRNKD[year]">
    <value valueType="integer">78</value>
  </variableValue>
  <variableValue variable="NJOB[year]">
    <value valueType="integer">33</value>
  </variableValue>
  <variableValue variable="NKDHM[year]">
    <value valueType="integer">57</value>
  </variableValue>
  <variableValue variable="NKIDS[year]">
    <value valueType="integer">60</value>
  </variableValue>
  <variableValue variable="NMAG[year]">
    <value valueType="integer">2</value>
  </variableValue>
  <variableValue variable="NMOV[year]">
    <value valueType="integer">21</value>
  </variableValue>
  <variableValue variable="NMTG[year]">
    <value valueType="integer">12</value>
  </variableValue>
  <variableValue variable="NNEIG[year]">
    <value valueType="integer">1</value>
  </variableValue>
  <variableValue variable="NOBR[year]">
    <value valueType="integer">65</value>
  </variableValue>
  <variableValue variable="NOISE[year]">
    <value valueType="integer">3</value>
  </variableValue>
  <variableValue variable="NONFIC[year]">
    <value valueType="integer">21</value>
  </variableValue>
  <variableValue variable="nor[year]">
    <value valueType="integer">87</value>
  </variableValue>
  <variableValue variable="norcr[year]">
    <value valueType="integer">62</value>
  </variableValue>
  <variableValue variable="NOSIS[year]">
    <value valueType="integer">2</value>
  </variableValue>
  <variableValue variable="NOWRK[year]">
    <value valueType="integer">7</value>
  </variableValue>
  <variableValue variable="NRMS[year]">
    <value valueType="integer">47</value>
  </variableValue>
  <variableValue variable="nsp08">
    <value valueType="integer">13</value>
  </variableValue>
  <variableValue variable="NSTATE[year]">
    <value valueType="integer">35</value>
  </variableValue>
  <variableValue variable="NTRAD[year]">
    <value valueType="integer">2</value>
  </variableValue>
  <variableValue variable="NTRIPS[year]">
    <value valueType="integer">92</value>
  </variableValue>
  <variableValue variable="numtot[year]">
    <value valueType="integer">68</value>
  </variableValue>
  <variableValue variable="NVISIT[year]">
    <value valueType="integer">3</value>
  </variableValue>
  <variableValue variable="NWED[year]">
    <value valueType="integer">58</value>
  </variableValue>
  <variableValue variable="NYBR[year]">
    <value valueType="integer">51</value>
  </variableValue>
  <variableValue variable="NYSIS[year]">
    <value valueType="integer">54</value>
  </variableValue>
  <variableValue variable="OBGYN[year]">
    <value valueType="integer">5</value>
  </variableValue>
  <variableValue variable="OCC[year]">
    <value valueType="integer">0</value>
  </variableValue>
  <variableValue variable="OCC84[year]">
    <value valueType="integer">2</value>
  </variableValue>
  <variableValue variable="OPEN[year]">
    <value valueType="integer">59</value>
  </variableValue>
  <variableValue variable="or[year]">
    <value valueType="integer">81</value>
  </variableValue>
  <variableValue variable="oratt[year]">
    <value valueType="integer">58</value>
  </variableValue>
  <variableValue variable="ORGAN[year]">
    <value valueType="integer">1</value>
  </variableValue>
  <variableValue variable="oromt[year]">
    <value valueType="integer">6</value>
  </variableValue>
  <variableValue variable="orwg[year]">
    <value valueType="integer">66</value>
  </variableValue>
  <variableValue variable="OTJ[year]">
    <value valueType="integer">0</value>
  </variableValue>
  <variableValue variable="outhob[year]">
    <value valueType="decimal">12.22869404331206</value>
  </variableValue>
  <variableValue variable="OWNHM[year]">
    <value valueType="integer">0</value>
  </variableValue>
  <variableValue variable="PAINREL[year]">
    <value valueType="integer">2</value>
  </variableValue>
  <variableValue variable="PAP[year]">
    <value valueType="integer">5</value>
  </variableValue>
  <variableValue variable="party[year]">
    <value valueType="decimal">18.701423423936568</value>
  </variableValue>
  <variableValue variable="pase1">
    <value valueType="integer">3</value>
  </variableValue>
  <variableValue variable="pase10">
    <value valueType="integer">0</value>
  </variableValue>
  <variableValue variable="pase10a">
    <value valueType="decimal">69.1269997847228</value>
  </variableValue>
  <variableValue variable="pase10b">
    <value valueType="integer">3</value>
  </variableValue>
  <variableValue variable="pase1b">
    <value valueType="integer">2</value>
  </variableValue>
  <variableValue variable="pase2">
    <value valueType="integer">1</value>
  </variableValue>
  <variableValue variable="pase2a">
    <value valueType="integer">1</value>
  </variableValue>
  <variableValue variable="pase3">
    <value valueType="integer">0</value>
  </variableValue>
  <variableValue variable="pase3b">
    <value valueType="integer">1</value>
  </variableValue>
  <variableValue variable="pase4">
    <value valueType="integer">0</value>
  </variableValue>
  <variableValue variable="pase4b">
    <value valueType="integer">3</value>
  </variableValue>
  <variableValue variable="pase5">
    <value valueType="integer">2</value>
  </variableValue>
  <variableValue variable="pase5b">
    <value valueType="integer">2</value>
  </variableValue>
  <variableValue variable="pase6">
    <value valueType="integer">2</value>
  </variableValue>
  <variableValue variable="pase6b">
    <value valueType="integer">2</value>
  </variableValue>
  <variableValue variable="pase7">
    <value valueType="integer">1</value>
  </variableValue>
  <variableValue variable="pase8">
    <value valueType="integer">0</value>
  </variableValue>
  <variableValue variable="pase9a - pase9d">
    <value valueType="integer">1</value>
  </variableValue>
  <variableValue variable="pattot[year]">
    <value valueType="integer">96</value>
  </variableValue>
  <variableValue variable="PDEMP[year]">
    <value valueType="integer">0</value>
  </variableValue>
  <variableValue variable="PEOP[year]">
    <value valueType="decimal">69.14163293609258</value>
  </variableValue>
  <variableValue variable="pets[year]">
    <value valueType="decimal">67.31904755515039</value>
  </variableValue>
  <variableValue variable="phone[year]">
    <value valueType="decimal">64.92826109589656</value>
  </variableValue>
  <variableValue variable="picnic[year]">
    <value valueType="decimal">59.13544752600631</value>
  </variableValue>
  <variableValue variable="PIPEDAY[year]">
    <value valueType="integer">2</value>
  </variableValue>
  <variableValue variable="PIPES[year]">
    <value valueType="integer">6</value>
  </variableValue>
  <variableValue variable="pirr1[year]">
    <value valueType="integer">16</value>
  </variableValue>
  <variableValue variable="pirr2[year]">
    <value valueType="integer">66</value>
  </variableValue>
  <variableValue variable="PORK[year]">
    <value valueType="integer">5</value>
  </variableValue>
  <variableValue variable="ppr1[year]">
    <value valueType="integer">87</value>
  </variableValue>
  <variableValue variable="ppr2[year]">
    <value valueType="integer">55</value>
  </variableValue>
  <variableValue variable="ppr3[year]">
    <value valueType="integer">66</value>
  </variableValue>
  <variableValue variable="pray[year]">
    <value valueType="decimal">85.63334886920582</value>
  </variableValue>
  <variableValue variable="PRESR[year]">
    <value valueType="integer">4</value>
  </variableValue>
  <variableValue variable="PRO2YR[year]">
    <value valueType="integer">2</value>
  </variableValue>
  <variableValue variable="PROAGE[year]">
    <value valueType="integer">19</value>
  </variableValue>
  <variableValue variable="PROENLAR[year]">
    <value valueType="integer">2</value>
  </variableValue>
  <variableValue variable="PROEXAM[year]">
    <value valueType="integer">43</value>
  </variableValue>
  <variableValue variable="PROS[year]">
    <value valueType="integer">2</value>
  </variableValue>
  <variableValue variable="PROSUC[year]">
    <value valueType="integer">1</value>
  </variableValue>
  <variableValue variable="PRSC84[year]">
    <value valueType="integer">3</value>
  </variableValue>
  <variableValue variable="radio[year]">
    <value valueType="decimal">95.08102590763448</value>
  </variableValue>
  <variableValue variable="RDPAPR[year]">
    <value valueType="integer">1</value>
  </variableValue>
  <variableValue variable="RDWRIT[year]">
    <value valueType="decimal">51.608562715466974</value>
  </variableValue>
  <variableValue variable="read[year]">
    <value valueType="decimal">97.28879522611955</value>
  </variableValue>
  <variableValue variable="REGULAR[year]">
    <value valueType="integer">2</value>
  </variableValue>
  <variableValue variable="REMAR[year]">
    <value valueType="integer">19</value>
  </variableValue>
  <variableValue variable="rv[year]">
    <value valueType="integer">93</value>
  </variableValue>
  <variableValue variable="SAFE[year]">
    <value valueType="integer">1</value>
  </variableValue>
  <variableValue variable="SBHWY[year]">
    <value valueType="integer">1</value>
  </variableValue>
  <variableValue variable="SBTOWN[year]">
    <value valueType="integer">2</value>
  </variableValue>
  <variableValue variable="SELFBLOO[year]">
    <value valueType="integer">6</value>
  </variableValue>
  <variableValue variable="selfim[year]">
    <value valueType="decimal">30.773880684370237</value>
  </variableValue>
  <variableValue variable="SELFMAM[year]">
    <value valueType="integer">3</value>
  </variableValue>
  <variableValue variable="sex">
    <value valueType="integer">1</value>
  </variableValue>
  <variableValue variable="shop[year]">
    <value valueType="decimal">73.16821391448876</value>
  </variableValue>
  <variableValue variable="SIBS[year]">
    <value valueType="integer">22</value>
  </variableValue>
  <variableValue variable="SLEEP[year]">
    <value valueType="integer">4</value>
  </variableValue>
  <variableValue variable="smdvh[year]">
    <value valueType="integer">95</value>
  </variableValue>
  <variableValue variable="smdvl[year]">
    <value valueType="integer">43</value>
  </variableValue>
  <variableValue variable="SMK[year]">
    <value valueType="integer">1</value>
  </variableValue>
  <variableValue variable="SMOKE[year]">
    <value valueType="integer">3</value>
  </variableValue>
  <variableValue variable="SMOKEPAS[year]">
    <value valueType="decimal">72.49162511296574</value>
  </variableValue>
  <variableValue variable="SODA[year]">
    <value valueType="integer">4</value>
  </variableValue>
  <variableValue variable="SODIUM[year]">
    <value valueType="integer">2</value>
  </variableValue>
  <variableValue variable="SPBRN[year]">
    <value valueType="integer">42</value>
  </variableValue>
  <variableValue variable="spec[year]">
    <value valueType="decimal">51.22603655833636</value>
  </variableValue>
  <variableValue variable="SPEED[year]">
    <value valueType="integer">3</value>
  </variableValue>
  <variableValue variable="SPOCC[year]">
    <value valueType="integer">1</value>
  </variableValue>
  <variableValue variable="sport[year]">
    <value valueType="decimal">77.01712707538839</value>
  </variableValue>
  <variableValue variable="SPRVIS[year]">
    <value valueType="integer">3</value>
  </variableValue>
  <variableValue variable="SREYE[year]">
    <value valueType="integer">2</value>
  </variableValue>
  <variableValue variable="srh[year]">
    <value valueType="integer">1</value>
  </variableValue>
  <variableValue variable="SRHEALTH">
    <value valueType="integer">3</value>
  </variableValue>
  <variableValue variable="SRHEAR[year]">
    <value valueType="integer">6</value>
  </variableValue>
  <variableValue variable="sstot[year]">
    <value valueType="integer">93</value>
  </variableValue>
  <variableValue variable="STAIRS[year]">
    <value valueType="integer">1</value>
  </variableValue>
  <variableValue variable="TEA[year]">
    <value valueType="integer">5</value>
  </variableValue>
  <variableValue variable="TRAF[year]">
    <value valueType="integer">0</value>
  </variableValue>
  <variableValue variable="travel[year]">
    <value valueType="decimal">93.65573136232634</value>
  </variableValue>
  <variableValue variable="TREES[year]">
    <value valueType="integer">5</value>
  </variableValue>
  <variableValue variable="TRYSTOP[year]">
    <value valueType="integer">1</value>
  </variableValue>
  <variableValue variable="tv[year]">
    <value valueType="decimal">62.5706694920274</value>
  </variableValue>
  <variableValue variable="TYPBLD[year]">
    <value valueType="integer">2</value>
  </variableValue>
  <variableValue variable="UNIVEX[year]">
    <value valueType="integer">1</value>
  </variableValue>
  <variableValue variable="VEAL[year]">
    <value valueType="integer">2</value>
  </variableValue>
  <variableValue variable="vis[year]">
    <value valueType="decimal">20.925796384986782</value>
  </variableValue>
  <variableValue variable="vocab1[year]">
    <value valueType="integer">14</value>
  </variableValue>
  <variableValue variable="vocab2[year]">
    <value valueType="integer">54</value>
  </variableValue>
  <variableValue variable="VOCAT[year]">
    <value valueType="integer">0</value>
  </variableValue>
  <variableValue variable="vol[year]">
    <value valueType="decimal">13.968668598576572</value>
  </variableValue>
  <variableValue variable="walk[year]">
    <value valueType="decimal">79.19929389306691</value>
  </variableValue>
  <variableValue variable="WALK[year]">
    <value valueType="integer">4</value>
  </variableValue>
  <variableValue variable="wdflu[year]">
    <value valueType="integer">92</value>
  </variableValue>
  <variableValue variable="WEIGHT[year]">
    <value valueType="integer">8</value>
  </variableValue>
  <variableValue variable="WELL[year]">
    <value valueType="integer">1</value>
  </variableValue>
  <variableValue variable="WINE[year]">
    <value valueType="integer">24</value>
  </variableValue>
  <variableValue variable="write[year]">
    <value valueType="decimal">31.095610052904487</value>
  </variableValue>
  <variableValue variable="WRKPLC[year]">
    <value valueType="integer">5</value>
  </variableValue>
  <variableValue variable="WRKTYP[year]">
    <value valueType="integer">3</value>
  </variableValue>
  <variableValue variable="ws[year]">
    <value valueType="integer">19</value>
  </variableValue>
  <variableValue variable="YEAROP[year]">
    <value valueType="integer">79</value>
  </variableValue>
  <variableValue variable="YRQUIT[year]">
    <value valueType="integer">48</value>
  </variableValue>
  <variableValue variable="YRRET[year]">
    <value valueType="integer">65</value>
  </variableValue>
  <variableValue variable="YRSMOKE[year]">
    <value valueType="decimal">20.858659122748392</value>
  </variableValue>
</valueSet>