<valueSet valueTable="2008" entityType="Participant" entityIdentifier="60326783">
  <variableValue variable="ADLTED[year]">
    <value valueType="integer">0</value>
  </variableValue>
  <variableValue variable="ADVDIR[year]">
    <value valueType="integer">2</value>
  </variableValue>
  <variableValue variable="age[year]">
    <value valueType="integer">49</value>
  </variableValue>
  <variableValue variable="AGEKID[year]">
    <value valueType="integer">61</value>
  </variableValue>
  <variableValue variable="AGENB[year]">
    <value valueType="integer">2</value>
  </variableValue>
  <variableValue variable="AGEWED[year]">
    <value valueType="integer">63</value>
  </variableValue>
  <variableValue variable="AGFRN[year]">
    <value valueType="integer">3</value>
  </variableValue>
  <variableValue variable="AGREE[year]">
    <value valueType="integer">49</value>
  </variableValue>
  <variableValue variable="ALCOHOL[year]">
    <value valueType="integer">1</value>
  </variableValue>
  <variableValue variable="Apdemp[year]">
    <value valueType="decimal">47.863255188405205</value>
  </variableValue>
  <variableValue variable="ART[year]">
    <value valueType="integer">2</value>
  </variableValue>
  <variableValue variable="BDATE_DY">
    <value valueType="integer">30</value>
  </variableValue>
  <variableValue variable="BDATE_MO">
    <value valueType="integer">46</value>
  </variableValue>
  <variableValue variable="BDATE_YR">
    <value valueType="integer">31</value>
  </variableValue>
  <variableValue variable="BEEF[year]">
    <value valueType="integer">2</value>
  </variableValue>
  <variableValue variable="BEER[year]">
    <value valueType="integer">86</value>
  </variableValue>
  <variableValue variable="BLDLK[year]">
    <value valueType="integer">4</value>
  </variableValue>
  <variableValue variable="BLOODPRE[year]">
    <value valueType="integer">5</value>
  </variableValue>
  <variableValue variable="BOOK[year]">
    <value valueType="integer">3</value>
  </variableValue>
  <variableValue variable="BRUSH[year]">
    <value valueType="integer">95</value>
  </variableValue>
  <variableValue variable="BUTTER[year]">
    <value valueType="integer">5</value>
  </variableValue>
  <variableValue variable="BUYFAT[year]">
    <value valueType="integer">4</value>
  </variableValue>
  <variableValue variable="BUYSALT[year]">
    <value valueType="integer">2</value>
  </variableValue>
  <variableValue variable="CANCHK[year]">
    <value valueType="integer">2</value>
  </variableValue>
  <variableValue variable="cards[year]">
    <value valueType="decimal">85.31424480242224</value>
  </variableValue>
  <variableValue variable="CATARACT[year]">
    <value valueType="integer">1</value>
  </variableValue>
  <variableValue variable="CHKFAT[year]">
    <value valueType="integer">1</value>
  </variableValue>
  <variableValue variable="CHOLES[year]">
    <value valueType="integer">3</value>
  </variableValue>
  <variableValue variable="chur[year]">
    <value valueType="decimal">7.811865707181653</value>
  </variableValue>
  <variableValue variable="CIGARDAY[year]">
    <value valueType="integer">3</value>
  </variableValue>
  <variableValue variable="CIGARS[year]">
    <value valueType="integer">1</value>
  </variableValue>
  <variableValue variable="CIGDAY[year]">
    <value valueType="integer">2</value>
  </variableValue>
  <variableValue variable="CIGS[year]">
    <value valueType="integer">1</value>
  </variableValue>
  <variableValue variable="CLNAIR[year]">
    <value valueType="integer">1</value>
  </variableValue>
  <variableValue variable="COFFEE[year]">
    <value valueType="integer">1</value>
  </variableValue>
  <variableValue variable="CONSCIEN[year]">
    <value valueType="integer">64</value>
  </variableValue>
  <variableValue variable="cook[year]">
    <value valueType="decimal">1.4726740901623958</value>
  </variableValue>
  <variableValue variable="COOKBUT[year]">
    <value valueType="integer">5</value>
  </variableValue>
  <variableValue variable="CORS[year]">
    <value valueType="integer">1</value>
  </variableValue>
  <variableValue variable="crafts[year]">
    <value valueType="decimal">74.76715295667715</value>
  </variableValue>
  <variableValue variable="crdp1[year]">
    <value valueType="integer">9</value>
  </variableValue>
  <variableValue variable="crdp2[year]">
    <value valueType="integer">99</value>
  </variableValue>
  <variableValue variable="cult[year]">
    <value valueType="decimal">29.212332841431987</value>
  </variableValue>
  <variableValue variable="dance[year]">
    <value valueType="decimal">23.7959295645354</value>
  </variableValue>
  <variableValue variable="DENTIST[year]">
    <value valueType="integer">3</value>
  </variableValue>
  <variableValue variable="DENTURE[year]">
    <value valueType="integer">2</value>
  </variableValue>
  <variableValue variable="DIABET[year]">
    <value valueType="integer">1</value>
  </variableValue>
  <variableValue variable="DRMAM[year]">
    <value valueType="integer">2</value>
  </variableValue>
  <variableValue variable="DRVISIT[year]">
    <value valueType="integer">71</value>
  </variableValue>
  <variableValue variable="dydrm[year]">
    <value valueType="decimal">83.6701935115697</value>
  </variableValue>
  <variableValue variable="EARCHK[year]">
    <value valueType="integer">1</value>
  </variableValue>
  <variableValue variable="eatout[year]">
    <value valueType="decimal">86.20453539471654</value>
  </variableValue>
  <variableValue variable="EATSALT[year]">
    <value valueType="integer">5</value>
  </variableValue>
  <variableValue variable="edact[year]">
    <value valueType="decimal">19.915397755896645</value>
  </variableValue>
  <variableValue variable="educ">
    <value valueType="integer">9</value>
  </variableValue>
  <variableValue variable="EDUC[year]">
    <value valueType="integer">78</value>
  </variableValue>
  <variableValue variable="EGG[year]">
    <value valueType="integer">1</value>
  </variableValue>
  <variableValue variable="eldcar[year]">
    <value valueType="decimal">66.74510653464176</value>
  </variableValue>
  <variableValue variable="ELDCAR[year]">
    <value valueType="decimal">19.17603982954428</value>
  </variableValue>
  <variableValue variable="ENT1[year]">
    <value valueType="integer">3</value>
  </variableValue>
  <variableValue variable="ENT2[year]">
    <value valueType="integer">8</value>
  </variableValue>
  <variableValue variable="ENT3[year]">
    <value valueType="integer">5</value>
  </variableValue>
  <variableValue variable="eth[year]">
    <value valueType="integer">27</value>
  </variableValue>
  <variableValue variable="EXCERTOT[year]">
    <value valueType="decimal">4.357777723384526</value>
  </variableValue>
  <variableValue variable="EXCERWK[year]">
    <value valueType="integer">59</value>
  </variableValue>
  <variableValue variable="EXTRAVER[year]">
    <value valueType="integer">87</value>
  </variableValue>
  <variableValue variable="EYECHG[year]">
    <value valueType="integer">6</value>
  </variableValue>
  <variableValue variable="EYECHK[year]">
    <value valueType="integer">1</value>
  </variableValue>
  <variableValue variable="EYEGLAS[year]">
    <value valueType="integer">3</value>
  </variableValue>
  <variableValue variable="FAGE[year]">
    <value valueType="integer">87</value>
  </variableValue>
  <variableValue variable="FAITH[year]">
    <value valueType="integer">5</value>
  </variableValue>
  <variableValue variable="FALLS[year]">
    <value valueType="integer">7</value>
  </variableValue>
  <variableValue variable="FCAUSE[year]">
    <value valueType="integer">10</value>
  </variableValue>
  <variableValue variable="FDIE[year]">
    <value valueType="integer">24</value>
  </variableValue>
  <variableValue variable="FIC[year]">
    <value valueType="integer">5</value>
  </variableValue>
  <variableValue variable="fit[year]">
    <value valueType="decimal">49.67359896531165</value>
  </variableValue>
  <variableValue variable="FLIVE[year]">
    <value valueType="integer">3</value>
  </variableValue>
  <variableValue variable="FLOSS[year]">
    <value valueType="integer">6</value>
  </variableValue>
  <variableValue variable="FLUSHOT[year]">
    <value valueType="integer">5</value>
  </variableValue>
  <variableValue variable="fr[year]">
    <value valueType="integer">73</value>
  </variableValue>
  <variableValue variable="fratt[year]">
    <value valueType="integer">63</value>
  </variableValue>
  <variableValue variable="frcr[year]">
    <value valueType="integer">69</value>
  </variableValue>
  <variableValue variable="fromt[year]">
    <value valueType="integer">79</value>
  </variableValue>
  <variableValue variable="frwg[year]">
    <value valueType="integer">86</value>
  </variableValue>
  <variableValue variable="game[year]">
    <value valueType="decimal">37.292758135442895</value>
  </variableValue>
  <variableValue variable="gds[year]1 –  gds[year]30">
    <value valueType="integer">1</value>
  </variableValue>
  <variableValue variable="gdstot[year]">
    <value valueType="integer">95</value>
  </variableValue>
  <variableValue variable="HANDS[year]">
    <value valueType="decimal">33.334779415644654</value>
  </variableValue>
  <variableValue variable="HARDLIQ[year]">
    <value valueType="integer">74</value>
  </variableValue>
  <variableValue variable="HEALTHCH[year]">
    <value valueType="integer">2</value>
  </variableValue>
  <variableValue variable="HEARAID[year]">
    <value valueType="integer">1</value>
  </variableValue>
  <variableValue variable="HEARCHG[year]">
    <value valueType="integer">2</value>
  </variableValue>
  <variableValue variable="HEARSPEC[year]">
    <value valueType="integer">3</value>
  </variableValue>
  <variableValue variable="HEART[year]">
    <value valueType="integer">2</value>
  </variableValue>
  <variableValue variable="HEIGHT[year]">
    <value valueType="integer">10</value>
  </variableValue>
  <variableValue variable="HHEIGHT[year]">
    <value valueType="integer">90</value>
  </variableValue>
  <variableValue variable="HIGHBLOO[year]">
    <value valueType="integer">2</value>
  </variableValue>
  <variableValue variable="HJOBTP[year]">
    <value valueType="integer">2</value>
  </variableValue>
  <variableValue variable="HMKHD[year]">
    <value valueType="decimal">20.541904320675442</value>
  </variableValue>
  <variableValue variable="HMKJB[year]">
    <value valueType="integer">51</value>
  </variableValue>
  <variableValue variable="HMKPE[year]">
    <value valueType="decimal">27.227304558419984</value>
  </variableValue>
  <variableValue variable="HMKPRS[year]">
    <value valueType="integer">1</value>
  </variableValue>
  <variableValue variable="HMKR[year]">
    <value valueType="integer">87</value>
  </variableValue>
  <variableValue variable="HMKRD[year]">
    <value valueType="decimal">84.45727410189554</value>
  </variableValue>
  <variableValue variable="HOSDAYS[year]">
    <value valueType="integer">97</value>
  </variableValue>
  <variableValue variable="HOSVISIT[year]">
    <value valueType="integer">0</value>
  </variableValue>
  <variableValue variable="HWEIGHT[year]">
    <value valueType="integer">88</value>
  </variableValue>
  <variableValue variable="INC[year]">
    <value valueType="integer">6</value>
  </variableValue>
  <variableValue variable="INC84[year]">
    <value valueType="integer">7</value>
  </variableValue>
  <variableValue variable="instr[year]">
    <value valueType="decimal">52.943510660665936</value>
  </variableValue>
  <variableValue variable="ir[year]a1 - ir[year]a20">
    <value valueType="integer">1</value>
  </variableValue>
  <variableValue variable="ir[year]b1 - ir[year]b20">
    <value valueType="integer">1</value>
  </variableValue>
  <variableValue variable="JOBLEN[year]">
    <value valueType="integer">3</value>
  </variableValue>
  <variableValue variable="JOBTYP[year]">
    <value valueType="integer">0</value>
  </variableValue>
  <variableValue variable="kidcar[year]">
    <value valueType="decimal">69.6843319806678</value>
  </variableValue>
  <variableValue variable="LAMB[year]">
    <value valueType="integer">1</value>
  </variableValue>
  <variableValue variable="lettot[year]">
    <value valueType="integer">72</value>
  </variableValue>
  <variableValue variable="LFST84[year]">
    <value valueType="integer">1</value>
  </variableValue>
  <variableValue variable="LIFSAT[year]">
    <value valueType="integer">1</value>
  </variableValue>
  <variableValue variable="LIVESMOK[year]">
    <value valueType="integer">3</value>
  </variableValue>
  <variableValue variable="ls[year]">
    <value valueType="integer">80</value>
  </variableValue>
  <variableValue variable="LSTJOB[year]">
    <value valueType="integer">4</value>
  </variableValue>
  <variableValue variable="LVNGWILL[year]">
    <value valueType="integer">2</value>
  </variableValue>
  <variableValue variable="MAGE[year]">
    <value valueType="integer">31</value>
  </variableValue>
  <variableValue variable="MAM[year]">
    <value valueType="integer">2</value>
  </variableValue>
  <variableValue variable="MAM2YR[year]">
    <value valueType="integer">1</value>
  </variableValue>
  <variableValue variable="MAMAGE[year]">
    <value valueType="integer">33</value>
  </variableValue>
  <variableValue variable="MAMEXAM[year]">
    <value valueType="integer">4</value>
  </variableValue>
  <variableValue variable="MASTECT[year]">
    <value valueType="integer">1</value>
  </variableValue>
  <variableValue variable="MCAUSE[year]">
    <value valueType="integer">2</value>
  </variableValue>
  <variableValue variable="MDIE[year]">
    <value valueType="integer">9</value>
  </variableValue>
  <variableValue variable="MED[year]">
    <value valueType="integer">4</value>
  </variableValue>
  <variableValue variable="MENAGE[year]">
    <value valueType="integer">28</value>
  </variableValue>
  <variableValue variable="MENHIST[year]">
    <value valueType="integer">8</value>
  </variableValue>
  <variableValue variable="MENSIT[year]">
    <value valueType="integer">3</value>
  </variableValue>
  <variableValue variable="MFQ[year]1">
    <value valueType="decimal">43.0515773523204</value>
  </variableValue>
  <variableValue variable="MFQ[year]2A">
    <value valueType="decimal">65.59031533264475</value>
  </variableValue>
  <variableValue variable="MFQ[year]2B">
    <value valueType="decimal">55.98367783698988</value>
  </variableValue>
  <variableValue variable="MFQ[year]2C">
    <value valueType="decimal">38.347311959869366</value>
  </variableValue>
  <variableValue variable="MFQ[year]2D">
    <value valueType="decimal">38.52020760414252</value>
  </variableValue>
  <variableValue variable="MFQ[year]2E">
    <value valueType="decimal">26.93927975401058</value>
  </variableValue>
  <variableValue variable="MFQ[year]3A">
    <value valueType="decimal">17.909488691555996</value>
  </variableValue>
  <variableValue variable="MFQ[year]3B">
    <value valueType="decimal">13.278055063665883</value>
  </variableValue>
  <variableValue variable="MFQ[year]3C">
    <value valueType="decimal">43.984428659610664</value>
  </variableValue>
  <variableValue variable="MFQ[year]3D">
    <value valueType="decimal">18.73297506647339</value>
  </variableValue>
  <variableValue variable="MFQ[year]3E">
    <value valueType="decimal">2.3500724003845397</value>
  </variableValue>
  <variableValue variable="MFQ[year]3F">
    <value valueType="decimal">76.89448926870652</value>
  </variableValue>
  <variableValue variable="MFQ[year]3G">
    <value valueType="decimal">62.03229439532835</value>
  </variableValue>
  <variableValue variable="MFQ[year]3H">
    <value valueType="decimal">42.172426811914264</value>
  </variableValue>
  <variableValue variable="MFQ[year]3I">
    <value valueType="decimal">94.3217989560282</value>
  </variableValue>
  <variableValue variable="MFQ[year]3J">
    <value valueType="decimal">80.67999345083788</value>
  </variableValue>
  <variableValue variable="MFQ[year]3K">
    <value valueType="decimal">5.036447481036355</value>
  </variableValue>
  <variableValue variable="MFQ[year]3L">
    <value valueType="decimal">17.95410982620297</value>
  </variableValue>
  <variableValue variable="MFQ[year]3M">
    <value valueType="decimal">7.4367694465162675</value>
  </variableValue>
  <variableValue variable="MFQ[year]3N">
    <value valueType="decimal">74.17108623428558</value>
  </variableValue>
  <variableValue variable="MFQ[year]3O">
    <value valueType="decimal">92.11451675450336</value>
  </variableValue>
  <variableValue variable="MFQ[year]3P">
    <value valueType="decimal">29.46620540398167</value>
  </variableValue>
  <variableValue variable="MFQ[year]3Q">
    <value valueType="decimal">95.69613873441689</value>
  </variableValue>
  <variableValue variable="MFQ[year]3R">
    <value valueType="decimal">77.9009434869711</value>
  </variableValue>
  <variableValue variable="MFQ[year]4A">
    <value valueType="decimal">37.33754265664477</value>
  </variableValue>
  <variableValue variable="MFQ[year]4B">
    <value valueType="decimal">41.99928019200296</value>
  </variableValue>
  <variableValue variable="MFQ[year]4C">
    <value valueType="decimal">43.721706302943055</value>
  </variableValue>
  <variableValue variable="MFQ[year]4D">
    <value valueType="decimal">94.36447328202729</value>
  </variableValue>
  <variableValue variable="MFQ[year]4E">
    <value valueType="decimal">65.40776296489831</value>
  </variableValue>
  <variableValue variable="MFQ[year]5A">
    <value valueType="decimal">27.771828622743833</value>
  </variableValue>
  <variableValue variable="MFQ[year]5B">
    <value valueType="decimal">53.531885059607944</value>
  </variableValue>
  <variableValue variable="MFQ[year]5C">
    <value valueType="decimal">9.705759470599906</value>
  </variableValue>
  <variableValue variable="MFQ[year]5D">
    <value valueType="decimal">2.4528215805423526</value>
  </variableValue>
  <variableValue variable="MFQ[year]5E">
    <value valueType="decimal">76.27807100789897</value>
  </variableValue>
  <variableValue variable="MFQ[year]6A">
    <value valueType="decimal">15.206382468412139</value>
  </variableValue>
  <variableValue variable="MFQ[year]6B">
    <value valueType="decimal">58.84821822989553</value>
  </variableValue>
  <variableValue variable="MFQ[year]6C">
    <value valueType="decimal">41.63431476180273</value>
  </variableValue>
  <variableValue variable="MFQ[year]6D">
    <value valueType="decimal">84.79752634456533</value>
  </variableValue>
  <variableValue variable="MFQ[year]7A">
    <value valueType="decimal">8.64724502325782</value>
  </variableValue>
  <variableValue variable="MFQ[year]7B">
    <value valueType="decimal">62.43232137401981</value>
  </variableValue>
  <variableValue variable="MFQ[year]7C">
    <value valueType="decimal">75.94430713939607</value>
  </variableValue>
  <variableValue variable="MFQ[year]7D">
    <value valueType="decimal">4.862866540846678</value>
  </variableValue>
  <variableValue variable="MFQ[year]7E">
    <value valueType="decimal">34.13219315790052</value>
  </variableValue>
  <variableValue variable="MFQ[year]7F">
    <value valueType="decimal">95.19530928994207</value>
  </variableValue>
  <variableValue variable="MFQ[year]7G">
    <value valueType="decimal">23.86426358248801</value>
  </variableValue>
  <variableValue variable="MFQ[year]7H">
    <value valueType="decimal">67.06456062419363</value>
  </variableValue>
  <variableValue variable="MFQ[year]7I">
    <value valueType="decimal">10.469443483935791</value>
  </variableValue>
  <variableValue variable="MFQ[year]7J">
    <value valueType="decimal">12.321790114851073</value>
  </variableValue>
  <variableValue variable="MFQ[year]7K">
    <value valueType="decimal">47.48662137068307</value>
  </variableValue>
  <variableValue variable="MFQ[year]7L">
    <value valueType="decimal">18.77791402132061</value>
  </variableValue>
  <variableValue variable="MFQ[year]7M">
    <value valueType="decimal">11.301499619704858</value>
  </variableValue>
  <variableValue variable="MFQ[year]7N">
    <value valueType="decimal">42.81371776118146</value>
  </variableValue>
  <variableValue variable="MFQ[year]7O">
    <value valueType="decimal">77.24998358265434</value>
  </variableValue>
  <variableValue variable="MFQ[year]7P">
    <value valueType="decimal">87.23009206686623</value>
  </variableValue>
  <variableValue variable="MFQ[year]7Q">
    <value valueType="decimal">32.46870076028322</value>
  </variableValue>
  <variableValue variable="MFQ[year]7R">
    <value valueType="decimal">57.07273163392862</value>
  </variableValue>
  <variableValue variable="MFQ[year]8A">
    <value valueType="decimal">12.61474897214624</value>
  </variableValue>
  <variableValue variable="MFQ[year]8B">
    <value valueType="decimal">23.781761362558473</value>
  </variableValue>
  <variableValue variable="MFQ[year]8C">
    <value valueType="decimal">96.33154423376448</value>
  </variableValue>
  <variableValue variable="MFQ[year]8D">
    <value valueType="decimal">29.657369912791374</value>
  </variableValue>
  <variableValue variable="MFQ[year]8E">
    <value valueType="decimal">63.80671215224667</value>
  </variableValue>
  <variableValue variable="MFQ[year]8F">
    <value valueType="decimal">94.38001147358638</value>
  </variableValue>
  <variableValue variable="MFQ[year]8G">
    <value valueType="decimal">2.5641383069606505</value>
  </variableValue>
  <variableValue variable="MFQ[year]8H">
    <value valueType="decimal">47.57224353977107</value>
  </variableValue>
  <variableValue variable="MFQ1[year]">
    <value valueType="integer">51</value>
  </variableValue>
  <variableValue variable="mfq1[year]">
    <value valueType="decimal">25.764613685701253</value>
  </variableValue>
  <variableValue variable="MFQ2[year]">
    <value valueType="integer">44</value>
  </variableValue>
  <variableValue variable="mfq2[year]">
    <value valueType="decimal">29.169372417110708</value>
  </variableValue>
  <variableValue variable="MFQ3[year]">
    <value valueType="integer">1</value>
  </variableValue>
  <variableValue variable="mfq3[year]">
    <value valueType="decimal">24.106862184665047</value>
  </variableValue>
  <variableValue variable="MFQ4[year]">
    <value valueType="integer">33</value>
  </variableValue>
  <variableValue variable="mfq4[year]">
    <value valueType="decimal">97.99487973991428</value>
  </variableValue>
  <variableValue variable="MLIVE[year]">
    <value valueType="integer">1</value>
  </variableValue>
  <variableValue variable="MOMWK[year]">
    <value valueType="integer">1</value>
  </variableValue>
  <variableValue variable="movie[year]">
    <value valueType="decimal">72.32972094135991</value>
  </variableValue>
  <variableValue variable="MSTA84[year]">
    <value valueType="integer">1</value>
  </variableValue>
  <variableValue variable="MSTAT[year]">
    <value valueType="integer">5</value>
  </variableValue>
  <variableValue variable="NBKS[year]">
    <value valueType="integer">69</value>
  </variableValue>
  <variableValue variable="NCONF[year]">
    <value valueType="integer">18</value>
  </variableValue>
  <variableValue variable="NEEDCATA[year]">
    <value valueType="integer">3</value>
  </variableValue>
  <variableValue variable="NEMP[year]">
    <value valueType="integer">91</value>
  </variableValue>
  <variableValue variable="NEUROTIC[year]">
    <value valueType="integer">9</value>
  </variableValue>
  <variableValue variable="NEWPRNT[year]">
    <value valueType="integer">2</value>
  </variableValue>
  <variableValue variable="nfr[year]">
    <value valueType="integer">19</value>
  </variableValue>
  <variableValue variable="NFRN[year]">
    <value valueType="integer">65</value>
  </variableValue>
  <variableValue variable="NGRNKD[year]">
    <value valueType="integer">98</value>
  </variableValue>
  <variableValue variable="NJOB[year]">
    <value valueType="integer">5</value>
  </variableValue>
  <variableValue variable="NKDHM[year]">
    <value valueType="integer">39</value>
  </variableValue>
  <variableValue variable="NKIDS[year]">
    <value valueType="integer">94</value>
  </variableValue>
  <variableValue variable="NMAG[year]">
    <value valueType="integer">29</value>
  </variableValue>
  <variableValue variable="NMOV[year]">
    <value valueType="integer">78</value>
  </variableValue>
  <variableValue variable="NMTG[year]">
    <value valueType="integer">83</value>
  </variableValue>
  <variableValue variable="NNEIG[year]">
    <value valueType="integer">1</value>
  </variableValue>
  <variableValue variable="NOBR[year]">
    <value valueType="integer">49</value>
  </variableValue>
  <variableValue variable="NOISE[year]">
    <value valueType="integer">2</value>
  </variableValue>
  <variableValue variable="NONFIC[year]">
    <value valueType="integer">5</value>
  </variableValue>
  <variableValue variable="nor[year]">
    <value valueType="integer">23</value>
  </variableValue>
  <variableValue variable="norcr[year]">
    <value valueType="integer">8</value>
  </variableValue>
  <variableValue variable="NOSIS[year]">
    <value valueType="integer">40</value>
  </variableValue>
  <variableValue variable="NOWRK[year]">
    <value valueType="integer">7</value>
  </variableValue>
  <variableValue variable="NRMS[year]">
    <value valueType="integer">31</value>
  </variableValue>
  <variableValue variable="nsp08">
    <value valueType="integer">36</value>
  </variableValue>
  <variableValue variable="NSTATE[year]">
    <value valueType="integer">92</value>
  </variableValue>
  <variableValue variable="NTRAD[year]">
    <value valueType="integer">74</value>
  </variableValue>
  <variableValue variable="NTRIPS[year]">
    <value valueType="integer">22</value>
  </variableValue>
  <variableValue variable="numtot[year]">
    <value valueType="integer">57</value>
  </variableValue>
  <variableValue variable="NVISIT[year]">
    <value valueType="integer">3</value>
  </variableValue>
  <variableValue variable="NWED[year]">
    <value valueType="integer">55</value>
  </variableValue>
  <variableValue variable="NYBR[year]">
    <value valueType="integer">30</value>
  </variableValue>
  <variableValue variable="NYSIS[year]">
    <value valueType="integer">17</value>
  </variableValue>
  <variableValue variable="OBGYN[year]">
    <value valueType="integer">1</value>
  </variableValue>
  <variableValue variable="OCC[year]">
    <value valueType="integer">8</value>
  </variableValue>
  <variableValue variable="OCC84[year]">
    <value valueType="integer">6</value>
  </variableValue>
  <variableValue variable="OPEN[year]">
    <value valueType="integer">91</value>
  </variableValue>
  <variableValue variable="or[year]">
    <value valueType="integer">44</value>
  </variableValue>
  <variableValue variable="oratt[year]">
    <value valueType="integer">47</value>
  </variableValue>
  <variableValue variable="ORGAN[year]">
    <value valueType="integer">4</value>
  </variableValue>
  <variableValue variable="oromt[year]">
    <value valueType="integer">27</value>
  </variableValue>
  <variableValue variable="orwg[year]">
    <value valueType="integer">33</value>
  </variableValue>
  <variableValue variable="OTJ[year]">
    <value valueType="integer">1</value>
  </variableValue>
  <variableValue variable="outhob[year]">
    <value valueType="decimal">66.88348375119483</value>
  </variableValue>
  <variableValue variable="OWNHM[year]">
    <value valueType="integer">0</value>
  </variableValue>
  <variableValue variable="PAINREL[year]">
    <value valueType="integer">3</value>
  </variableValue>
  <variableValue variable="PAP[year]">
    <value valueType="integer">5</value>
  </variableValue>
  <variableValue variable="party[year]">
    <value valueType="decimal">94.14196324129185</value>
  </variableValue>
  <variableValue variable="pase1">
    <value valueType="integer">0</value>
  </variableValue>
  <variableValue variable="pase10">
    <value valueType="integer">0</value>
  </variableValue>
  <variableValue variable="pase10a">
    <value valueType="decimal">88.19610357018946</value>
  </variableValue>
  <variableValue variable="pase10b">
    <value valueType="integer">3</value>
  </variableValue>
  <variableValue variable="pase1b">
    <value valueType="integer">2</value>
  </variableValue>
  <variableValue variable="pase2">
    <value valueType="integer">0</value>
  </variableValue>
  <variableValue variable="pase2a">
    <value valueType="integer">2</value>
  </variableValue>
  <variableValue variable="pase3">
    <value valueType="integer">3</value>
  </variableValue>
  <variableValue variable="pase3b">
    <value valueType="integer">2</value>
  </variableValue>
  <variableValue variable="pase4">
    <value valueType="integer">0</value>
  </variableValue>
  <variableValue variable="pase4b">
    <value valueType="integer">3</value>
  </variableValue>
  <variableValue variable="pase5">
    <value valueType="integer">0</value>
  </variableValue>
  <variableValue variable="pase5b">
    <value valueType="integer">4</value>
  </variableValue>
  <variableValue variable="pase6">
    <value valueType="integer">0</value>
  </variableValue>
  <variableValue variable="pase6b">
    <value valueType="integer">3</value>
  </variableValue>
  <variableValue variable="pase7">
    <value valueType="integer">1</value>
  </variableValue>
  <variableValue variable="pase8">
    <value valueType="integer">0</value>
  </variableValue>
  <variableValue variable="pase9a - pase9d">
    <value valueType="integer">1</value>
  </variableValue>
  <variableValue variable="pattot[year]">
    <value valueType="integer">68</value>
  </variableValue>
  <variableValue variable="PDEMP[year]">
    <value valueType="integer">0</value>
  </variableValue>
  <variableValue variable="PEOP[year]">
    <value valueType="decimal">54.059199288470424</value>
  </variableValue>
  <variableValue variable="pets[year]">
    <value valueType="decimal">98.4893381925453</value>
  </variableValue>
  <variableValue variable="phone[year]">
    <value valueType="decimal">51.51310719249289</value>
  </variableValue>
  <variableValue variable="picnic[year]">
    <value valueType="decimal">85.96882332486871</value>
  </variableValue>
  <variableValue variable="PIPEDAY[year]">
    <value valueType="integer">5</value>
  </variableValue>
  <variableValue variable="PIPES[year]">
    <value valueType="integer">1</value>
  </variableValue>
  <variableValue variable="pirr1[year]">
    <value valueType="integer">100</value>
  </variableValue>
  <variableValue variable="pirr2[year]">
    <value valueType="integer">53</value>
  </variableValue>
  <variableValue variable="PORK[year]">
    <value valueType="integer">3</value>
  </variableValue>
  <variableValue variable="ppr1[year]">
    <value valueType="integer">24</value>
  </variableValue>
  <variableValue variable="ppr2[year]">
    <value valueType="integer">38</value>
  </variableValue>
  <variableValue variable="ppr3[year]">
    <value valueType="integer">59</value>
  </variableValue>
  <variableValue variable="pray[year]">
    <value valueType="decimal">54.320966840249255</value>
  </variableValue>
  <variableValue variable="PRESR[year]">
    <value valueType="integer">1</value>
  </variableValue>
  <variableValue variable="PRO2YR[year]">
    <value valueType="integer">2</value>
  </variableValue>
  <variableValue variable="PROAGE[year]">
    <value valueType="integer">67</value>
  </variableValue>
  <variableValue variable="PROENLAR[year]">
    <value valueType="integer">1</value>
  </variableValue>
  <variableValue variable="PROEXAM[year]">
    <value valueType="integer">23</value>
  </variableValue>
  <variableValue variable="PROS[year]">
    <value valueType="integer">1</value>
  </variableValue>
  <variableValue variable="PROSUC[year]">
    <value valueType="integer">1</value>
  </variableValue>
  <variableValue variable="PRSC84[year]">
    <value valueType="integer">2</value>
  </variableValue>
  <variableValue variable="radio[year]">
    <value valueType="decimal">64.81704553386675</value>
  </variableValue>
  <variableValue variable="RDPAPR[year]">
    <value valueType="integer">1</value>
  </variableValue>
  <variableValue variable="RDWRIT[year]">
    <value valueType="decimal">72.91650690754057</value>
  </variableValue>
  <variableValue variable="read[year]">
    <value valueType="decimal">60.53538091062518</value>
  </variableValue>
  <variableValue variable="REGULAR[year]">
    <value valueType="integer">1</value>
  </variableValue>
  <variableValue variable="REMAR[year]">
    <value valueType="integer">97</value>
  </variableValue>
  <variableValue variable="rv[year]">
    <value valueType="integer">23</value>
  </variableValue>
  <variableValue variable="SAFE[year]">
    <value valueType="integer">1</value>
  </variableValue>
  <variableValue variable="SBHWY[year]">
    <value valueType="integer">3</value>
  </variableValue>
  <variableValue variable="SBTOWN[year]">
    <value valueType="integer">3</value>
  </variableValue>
  <variableValue variable="SELFBLOO[year]">
    <value valueType="integer">3</value>
  </variableValue>
  <variableValue variable="selfim[year]">
    <value valueType="decimal">95.36814755880492</value>
  </variableValue>
  <variableValue variable="SELFMAM[year]">
    <value valueType="integer">1</value>
  </variableValue>
  <variableValue variable="sex">
    <value valueType="integer">0</value>
  </variableValue>
  <variableValue variable="shop[year]">
    <value valueType="decimal">8.38167216405229</value>
  </variableValue>
  <variableValue variable="SIBS[year]">
    <value valueType="integer">18</value>
  </variableValue>
  <variableValue variable="SLEEP[year]">
    <value valueType="integer">3</value>
  </variableValue>
  <variableValue variable="smdvh[year]">
    <value valueType="integer">68</value>
  </variableValue>
  <variableValue variable="smdvl[year]">
    <value valueType="integer">6</value>
  </variableValue>
  <variableValue variable="SMK[year]">
    <value valueType="integer">1</value>
  </variableValue>
  <variableValue variable="SMOKE[year]">
    <value valueType="integer">2</value>
  </variableValue>
  <variableValue variable="SMOKEPAS[year]">
    <value valueType="decimal">53.56480161186147</value>
  </variableValue>
  <variableValue variable="SODA[year]">
    <value valueType="integer">2</value>
  </variableValue>
  <variableValue variable="SODIUM[year]">
    <value valueType="integer">1</value>
  </variableValue>
  <variableValue variable="SPBRN[year]">
    <value valueType="integer">27</value>
  </variableValue>
  <variableValue variable="spec[year]">
    <value valueType="decimal">32.21718963571929</value>
  </variableValue>
  <variableValue variable="SPEED[year]">
    <value valueType="integer">1</value>
  </variableValue>
  <variableValue variable="SPOCC[year]">
    <value valueType="integer">7</value>
  </variableValue>
  <variableValue variable="sport[year]">
    <value valueType="decimal">20.57806120629421</value>
  </variableValue>
  <variableValue variable="SPRVIS[year]">
    <value valueType="integer">1</value>
  </variableValue>
  <variableValue variable="SREYE[year]">
    <value valueType="integer">3</value>
  </variableValue>
  <variableValue variable="srh[year]">
    <value valueType="integer">2</value>
  </variableValue>
  <variableValue variable="SRHEALTH">
    <value valueType="integer">5</value>
  </variableValue>
  <variableValue variable="SRHEAR[year]">
    <value valueType="integer">1</value>
  </variableValue>
  <variableValue variable="sstot[year]">
    <value valueType="integer">95</value>
  </variableValue>
  <variableValue variable="STAIRS[year]">
    <value valueType="integer">2</value>
  </variableValue>
  <variableValue variable="TEA[year]">
    <value valueType="integer">3</value>
  </variableValue>
  <variableValue variable="TRAF[year]">
    <value valueType="integer">0</value>
  </variableValue>
  <variableValue variable="travel[year]">
    <value valueType="decimal">0.9494886192166208</value>
  </variableValue>
  <variableValue variable="TREES[year]">
    <value valueType="integer">5</value>
  </variableValue>
  <variableValue variable="TRYSTOP[year]">
    <value valueType="integer">2</value>
  </variableValue>
  <variableValue variable="tv[year]">
    <value valueType="decimal">70.5577491089478</value>
  </variableValue>
  <variableValue variable="TYPBLD[year]">
    <value valueType="integer">2</value>
  </variableValue>
  <variableValue variable="UNIVEX[year]">
    <value valueType="integer">1</value>
  </variableValue>
  <variableValue variable="VEAL[year]">
    <value valueType="integer">3</value>
  </variableValue>
  <variableValue variable="vis[year]">
    <value valueType="decimal">42.025050017039966</value>
  </variableValue>
  <variableValue variable="vocab1[year]">
    <value valueType="integer">18</value>
  </variableValue>
  <variableValue variable="vocab2[year]">
    <value valueType="integer">84</value>
  </variableValue>
  <variableValue variable="VOCAT[year]">
    <value valueType="integer">0</value>
  </variableValue>
  <variableValue variable="vol[year]">
    <value valueType="decimal">28.962707063501526</value>
  </variableValue>
  <variableValue variable="walk[year]">
    <value valueType="decimal">8.825871099678961</value>
  </variableValue>
  <variableValue variable="WALK[year]">
    <value valueType="integer">4</value>
  </variableValue>
  <variableValue variable="wdflu[year]">
    <value valueType="integer">53</value>
  </variableValue>
  <variableValue variable="WEIGHT[year]">
    <value valueType="integer">49</value>
  </variableValue>
  <variableValue variable="WELL[year]">
    <value valueType="integer">3</value>
  </variableValue>
  <variableValue variable="WINE[year]">
    <value valueType="integer">89</value>
  </variableValue>
  <variableValue variable="write[year]">
    <value valueType="decimal">65.04702069454447</value>
  </variableValue>
  <variableValue variable="WRKPLC[year]">
    <value valueType="integer">1</value>
  </variableValue>
  <variableValue variable="WRKTYP[year]">
    <value valueType="integer">2</value>
  </variableValue>
  <variableValue variable="ws[year]">
    <value valueType="integer">17</value>
  </variableValue>
  <variableValue variable="YEAROP[year]">
    <value valueType="integer">55</value>
  </variableValue>
  <variableValue variable="YRQUIT[year]">
    <value valueType="integer">88</value>
  </variableValue>
  <variableValue variable="YRRET[year]">
    <value valueType="integer">81</value>
  </variableValue>
  <variableValue variable="YRSMOKE[year]">
    <value valueType="decimal">18.879580317783006</value>
  </variableValue>
</valueSet>