<valueSet valueTable="2008" entityType="Participant" entityIdentifier="34118925">
  <variableValue variable="ADLTED[year]">
    <value valueType="integer">0</value>
  </variableValue>
  <variableValue variable="ADVDIR[year]">
    <value valueType="integer">1</value>
  </variableValue>
  <variableValue variable="age[year]">
    <value valueType="integer">68</value>
  </variableValue>
  <variableValue variable="AGEKID[year]">
    <value valueType="integer">75</value>
  </variableValue>
  <variableValue variable="AGENB[year]">
    <value valueType="integer">7</value>
  </variableValue>
  <variableValue variable="AGEWED[year]">
    <value valueType="integer">14</value>
  </variableValue>
  <variableValue variable="AGFRN[year]">
    <value valueType="integer">2</value>
  </variableValue>
  <variableValue variable="AGREE[year]">
    <value valueType="integer">33</value>
  </variableValue>
  <variableValue variable="ALCOHOL[year]">
    <value valueType="integer">2</value>
  </variableValue>
  <variableValue variable="Apdemp[year]">
    <value valueType="decimal">78.15867737788608</value>
  </variableValue>
  <variableValue variable="ART[year]">
    <value valueType="integer">3</value>
  </variableValue>
  <variableValue variable="BDATE_DY">
    <value valueType="integer">74</value>
  </variableValue>
  <variableValue variable="BDATE_MO">
    <value valueType="integer">94</value>
  </variableValue>
  <variableValue variable="BDATE_YR">
    <value valueType="integer">19</value>
  </variableValue>
  <variableValue variable="BEEF[year]">
    <value valueType="integer">1</value>
  </variableValue>
  <variableValue variable="BEER[year]">
    <value valueType="integer">13</value>
  </variableValue>
  <variableValue variable="BLDLK[year]">
    <value valueType="integer">1</value>
  </variableValue>
  <variableValue variable="BLOODPRE[year]">
    <value valueType="integer">2</value>
  </variableValue>
  <variableValue variable="BOOK[year]">
    <value valueType="integer">1</value>
  </variableValue>
  <variableValue variable="BRUSH[year]">
    <value valueType="integer">74</value>
  </variableValue>
  <variableValue variable="BUTTER[year]">
    <value valueType="integer">5</value>
  </variableValue>
  <variableValue variable="BUYFAT[year]">
    <value valueType="integer">4</value>
  </variableValue>
  <variableValue variable="BUYSALT[year]">
    <value valueType="integer">3</value>
  </variableValue>
  <variableValue variable="CANCHK[year]">
    <value valueType="integer">1</value>
  </variableValue>
  <variableValue variable="cards[year]">
    <value valueType="decimal">45.654981714318275</value>
  </variableValue>
  <variableValue variable="CATARACT[year]">
    <value valueType="integer">2</value>
  </variableValue>
  <variableValue variable="CHKFAT[year]">
    <value valueType="integer">4</value>
  </variableValue>
  <variableValue variable="CHOLES[year]">
    <value valueType="integer">1</value>
  </variableValue>
  <variableValue variable="chur[year]">
    <value valueType="decimal">55.359156433406774</value>
  </variableValue>
  <variableValue variable="CIGARDAY[year]">
    <value valueType="integer">3</value>
  </variableValue>
  <variableValue variable="CIGARS[year]">
    <value valueType="integer">5</value>
  </variableValue>
  <variableValue variable="CIGDAY[year]">
    <value valueType="integer">3</value>
  </variableValue>
  <variableValue variable="CIGS[year]">
    <value valueType="integer">2</value>
  </variableValue>
  <variableValue variable="CLNAIR[year]">
    <value valueType="integer">1</value>
  </variableValue>
  <variableValue variable="COFFEE[year]">
    <value valueType="integer">5</value>
  </variableValue>
  <variableValue variable="CONSCIEN[year]">
    <value valueType="integer">82</value>
  </variableValue>
  <variableValue variable="cook[year]">
    <value valueType="decimal">15.949648391018423</value>
  </variableValue>
  <variableValue variable="COOKBUT[year]">
    <value valueType="integer">5</value>
  </variableValue>
  <variableValue variable="CORS[year]">
    <value valueType="integer">0</value>
  </variableValue>
  <variableValue variable="crafts[year]">
    <value valueType="decimal">44.27654188498506</value>
  </variableValue>
  <variableValue variable="crdp1[year]">
    <value valueType="integer">26</value>
  </variableValue>
  <variableValue variable="crdp2[year]">
    <value valueType="integer">54</value>
  </variableValue>
  <variableValue variable="cult[year]">
    <value valueType="decimal">53.24611773253597</value>
  </variableValue>
  <variableValue variable="dance[year]">
    <value valueType="decimal">84.03834648550497</value>
  </variableValue>
  <variableValue variable="DENTIST[year]">
    <value valueType="integer">1</value>
  </variableValue>
  <variableValue variable="DENTURE[year]">
    <value valueType="integer">2</value>
  </variableValue>
  <variableValue variable="DIABET[year]">
    <value valueType="integer">1</value>
  </variableValue>
  <variableValue variable="DRMAM[year]">
    <value valueType="integer">4</value>
  </variableValue>
  <variableValue variable="DRVISIT[year]">
    <value valueType="integer">5</value>
  </variableValue>
  <variableValue variable="dydrm[year]">
    <value valueType="decimal">65.25905606199616</value>
  </variableValue>
  <variableValue variable="EARCHK[year]">
    <value valueType="integer">1</value>
  </variableValue>
  <variableValue variable="eatout[year]">
    <value valueType="decimal">35.27512829066413</value>
  </variableValue>
  <variableValue variable="EATSALT[year]">
    <value valueType="integer">4</value>
  </variableValue>
  <variableValue variable="edact[year]">
    <value valueType="decimal">54.5447169806493</value>
  </variableValue>
  <variableValue variable="educ">
    <value valueType="integer">53</value>
  </variableValue>
  <variableValue variable="EDUC[year]">
    <value valueType="integer">71</value>
  </variableValue>
  <variableValue variable="EGG[year]">
    <value valueType="integer">3</value>
  </variableValue>
  <variableValue variable="eldcar[year]">
    <value valueType="decimal">16.384417941584683</value>
  </variableValue>
  <variableValue variable="ELDCAR[year]">
    <value valueType="decimal">61.57023230770301</value>
  </variableValue>
  <variableValue variable="ENT1[year]">
    <value valueType="integer">14</value>
  </variableValue>
  <variableValue variable="ENT2[year]">
    <value valueType="integer">14</value>
  </variableValue>
  <variableValue variable="ENT3[year]">
    <value valueType="integer">2</value>
  </variableValue>
  <variableValue variable="eth[year]">
    <value valueType="integer">7</value>
  </variableValue>
  <variableValue variable="EXCERTOT[year]">
    <value valueType="decimal">71.41924847438966</value>
  </variableValue>
  <variableValue variable="EXCERWK[year]">
    <value valueType="integer">64</value>
  </variableValue>
  <variableValue variable="EXTRAVER[year]">
    <value valueType="integer">1</value>
  </variableValue>
  <variableValue variable="EYECHG[year]">
    <value valueType="integer">6</value>
  </variableValue>
  <variableValue variable="EYECHK[year]">
    <value valueType="integer">0</value>
  </variableValue>
  <variableValue variable="EYEGLAS[year]">
    <value valueType="integer">2</value>
  </variableValue>
  <variableValue variable="FAGE[year]">
    <value valueType="integer">18</value>
  </variableValue>
  <variableValue variable="FAITH[year]">
    <value valueType="integer">1</value>
  </variableValue>
  <variableValue variable="FALLS[year]">
    <value valueType="integer">4</value>
  </variableValue>
  <variableValue variable="FCAUSE[year]">
    <value valueType="integer">1</value>
  </variableValue>
  <variableValue variable="FDIE[year]">
    <value valueType="integer">29</value>
  </variableValue>
  <variableValue variable="FIC[year]">
    <value valueType="integer">61</value>
  </variableValue>
  <variableValue variable="fit[year]">
    <value valueType="decimal">59.51902878770592</value>
  </variableValue>
  <variableValue variable="FLIVE[year]">
    <value valueType="integer">3</value>
  </variableValue>
  <variableValue variable="FLOSS[year]">
    <value valueType="integer">6</value>
  </variableValue>
  <variableValue variable="FLUSHOT[year]">
    <value valueType="integer">1</value>
  </variableValue>
  <variableValue variable="fr[year]">
    <value valueType="integer">12</value>
  </variableValue>
  <variableValue variable="fratt[year]">
    <value valueType="integer">17</value>
  </variableValue>
  <variableValue variable="frcr[year]">
    <value valueType="integer">30</value>
  </variableValue>
  <variableValue variable="fromt[year]">
    <value valueType="integer">96</value>
  </variableValue>
  <variableValue variable="frwg[year]">
    <value valueType="integer">91</value>
  </variableValue>
  <variableValue variable="game[year]">
    <value valueType="decimal">17.54294932753544</value>
  </variableValue>
  <variableValue variable="gds[year]1 –  gds[year]30">
    <value valueType="integer">1</value>
  </variableValue>
  <variableValue variable="gdstot[year]">
    <value valueType="integer">73</value>
  </variableValue>
  <variableValue variable="HANDS[year]">
    <value valueType="decimal">42.29043241421302</value>
  </variableValue>
  <variableValue variable="HARDLIQ[year]">
    <value valueType="integer">47</value>
  </variableValue>
  <variableValue variable="HEALTHCH[year]">
    <value valueType="integer">6</value>
  </variableValue>
  <variableValue variable="HEARAID[year]">
    <value valueType="integer">0</value>
  </variableValue>
  <variableValue variable="HEARCHG[year]">
    <value valueType="integer">6</value>
  </variableValue>
  <variableValue variable="HEARSPEC[year]">
    <value valueType="integer">3</value>
  </variableValue>
  <variableValue variable="HEART[year]">
    <value valueType="integer">2</value>
  </variableValue>
  <variableValue variable="HEIGHT[year]">
    <value valueType="integer">98</value>
  </variableValue>
  <variableValue variable="HHEIGHT[year]">
    <value valueType="integer">69</value>
  </variableValue>
  <variableValue variable="HIGHBLOO[year]">
    <value valueType="integer">1</value>
  </variableValue>
  <variableValue variable="HJOBTP[year]">
    <value valueType="integer">9</value>
  </variableValue>
  <variableValue variable="HMKHD[year]">
    <value valueType="decimal">5.383107120187402</value>
  </variableValue>
  <variableValue variable="HMKJB[year]">
    <value valueType="integer">20</value>
  </variableValue>
  <variableValue variable="HMKPE[year]">
    <value valueType="decimal">90.56011485037448</value>
  </variableValue>
  <variableValue variable="HMKPRS[year]">
    <value valueType="integer">3</value>
  </variableValue>
  <variableValue variable="HMKR[year]">
    <value valueType="integer">47</value>
  </variableValue>
  <variableValue variable="HMKRD[year]">
    <value valueType="decimal">78.92904315577613</value>
  </variableValue>
  <variableValue variable="HOSDAYS[year]">
    <value valueType="integer">26</value>
  </variableValue>
  <variableValue variable="HOSVISIT[year]">
    <value valueType="integer">0</value>
  </variableValue>
  <variableValue variable="HWEIGHT[year]">
    <value valueType="integer">96</value>
  </variableValue>
  <variableValue variable="INC[year]">
    <value valueType="integer">15</value>
  </variableValue>
  <variableValue variable="INC84[year]">
    <value valueType="integer">6</value>
  </variableValue>
  <variableValue variable="instr[year]">
    <value valueType="decimal">21.392891654520263</value>
  </variableValue>
  <variableValue variable="ir[year]a1 - ir[year]a20">
    <value valueType="integer">0</value>
  </variableValue>
  <variableValue variable="ir[year]b1 - ir[year]b20">
    <value valueType="integer">1</value>
  </variableValue>
  <variableValue variable="JOBLEN[year]">
    <value valueType="integer">5</value>
  </variableValue>
  <variableValue variable="JOBTYP[year]">
    <value valueType="integer">9</value>
  </variableValue>
  <variableValue variable="kidcar[year]">
    <value valueType="decimal">65.66799621764964</value>
  </variableValue>
  <variableValue variable="LAMB[year]">
    <value valueType="integer">4</value>
  </variableValue>
  <variableValue variable="lettot[year]">
    <value valueType="integer">72</value>
  </variableValue>
  <variableValue variable="LFST84[year]">
    <value valueType="integer">5</value>
  </variableValue>
  <variableValue variable="LIFSAT[year]">
    <value valueType="integer">5</value>
  </variableValue>
  <variableValue variable="LIVESMOK[year]">
    <value valueType="integer">3</value>
  </variableValue>
  <variableValue variable="ls[year]">
    <value valueType="integer">83</value>
  </variableValue>
  <variableValue variable="LSTJOB[year]">
    <value valueType="integer">9</value>
  </variableValue>
  <variableValue variable="LVNGWILL[year]">
    <value valueType="integer">1</value>
  </variableValue>
  <variableValue variable="MAGE[year]">
    <value valueType="integer">79</value>
  </variableValue>
  <variableValue variable="MAM[year]">
    <value valueType="integer">2</value>
  </variableValue>
  <variableValue variable="MAM2YR[year]">
    <value valueType="integer">2</value>
  </variableValue>
  <variableValue variable="MAMAGE[year]">
    <value valueType="integer">66</value>
  </variableValue>
  <variableValue variable="MAMEXAM[year]">
    <value valueType="integer">44</value>
  </variableValue>
  <variableValue variable="MASTECT[year]">
    <value valueType="integer">1</value>
  </variableValue>
  <variableValue variable="MCAUSE[year]">
    <value valueType="integer">1</value>
  </variableValue>
  <variableValue variable="MDIE[year]">
    <value valueType="integer">9</value>
  </variableValue>
  <variableValue variable="MED[year]">
    <value valueType="integer">4</value>
  </variableValue>
  <variableValue variable="MENAGE[year]">
    <value valueType="integer">23</value>
  </variableValue>
  <variableValue variable="MENHIST[year]">
    <value valueType="integer">77</value>
  </variableValue>
  <variableValue variable="MENSIT[year]">
    <value valueType="integer">1</value>
  </variableValue>
  <variableValue variable="MFQ[year]1">
    <value valueType="decimal">89.04010698608154</value>
  </variableValue>
  <variableValue variable="MFQ[year]2A">
    <value valueType="decimal">15.940850284061359</value>
  </variableValue>
  <variableValue variable="MFQ[year]2B">
    <value valueType="decimal">39.82691223612529</value>
  </variableValue>
  <variableValue variable="MFQ[year]2C">
    <value valueType="decimal">74.80134950589778</value>
  </variableValue>
  <variableValue variable="MFQ[year]2D">
    <value valueType="decimal">85.87292902455081</value>
  </variableValue>
  <variableValue variable="MFQ[year]2E">
    <value valueType="decimal">82.67170936578133</value>
  </variableValue>
  <variableValue variable="MFQ[year]3A">
    <value valueType="decimal">92.624103717281</value>
  </variableValue>
  <variableValue variable="MFQ[year]3B">
    <value valueType="decimal">66.27025147430456</value>
  </variableValue>
  <variableValue variable="MFQ[year]3C">
    <value valueType="decimal">40.619221802522354</value>
  </variableValue>
  <variableValue variable="MFQ[year]3D">
    <value valueType="decimal">20.133149086907288</value>
  </variableValue>
  <variableValue variable="MFQ[year]3E">
    <value valueType="decimal">30.543121056572264</value>
  </variableValue>
  <variableValue variable="MFQ[year]3F">
    <value valueType="decimal">77.91123001577381</value>
  </variableValue>
  <variableValue variable="MFQ[year]3G">
    <value valueType="decimal">60.82978176303166</value>
  </variableValue>
  <variableValue variable="MFQ[year]3H">
    <value valueType="decimal">50.990610468223565</value>
  </variableValue>
  <variableValue variable="MFQ[year]3I">
    <value valueType="decimal">20.224765920957378</value>
  </variableValue>
  <variableValue variable="MFQ[year]3J">
    <value valueType="decimal">5.605066416141968</value>
  </variableValue>
  <variableValue variable="MFQ[year]3K">
    <value valueType="decimal">7.692070979242105</value>
  </variableValue>
  <variableValue variable="MFQ[year]3L">
    <value valueType="decimal">34.7478648252366</value>
  </variableValue>
  <variableValue variable="MFQ[year]3M">
    <value valueType="decimal">89.7422713406485</value>
  </variableValue>
  <variableValue variable="MFQ[year]3N">
    <value valueType="decimal">29.642382695086024</value>
  </variableValue>
  <variableValue variable="MFQ[year]3O">
    <value valueType="decimal">28.811072157463403</value>
  </variableValue>
  <variableValue variable="MFQ[year]3P">
    <value valueType="decimal">22.470018097018986</value>
  </variableValue>
  <variableValue variable="MFQ[year]3Q">
    <value valueType="decimal">9.18740747717397</value>
  </variableValue>
  <variableValue variable="MFQ[year]3R">
    <value valueType="decimal">70.46886389128699</value>
  </variableValue>
  <variableValue variable="MFQ[year]4A">
    <value valueType="decimal">62.94725727931522</value>
  </variableValue>
  <variableValue variable="MFQ[year]4B">
    <value valueType="decimal">77.20829574396154</value>
  </variableValue>
  <variableValue variable="MFQ[year]4C">
    <value valueType="decimal">66.47573842000365</value>
  </variableValue>
  <variableValue variable="MFQ[year]4D">
    <value valueType="decimal">3.4259904264931085</value>
  </variableValue>
  <variableValue variable="MFQ[year]4E">
    <value valueType="decimal">67.84996060887524</value>
  </variableValue>
  <variableValue variable="MFQ[year]5A">
    <value valueType="decimal">43.71120698902027</value>
  </variableValue>
  <variableValue variable="MFQ[year]5B">
    <value valueType="decimal">91.31595051339623</value>
  </variableValue>
  <variableValue variable="MFQ[year]5C">
    <value valueType="decimal">30.769183348391426</value>
  </variableValue>
  <variableValue variable="MFQ[year]5D">
    <value valueType="decimal">92.3440194976025</value>
  </variableValue>
  <variableValue variable="MFQ[year]5E">
    <value valueType="decimal">53.057420348972606</value>
  </variableValue>
  <variableValue variable="MFQ[year]6A">
    <value valueType="decimal">45.62024376898124</value>
  </variableValue>
  <variableValue variable="MFQ[year]6B">
    <value valueType="decimal">19.108473860490506</value>
  </variableValue>
  <variableValue variable="MFQ[year]6C">
    <value valueType="decimal">99.47203274660906</value>
  </variableValue>
  <variableValue variable="MFQ[year]6D">
    <value valueType="decimal">90.52157245541208</value>
  </variableValue>
  <variableValue variable="MFQ[year]7A">
    <value valueType="decimal">29.589785690073256</value>
  </variableValue>
  <variableValue variable="MFQ[year]7B">
    <value valueType="decimal">10.90513603883827</value>
  </variableValue>
  <variableValue variable="MFQ[year]7C">
    <value valueType="decimal">48.76413822431124</value>
  </variableValue>
  <variableValue variable="MFQ[year]7D">
    <value valueType="decimal">38.28488272882565</value>
  </variableValue>
  <variableValue variable="MFQ[year]7E">
    <value valueType="decimal">49.29128904000501</value>
  </variableValue>
  <variableValue variable="MFQ[year]7F">
    <value valueType="decimal">9.770974295250923</value>
  </variableValue>
  <variableValue variable="MFQ[year]7G">
    <value valueType="decimal">62.60173958065732</value>
  </variableValue>
  <variableValue variable="MFQ[year]7H">
    <value valueType="decimal">28.528347791315902</value>
  </variableValue>
  <variableValue variable="MFQ[year]7I">
    <value valueType="decimal">53.74774271724823</value>
  </variableValue>
  <variableValue variable="MFQ[year]7J">
    <value valueType="decimal">21.05526759514692</value>
  </variableValue>
  <variableValue variable="MFQ[year]7K">
    <value valueType="decimal">34.16115648013884</value>
  </variableValue>
  <variableValue variable="MFQ[year]7L">
    <value valueType="decimal">6.9969885890514005</value>
  </variableValue>
  <variableValue variable="MFQ[year]7M">
    <value valueType="decimal">77.39844978438884</value>
  </variableValue>
  <variableValue variable="MFQ[year]7N">
    <value valueType="decimal">1.5676229558901356</value>
  </variableValue>
  <variableValue variable="MFQ[year]7O">
    <value valueType="decimal">82.5676741899999</value>
  </variableValue>
  <variableValue variable="MFQ[year]7P">
    <value valueType="decimal">12.29942402804105</value>
  </variableValue>
  <variableValue variable="MFQ[year]7Q">
    <value valueType="decimal">17.240467599548236</value>
  </variableValue>
  <variableValue variable="MFQ[year]7R">
    <value valueType="decimal">35.273285646877426</value>
  </variableValue>
  <variableValue variable="MFQ[year]8A">
    <value valueType="decimal">24.660032405711195</value>
  </variableValue>
  <variableValue variable="MFQ[year]8B">
    <value valueType="decimal">22.00786554994485</value>
  </variableValue>
  <variableValue variable="MFQ[year]8C">
    <value valueType="decimal">33.04562825302039</value>
  </variableValue>
  <variableValue variable="MFQ[year]8D">
    <value valueType="decimal">5.410751062205755</value>
  </variableValue>
  <variableValue variable="MFQ[year]8E">
    <value valueType="decimal">12.15988725253453</value>
  </variableValue>
  <variableValue variable="MFQ[year]8F">
    <value valueType="decimal">3.049351259298294</value>
  </variableValue>
  <variableValue variable="MFQ[year]8G">
    <value valueType="decimal">83.75434344317088</value>
  </variableValue>
  <variableValue variable="MFQ[year]8H">
    <value valueType="decimal">77.71976532609519</value>
  </variableValue>
  <variableValue variable="MFQ1[year]">
    <value valueType="integer">2</value>
  </variableValue>
  <variableValue variable="mfq1[year]">
    <value valueType="decimal">45.58088080480482</value>
  </variableValue>
  <variableValue variable="MFQ2[year]">
    <value valueType="integer">47</value>
  </variableValue>
  <variableValue variable="mfq2[year]">
    <value valueType="decimal">3.4794052770325656</value>
  </variableValue>
  <variableValue variable="MFQ3[year]">
    <value valueType="integer">52</value>
  </variableValue>
  <variableValue variable="mfq3[year]">
    <value valueType="decimal">66.17432902294857</value>
  </variableValue>
  <variableValue variable="MFQ4[year]">
    <value valueType="integer">91</value>
  </variableValue>
  <variableValue variable="mfq4[year]">
    <value valueType="decimal">10.008689062072085</value>
  </variableValue>
  <variableValue variable="MLIVE[year]">
    <value valueType="integer">1</value>
  </variableValue>
  <variableValue variable="MOMWK[year]">
    <value valueType="integer">0</value>
  </variableValue>
  <variableValue variable="movie[year]">
    <value valueType="decimal">76.51005924845951</value>
  </variableValue>
  <variableValue variable="MSTA84[year]">
    <value valueType="integer">3</value>
  </variableValue>
  <variableValue variable="MSTAT[year]">
    <value valueType="integer">5</value>
  </variableValue>
  <variableValue variable="NBKS[year]">
    <value valueType="integer">6</value>
  </variableValue>
  <variableValue variable="NCONF[year]">
    <value valueType="integer">77</value>
  </variableValue>
  <variableValue variable="NEEDCATA[year]">
    <value valueType="integer">3</value>
  </variableValue>
  <variableValue variable="NEMP[year]">
    <value valueType="integer">100</value>
  </variableValue>
  <variableValue variable="NEUROTIC[year]">
    <value valueType="integer">44</value>
  </variableValue>
  <variableValue variable="NEWPRNT[year]">
    <value valueType="integer">3</value>
  </variableValue>
  <variableValue variable="nfr[year]">
    <value valueType="integer">94</value>
  </variableValue>
  <variableValue variable="NFRN[year]">
    <value valueType="integer">35</value>
  </variableValue>
  <variableValue variable="NGRNKD[year]">
    <value valueType="integer">4</value>
  </variableValue>
  <variableValue variable="NJOB[year]">
    <value valueType="integer">15</value>
  </variableValue>
  <variableValue variable="NKDHM[year]">
    <value valueType="integer">35</value>
  </variableValue>
  <variableValue variable="NKIDS[year]">
    <value valueType="integer">78</value>
  </variableValue>
  <variableValue variable="NMAG[year]">
    <value valueType="integer">10</value>
  </variableValue>
  <variableValue variable="NMOV[year]">
    <value valueType="integer">49</value>
  </variableValue>
  <variableValue variable="NMTG[year]">
    <value valueType="integer">33</value>
  </variableValue>
  <variableValue variable="NNEIG[year]">
    <value valueType="integer">2</value>
  </variableValue>
  <variableValue variable="NOBR[year]">
    <value valueType="integer">36</value>
  </variableValue>
  <variableValue variable="NOISE[year]">
    <value valueType="integer">1</value>
  </variableValue>
  <variableValue variable="NONFIC[year]">
    <value valueType="integer">40</value>
  </variableValue>
  <variableValue variable="nor[year]">
    <value valueType="integer">7</value>
  </variableValue>
  <variableValue variable="norcr[year]">
    <value valueType="integer">52</value>
  </variableValue>
  <variableValue variable="NOSIS[year]">
    <value valueType="integer">42</value>
  </variableValue>
  <variableValue variable="NOWRK[year]">
    <value valueType="integer">3</value>
  </variableValue>
  <variableValue variable="NRMS[year]">
    <value valueType="integer">36</value>
  </variableValue>
  <variableValue variable="nsp08">
    <value valueType="integer">83</value>
  </variableValue>
  <variableValue variable="NSTATE[year]">
    <value valueType="integer">98</value>
  </variableValue>
  <variableValue variable="NTRAD[year]">
    <value valueType="integer">16</value>
  </variableValue>
  <variableValue variable="NTRIPS[year]">
    <value valueType="integer">63</value>
  </variableValue>
  <variableValue variable="numtot[year]">
    <value valueType="integer">54</value>
  </variableValue>
  <variableValue variable="NVISIT[year]">
    <value valueType="integer">3</value>
  </variableValue>
  <variableValue variable="NWED[year]">
    <value valueType="integer">15</value>
  </variableValue>
  <variableValue variable="NYBR[year]">
    <value valueType="integer">8</value>
  </variableValue>
  <variableValue variable="NYSIS[year]">
    <value valueType="integer">71</value>
  </variableValue>
  <variableValue variable="OBGYN[year]">
    <value valueType="integer">2</value>
  </variableValue>
  <variableValue variable="OCC[year]">
    <value valueType="integer">9</value>
  </variableValue>
  <variableValue variable="OCC84[year]">
    <value valueType="integer">0</value>
  </variableValue>
  <variableValue variable="OPEN[year]">
    <value valueType="integer">40</value>
  </variableValue>
  <variableValue variable="or[year]">
    <value valueType="integer">77</value>
  </variableValue>
  <variableValue variable="oratt[year]">
    <value valueType="integer">4</value>
  </variableValue>
  <variableValue variable="ORGAN[year]">
    <value valueType="integer">4</value>
  </variableValue>
  <variableValue variable="oromt[year]">
    <value valueType="integer">10</value>
  </variableValue>
  <variableValue variable="orwg[year]">
    <value valueType="integer">55</value>
  </variableValue>
  <variableValue variable="OTJ[year]">
    <value valueType="integer">0</value>
  </variableValue>
  <variableValue variable="outhob[year]">
    <value valueType="decimal">39.12468151938068</value>
  </variableValue>
  <variableValue variable="OWNHM[year]">
    <value valueType="integer">0</value>
  </variableValue>
  <variableValue variable="PAINREL[year]">
    <value valueType="integer">2</value>
  </variableValue>
  <variableValue variable="PAP[year]">
    <value valueType="integer">5</value>
  </variableValue>
  <variableValue variable="party[year]">
    <value valueType="decimal">28.965820287047105</value>
  </variableValue>
  <variableValue variable="pase1">
    <value valueType="integer">1</value>
  </variableValue>
  <variableValue variable="pase10">
    <value valueType="integer">1</value>
  </variableValue>
  <variableValue variable="pase10a">
    <value valueType="decimal">98.95001432323461</value>
  </variableValue>
  <variableValue variable="pase10b">
    <value valueType="integer">2</value>
  </variableValue>
  <variableValue variable="pase1b">
    <value valueType="integer">3</value>
  </variableValue>
  <variableValue variable="pase2">
    <value valueType="integer">0</value>
  </variableValue>
  <variableValue variable="pase2a">
    <value valueType="integer">3</value>
  </variableValue>
  <variableValue variable="pase3">
    <value valueType="integer">1</value>
  </variableValue>
  <variableValue variable="pase3b">
    <value valueType="integer">4</value>
  </variableValue>
  <variableValue variable="pase4">
    <value valueType="integer">2</value>
  </variableValue>
  <variableValue variable="pase4b">
    <value valueType="integer">1</value>
  </variableValue>
  <variableValue variable="pase5">
    <value valueType="integer">1</value>
  </variableValue>
  <variableValue variable="pase5b">
    <value valueType="integer">3</value>
  </variableValue>
  <variableValue variable="pase6">
    <value valueType="integer">3</value>
  </variableValue>
  <variableValue variable="pase6b">
    <value valueType="integer">4</value>
  </variableValue>
  <variableValue variable="pase7">
    <value valueType="integer">0</value>
  </variableValue>
  <variableValue variable="pase8">
    <value valueType="integer">0</value>
  </variableValue>
  <variableValue variable="pase9a - pase9d">
    <value valueType="integer">1</value>
  </variableValue>
  <variableValue variable="pattot[year]">
    <value valueType="integer">25</value>
  </variableValue>
  <variableValue variable="PDEMP[year]">
    <value valueType="integer">1</value>
  </variableValue>
  <variableValue variable="PEOP[year]">
    <value valueType="decimal">84.91662800191612</value>
  </variableValue>
  <variableValue variable="pets[year]">
    <value valueType="decimal">44.026819686522444</value>
  </variableValue>
  <variableValue variable="phone[year]">
    <value valueType="decimal">33.660278913837935</value>
  </variableValue>
  <variableValue variable="picnic[year]">
    <value valueType="decimal">38.33366708044259</value>
  </variableValue>
  <variableValue variable="PIPEDAY[year]">
    <value valueType="integer">5</value>
  </variableValue>
  <variableValue variable="PIPES[year]">
    <value valueType="integer">3</value>
  </variableValue>
  <variableValue variable="pirr1[year]">
    <value valueType="integer">88</value>
  </variableValue>
  <variableValue variable="pirr2[year]">
    <value valueType="integer">26</value>
  </variableValue>
  <variableValue variable="PORK[year]">
    <value valueType="integer">1</value>
  </variableValue>
  <variableValue variable="ppr1[year]">
    <value valueType="integer">16</value>
  </variableValue>
  <variableValue variable="ppr2[year]">
    <value valueType="integer">79</value>
  </variableValue>
  <variableValue variable="ppr3[year]">
    <value valueType="integer">15</value>
  </variableValue>
  <variableValue variable="pray[year]">
    <value valueType="decimal">3.2903361083105542</value>
  </variableValue>
  <variableValue variable="PRESR[year]">
    <value valueType="integer">3</value>
  </variableValue>
  <variableValue variable="PRO2YR[year]">
    <value valueType="integer">1</value>
  </variableValue>
  <variableValue variable="PROAGE[year]">
    <value valueType="integer">16</value>
  </variableValue>
  <variableValue variable="PROENLAR[year]">
    <value valueType="integer">1</value>
  </variableValue>
  <variableValue variable="PROEXAM[year]">
    <value valueType="integer">87</value>
  </variableValue>
  <variableValue variable="PROS[year]">
    <value valueType="integer">1</value>
  </variableValue>
  <variableValue variable="PROSUC[year]">
    <value valueType="integer">2</value>
  </variableValue>
  <variableValue variable="PRSC84[year]">
    <value valueType="integer">3</value>
  </variableValue>
  <variableValue variable="radio[year]">
    <value valueType="decimal">48.799041989431316</value>
  </variableValue>
  <variableValue variable="RDPAPR[year]">
    <value valueType="integer">0</value>
  </variableValue>
  <variableValue variable="RDWRIT[year]">
    <value valueType="decimal">48.140090585425064</value>
  </variableValue>
  <variableValue variable="read[year]">
    <value valueType="decimal">3.8895255382480287</value>
  </variableValue>
  <variableValue variable="REGULAR[year]">
    <value valueType="integer">2</value>
  </variableValue>
  <variableValue variable="REMAR[year]">
    <value valueType="integer">15</value>
  </variableValue>
  <variableValue variable="rv[year]">
    <value valueType="integer">12</value>
  </variableValue>
  <variableValue variable="SAFE[year]">
    <value valueType="integer">1</value>
  </variableValue>
  <variableValue variable="SBHWY[year]">
    <value valueType="integer">3</value>
  </variableValue>
  <variableValue variable="SBTOWN[year]">
    <value valueType="integer">2</value>
  </variableValue>
  <variableValue variable="SELFBLOO[year]">
    <value valueType="integer">3</value>
  </variableValue>
  <variableValue variable="selfim[year]">
    <value valueType="decimal">53.51341705223408</value>
  </variableValue>
  <variableValue variable="SELFMAM[year]">
    <value valueType="integer">3</value>
  </variableValue>
  <variableValue variable="sex">
    <value valueType="integer">1</value>
  </variableValue>
  <variableValue variable="shop[year]">
    <value valueType="decimal">73.4810224518658</value>
  </variableValue>
  <variableValue variable="SIBS[year]">
    <value valueType="integer">82</value>
  </variableValue>
  <variableValue variable="SLEEP[year]">
    <value valueType="integer">3</value>
  </variableValue>
  <variableValue variable="smdvh[year]">
    <value valueType="integer">65</value>
  </variableValue>
  <variableValue variable="smdvl[year]">
    <value valueType="integer">27</value>
  </variableValue>
  <variableValue variable="SMK[year]">
    <value valueType="integer">1</value>
  </variableValue>
  <variableValue variable="SMOKE[year]">
    <value valueType="integer">1</value>
  </variableValue>
  <variableValue variable="SMOKEPAS[year]">
    <value valueType="decimal">92.46305073637522</value>
  </variableValue>
  <variableValue variable="SODA[year]">
    <value valueType="integer">4</value>
  </variableValue>
  <variableValue variable="SODIUM[year]">
    <value valueType="integer">1</value>
  </variableValue>
  <variableValue variable="SPBRN[year]">
    <value valueType="integer">68</value>
  </variableValue>
  <variableValue variable="spec[year]">
    <value valueType="decimal">64.59048369239142</value>
  </variableValue>
  <variableValue variable="SPEED[year]">
    <value valueType="integer">1</value>
  </variableValue>
  <variableValue variable="SPOCC[year]">
    <value valueType="integer">6</value>
  </variableValue>
  <variableValue variable="sport[year]">
    <value valueType="decimal">4.7544043974144135</value>
  </variableValue>
  <variableValue variable="SPRVIS[year]">
    <value valueType="integer">4</value>
  </variableValue>
  <variableValue variable="SREYE[year]">
    <value valueType="integer">3</value>
  </variableValue>
  <variableValue variable="srh[year]">
    <value valueType="integer">2</value>
  </variableValue>
  <variableValue variable="SRHEALTH">
    <value valueType="integer">4</value>
  </variableValue>
  <variableValue variable="SRHEAR[year]">
    <value valueType="integer">2</value>
  </variableValue>
  <variableValue variable="sstot[year]">
    <value valueType="integer">22</value>
  </variableValue>
  <variableValue variable="STAIRS[year]">
    <value valueType="integer">2</value>
  </variableValue>
  <variableValue variable="TEA[year]">
    <value valueType="integer">1</value>
  </variableValue>
  <variableValue variable="TRAF[year]">
    <value valueType="integer">1</value>
  </variableValue>
  <variableValue variable="travel[year]">
    <value valueType="decimal">25.505094643604654</value>
  </variableValue>
  <variableValue variable="TREES[year]">
    <value valueType="integer">2</value>
  </variableValue>
  <variableValue variable="TRYSTOP[year]">
    <value valueType="integer">2</value>
  </variableValue>
  <variableValue variable="tv[year]">
    <value valueType="decimal">59.88762125834728</value>
  </variableValue>
  <variableValue variable="TYPBLD[year]">
    <value valueType="integer">2</value>
  </variableValue>
  <variableValue variable="UNIVEX[year]">
    <value valueType="integer">0</value>
  </variableValue>
  <variableValue variable="VEAL[year]">
    <value valueType="integer">1</value>
  </variableValue>
  <variableValue variable="vis[year]">
    <value valueType="decimal">14.051636454216009</value>
  </variableValue>
  <variableValue variable="vocab1[year]">
    <value valueType="integer">12</value>
  </variableValue>
  <variableValue variable="vocab2[year]">
    <value valueType="integer">29</value>
  </variableValue>
  <variableValue variable="VOCAT[year]">
    <value valueType="integer">1</value>
  </variableValue>
  <variableValue variable="vol[year]">
    <value valueType="decimal">19.77508447546814</value>
  </variableValue>
  <variableValue variable="walk[year]">
    <value valueType="decimal">35.896028000050585</value>
  </variableValue>
  <variableValue variable="WALK[year]">
    <value valueType="integer">5</value>
  </variableValue>
  <variableValue variable="wdflu[year]">
    <value valueType="integer">72</value>
  </variableValue>
  <variableValue variable="WEIGHT[year]">
    <value valueType="integer">100</value>
  </variableValue>
  <variableValue variable="WELL[year]">
    <value valueType="integer">2</value>
  </variableValue>
  <variableValue variable="WINE[year]">
    <value valueType="integer">82</value>
  </variableValue>
  <variableValue variable="write[year]">
    <value valueType="decimal">82.81163848292276</value>
  </variableValue>
  <variableValue variable="WRKPLC[year]">
    <value valueType="integer">3</value>
  </variableValue>
  <variableValue variable="WRKTYP[year]">
    <value valueType="integer">1</value>
  </variableValue>
  <variableValue variable="ws[year]">
    <value valueType="integer">17</value>
  </variableValue>
  <variableValue variable="YEAROP[year]">
    <value valueType="integer">68</value>
  </variableValue>
  <variableValue variable="YRQUIT[year]">
    <value valueType="integer">7</value>
  </variableValue>
  <variableValue variable="YRRET[year]">
    <value valueType="integer">3</value>
  </variableValue>
  <variableValue variable="YRSMOKE[year]">
    <value valueType="decimal">44.11545604108075</value>
  </variableValue>
</valueSet>