<valueSet valueTable="2008" entityType="Participant" entityIdentifier="18280022">
  <variableValue variable="ADLTED[year]">
    <value valueType="integer">1</value>
  </variableValue>
  <variableValue variable="ADVDIR[year]">
    <value valueType="integer">1</value>
  </variableValue>
  <variableValue variable="age[year]">
    <value valueType="integer">16</value>
  </variableValue>
  <variableValue variable="AGEKID[year]">
    <value valueType="integer">23</value>
  </variableValue>
  <variableValue variable="AGENB[year]">
    <value valueType="integer">5</value>
  </variableValue>
  <variableValue variable="AGEWED[year]">
    <value valueType="integer">93</value>
  </variableValue>
  <variableValue variable="AGFRN[year]">
    <value valueType="integer">2</value>
  </variableValue>
  <variableValue variable="AGREE[year]">
    <value valueType="integer">91</value>
  </variableValue>
  <variableValue variable="ALCOHOL[year]">
    <value valueType="integer">4</value>
  </variableValue>
  <variableValue variable="Apdemp[year]">
    <value valueType="decimal">10.553817968012137</value>
  </variableValue>
  <variableValue variable="ART[year]">
    <value valueType="integer">1</value>
  </variableValue>
  <variableValue variable="BDATE_DY">
    <value valueType="integer">5</value>
  </variableValue>
  <variableValue variable="BDATE_MO">
    <value valueType="integer">59</value>
  </variableValue>
  <variableValue variable="BDATE_YR">
    <value valueType="integer">35</value>
  </variableValue>
  <variableValue variable="BEEF[year]">
    <value valueType="integer">1</value>
  </variableValue>
  <variableValue variable="BEER[year]">
    <value valueType="integer">81</value>
  </variableValue>
  <variableValue variable="BLDLK[year]">
    <value valueType="integer">1</value>
  </variableValue>
  <variableValue variable="BLOODPRE[year]">
    <value valueType="integer">3</value>
  </variableValue>
  <variableValue variable="BOOK[year]">
    <value valueType="integer">3</value>
  </variableValue>
  <variableValue variable="BRUSH[year]">
    <value valueType="integer">50</value>
  </variableValue>
  <variableValue variable="BUTTER[year]">
    <value valueType="integer">2</value>
  </variableValue>
  <variableValue variable="BUYFAT[year]">
    <value valueType="integer">5</value>
  </variableValue>
  <variableValue variable="BUYSALT[year]">
    <value valueType="integer">5</value>
  </variableValue>
  <variableValue variable="CANCHK[year]">
    <value valueType="integer">2</value>
  </variableValue>
  <variableValue variable="cards[year]">
    <value valueType="decimal">7.5641893152623485</value>
  </variableValue>
  <variableValue variable="CATARACT[year]">
    <value valueType="integer">2</value>
  </variableValue>
  <variableValue variable="CHKFAT[year]">
    <value valueType="integer">4</value>
  </variableValue>
  <variableValue variable="CHOLES[year]">
    <value valueType="integer">5</value>
  </variableValue>
  <variableValue variable="chur[year]">
    <value valueType="decimal">9.705063585965124</value>
  </variableValue>
  <variableValue variable="CIGARDAY[year]">
    <value valueType="integer">4</value>
  </variableValue>
  <variableValue variable="CIGARS[year]">
    <value valueType="integer">6</value>
  </variableValue>
  <variableValue variable="CIGDAY[year]">
    <value valueType="integer">3</value>
  </variableValue>
  <variableValue variable="CIGS[year]">
    <value valueType="integer">5</value>
  </variableValue>
  <variableValue variable="CLNAIR[year]">
    <value valueType="integer">5</value>
  </variableValue>
  <variableValue variable="COFFEE[year]">
    <value valueType="integer">6</value>
  </variableValue>
  <variableValue variable="CONSCIEN[year]">
    <value valueType="integer">37</value>
  </variableValue>
  <variableValue variable="cook[year]">
    <value valueType="decimal">25.613492403996585</value>
  </variableValue>
  <variableValue variable="COOKBUT[year]">
    <value valueType="integer">5</value>
  </variableValue>
  <variableValue variable="CORS[year]">
    <value valueType="integer">1</value>
  </variableValue>
  <variableValue variable="crafts[year]">
    <value valueType="decimal">47.187085873133285</value>
  </variableValue>
  <variableValue variable="crdp1[year]">
    <value valueType="integer">14</value>
  </variableValue>
  <variableValue variable="crdp2[year]">
    <value valueType="integer">89</value>
  </variableValue>
  <variableValue variable="cult[year]">
    <value valueType="decimal">28.682728154011883</value>
  </variableValue>
  <variableValue variable="dance[year]">
    <value valueType="decimal">0.491627303288944</value>
  </variableValue>
  <variableValue variable="DENTIST[year]">
    <value valueType="integer">3</value>
  </variableValue>
  <variableValue variable="DENTURE[year]">
    <value valueType="integer">1</value>
  </variableValue>
  <variableValue variable="DIABET[year]">
    <value valueType="integer">2</value>
  </variableValue>
  <variableValue variable="DRMAM[year]">
    <value valueType="integer">3</value>
  </variableValue>
  <variableValue variable="DRVISIT[year]">
    <value valueType="integer">88</value>
  </variableValue>
  <variableValue variable="dydrm[year]">
    <value valueType="decimal">79.2703554490697</value>
  </variableValue>
  <variableValue variable="EARCHK[year]">
    <value valueType="integer">0</value>
  </variableValue>
  <variableValue variable="eatout[year]">
    <value valueType="decimal">96.88386438509714</value>
  </variableValue>
  <variableValue variable="EATSALT[year]">
    <value valueType="integer">4</value>
  </variableValue>
  <variableValue variable="edact[year]">
    <value valueType="decimal">21.624554979760614</value>
  </variableValue>
  <variableValue variable="educ">
    <value valueType="integer">66</value>
  </variableValue>
  <variableValue variable="EDUC[year]">
    <value valueType="integer">39</value>
  </variableValue>
  <variableValue variable="EGG[year]">
    <value valueType="integer">1</value>
  </variableValue>
  <variableValue variable="eldcar[year]">
    <value valueType="decimal">76.2394741302392</value>
  </variableValue>
  <variableValue variable="ELDCAR[year]">
    <value valueType="decimal">85.09509197567422</value>
  </variableValue>
  <variableValue variable="ENT1[year]">
    <value valueType="integer">14</value>
  </variableValue>
  <variableValue variable="ENT2[year]">
    <value valueType="integer">13</value>
  </variableValue>
  <variableValue variable="ENT3[year]">
    <value valueType="integer">11</value>
  </variableValue>
  <variableValue variable="eth[year]">
    <value valueType="integer">91</value>
  </variableValue>
  <variableValue variable="EXCERTOT[year]">
    <value valueType="decimal">98.51317608442801</value>
  </variableValue>
  <variableValue variable="EXCERWK[year]">
    <value valueType="integer">37</value>
  </variableValue>
  <variableValue variable="EXTRAVER[year]">
    <value valueType="integer">34</value>
  </variableValue>
  <variableValue variable="EYECHG[year]">
    <value valueType="integer">4</value>
  </variableValue>
  <variableValue variable="EYECHK[year]">
    <value valueType="integer">1</value>
  </variableValue>
  <variableValue variable="EYEGLAS[year]">
    <value valueType="integer">2</value>
  </variableValue>
  <variableValue variable="FAGE[year]">
    <value valueType="integer">99</value>
  </variableValue>
  <variableValue variable="FAITH[year]">
    <value valueType="integer">3</value>
  </variableValue>
  <variableValue variable="FALLS[year]">
    <value valueType="integer">5</value>
  </variableValue>
  <variableValue variable="FCAUSE[year]">
    <value valueType="integer">10</value>
  </variableValue>
  <variableValue variable="FDIE[year]">
    <value valueType="integer">79</value>
  </variableValue>
  <variableValue variable="FIC[year]">
    <value valueType="integer">75</value>
  </variableValue>
  <variableValue variable="fit[year]">
    <value valueType="decimal">34.536302979625496</value>
  </variableValue>
  <variableValue variable="FLIVE[year]">
    <value valueType="integer">1</value>
  </variableValue>
  <variableValue variable="FLOSS[year]">
    <value valueType="integer">1</value>
  </variableValue>
  <variableValue variable="FLUSHOT[year]">
    <value valueType="integer">1</value>
  </variableValue>
  <variableValue variable="fr[year]">
    <value valueType="integer">27</value>
  </variableValue>
  <variableValue variable="fratt[year]">
    <value valueType="integer">25</value>
  </variableValue>
  <variableValue variable="frcr[year]">
    <value valueType="integer">23</value>
  </variableValue>
  <variableValue variable="fromt[year]">
    <value valueType="integer">0</value>
  </variableValue>
  <variableValue variable="frwg[year]">
    <value valueType="integer">74</value>
  </variableValue>
  <variableValue variable="game[year]">
    <value valueType="decimal">52.79927151597201</value>
  </variableValue>
  <variableValue variable="gds[year]1 –  gds[year]30">
    <value valueType="integer">1</value>
  </variableValue>
  <variableValue variable="gdstot[year]">
    <value valueType="integer">26</value>
  </variableValue>
  <variableValue variable="HANDS[year]">
    <value valueType="decimal">42.91203047057388</value>
  </variableValue>
  <variableValue variable="HARDLIQ[year]">
    <value valueType="integer">27</value>
  </variableValue>
  <variableValue variable="HEALTHCH[year]">
    <value valueType="integer">6</value>
  </variableValue>
  <variableValue variable="HEARAID[year]">
    <value valueType="integer">1</value>
  </variableValue>
  <variableValue variable="HEARCHG[year]">
    <value valueType="integer">5</value>
  </variableValue>
  <variableValue variable="HEARSPEC[year]">
    <value valueType="integer">3</value>
  </variableValue>
  <variableValue variable="HEART[year]">
    <value valueType="integer">2</value>
  </variableValue>
  <variableValue variable="HEIGHT[year]">
    <value valueType="integer">52</value>
  </variableValue>
  <variableValue variable="HHEIGHT[year]">
    <value valueType="integer">48</value>
  </variableValue>
  <variableValue variable="HIGHBLOO[year]">
    <value valueType="integer">2</value>
  </variableValue>
  <variableValue variable="HJOBTP[year]">
    <value valueType="integer">5</value>
  </variableValue>
  <variableValue variable="HMKHD[year]">
    <value valueType="decimal">61.38357900857358</value>
  </variableValue>
  <variableValue variable="HMKJB[year]">
    <value valueType="integer">71</value>
  </variableValue>
  <variableValue variable="HMKPE[year]">
    <value valueType="decimal">71.89175358991096</value>
  </variableValue>
  <variableValue variable="HMKPRS[year]">
    <value valueType="integer">1</value>
  </variableValue>
  <variableValue variable="HMKR[year]">
    <value valueType="integer">66</value>
  </variableValue>
  <variableValue variable="HMKRD[year]">
    <value valueType="decimal">8.279970187406594</value>
  </variableValue>
  <variableValue variable="HOSDAYS[year]">
    <value valueType="integer">64</value>
  </variableValue>
  <variableValue variable="HOSVISIT[year]">
    <value valueType="integer">0</value>
  </variableValue>
  <variableValue variable="HWEIGHT[year]">
    <value valueType="integer">75</value>
  </variableValue>
  <variableValue variable="INC[year]">
    <value valueType="integer">12</value>
  </variableValue>
  <variableValue variable="INC84[year]">
    <value valueType="integer">17</value>
  </variableValue>
  <variableValue variable="instr[year]">
    <value valueType="decimal">19.072601847252113</value>
  </variableValue>
  <variableValue variable="ir[year]a1 - ir[year]a20">
    <value valueType="integer">0</value>
  </variableValue>
  <variableValue variable="ir[year]b1 - ir[year]b20">
    <value valueType="integer">0</value>
  </variableValue>
  <variableValue variable="JOBLEN[year]">
    <value valueType="integer">3</value>
  </variableValue>
  <variableValue variable="JOBTYP[year]">
    <value valueType="integer">6</value>
  </variableValue>
  <variableValue variable="kidcar[year]">
    <value valueType="decimal">86.41636491174133</value>
  </variableValue>
  <variableValue variable="LAMB[year]">
    <value valueType="integer">2</value>
  </variableValue>
  <variableValue variable="lettot[year]">
    <value valueType="integer">36</value>
  </variableValue>
  <variableValue variable="LFST84[year]">
    <value valueType="integer">5</value>
  </variableValue>
  <variableValue variable="LIFSAT[year]">
    <value valueType="integer">4</value>
  </variableValue>
  <variableValue variable="LIVESMOK[year]">
    <value valueType="integer">2</value>
  </variableValue>
  <variableValue variable="ls[year]">
    <value valueType="integer">73</value>
  </variableValue>
  <variableValue variable="LSTJOB[year]">
    <value valueType="integer">2</value>
  </variableValue>
  <variableValue variable="LVNGWILL[year]">
    <value valueType="integer">2</value>
  </variableValue>
  <variableValue variable="MAGE[year]">
    <value valueType="integer">84</value>
  </variableValue>
  <variableValue variable="MAM[year]">
    <value valueType="integer">2</value>
  </variableValue>
  <variableValue variable="MAM2YR[year]">
    <value valueType="integer">1</value>
  </variableValue>
  <variableValue variable="MAMAGE[year]">
    <value valueType="integer">26</value>
  </variableValue>
  <variableValue variable="MAMEXAM[year]">
    <value valueType="integer">41</value>
  </variableValue>
  <variableValue variable="MASTECT[year]">
    <value valueType="integer">2</value>
  </variableValue>
  <variableValue variable="MCAUSE[year]">
    <value valueType="integer">5</value>
  </variableValue>
  <variableValue variable="MDIE[year]">
    <value valueType="integer">56</value>
  </variableValue>
  <variableValue variable="MED[year]">
    <value valueType="integer">1</value>
  </variableValue>
  <variableValue variable="MENAGE[year]">
    <value valueType="integer">78</value>
  </variableValue>
  <variableValue variable="MENHIST[year]">
    <value valueType="integer">1</value>
  </variableValue>
  <variableValue variable="MENSIT[year]">
    <value valueType="integer">5</value>
  </variableValue>
  <variableValue variable="MFQ[year]1">
    <value valueType="decimal">56.22340761168548</value>
  </variableValue>
  <variableValue variable="MFQ[year]2A">
    <value valueType="decimal">85.31808220302709</value>
  </variableValue>
  <variableValue variable="MFQ[year]2B">
    <value valueType="decimal">59.984747794587044</value>
  </variableValue>
  <variableValue variable="MFQ[year]2C">
    <value valueType="decimal">9.297100178446316</value>
  </variableValue>
  <variableValue variable="MFQ[year]2D">
    <value valueType="decimal">97.34752880495854</value>
  </variableValue>
  <variableValue variable="MFQ[year]2E">
    <value valueType="decimal">22.457759236772677</value>
  </variableValue>
  <variableValue variable="MFQ[year]3A">
    <value valueType="decimal">75.94326373136556</value>
  </variableValue>
  <variableValue variable="MFQ[year]3B">
    <value valueType="decimal">35.2289081795294</value>
  </variableValue>
  <variableValue variable="MFQ[year]3C">
    <value valueType="decimal">54.36022754076523</value>
  </variableValue>
  <variableValue variable="MFQ[year]3D">
    <value valueType="decimal">77.27409377848363</value>
  </variableValue>
  <variableValue variable="MFQ[year]3E">
    <value valueType="decimal">39.766992349404084</value>
  </variableValue>
  <variableValue variable="MFQ[year]3F">
    <value valueType="decimal">91.36960680253775</value>
  </variableValue>
  <variableValue variable="MFQ[year]3G">
    <value valueType="decimal">23.522110616872272</value>
  </variableValue>
  <variableValue variable="MFQ[year]3H">
    <value valueType="decimal">44.74435985329052</value>
  </variableValue>
  <variableValue variable="MFQ[year]3I">
    <value valueType="decimal">11.86132067115956</value>
  </variableValue>
  <variableValue variable="MFQ[year]3J">
    <value valueType="decimal">56.3434639841742</value>
  </variableValue>
  <variableValue variable="MFQ[year]3K">
    <value valueType="decimal">2.7267384696908925</value>
  </variableValue>
  <variableValue variable="MFQ[year]3L">
    <value valueType="decimal">76.9483658546727</value>
  </variableValue>
  <variableValue variable="MFQ[year]3M">
    <value valueType="decimal">84.59243077049891</value>
  </variableValue>
  <variableValue variable="MFQ[year]3N">
    <value valueType="decimal">23.93038650701986</value>
  </variableValue>
  <variableValue variable="MFQ[year]3O">
    <value valueType="decimal">42.7509947066376</value>
  </variableValue>
  <variableValue variable="MFQ[year]3P">
    <value valueType="decimal">84.04218290472951</value>
  </variableValue>
  <variableValue variable="MFQ[year]3Q">
    <value valueType="decimal">46.02321141939426</value>
  </variableValue>
  <variableValue variable="MFQ[year]3R">
    <value valueType="decimal">78.03530214085734</value>
  </variableValue>
  <variableValue variable="MFQ[year]4A">
    <value valueType="decimal">9.36598260710162</value>
  </variableValue>
  <variableValue variable="MFQ[year]4B">
    <value valueType="decimal">78.56692604199425</value>
  </variableValue>
  <variableValue variable="MFQ[year]4C">
    <value valueType="decimal">31.57422812825075</value>
  </variableValue>
  <variableValue variable="MFQ[year]4D">
    <value valueType="decimal">87.92280218798399</value>
  </variableValue>
  <variableValue variable="MFQ[year]4E">
    <value valueType="decimal">52.45411326250344</value>
  </variableValue>
  <variableValue variable="MFQ[year]5A">
    <value valueType="decimal">91.19623346440174</value>
  </variableValue>
  <variableValue variable="MFQ[year]5B">
    <value valueType="decimal">59.804205339111284</value>
  </variableValue>
  <variableValue variable="MFQ[year]5C">
    <value valueType="decimal">81.94770177640743</value>
  </variableValue>
  <variableValue variable="MFQ[year]5D">
    <value valueType="decimal">66.6568666201245</value>
  </variableValue>
  <variableValue variable="MFQ[year]5E">
    <value valueType="decimal">15.81123631339263</value>
  </variableValue>
  <variableValue variable="MFQ[year]6A">
    <value valueType="decimal">25.94588213867648</value>
  </variableValue>
  <variableValue variable="MFQ[year]6B">
    <value valueType="decimal">39.359699126230076</value>
  </variableValue>
  <variableValue variable="MFQ[year]6C">
    <value valueType="decimal">19.581719100153784</value>
  </variableValue>
  <variableValue variable="MFQ[year]6D">
    <value valueType="decimal">99.70196121151331</value>
  </variableValue>
  <variableValue variable="MFQ[year]7A">
    <value valueType="decimal">57.39950883595705</value>
  </variableValue>
  <variableValue variable="MFQ[year]7B">
    <value valueType="decimal">99.23308946828075</value>
  </variableValue>
  <variableValue variable="MFQ[year]7C">
    <value valueType="decimal">18.22557012193765</value>
  </variableValue>
  <variableValue variable="MFQ[year]7D">
    <value valueType="decimal">80.72927635152948</value>
  </variableValue>
  <variableValue variable="MFQ[year]7E">
    <value valueType="decimal">19.077676959066125</value>
  </variableValue>
  <variableValue variable="MFQ[year]7F">
    <value valueType="decimal">23.17007771611992</value>
  </variableValue>
  <variableValue variable="MFQ[year]7G">
    <value valueType="decimal">82.02590471242843</value>
  </variableValue>
  <variableValue variable="MFQ[year]7H">
    <value valueType="decimal">87.44165851838562</value>
  </variableValue>
  <variableValue variable="MFQ[year]7I">
    <value valueType="decimal">93.3115451613551</value>
  </variableValue>
  <variableValue variable="MFQ[year]7J">
    <value valueType="decimal">64.14886735092712</value>
  </variableValue>
  <variableValue variable="MFQ[year]7K">
    <value valueType="decimal">91.82986908486583</value>
  </variableValue>
  <variableValue variable="MFQ[year]7L">
    <value valueType="decimal">60.426158931322085</value>
  </variableValue>
  <variableValue variable="MFQ[year]7M">
    <value valueType="decimal">48.969951437621425</value>
  </variableValue>
  <variableValue variable="MFQ[year]7N">
    <value valueType="decimal">87.7354811112555</value>
  </variableValue>
  <variableValue variable="MFQ[year]7O">
    <value valueType="decimal">88.07534510368727</value>
  </variableValue>
  <variableValue variable="MFQ[year]7P">
    <value valueType="decimal">23.583203739519654</value>
  </variableValue>
  <variableValue variable="MFQ[year]7Q">
    <value valueType="decimal">57.50934621322288</value>
  </variableValue>
  <variableValue variable="MFQ[year]7R">
    <value valueType="decimal">63.85074644148923</value>
  </variableValue>
  <variableValue variable="MFQ[year]8A">
    <value valueType="decimal">98.60695361987275</value>
  </variableValue>
  <variableValue variable="MFQ[year]8B">
    <value valueType="decimal">32.5499063716378</value>
  </variableValue>
  <variableValue variable="MFQ[year]8C">
    <value valueType="decimal">9.863775879725667</value>
  </variableValue>
  <variableValue variable="MFQ[year]8D">
    <value valueType="decimal">97.38170046434479</value>
  </variableValue>
  <variableValue variable="MFQ[year]8E">
    <value valueType="decimal">86.80389842518477</value>
  </variableValue>
  <variableValue variable="MFQ[year]8F">
    <value valueType="decimal">54.156794568777855</value>
  </variableValue>
  <variableValue variable="MFQ[year]8G">
    <value valueType="decimal">37.40070199213209</value>
  </variableValue>
  <variableValue variable="MFQ[year]8H">
    <value valueType="decimal">94.14922455630752</value>
  </variableValue>
  <variableValue variable="MFQ1[year]">
    <value valueType="integer">58</value>
  </variableValue>
  <variableValue variable="mfq1[year]">
    <value valueType="decimal">71.33094646912858</value>
  </variableValue>
  <variableValue variable="MFQ2[year]">
    <value valueType="integer">80</value>
  </variableValue>
  <variableValue variable="mfq2[year]">
    <value valueType="decimal">42.6097107421563</value>
  </variableValue>
  <variableValue variable="MFQ3[year]">
    <value valueType="integer">27</value>
  </variableValue>
  <variableValue variable="mfq3[year]">
    <value valueType="decimal">64.60468183880506</value>
  </variableValue>
  <variableValue variable="MFQ4[year]">
    <value valueType="integer">36</value>
  </variableValue>
  <variableValue variable="mfq4[year]">
    <value valueType="decimal">4.825261569191063</value>
  </variableValue>
  <variableValue variable="MLIVE[year]">
    <value valueType="integer">3</value>
  </variableValue>
  <variableValue variable="MOMWK[year]">
    <value valueType="integer">0</value>
  </variableValue>
  <variableValue variable="movie[year]">
    <value valueType="decimal">0.7576660596243068</value>
  </variableValue>
  <variableValue variable="MSTA84[year]">
    <value valueType="integer">1</value>
  </variableValue>
  <variableValue variable="MSTAT[year]">
    <value valueType="integer">5</value>
  </variableValue>
  <variableValue variable="NBKS[year]">
    <value valueType="integer">90</value>
  </variableValue>
  <variableValue variable="NCONF[year]">
    <value valueType="integer">70</value>
  </variableValue>
  <variableValue variable="NEEDCATA[year]">
    <value valueType="integer">4</value>
  </variableValue>
  <variableValue variable="NEMP[year]">
    <value valueType="integer">67</value>
  </variableValue>
  <variableValue variable="NEUROTIC[year]">
    <value valueType="integer">9</value>
  </variableValue>
  <variableValue variable="NEWPRNT[year]">
    <value valueType="integer">2</value>
  </variableValue>
  <variableValue variable="nfr[year]">
    <value valueType="integer">56</value>
  </variableValue>
  <variableValue variable="NFRN[year]">
    <value valueType="integer">72</value>
  </variableValue>
  <variableValue variable="NGRNKD[year]">
    <value valueType="integer">24</value>
  </variableValue>
  <variableValue variable="NJOB[year]">
    <value valueType="integer">9</value>
  </variableValue>
  <variableValue variable="NKDHM[year]">
    <value valueType="integer">29</value>
  </variableValue>
  <variableValue variable="NKIDS[year]">
    <value valueType="integer">84</value>
  </variableValue>
  <variableValue variable="NMAG[year]">
    <value valueType="integer">16</value>
  </variableValue>
  <variableValue variable="NMOV[year]">
    <value valueType="integer">83</value>
  </variableValue>
  <variableValue variable="NMTG[year]">
    <value valueType="integer">49</value>
  </variableValue>
  <variableValue variable="NNEIG[year]">
    <value valueType="integer">1</value>
  </variableValue>
  <variableValue variable="NOBR[year]">
    <value valueType="integer">94</value>
  </variableValue>
  <variableValue variable="NOISE[year]">
    <value valueType="integer">3</value>
  </variableValue>
  <variableValue variable="NONFIC[year]">
    <value valueType="integer">37</value>
  </variableValue>
  <variableValue variable="nor[year]">
    <value valueType="integer">88</value>
  </variableValue>
  <variableValue variable="norcr[year]">
    <value valueType="integer">48</value>
  </variableValue>
  <variableValue variable="NOSIS[year]">
    <value valueType="integer">67</value>
  </variableValue>
  <variableValue variable="NOWRK[year]">
    <value valueType="integer">1</value>
  </variableValue>
  <variableValue variable="NRMS[year]">
    <value valueType="integer">60</value>
  </variableValue>
  <variableValue variable="nsp08">
    <value valueType="integer">38</value>
  </variableValue>
  <variableValue variable="NSTATE[year]">
    <value valueType="integer">81</value>
  </variableValue>
  <variableValue variable="NTRAD[year]">
    <value valueType="integer">31</value>
  </variableValue>
  <variableValue variable="NTRIPS[year]">
    <value valueType="integer">97</value>
  </variableValue>
  <variableValue variable="numtot[year]">
    <value valueType="integer">87</value>
  </variableValue>
  <variableValue variable="NVISIT[year]">
    <value valueType="integer">4</value>
  </variableValue>
  <variableValue variable="NWED[year]">
    <value valueType="integer">99</value>
  </variableValue>
  <variableValue variable="NYBR[year]">
    <value valueType="integer">53</value>
  </variableValue>
  <variableValue variable="NYSIS[year]">
    <value valueType="integer">14</value>
  </variableValue>
  <variableValue variable="OBGYN[year]">
    <value valueType="integer">3</value>
  </variableValue>
  <variableValue variable="OCC[year]">
    <value valueType="integer">6</value>
  </variableValue>
  <variableValue variable="OCC84[year]">
    <value valueType="integer">1</value>
  </variableValue>
  <variableValue variable="OPEN[year]">
    <value valueType="integer">80</value>
  </variableValue>
  <variableValue variable="or[year]">
    <value valueType="integer">9</value>
  </variableValue>
  <variableValue variable="oratt[year]">
    <value valueType="integer">52</value>
  </variableValue>
  <variableValue variable="ORGAN[year]">
    <value valueType="integer">4</value>
  </variableValue>
  <variableValue variable="oromt[year]">
    <value valueType="integer">17</value>
  </variableValue>
  <variableValue variable="orwg[year]">
    <value valueType="integer">90</value>
  </variableValue>
  <variableValue variable="OTJ[year]">
    <value valueType="integer">1</value>
  </variableValue>
  <variableValue variable="outhob[year]">
    <value valueType="decimal">70.96728487601864</value>
  </variableValue>
  <variableValue variable="OWNHM[year]">
    <value valueType="integer">1</value>
  </variableValue>
  <variableValue variable="PAINREL[year]">
    <value valueType="integer">1</value>
  </variableValue>
  <variableValue variable="PAP[year]">
    <value valueType="integer">3</value>
  </variableValue>
  <variableValue variable="party[year]">
    <value valueType="decimal">2.7569755813407038</value>
  </variableValue>
  <variableValue variable="pase1">
    <value valueType="integer">0</value>
  </variableValue>
  <variableValue variable="pase10">
    <value valueType="integer">1</value>
  </variableValue>
  <variableValue variable="pase10a">
    <value valueType="decimal">0.1487975223345206</value>
  </variableValue>
  <variableValue variable="pase10b">
    <value valueType="integer">4</value>
  </variableValue>
  <variableValue variable="pase1b">
    <value valueType="integer">1</value>
  </variableValue>
  <variableValue variable="pase2">
    <value valueType="integer">1</value>
  </variableValue>
  <variableValue variable="pase2a">
    <value valueType="integer">4</value>
  </variableValue>
  <variableValue variable="pase3">
    <value valueType="integer">0</value>
  </variableValue>
  <variableValue variable="pase3b">
    <value valueType="integer">1</value>
  </variableValue>
  <variableValue variable="pase4">
    <value valueType="integer">3</value>
  </variableValue>
  <variableValue variable="pase4b">
    <value valueType="integer">1</value>
  </variableValue>
  <variableValue variable="pase5">
    <value valueType="integer">2</value>
  </variableValue>
  <variableValue variable="pase5b">
    <value valueType="integer">4</value>
  </variableValue>
  <variableValue variable="pase6">
    <value valueType="integer">0</value>
  </variableValue>
  <variableValue variable="pase6b">
    <value valueType="integer">1</value>
  </variableValue>
  <variableValue variable="pase7">
    <value valueType="integer">1</value>
  </variableValue>
  <variableValue variable="pase8">
    <value valueType="integer">1</value>
  </variableValue>
  <variableValue variable="pase9a - pase9d">
    <value valueType="integer">0</value>
  </variableValue>
  <variableValue variable="pattot[year]">
    <value valueType="integer">98</value>
  </variableValue>
  <variableValue variable="PDEMP[year]">
    <value valueType="integer">0</value>
  </variableValue>
  <variableValue variable="PEOP[year]">
    <value valueType="decimal">61.34602063888983</value>
  </variableValue>
  <variableValue variable="pets[year]">
    <value valueType="decimal">44.91485103287523</value>
  </variableValue>
  <variableValue variable="phone[year]">
    <value valueType="decimal">40.895439977618906</value>
  </variableValue>
  <variableValue variable="picnic[year]">
    <value valueType="decimal">6.4321952611100075</value>
  </variableValue>
  <variableValue variable="PIPEDAY[year]">
    <value valueType="integer">2</value>
  </variableValue>
  <variableValue variable="PIPES[year]">
    <value valueType="integer">3</value>
  </variableValue>
  <variableValue variable="pirr1[year]">
    <value valueType="integer">43</value>
  </variableValue>
  <variableValue variable="pirr2[year]">
    <value valueType="integer">57</value>
  </variableValue>
  <variableValue variable="PORK[year]">
    <value valueType="integer">2</value>
  </variableValue>
  <variableValue variable="ppr1[year]">
    <value valueType="integer">17</value>
  </variableValue>
  <variableValue variable="ppr2[year]">
    <value valueType="integer">48</value>
  </variableValue>
  <variableValue variable="ppr3[year]">
    <value valueType="integer">96</value>
  </variableValue>
  <variableValue variable="pray[year]">
    <value valueType="decimal">23.606178630852483</value>
  </variableValue>
  <variableValue variable="PRESR[year]">
    <value valueType="integer">3</value>
  </variableValue>
  <variableValue variable="PRO2YR[year]">
    <value valueType="integer">1</value>
  </variableValue>
  <variableValue variable="PROAGE[year]">
    <value valueType="integer">53</value>
  </variableValue>
  <variableValue variable="PROENLAR[year]">
    <value valueType="integer">1</value>
  </variableValue>
  <variableValue variable="PROEXAM[year]">
    <value valueType="integer">96</value>
  </variableValue>
  <variableValue variable="PROS[year]">
    <value valueType="integer">2</value>
  </variableValue>
  <variableValue variable="PROSUC[year]">
    <value valueType="integer">1</value>
  </variableValue>
  <variableValue variable="PRSC84[year]">
    <value valueType="integer">3</value>
  </variableValue>
  <variableValue variable="radio[year]">
    <value valueType="decimal">6.553163375901394</value>
  </variableValue>
  <variableValue variable="RDPAPR[year]">
    <value valueType="integer">0</value>
  </variableValue>
  <variableValue variable="RDWRIT[year]">
    <value valueType="decimal">57.154193616286086</value>
  </variableValue>
  <variableValue variable="read[year]">
    <value valueType="decimal">55.123134121774896</value>
  </variableValue>
  <variableValue variable="REGULAR[year]">
    <value valueType="integer">1</value>
  </variableValue>
  <variableValue variable="REMAR[year]">
    <value valueType="integer">56</value>
  </variableValue>
  <variableValue variable="rv[year]">
    <value valueType="integer">57</value>
  </variableValue>
  <variableValue variable="SAFE[year]">
    <value valueType="integer">0</value>
  </variableValue>
  <variableValue variable="SBHWY[year]">
    <value valueType="integer">1</value>
  </variableValue>
  <variableValue variable="SBTOWN[year]">
    <value valueType="integer">3</value>
  </variableValue>
  <variableValue variable="SELFBLOO[year]">
    <value valueType="integer">2</value>
  </variableValue>
  <variableValue variable="selfim[year]">
    <value valueType="decimal">39.02340796558524</value>
  </variableValue>
  <variableValue variable="SELFMAM[year]">
    <value valueType="integer">3</value>
  </variableValue>
  <variableValue variable="sex">
    <value valueType="integer">1</value>
  </variableValue>
  <variableValue variable="shop[year]">
    <value valueType="decimal">20.16720676874153</value>
  </variableValue>
  <variableValue variable="SIBS[year]">
    <value valueType="integer">76</value>
  </variableValue>
  <variableValue variable="SLEEP[year]">
    <value valueType="integer">1</value>
  </variableValue>
  <variableValue variable="smdvh[year]">
    <value valueType="integer">90</value>
  </variableValue>
  <variableValue variable="smdvl[year]">
    <value valueType="integer">16</value>
  </variableValue>
  <variableValue variable="SMK[year]">
    <value valueType="integer">1</value>
  </variableValue>
  <variableValue variable="SMOKE[year]">
    <value valueType="integer">2</value>
  </variableValue>
  <variableValue variable="SMOKEPAS[year]">
    <value valueType="decimal">60.62732824412008</value>
  </variableValue>
  <variableValue variable="SODA[year]">
    <value valueType="integer">4</value>
  </variableValue>
  <variableValue variable="SODIUM[year]">
    <value valueType="integer">1</value>
  </variableValue>
  <variableValue variable="SPBRN[year]">
    <value valueType="integer">16</value>
  </variableValue>
  <variableValue variable="spec[year]">
    <value valueType="decimal">66.23557077804335</value>
  </variableValue>
  <variableValue variable="SPEED[year]">
    <value valueType="integer">1</value>
  </variableValue>
  <variableValue variable="SPOCC[year]">
    <value valueType="integer">3</value>
  </variableValue>
  <variableValue variable="sport[year]">
    <value valueType="decimal">76.94924190327042</value>
  </variableValue>
  <variableValue variable="SPRVIS[year]">
    <value valueType="integer">1</value>
  </variableValue>
  <variableValue variable="SREYE[year]">
    <value valueType="integer">2</value>
  </variableValue>
  <variableValue variable="srh[year]">
    <value valueType="integer">2</value>
  </variableValue>
  <variableValue variable="SRHEALTH">
    <value valueType="integer">3</value>
  </variableValue>
  <variableValue variable="SRHEAR[year]">
    <value valueType="integer">3</value>
  </variableValue>
  <variableValue variable="sstot[year]">
    <value valueType="integer">29</value>
  </variableValue>
  <variableValue variable="STAIRS[year]">
    <value valueType="integer">2</value>
  </variableValue>
  <variableValue variable="TEA[year]">
    <value valueType="integer">4</value>
  </variableValue>
  <variableValue variable="TRAF[year]">
    <value valueType="integer">0</value>
  </variableValue>
  <variableValue variable="travel[year]">
    <value valueType="decimal">33.14344569048902</value>
  </variableValue>
  <variableValue variable="TREES[year]">
    <value valueType="integer">1</value>
  </variableValue>
  <variableValue variable="TRYSTOP[year]">
    <value valueType="integer">1</value>
  </variableValue>
  <variableValue variable="tv[year]">
    <value valueType="decimal">69.61111780701593</value>
  </variableValue>
  <variableValue variable="TYPBLD[year]">
    <value valueType="integer">7</value>
  </variableValue>
  <variableValue variable="UNIVEX[year]">
    <value valueType="integer">0</value>
  </variableValue>
  <variableValue variable="VEAL[year]">
    <value valueType="integer">1</value>
  </variableValue>
  <variableValue variable="vis[year]">
    <value valueType="decimal">19.138217878219834</value>
  </variableValue>
  <variableValue variable="vocab1[year]">
    <value valueType="integer">60</value>
  </variableValue>
  <variableValue variable="vocab2[year]">
    <value valueType="integer">44</value>
  </variableValue>
  <variableValue variable="VOCAT[year]">
    <value valueType="integer">1</value>
  </variableValue>
  <variableValue variable="vol[year]">
    <value valueType="decimal">84.93014191869653</value>
  </variableValue>
  <variableValue variable="walk[year]">
    <value valueType="decimal">46.53769400289165</value>
  </variableValue>
  <variableValue variable="WALK[year]">
    <value valueType="integer">2</value>
  </variableValue>
  <variableValue variable="wdflu[year]">
    <value valueType="integer">28</value>
  </variableValue>
  <variableValue variable="WEIGHT[year]">
    <value valueType="integer">42</value>
  </variableValue>
  <variableValue variable="WELL[year]">
    <value valueType="integer">2</value>
  </variableValue>
  <variableValue variable="WINE[year]">
    <value valueType="integer">76</value>
  </variableValue>
  <variableValue variable="write[year]">
    <value valueType="decimal">66.86974732501248</value>
  </variableValue>
  <variableValue variable="WRKPLC[year]">
    <value valueType="integer">1</value>
  </variableValue>
  <variableValue variable="WRKTYP[year]">
    <value valueType="integer">1</value>
  </variableValue>
  <variableValue variable="ws[year]">
    <value valueType="integer">69</value>
  </variableValue>
  <variableValue variable="YEAROP[year]">
    <value valueType="integer">18</value>
  </variableValue>
  <variableValue variable="YRQUIT[year]">
    <value valueType="integer">83</value>
  </variableValue>
  <variableValue variable="YRRET[year]">
    <value valueType="integer">98</value>
  </variableValue>
  <variableValue variable="YRSMOKE[year]">
    <value valueType="decimal">91.70130027090292</value>
  </variableValue>
</valueSet>