<valueSet valueTable="2008" entityType="Participant" entityIdentifier="30796036">
  <variableValue variable="ADLTED[year]">
    <value valueType="integer">1</value>
  </variableValue>
  <variableValue variable="ADVDIR[year]">
    <value valueType="integer">2</value>
  </variableValue>
  <variableValue variable="age[year]">
    <value valueType="integer">75</value>
  </variableValue>
  <variableValue variable="AGEKID[year]">
    <value valueType="integer">79</value>
  </variableValue>
  <variableValue variable="AGENB[year]">
    <value valueType="integer">7</value>
  </variableValue>
  <variableValue variable="AGEWED[year]">
    <value valueType="integer">25</value>
  </variableValue>
  <variableValue variable="AGFRN[year]">
    <value valueType="integer">3</value>
  </variableValue>
  <variableValue variable="AGREE[year]">
    <value valueType="integer">43</value>
  </variableValue>
  <variableValue variable="ALCOHOL[year]">
    <value valueType="integer">4</value>
  </variableValue>
  <variableValue variable="Apdemp[year]">
    <value valueType="decimal">17.89994105624232</value>
  </variableValue>
  <variableValue variable="ART[year]">
    <value valueType="integer">1</value>
  </variableValue>
  <variableValue variable="BDATE_DY">
    <value valueType="integer">79</value>
  </variableValue>
  <variableValue variable="BDATE_MO">
    <value valueType="integer">21</value>
  </variableValue>
  <variableValue variable="BDATE_YR">
    <value valueType="integer">73</value>
  </variableValue>
  <variableValue variable="BEEF[year]">
    <value valueType="integer">4</value>
  </variableValue>
  <variableValue variable="BEER[year]">
    <value valueType="integer">38</value>
  </variableValue>
  <variableValue variable="BLDLK[year]">
    <value valueType="integer">4</value>
  </variableValue>
  <variableValue variable="BLOODPRE[year]">
    <value valueType="integer">2</value>
  </variableValue>
  <variableValue variable="BOOK[year]">
    <value valueType="integer">2</value>
  </variableValue>
  <variableValue variable="BRUSH[year]">
    <value valueType="integer">73</value>
  </variableValue>
  <variableValue variable="BUTTER[year]">
    <value valueType="integer">3</value>
  </variableValue>
  <variableValue variable="BUYFAT[year]">
    <value valueType="integer">4</value>
  </variableValue>
  <variableValue variable="BUYSALT[year]">
    <value valueType="integer">4</value>
  </variableValue>
  <variableValue variable="CANCHK[year]">
    <value valueType="integer">1</value>
  </variableValue>
  <variableValue variable="cards[year]">
    <value valueType="decimal">56.304879489372205</value>
  </variableValue>
  <variableValue variable="CATARACT[year]">
    <value valueType="integer">1</value>
  </variableValue>
  <variableValue variable="CHKFAT[year]">
    <value valueType="integer">4</value>
  </variableValue>
  <variableValue variable="CHOLES[year]">
    <value valueType="integer">4</value>
  </variableValue>
  <variableValue variable="chur[year]">
    <value valueType="decimal">39.102296789138215</value>
  </variableValue>
  <variableValue variable="CIGARDAY[year]">
    <value valueType="integer">4</value>
  </variableValue>
  <variableValue variable="CIGARS[year]">
    <value valueType="integer">1</value>
  </variableValue>
  <variableValue variable="CIGDAY[year]">
    <value valueType="integer">3</value>
  </variableValue>
  <variableValue variable="CIGS[year]">
    <value valueType="integer">3</value>
  </variableValue>
  <variableValue variable="CLNAIR[year]">
    <value valueType="integer">3</value>
  </variableValue>
  <variableValue variable="COFFEE[year]">
    <value valueType="integer">3</value>
  </variableValue>
  <variableValue variable="CONSCIEN[year]">
    <value valueType="integer">34</value>
  </variableValue>
  <variableValue variable="cook[year]">
    <value valueType="decimal">50.38048357680944</value>
  </variableValue>
  <variableValue variable="COOKBUT[year]">
    <value valueType="integer">5</value>
  </variableValue>
  <variableValue variable="CORS[year]">
    <value valueType="integer">0</value>
  </variableValue>
  <variableValue variable="crafts[year]">
    <value valueType="decimal">57.50029291430919</value>
  </variableValue>
  <variableValue variable="crdp1[year]">
    <value valueType="integer">9</value>
  </variableValue>
  <variableValue variable="crdp2[year]">
    <value valueType="integer">62</value>
  </variableValue>
  <variableValue variable="cult[year]">
    <value valueType="decimal">42.110820498462765</value>
  </variableValue>
  <variableValue variable="dance[year]">
    <value valueType="decimal">71.47198140570119</value>
  </variableValue>
  <variableValue variable="DENTIST[year]">
    <value valueType="integer">2</value>
  </variableValue>
  <variableValue variable="DENTURE[year]">
    <value valueType="integer">2</value>
  </variableValue>
  <variableValue variable="DIABET[year]">
    <value valueType="integer">2</value>
  </variableValue>
  <variableValue variable="DRMAM[year]">
    <value valueType="integer">4</value>
  </variableValue>
  <variableValue variable="DRVISIT[year]">
    <value valueType="integer">4</value>
  </variableValue>
  <variableValue variable="dydrm[year]">
    <value valueType="decimal">33.66110344975625</value>
  </variableValue>
  <variableValue variable="EARCHK[year]">
    <value valueType="integer">0</value>
  </variableValue>
  <variableValue variable="eatout[year]">
    <value valueType="decimal">44.51665652757866</value>
  </variableValue>
  <variableValue variable="EATSALT[year]">
    <value valueType="integer">5</value>
  </variableValue>
  <variableValue variable="edact[year]">
    <value valueType="decimal">72.61407073489809</value>
  </variableValue>
  <variableValue variable="educ">
    <value valueType="integer">7</value>
  </variableValue>
  <variableValue variable="EDUC[year]">
    <value valueType="integer">50</value>
  </variableValue>
  <variableValue variable="EGG[year]">
    <value valueType="integer">5</value>
  </variableValue>
  <variableValue variable="eldcar[year]">
    <value valueType="decimal">21.05936306495376</value>
  </variableValue>
  <variableValue variable="ELDCAR[year]">
    <value valueType="decimal">26.00437250111831</value>
  </variableValue>
  <variableValue variable="ENT1[year]">
    <value valueType="integer">9</value>
  </variableValue>
  <variableValue variable="ENT2[year]">
    <value valueType="integer">11</value>
  </variableValue>
  <variableValue variable="ENT3[year]">
    <value valueType="integer">11</value>
  </variableValue>
  <variableValue variable="eth[year]">
    <value valueType="integer">1</value>
  </variableValue>
  <variableValue variable="EXCERTOT[year]">
    <value valueType="decimal">45.06474045565948</value>
  </variableValue>
  <variableValue variable="EXCERWK[year]">
    <value valueType="integer">58</value>
  </variableValue>
  <variableValue variable="EXTRAVER[year]">
    <value valueType="integer">15</value>
  </variableValue>
  <variableValue variable="EYECHG[year]">
    <value valueType="integer">2</value>
  </variableValue>
  <variableValue variable="EYECHK[year]">
    <value valueType="integer">0</value>
  </variableValue>
  <variableValue variable="EYEGLAS[year]">
    <value valueType="integer">3</value>
  </variableValue>
  <variableValue variable="FAGE[year]">
    <value valueType="integer">28</value>
  </variableValue>
  <variableValue variable="FAITH[year]">
    <value valueType="integer">4</value>
  </variableValue>
  <variableValue variable="FALLS[year]">
    <value valueType="integer">3</value>
  </variableValue>
  <variableValue variable="FCAUSE[year]">
    <value valueType="integer">11</value>
  </variableValue>
  <variableValue variable="FDIE[year]">
    <value valueType="integer">60</value>
  </variableValue>
  <variableValue variable="FIC[year]">
    <value valueType="integer">88</value>
  </variableValue>
  <variableValue variable="fit[year]">
    <value valueType="decimal">87.67248649030657</value>
  </variableValue>
  <variableValue variable="FLIVE[year]">
    <value valueType="integer">3</value>
  </variableValue>
  <variableValue variable="FLOSS[year]">
    <value valueType="integer">5</value>
  </variableValue>
  <variableValue variable="FLUSHOT[year]">
    <value valueType="integer">5</value>
  </variableValue>
  <variableValue variable="fr[year]">
    <value valueType="integer">34</value>
  </variableValue>
  <variableValue variable="fratt[year]">
    <value valueType="integer">93</value>
  </variableValue>
  <variableValue variable="frcr[year]">
    <value valueType="integer">66</value>
  </variableValue>
  <variableValue variable="fromt[year]">
    <value valueType="integer">47</value>
  </variableValue>
  <variableValue variable="frwg[year]">
    <value valueType="integer">2</value>
  </variableValue>
  <variableValue variable="game[year]">
    <value valueType="decimal">74.91540095406545</value>
  </variableValue>
  <variableValue variable="gds[year]1 –  gds[year]30">
    <value valueType="integer">0</value>
  </variableValue>
  <variableValue variable="gdstot[year]">
    <value valueType="integer">25</value>
  </variableValue>
  <variableValue variable="HANDS[year]">
    <value valueType="decimal">85.99058418158656</value>
  </variableValue>
  <variableValue variable="HARDLIQ[year]">
    <value valueType="integer">53</value>
  </variableValue>
  <variableValue variable="HEALTHCH[year]">
    <value valueType="integer">3</value>
  </variableValue>
  <variableValue variable="HEARAID[year]">
    <value valueType="integer">0</value>
  </variableValue>
  <variableValue variable="HEARCHG[year]">
    <value valueType="integer">1</value>
  </variableValue>
  <variableValue variable="HEARSPEC[year]">
    <value valueType="integer">1</value>
  </variableValue>
  <variableValue variable="HEART[year]">
    <value valueType="integer">1</value>
  </variableValue>
  <variableValue variable="HEIGHT[year]">
    <value valueType="integer">87</value>
  </variableValue>
  <variableValue variable="HHEIGHT[year]">
    <value valueType="integer">70</value>
  </variableValue>
  <variableValue variable="HIGHBLOO[year]">
    <value valueType="integer">2</value>
  </variableValue>
  <variableValue variable="HJOBTP[year]">
    <value valueType="integer">6</value>
  </variableValue>
  <variableValue variable="HMKHD[year]">
    <value valueType="decimal">53.88428671269311</value>
  </variableValue>
  <variableValue variable="HMKJB[year]">
    <value valueType="integer">36</value>
  </variableValue>
  <variableValue variable="HMKPE[year]">
    <value valueType="decimal">64.67150125290405</value>
  </variableValue>
  <variableValue variable="HMKPRS[year]">
    <value valueType="integer">4</value>
  </variableValue>
  <variableValue variable="HMKR[year]">
    <value valueType="integer">29</value>
  </variableValue>
  <variableValue variable="HMKRD[year]">
    <value valueType="decimal">19.766340211546453</value>
  </variableValue>
  <variableValue variable="HOSDAYS[year]">
    <value valueType="integer">17</value>
  </variableValue>
  <variableValue variable="HOSVISIT[year]">
    <value valueType="integer">0</value>
  </variableValue>
  <variableValue variable="HWEIGHT[year]">
    <value valueType="integer">25</value>
  </variableValue>
  <variableValue variable="INC[year]">
    <value valueType="integer">17</value>
  </variableValue>
  <variableValue variable="INC84[year]">
    <value valueType="integer">1</value>
  </variableValue>
  <variableValue variable="instr[year]">
    <value valueType="decimal">86.51951701737578</value>
  </variableValue>
  <variableValue variable="ir[year]a1 - ir[year]a20">
    <value valueType="integer">1</value>
  </variableValue>
  <variableValue variable="ir[year]b1 - ir[year]b20">
    <value valueType="integer">1</value>
  </variableValue>
  <variableValue variable="JOBLEN[year]">
    <value valueType="integer">5</value>
  </variableValue>
  <variableValue variable="JOBTYP[year]">
    <value valueType="integer">9</value>
  </variableValue>
  <variableValue variable="kidcar[year]">
    <value valueType="decimal">19.528937749471332</value>
  </variableValue>
  <variableValue variable="LAMB[year]">
    <value valueType="integer">2</value>
  </variableValue>
  <variableValue variable="lettot[year]">
    <value valueType="integer">52</value>
  </variableValue>
  <variableValue variable="LFST84[year]">
    <value valueType="integer">1</value>
  </variableValue>
  <variableValue variable="LIFSAT[year]">
    <value valueType="integer">3</value>
  </variableValue>
  <variableValue variable="LIVESMOK[year]">
    <value valueType="integer">2</value>
  </variableValue>
  <variableValue variable="ls[year]">
    <value valueType="integer">78</value>
  </variableValue>
  <variableValue variable="LSTJOB[year]">
    <value valueType="integer">4</value>
  </variableValue>
  <variableValue variable="LVNGWILL[year]">
    <value valueType="integer">2</value>
  </variableValue>
  <variableValue variable="MAGE[year]">
    <value valueType="integer">30</value>
  </variableValue>
  <variableValue variable="MAM[year]">
    <value valueType="integer">2</value>
  </variableValue>
  <variableValue variable="MAM2YR[year]">
    <value valueType="integer">2</value>
  </variableValue>
  <variableValue variable="MAMAGE[year]">
    <value valueType="integer">48</value>
  </variableValue>
  <variableValue variable="MAMEXAM[year]">
    <value valueType="integer">59</value>
  </variableValue>
  <variableValue variable="MASTECT[year]">
    <value valueType="integer">3</value>
  </variableValue>
  <variableValue variable="MCAUSE[year]">
    <value valueType="integer">8</value>
  </variableValue>
  <variableValue variable="MDIE[year]">
    <value valueType="integer">16</value>
  </variableValue>
  <variableValue variable="MED[year]">
    <value valueType="integer">4</value>
  </variableValue>
  <variableValue variable="MENAGE[year]">
    <value valueType="integer">15</value>
  </variableValue>
  <variableValue variable="MENHIST[year]">
    <value valueType="integer">34</value>
  </variableValue>
  <variableValue variable="MENSIT[year]">
    <value valueType="integer">7</value>
  </variableValue>
  <variableValue variable="MFQ[year]1">
    <value valueType="decimal">11.278156742755009</value>
  </variableValue>
  <variableValue variable="MFQ[year]2A">
    <value valueType="decimal">79.40150719557778</value>
  </variableValue>
  <variableValue variable="MFQ[year]2B">
    <value valueType="decimal">83.59508428158668</value>
  </variableValue>
  <variableValue variable="MFQ[year]2C">
    <value valueType="decimal">26.348770939224732</value>
  </variableValue>
  <variableValue variable="MFQ[year]2D">
    <value valueType="decimal">65.67474978556302</value>
  </variableValue>
  <variableValue variable="MFQ[year]2E">
    <value valueType="decimal">94.72325259950073</value>
  </variableValue>
  <variableValue variable="MFQ[year]3A">
    <value valueType="decimal">10.450893034126008</value>
  </variableValue>
  <variableValue variable="MFQ[year]3B">
    <value valueType="decimal">9.58021614581468</value>
  </variableValue>
  <variableValue variable="MFQ[year]3C">
    <value valueType="decimal">11.041288075555588</value>
  </variableValue>
  <variableValue variable="MFQ[year]3D">
    <value valueType="decimal">51.29659056317447</value>
  </variableValue>
  <variableValue variable="MFQ[year]3E">
    <value valueType="decimal">98.96947632314804</value>
  </variableValue>
  <variableValue variable="MFQ[year]3F">
    <value valueType="decimal">45.21560414525977</value>
  </variableValue>
  <variableValue variable="MFQ[year]3G">
    <value valueType="decimal">61.81066334248544</value>
  </variableValue>
  <variableValue variable="MFQ[year]3H">
    <value valueType="decimal">26.036501353528195</value>
  </variableValue>
  <variableValue variable="MFQ[year]3I">
    <value valueType="decimal">40.76708183337263</value>
  </variableValue>
  <variableValue variable="MFQ[year]3J">
    <value valueType="decimal">73.6234631447121</value>
  </variableValue>
  <variableValue variable="MFQ[year]3K">
    <value valueType="decimal">94.86260611272866</value>
  </variableValue>
  <variableValue variable="MFQ[year]3L">
    <value valueType="decimal">98.50317894249919</value>
  </variableValue>
  <variableValue variable="MFQ[year]3M">
    <value valueType="decimal">69.73464367357982</value>
  </variableValue>
  <variableValue variable="MFQ[year]3N">
    <value valueType="decimal">38.43546388645534</value>
  </variableValue>
  <variableValue variable="MFQ[year]3O">
    <value valueType="decimal">10.4909086605929</value>
  </variableValue>
  <variableValue variable="MFQ[year]3P">
    <value valueType="decimal">97.33004628858255</value>
  </variableValue>
  <variableValue variable="MFQ[year]3Q">
    <value valueType="decimal">11.44997463255656</value>
  </variableValue>
  <variableValue variable="MFQ[year]3R">
    <value valueType="decimal">38.76137543713932</value>
  </variableValue>
  <variableValue variable="MFQ[year]4A">
    <value valueType="decimal">4.0198695126793975</value>
  </variableValue>
  <variableValue variable="MFQ[year]4B">
    <value valueType="decimal">26.781117234628393</value>
  </variableValue>
  <variableValue variable="MFQ[year]4C">
    <value valueType="decimal">77.27386838081391</value>
  </variableValue>
  <variableValue variable="MFQ[year]4D">
    <value valueType="decimal">64.0861553568648</value>
  </variableValue>
  <variableValue variable="MFQ[year]4E">
    <value valueType="decimal">85.30443013719113</value>
  </variableValue>
  <variableValue variable="MFQ[year]5A">
    <value valueType="decimal">3.372369354291227</value>
  </variableValue>
  <variableValue variable="MFQ[year]5B">
    <value valueType="decimal">79.08536428491058</value>
  </variableValue>
  <variableValue variable="MFQ[year]5C">
    <value valueType="decimal">32.45769737877673</value>
  </variableValue>
  <variableValue variable="MFQ[year]5D">
    <value valueType="decimal">67.82117328043945</value>
  </variableValue>
  <variableValue variable="MFQ[year]5E">
    <value valueType="decimal">52.120757778474726</value>
  </variableValue>
  <variableValue variable="MFQ[year]6A">
    <value valueType="decimal">51.646471289652176</value>
  </variableValue>
  <variableValue variable="MFQ[year]6B">
    <value valueType="decimal">61.265158489954594</value>
  </variableValue>
  <variableValue variable="MFQ[year]6C">
    <value valueType="decimal">11.654972499836058</value>
  </variableValue>
  <variableValue variable="MFQ[year]6D">
    <value valueType="decimal">34.73836798975072</value>
  </variableValue>
  <variableValue variable="MFQ[year]7A">
    <value valueType="decimal">8.74691858740757</value>
  </variableValue>
  <variableValue variable="MFQ[year]7B">
    <value valueType="decimal">61.724190395166566</value>
  </variableValue>
  <variableValue variable="MFQ[year]7C">
    <value valueType="decimal">45.40878918925889</value>
  </variableValue>
  <variableValue variable="MFQ[year]7D">
    <value valueType="decimal">7.968092016119199</value>
  </variableValue>
  <variableValue variable="MFQ[year]7E">
    <value valueType="decimal">26.564564419389093</value>
  </variableValue>
  <variableValue variable="MFQ[year]7F">
    <value valueType="decimal">63.12683607869041</value>
  </variableValue>
  <variableValue variable="MFQ[year]7G">
    <value valueType="decimal">10.911711593635175</value>
  </variableValue>
  <variableValue variable="MFQ[year]7H">
    <value valueType="decimal">39.261188911191134</value>
  </variableValue>
  <variableValue variable="MFQ[year]7I">
    <value valueType="decimal">43.087303498498805</value>
  </variableValue>
  <variableValue variable="MFQ[year]7J">
    <value valueType="decimal">40.98021773788331</value>
  </variableValue>
  <variableValue variable="MFQ[year]7K">
    <value valueType="decimal">71.5730181503377</value>
  </variableValue>
  <variableValue variable="MFQ[year]7L">
    <value valueType="decimal">39.12590802652591</value>
  </variableValue>
  <variableValue variable="MFQ[year]7M">
    <value valueType="decimal">85.97745959099605</value>
  </variableValue>
  <variableValue variable="MFQ[year]7N">
    <value valueType="decimal">44.34957185595666</value>
  </variableValue>
  <variableValue variable="MFQ[year]7O">
    <value valueType="decimal">0.32772215752875367</value>
  </variableValue>
  <variableValue variable="MFQ[year]7P">
    <value valueType="decimal">4.730359560495778</value>
  </variableValue>
  <variableValue variable="MFQ[year]7Q">
    <value valueType="decimal">92.91978638896948</value>
  </variableValue>
  <variableValue variable="MFQ[year]7R">
    <value valueType="decimal">92.03759418374655</value>
  </variableValue>
  <variableValue variable="MFQ[year]8A">
    <value valueType="decimal">16.34165813938132</value>
  </variableValue>
  <variableValue variable="MFQ[year]8B">
    <value valueType="decimal">7.721596954399745</value>
  </variableValue>
  <variableValue variable="MFQ[year]8C">
    <value valueType="decimal">68.2793835718131</value>
  </variableValue>
  <variableValue variable="MFQ[year]8D">
    <value valueType="decimal">34.67345979255712</value>
  </variableValue>
  <variableValue variable="MFQ[year]8E">
    <value valueType="decimal">70.99188116909382</value>
  </variableValue>
  <variableValue variable="MFQ[year]8F">
    <value valueType="decimal">0.7269231290449873</value>
  </variableValue>
  <variableValue variable="MFQ[year]8G">
    <value valueType="decimal">27.805963074598516</value>
  </variableValue>
  <variableValue variable="MFQ[year]8H">
    <value valueType="decimal">60.35127667204686</value>
  </variableValue>
  <variableValue variable="MFQ1[year]">
    <value valueType="integer">97</value>
  </variableValue>
  <variableValue variable="mfq1[year]">
    <value valueType="decimal">43.636994982246044</value>
  </variableValue>
  <variableValue variable="MFQ2[year]">
    <value valueType="integer">48</value>
  </variableValue>
  <variableValue variable="mfq2[year]">
    <value valueType="decimal">19.1560937538104</value>
  </variableValue>
  <variableValue variable="MFQ3[year]">
    <value valueType="integer">7</value>
  </variableValue>
  <variableValue variable="mfq3[year]">
    <value valueType="decimal">97.08620892584095</value>
  </variableValue>
  <variableValue variable="MFQ4[year]">
    <value valueType="integer">38</value>
  </variableValue>
  <variableValue variable="mfq4[year]">
    <value valueType="decimal">42.48613741250311</value>
  </variableValue>
  <variableValue variable="MLIVE[year]">
    <value valueType="integer">1</value>
  </variableValue>
  <variableValue variable="MOMWK[year]">
    <value valueType="integer">0</value>
  </variableValue>
  <variableValue variable="movie[year]">
    <value valueType="decimal">70.16517377568519</value>
  </variableValue>
  <variableValue variable="MSTA84[year]">
    <value valueType="integer">5</value>
  </variableValue>
  <variableValue variable="MSTAT[year]">
    <value valueType="integer">2</value>
  </variableValue>
  <variableValue variable="NBKS[year]">
    <value valueType="integer">65</value>
  </variableValue>
  <variableValue variable="NCONF[year]">
    <value valueType="integer">53</value>
  </variableValue>
  <variableValue variable="NEEDCATA[year]">
    <value valueType="integer">2</value>
  </variableValue>
  <variableValue variable="NEMP[year]">
    <value valueType="integer">77</value>
  </variableValue>
  <variableValue variable="NEUROTIC[year]">
    <value valueType="integer">53</value>
  </variableValue>
  <variableValue variable="NEWPRNT[year]">
    <value valueType="integer">2</value>
  </variableValue>
  <variableValue variable="nfr[year]">
    <value valueType="integer">94</value>
  </variableValue>
  <variableValue variable="NFRN[year]">
    <value valueType="integer">19</value>
  </variableValue>
  <variableValue variable="NGRNKD[year]">
    <value valueType="integer">4</value>
  </variableValue>
  <variableValue variable="NJOB[year]">
    <value valueType="integer">76</value>
  </variableValue>
  <variableValue variable="NKDHM[year]">
    <value valueType="integer">6</value>
  </variableValue>
  <variableValue variable="NKIDS[year]">
    <value valueType="integer">56</value>
  </variableValue>
  <variableValue variable="NMAG[year]">
    <value valueType="integer">35</value>
  </variableValue>
  <variableValue variable="NMOV[year]">
    <value valueType="integer">76</value>
  </variableValue>
  <variableValue variable="NMTG[year]">
    <value valueType="integer">99</value>
  </variableValue>
  <variableValue variable="NNEIG[year]">
    <value valueType="integer">4</value>
  </variableValue>
  <variableValue variable="NOBR[year]">
    <value valueType="integer">21</value>
  </variableValue>
  <variableValue variable="NOISE[year]">
    <value valueType="integer">2</value>
  </variableValue>
  <variableValue variable="NONFIC[year]">
    <value valueType="integer">75</value>
  </variableValue>
  <variableValue variable="nor[year]">
    <value valueType="integer">17</value>
  </variableValue>
  <variableValue variable="norcr[year]">
    <value valueType="integer">57</value>
  </variableValue>
  <variableValue variable="NOSIS[year]">
    <value valueType="integer">74</value>
  </variableValue>
  <variableValue variable="NOWRK[year]">
    <value valueType="integer">7</value>
  </variableValue>
  <variableValue variable="NRMS[year]">
    <value valueType="integer">35</value>
  </variableValue>
  <variableValue variable="nsp08">
    <value valueType="integer">4</value>
  </variableValue>
  <variableValue variable="NSTATE[year]">
    <value valueType="integer">38</value>
  </variableValue>
  <variableValue variable="NTRAD[year]">
    <value valueType="integer">10</value>
  </variableValue>
  <variableValue variable="NTRIPS[year]">
    <value valueType="integer">93</value>
  </variableValue>
  <variableValue variable="numtot[year]">
    <value valueType="integer">81</value>
  </variableValue>
  <variableValue variable="NVISIT[year]">
    <value valueType="integer">4</value>
  </variableValue>
  <variableValue variable="NWED[year]">
    <value valueType="integer">74</value>
  </variableValue>
  <variableValue variable="NYBR[year]">
    <value valueType="integer">87</value>
  </variableValue>
  <variableValue variable="NYSIS[year]">
    <value valueType="integer">89</value>
  </variableValue>
  <variableValue variable="OBGYN[year]">
    <value valueType="integer">2</value>
  </variableValue>
  <variableValue variable="OCC[year]">
    <value valueType="integer">9</value>
  </variableValue>
  <variableValue variable="OCC84[year]">
    <value valueType="integer">1</value>
  </variableValue>
  <variableValue variable="OPEN[year]">
    <value valueType="integer">29</value>
  </variableValue>
  <variableValue variable="or[year]">
    <value valueType="integer">98</value>
  </variableValue>
  <variableValue variable="oratt[year]">
    <value valueType="integer">40</value>
  </variableValue>
  <variableValue variable="ORGAN[year]">
    <value valueType="integer">3</value>
  </variableValue>
  <variableValue variable="oromt[year]">
    <value valueType="integer">81</value>
  </variableValue>
  <variableValue variable="orwg[year]">
    <value valueType="integer">75</value>
  </variableValue>
  <variableValue variable="OTJ[year]">
    <value valueType="integer">1</value>
  </variableValue>
  <variableValue variable="outhob[year]">
    <value valueType="decimal">88.7986685244731</value>
  </variableValue>
  <variableValue variable="OWNHM[year]">
    <value valueType="integer">0</value>
  </variableValue>
  <variableValue variable="PAINREL[year]">
    <value valueType="integer">2</value>
  </variableValue>
  <variableValue variable="PAP[year]">
    <value valueType="integer">1</value>
  </variableValue>
  <variableValue variable="party[year]">
    <value valueType="decimal">6.368301252846553</value>
  </variableValue>
  <variableValue variable="pase1">
    <value valueType="integer">2</value>
  </variableValue>
  <variableValue variable="pase10">
    <value valueType="integer">0</value>
  </variableValue>
  <variableValue variable="pase10a">
    <value valueType="decimal">25.062898802912446</value>
  </variableValue>
  <variableValue variable="pase10b">
    <value valueType="integer">4</value>
  </variableValue>
  <variableValue variable="pase1b">
    <value valueType="integer">2</value>
  </variableValue>
  <variableValue variable="pase2">
    <value valueType="integer">3</value>
  </variableValue>
  <variableValue variable="pase2a">
    <value valueType="integer">3</value>
  </variableValue>
  <variableValue variable="pase3">
    <value valueType="integer">1</value>
  </variableValue>
  <variableValue variable="pase3b">
    <value valueType="integer">1</value>
  </variableValue>
  <variableValue variable="pase4">
    <value valueType="integer">2</value>
  </variableValue>
  <variableValue variable="pase4b">
    <value valueType="integer">1</value>
  </variableValue>
  <variableValue variable="pase5">
    <value valueType="integer">0</value>
  </variableValue>
  <variableValue variable="pase5b">
    <value valueType="integer">2</value>
  </variableValue>
  <variableValue variable="pase6">
    <value valueType="integer">0</value>
  </variableValue>
  <variableValue variable="pase6b">
    <value valueType="integer">2</value>
  </variableValue>
  <variableValue variable="pase7">
    <value valueType="integer">0</value>
  </variableValue>
  <variableValue variable="pase8">
    <value valueType="integer">1</value>
  </variableValue>
  <variableValue variable="pase9a - pase9d">
    <value valueType="integer">1</value>
  </variableValue>
  <variableValue variable="pattot[year]">
    <value valueType="integer">24</value>
  </variableValue>
  <variableValue variable="PDEMP[year]">
    <value valueType="integer">1</value>
  </variableValue>
  <variableValue variable="PEOP[year]">
    <value valueType="decimal">32.233675403220175</value>
  </variableValue>
  <variableValue variable="pets[year]">
    <value valueType="decimal">52.46155841875186</value>
  </variableValue>
  <variableValue variable="phone[year]">
    <value valueType="decimal">13.760109640020968</value>
  </variableValue>
  <variableValue variable="picnic[year]">
    <value valueType="decimal">63.15938212886487</value>
  </variableValue>
  <variableValue variable="PIPEDAY[year]">
    <value valueType="integer">6</value>
  </variableValue>
  <variableValue variable="PIPES[year]">
    <value valueType="integer">2</value>
  </variableValue>
  <variableValue variable="pirr1[year]">
    <value valueType="integer">38</value>
  </variableValue>
  <variableValue variable="pirr2[year]">
    <value valueType="integer">98</value>
  </variableValue>
  <variableValue variable="PORK[year]">
    <value valueType="integer">2</value>
  </variableValue>
  <variableValue variable="ppr1[year]">
    <value valueType="integer">12</value>
  </variableValue>
  <variableValue variable="ppr2[year]">
    <value valueType="integer">24</value>
  </variableValue>
  <variableValue variable="ppr3[year]">
    <value valueType="integer">99</value>
  </variableValue>
  <variableValue variable="pray[year]">
    <value valueType="decimal">39.29570113903994</value>
  </variableValue>
  <variableValue variable="PRESR[year]">
    <value valueType="integer">2</value>
  </variableValue>
  <variableValue variable="PRO2YR[year]">
    <value valueType="integer">1</value>
  </variableValue>
  <variableValue variable="PROAGE[year]">
    <value valueType="integer">6</value>
  </variableValue>
  <variableValue variable="PROENLAR[year]">
    <value valueType="integer">1</value>
  </variableValue>
  <variableValue variable="PROEXAM[year]">
    <value valueType="integer">20</value>
  </variableValue>
  <variableValue variable="PROS[year]">
    <value valueType="integer">1</value>
  </variableValue>
  <variableValue variable="PROSUC[year]">
    <value valueType="integer">5</value>
  </variableValue>
  <variableValue variable="PRSC84[year]">
    <value valueType="integer">3</value>
  </variableValue>
  <variableValue variable="radio[year]">
    <value valueType="decimal">15.005686671463604</value>
  </variableValue>
  <variableValue variable="RDPAPR[year]">
    <value valueType="integer">1</value>
  </variableValue>
  <variableValue variable="RDWRIT[year]">
    <value valueType="decimal">31.272420506421817</value>
  </variableValue>
  <variableValue variable="read[year]">
    <value valueType="decimal">68.25604963384544</value>
  </variableValue>
  <variableValue variable="REGULAR[year]">
    <value valueType="integer">2</value>
  </variableValue>
  <variableValue variable="REMAR[year]">
    <value valueType="integer">60</value>
  </variableValue>
  <variableValue variable="rv[year]">
    <value valueType="integer">82</value>
  </variableValue>
  <variableValue variable="SAFE[year]">
    <value valueType="integer">0</value>
  </variableValue>
  <variableValue variable="SBHWY[year]">
    <value valueType="integer">4</value>
  </variableValue>
  <variableValue variable="SBTOWN[year]">
    <value valueType="integer">5</value>
  </variableValue>
  <variableValue variable="SELFBLOO[year]">
    <value valueType="integer">4</value>
  </variableValue>
  <variableValue variable="selfim[year]">
    <value valueType="decimal">11.536053838729876</value>
  </variableValue>
  <variableValue variable="SELFMAM[year]">
    <value valueType="integer">2</value>
  </variableValue>
  <variableValue variable="sex">
    <value valueType="integer">1</value>
  </variableValue>
  <variableValue variable="shop[year]">
    <value valueType="decimal">27.396161053721436</value>
  </variableValue>
  <variableValue variable="SIBS[year]">
    <value valueType="integer">85</value>
  </variableValue>
  <variableValue variable="SLEEP[year]">
    <value valueType="integer">2</value>
  </variableValue>
  <variableValue variable="smdvh[year]">
    <value valueType="integer">66</value>
  </variableValue>
  <variableValue variable="smdvl[year]">
    <value valueType="integer">49</value>
  </variableValue>
  <variableValue variable="SMK[year]">
    <value valueType="integer">0</value>
  </variableValue>
  <variableValue variable="SMOKE[year]">
    <value valueType="integer">1</value>
  </variableValue>
  <variableValue variable="SMOKEPAS[year]">
    <value valueType="decimal">21.206936857590364</value>
  </variableValue>
  <variableValue variable="SODA[year]">
    <value valueType="integer">1</value>
  </variableValue>
  <variableValue variable="SODIUM[year]">
    <value valueType="integer">4</value>
  </variableValue>
  <variableValue variable="SPBRN[year]">
    <value valueType="integer">38</value>
  </variableValue>
  <variableValue variable="spec[year]">
    <value valueType="decimal">10.184758141147455</value>
  </variableValue>
  <variableValue variable="SPEED[year]">
    <value valueType="integer">1</value>
  </variableValue>
  <variableValue variable="SPOCC[year]">
    <value valueType="integer">7</value>
  </variableValue>
  <variableValue variable="sport[year]">
    <value valueType="decimal">68.15159075651617</value>
  </variableValue>
  <variableValue variable="SPRVIS[year]">
    <value valueType="integer">3</value>
  </variableValue>
  <variableValue variable="SREYE[year]">
    <value valueType="integer">2</value>
  </variableValue>
  <variableValue variable="srh[year]">
    <value valueType="integer">1</value>
  </variableValue>
  <variableValue variable="SRHEALTH">
    <value valueType="integer">4</value>
  </variableValue>
  <variableValue variable="SRHEAR[year]">
    <value valueType="integer">2</value>
  </variableValue>
  <variableValue variable="sstot[year]">
    <value valueType="integer">80</value>
  </variableValue>
  <variableValue variable="STAIRS[year]">
    <value valueType="integer">3</value>
  </variableValue>
  <variableValue variable="TEA[year]">
    <value valueType="integer">2</value>
  </variableValue>
  <variableValue variable="TRAF[year]">
    <value valueType="integer">0</value>
  </variableValue>
  <variableValue variable="travel[year]">
    <value valueType="decimal">34.11283197275999</value>
  </variableValue>
  <variableValue variable="TREES[year]">
    <value valueType="integer">5</value>
  </variableValue>
  <variableValue variable="TRYSTOP[year]">
    <value valueType="integer">2</value>
  </variableValue>
  <variableValue variable="tv[year]">
    <value valueType="decimal">85.33513433778805</value>
  </variableValue>
  <variableValue variable="TYPBLD[year]">
    <value valueType="integer">7</value>
  </variableValue>
  <variableValue variable="UNIVEX[year]">
    <value valueType="integer">0</value>
  </variableValue>
  <variableValue variable="VEAL[year]">
    <value valueType="integer">3</value>
  </variableValue>
  <variableValue variable="vis[year]">
    <value valueType="decimal">41.70410253173402</value>
  </variableValue>
  <variableValue variable="vocab1[year]">
    <value valueType="integer">46</value>
  </variableValue>
  <variableValue variable="vocab2[year]">
    <value valueType="integer">54</value>
  </variableValue>
  <variableValue variable="VOCAT[year]">
    <value valueType="integer">0</value>
  </variableValue>
  <variableValue variable="vol[year]">
    <value valueType="decimal">33.589207482652874</value>
  </variableValue>
  <variableValue variable="walk[year]">
    <value valueType="decimal">14.463822500002955</value>
  </variableValue>
  <variableValue variable="WALK[year]">
    <value valueType="integer">2</value>
  </variableValue>
  <variableValue variable="wdflu[year]">
    <value valueType="integer">8</value>
  </variableValue>
  <variableValue variable="WEIGHT[year]">
    <value valueType="integer">82</value>
  </variableValue>
  <variableValue variable="WELL[year]">
    <value valueType="integer">2</value>
  </variableValue>
  <variableValue variable="WINE[year]">
    <value valueType="integer">76</value>
  </variableValue>
  <variableValue variable="write[year]">
    <value valueType="decimal">98.80766056657589</value>
  </variableValue>
  <variableValue variable="WRKPLC[year]">
    <value valueType="integer">4</value>
  </variableValue>
  <variableValue variable="WRKTYP[year]">
    <value valueType="integer">1</value>
  </variableValue>
  <variableValue variable="ws[year]">
    <value valueType="integer">100</value>
  </variableValue>
  <variableValue variable="YEAROP[year]">
    <value valueType="integer">27</value>
  </variableValue>
  <variableValue variable="YRQUIT[year]">
    <value valueType="integer">59</value>
  </variableValue>
  <variableValue variable="YRRET[year]">
    <value valueType="integer">82</value>
  </variableValue>
  <variableValue variable="YRSMOKE[year]">
    <value valueType="decimal">25.157607668383097</value>
  </variableValue>
</valueSet>