<valueSet valueTable="2008" entityType="Participant" entityIdentifier="18498795">
  <variableValue variable="ADLTED[year]">
    <value valueType="integer">1</value>
  </variableValue>
  <variableValue variable="ADVDIR[year]">
    <value valueType="integer">1</value>
  </variableValue>
  <variableValue variable="age[year]">
    <value valueType="integer">38</value>
  </variableValue>
  <variableValue variable="AGEKID[year]">
    <value valueType="integer">33</value>
  </variableValue>
  <variableValue variable="AGENB[year]">
    <value valueType="integer">3</value>
  </variableValue>
  <variableValue variable="AGEWED[year]">
    <value valueType="integer">94</value>
  </variableValue>
  <variableValue variable="AGFRN[year]">
    <value valueType="integer">1</value>
  </variableValue>
  <variableValue variable="AGREE[year]">
    <value valueType="integer">37</value>
  </variableValue>
  <variableValue variable="ALCOHOL[year]">
    <value valueType="integer">4</value>
  </variableValue>
  <variableValue variable="Apdemp[year]">
    <value valueType="decimal">97.49435545516705</value>
  </variableValue>
  <variableValue variable="ART[year]">
    <value valueType="integer">2</value>
  </variableValue>
  <variableValue variable="BDATE_DY">
    <value valueType="integer">3</value>
  </variableValue>
  <variableValue variable="BDATE_MO">
    <value valueType="integer">64</value>
  </variableValue>
  <variableValue variable="BDATE_YR">
    <value valueType="integer">88</value>
  </variableValue>
  <variableValue variable="BEEF[year]">
    <value valueType="integer">2</value>
  </variableValue>
  <variableValue variable="BEER[year]">
    <value valueType="integer">46</value>
  </variableValue>
  <variableValue variable="BLDLK[year]">
    <value valueType="integer">1</value>
  </variableValue>
  <variableValue variable="BLOODPRE[year]">
    <value valueType="integer">6</value>
  </variableValue>
  <variableValue variable="BOOK[year]">
    <value valueType="integer">1</value>
  </variableValue>
  <variableValue variable="BRUSH[year]">
    <value valueType="integer">73</value>
  </variableValue>
  <variableValue variable="BUTTER[year]">
    <value valueType="integer">4</value>
  </variableValue>
  <variableValue variable="BUYFAT[year]">
    <value valueType="integer">4</value>
  </variableValue>
  <variableValue variable="BUYSALT[year]">
    <value valueType="integer">2</value>
  </variableValue>
  <variableValue variable="CANCHK[year]">
    <value valueType="integer">1</value>
  </variableValue>
  <variableValue variable="cards[year]">
    <value valueType="decimal">67.60354806705196</value>
  </variableValue>
  <variableValue variable="CATARACT[year]">
    <value valueType="integer">3</value>
  </variableValue>
  <variableValue variable="CHKFAT[year]">
    <value valueType="integer">4</value>
  </variableValue>
  <variableValue variable="CHOLES[year]">
    <value valueType="integer">2</value>
  </variableValue>
  <variableValue variable="chur[year]">
    <value valueType="decimal">0.7035720489664499</value>
  </variableValue>
  <variableValue variable="CIGARDAY[year]">
    <value valueType="integer">3</value>
  </variableValue>
  <variableValue variable="CIGARS[year]">
    <value valueType="integer">4</value>
  </variableValue>
  <variableValue variable="CIGDAY[year]">
    <value valueType="integer">3</value>
  </variableValue>
  <variableValue variable="CIGS[year]">
    <value valueType="integer">6</value>
  </variableValue>
  <variableValue variable="CLNAIR[year]">
    <value valueType="integer">5</value>
  </variableValue>
  <variableValue variable="COFFEE[year]">
    <value valueType="integer">4</value>
  </variableValue>
  <variableValue variable="CONSCIEN[year]">
    <value valueType="integer">7</value>
  </variableValue>
  <variableValue variable="cook[year]">
    <value valueType="decimal">87.60474815433011</value>
  </variableValue>
  <variableValue variable="COOKBUT[year]">
    <value valueType="integer">3</value>
  </variableValue>
  <variableValue variable="CORS[year]">
    <value valueType="integer">0</value>
  </variableValue>
  <variableValue variable="crafts[year]">
    <value valueType="decimal">70.18286808990662</value>
  </variableValue>
  <variableValue variable="crdp1[year]">
    <value valueType="integer">81</value>
  </variableValue>
  <variableValue variable="crdp2[year]">
    <value valueType="integer">35</value>
  </variableValue>
  <variableValue variable="cult[year]">
    <value valueType="decimal">13.489187090915722</value>
  </variableValue>
  <variableValue variable="dance[year]">
    <value valueType="decimal">20.84636455627521</value>
  </variableValue>
  <variableValue variable="DENTIST[year]">
    <value valueType="integer">1</value>
  </variableValue>
  <variableValue variable="DENTURE[year]">
    <value valueType="integer">2</value>
  </variableValue>
  <variableValue variable="DIABET[year]">
    <value valueType="integer">2</value>
  </variableValue>
  <variableValue variable="DRMAM[year]">
    <value valueType="integer">1</value>
  </variableValue>
  <variableValue variable="DRVISIT[year]">
    <value valueType="integer">10</value>
  </variableValue>
  <variableValue variable="dydrm[year]">
    <value valueType="decimal">41.86431117443136</value>
  </variableValue>
  <variableValue variable="EARCHK[year]">
    <value valueType="integer">0</value>
  </variableValue>
  <variableValue variable="eatout[year]">
    <value valueType="decimal">56.819269916390944</value>
  </variableValue>
  <variableValue variable="EATSALT[year]">
    <value valueType="integer">2</value>
  </variableValue>
  <variableValue variable="edact[year]">
    <value valueType="decimal">10.14345984974353</value>
  </variableValue>
  <variableValue variable="educ">
    <value valueType="integer">63</value>
  </variableValue>
  <variableValue variable="EDUC[year]">
    <value valueType="integer">85</value>
  </variableValue>
  <variableValue variable="EGG[year]">
    <value valueType="integer">3</value>
  </variableValue>
  <variableValue variable="eldcar[year]">
    <value valueType="decimal">55.30682367170894</value>
  </variableValue>
  <variableValue variable="ELDCAR[year]">
    <value valueType="decimal">77.7466594552632</value>
  </variableValue>
  <variableValue variable="ENT1[year]">
    <value valueType="integer">4</value>
  </variableValue>
  <variableValue variable="ENT2[year]">
    <value valueType="integer">10</value>
  </variableValue>
  <variableValue variable="ENT3[year]">
    <value valueType="integer">9</value>
  </variableValue>
  <variableValue variable="eth[year]">
    <value valueType="integer">51</value>
  </variableValue>
  <variableValue variable="EXCERTOT[year]">
    <value valueType="decimal">20.4943213801436</value>
  </variableValue>
  <variableValue variable="EXCERWK[year]">
    <value valueType="integer">79</value>
  </variableValue>
  <variableValue variable="EXTRAVER[year]">
    <value valueType="integer">22</value>
  </variableValue>
  <variableValue variable="EYECHG[year]">
    <value valueType="integer">1</value>
  </variableValue>
  <variableValue variable="EYECHK[year]">
    <value valueType="integer">0</value>
  </variableValue>
  <variableValue variable="EYEGLAS[year]">
    <value valueType="integer">3</value>
  </variableValue>
  <variableValue variable="FAGE[year]">
    <value valueType="integer">6</value>
  </variableValue>
  <variableValue variable="FAITH[year]">
    <value valueType="integer">2</value>
  </variableValue>
  <variableValue variable="FALLS[year]">
    <value valueType="integer">1</value>
  </variableValue>
  <variableValue variable="FCAUSE[year]">
    <value valueType="integer">11</value>
  </variableValue>
  <variableValue variable="FDIE[year]">
    <value valueType="integer">57</value>
  </variableValue>
  <variableValue variable="FIC[year]">
    <value valueType="integer">40</value>
  </variableValue>
  <variableValue variable="fit[year]">
    <value valueType="decimal">97.15221511300433</value>
  </variableValue>
  <variableValue variable="FLIVE[year]">
    <value valueType="integer">3</value>
  </variableValue>
  <variableValue variable="FLOSS[year]">
    <value valueType="integer">4</value>
  </variableValue>
  <variableValue variable="FLUSHOT[year]">
    <value valueType="integer">4</value>
  </variableValue>
  <variableValue variable="fr[year]">
    <value valueType="integer">92</value>
  </variableValue>
  <variableValue variable="fratt[year]">
    <value valueType="integer">56</value>
  </variableValue>
  <variableValue variable="frcr[year]">
    <value valueType="integer">64</value>
  </variableValue>
  <variableValue variable="fromt[year]">
    <value valueType="integer">58</value>
  </variableValue>
  <variableValue variable="frwg[year]">
    <value valueType="integer">92</value>
  </variableValue>
  <variableValue variable="game[year]">
    <value valueType="decimal">49.1178552713342</value>
  </variableValue>
  <variableValue variable="gds[year]1 –  gds[year]30">
    <value valueType="integer">0</value>
  </variableValue>
  <variableValue variable="gdstot[year]">
    <value valueType="integer">44</value>
  </variableValue>
  <variableValue variable="HANDS[year]">
    <value valueType="decimal">44.91614359367699</value>
  </variableValue>
  <variableValue variable="HARDLIQ[year]">
    <value valueType="integer">26</value>
  </variableValue>
  <variableValue variable="HEALTHCH[year]">
    <value valueType="integer">2</value>
  </variableValue>
  <variableValue variable="HEARAID[year]">
    <value valueType="integer">1</value>
  </variableValue>
  <variableValue variable="HEARCHG[year]">
    <value valueType="integer">3</value>
  </variableValue>
  <variableValue variable="HEARSPEC[year]">
    <value valueType="integer">4</value>
  </variableValue>
  <variableValue variable="HEART[year]">
    <value valueType="integer">2</value>
  </variableValue>
  <variableValue variable="HEIGHT[year]">
    <value valueType="integer">14</value>
  </variableValue>
  <variableValue variable="HHEIGHT[year]">
    <value valueType="integer">84</value>
  </variableValue>
  <variableValue variable="HIGHBLOO[year]">
    <value valueType="integer">1</value>
  </variableValue>
  <variableValue variable="HJOBTP[year]">
    <value valueType="integer">2</value>
  </variableValue>
  <variableValue variable="HMKHD[year]">
    <value valueType="decimal">52.591526370972595</value>
  </variableValue>
  <variableValue variable="HMKJB[year]">
    <value valueType="integer">83</value>
  </variableValue>
  <variableValue variable="HMKPE[year]">
    <value valueType="decimal">28.101635472052887</value>
  </variableValue>
  <variableValue variable="HMKPRS[year]">
    <value valueType="integer">1</value>
  </variableValue>
  <variableValue variable="HMKR[year]">
    <value valueType="integer">11</value>
  </variableValue>
  <variableValue variable="HMKRD[year]">
    <value valueType="decimal">85.8654960578302</value>
  </variableValue>
  <variableValue variable="HOSDAYS[year]">
    <value valueType="integer">44</value>
  </variableValue>
  <variableValue variable="HOSVISIT[year]">
    <value valueType="integer">1</value>
  </variableValue>
  <variableValue variable="HWEIGHT[year]">
    <value valueType="integer">68</value>
  </variableValue>
  <variableValue variable="INC[year]">
    <value valueType="integer">14</value>
  </variableValue>
  <variableValue variable="INC84[year]">
    <value valueType="integer">8</value>
  </variableValue>
  <variableValue variable="instr[year]">
    <value valueType="decimal">72.24323173576673</value>
  </variableValue>
  <variableValue variable="ir[year]a1 - ir[year]a20">
    <value valueType="integer">1</value>
  </variableValue>
  <variableValue variable="ir[year]b1 - ir[year]b20">
    <value valueType="integer">0</value>
  </variableValue>
  <variableValue variable="JOBLEN[year]">
    <value valueType="integer">1</value>
  </variableValue>
  <variableValue variable="JOBTYP[year]">
    <value valueType="integer">9</value>
  </variableValue>
  <variableValue variable="kidcar[year]">
    <value valueType="decimal">84.04093336629641</value>
  </variableValue>
  <variableValue variable="LAMB[year]">
    <value valueType="integer">5</value>
  </variableValue>
  <variableValue variable="lettot[year]">
    <value valueType="integer">67</value>
  </variableValue>
  <variableValue variable="LFST84[year]">
    <value valueType="integer">4</value>
  </variableValue>
  <variableValue variable="LIFSAT[year]">
    <value valueType="integer">1</value>
  </variableValue>
  <variableValue variable="LIVESMOK[year]">
    <value valueType="integer">1</value>
  </variableValue>
  <variableValue variable="ls[year]">
    <value valueType="integer">51</value>
  </variableValue>
  <variableValue variable="LSTJOB[year]">
    <value valueType="integer">8</value>
  </variableValue>
  <variableValue variable="LVNGWILL[year]">
    <value valueType="integer">2</value>
  </variableValue>
  <variableValue variable="MAGE[year]">
    <value valueType="integer">77</value>
  </variableValue>
  <variableValue variable="MAM[year]">
    <value valueType="integer">1</value>
  </variableValue>
  <variableValue variable="MAM2YR[year]">
    <value valueType="integer">1</value>
  </variableValue>
  <variableValue variable="MAMAGE[year]">
    <value valueType="integer">42</value>
  </variableValue>
  <variableValue variable="MAMEXAM[year]">
    <value valueType="integer">14</value>
  </variableValue>
  <variableValue variable="MASTECT[year]">
    <value valueType="integer">2</value>
  </variableValue>
  <variableValue variable="MCAUSE[year]">
    <value valueType="integer">7</value>
  </variableValue>
  <variableValue variable="MDIE[year]">
    <value valueType="integer">32</value>
  </variableValue>
  <variableValue variable="MED[year]">
    <value valueType="integer">2</value>
  </variableValue>
  <variableValue variable="MENAGE[year]">
    <value valueType="integer">52</value>
  </variableValue>
  <variableValue variable="MENHIST[year]">
    <value valueType="integer">1</value>
  </variableValue>
  <variableValue variable="MENSIT[year]">
    <value valueType="integer">6</value>
  </variableValue>
  <variableValue variable="MFQ[year]1">
    <value valueType="decimal">17.5438477233778</value>
  </variableValue>
  <variableValue variable="MFQ[year]2A">
    <value valueType="decimal">36.28302180548093</value>
  </variableValue>
  <variableValue variable="MFQ[year]2B">
    <value valueType="decimal">91.42417903925269</value>
  </variableValue>
  <variableValue variable="MFQ[year]2C">
    <value valueType="decimal">92.59602272713963</value>
  </variableValue>
  <variableValue variable="MFQ[year]2D">
    <value valueType="decimal">78.12456879680671</value>
  </variableValue>
  <variableValue variable="MFQ[year]2E">
    <value valueType="decimal">32.34147918599142</value>
  </variableValue>
  <variableValue variable="MFQ[year]3A">
    <value valueType="decimal">33.47741261572982</value>
  </variableValue>
  <variableValue variable="MFQ[year]3B">
    <value valueType="decimal">13.342960396467928</value>
  </variableValue>
  <variableValue variable="MFQ[year]3C">
    <value valueType="decimal">87.89884104896012</value>
  </variableValue>
  <variableValue variable="MFQ[year]3D">
    <value valueType="decimal">65.87267729573053</value>
  </variableValue>
  <variableValue variable="MFQ[year]3E">
    <value valueType="decimal">32.68324701612112</value>
  </variableValue>
  <variableValue variable="MFQ[year]3F">
    <value valueType="decimal">29.928402945313472</value>
  </variableValue>
  <variableValue variable="MFQ[year]3G">
    <value valueType="decimal">4.980404003451133</value>
  </variableValue>
  <variableValue variable="MFQ[year]3H">
    <value valueType="decimal">28.391976042383284</value>
  </variableValue>
  <variableValue variable="MFQ[year]3I">
    <value valueType="decimal">19.075246613825524</value>
  </variableValue>
  <variableValue variable="MFQ[year]3J">
    <value valueType="decimal">33.71473577643761</value>
  </variableValue>
  <variableValue variable="MFQ[year]3K">
    <value valueType="decimal">18.814061376980362</value>
  </variableValue>
  <variableValue variable="MFQ[year]3L">
    <value valueType="decimal">36.634682318572764</value>
  </variableValue>
  <variableValue variable="MFQ[year]3M">
    <value valueType="decimal">66.45847865287728</value>
  </variableValue>
  <variableValue variable="MFQ[year]3N">
    <value valueType="decimal">91.89630648871227</value>
  </variableValue>
  <variableValue variable="MFQ[year]3O">
    <value valueType="decimal">15.513809771590925</value>
  </variableValue>
  <variableValue variable="MFQ[year]3P">
    <value valueType="decimal">2.411371590119915</value>
  </variableValue>
  <variableValue variable="MFQ[year]3Q">
    <value valueType="decimal">50.596448721742384</value>
  </variableValue>
  <variableValue variable="MFQ[year]3R">
    <value valueType="decimal">59.47458468158652</value>
  </variableValue>
  <variableValue variable="MFQ[year]4A">
    <value valueType="decimal">85.41487865793927</value>
  </variableValue>
  <variableValue variable="MFQ[year]4B">
    <value valueType="decimal">2.551428511632059</value>
  </variableValue>
  <variableValue variable="MFQ[year]4C">
    <value valueType="decimal">42.49069484724055</value>
  </variableValue>
  <variableValue variable="MFQ[year]4D">
    <value valueType="decimal">13.1187164008424</value>
  </variableValue>
  <variableValue variable="MFQ[year]4E">
    <value valueType="decimal">55.20358313958015</value>
  </variableValue>
  <variableValue variable="MFQ[year]5A">
    <value valueType="decimal">48.70590980981157</value>
  </variableValue>
  <variableValue variable="MFQ[year]5B">
    <value valueType="decimal">26.782933639621042</value>
  </variableValue>
  <variableValue variable="MFQ[year]5C">
    <value valueType="decimal">36.614232551713584</value>
  </variableValue>
  <variableValue variable="MFQ[year]5D">
    <value valueType="decimal">2.4771555224788133</value>
  </variableValue>
  <variableValue variable="MFQ[year]5E">
    <value valueType="decimal">33.05041255301104</value>
  </variableValue>
  <variableValue variable="MFQ[year]6A">
    <value valueType="decimal">93.61042579054477</value>
  </variableValue>
  <variableValue variable="MFQ[year]6B">
    <value valueType="decimal">59.1847056171106</value>
  </variableValue>
  <variableValue variable="MFQ[year]6C">
    <value valueType="decimal">76.69901423442188</value>
  </variableValue>
  <variableValue variable="MFQ[year]6D">
    <value valueType="decimal">17.823075249695684</value>
  </variableValue>
  <variableValue variable="MFQ[year]7A">
    <value valueType="decimal">51.17106063007262</value>
  </variableValue>
  <variableValue variable="MFQ[year]7B">
    <value valueType="decimal">85.1781639603651</value>
  </variableValue>
  <variableValue variable="MFQ[year]7C">
    <value valueType="decimal">7.253199971868174</value>
  </variableValue>
  <variableValue variable="MFQ[year]7D">
    <value valueType="decimal">44.15248624496668</value>
  </variableValue>
  <variableValue variable="MFQ[year]7E">
    <value valueType="decimal">45.805387964074384</value>
  </variableValue>
  <variableValue variable="MFQ[year]7F">
    <value valueType="decimal">56.44212895833335</value>
  </variableValue>
  <variableValue variable="MFQ[year]7G">
    <value valueType="decimal">26.665002310429532</value>
  </variableValue>
  <variableValue variable="MFQ[year]7H">
    <value valueType="decimal">58.774676578314356</value>
  </variableValue>
  <variableValue variable="MFQ[year]7I">
    <value valueType="decimal">56.57864226473301</value>
  </variableValue>
  <variableValue variable="MFQ[year]7J">
    <value valueType="decimal">57.168152265268</value>
  </variableValue>
  <variableValue variable="MFQ[year]7K">
    <value valueType="decimal">75.04307069611532</value>
  </variableValue>
  <variableValue variable="MFQ[year]7L">
    <value valueType="decimal">96.0080349964398</value>
  </variableValue>
  <variableValue variable="MFQ[year]7M">
    <value valueType="decimal">52.1465753635755</value>
  </variableValue>
  <variableValue variable="MFQ[year]7N">
    <value valueType="decimal">5.068770176150061</value>
  </variableValue>
  <variableValue variable="MFQ[year]7O">
    <value valueType="decimal">80.41158750050089</value>
  </variableValue>
  <variableValue variable="MFQ[year]7P">
    <value valueType="decimal">6.749404973641537</value>
  </variableValue>
  <variableValue variable="MFQ[year]7Q">
    <value valueType="decimal">59.11467337138343</value>
  </variableValue>
  <variableValue variable="MFQ[year]7R">
    <value valueType="decimal">72.45681910703506</value>
  </variableValue>
  <variableValue variable="MFQ[year]8A">
    <value valueType="decimal">28.839367243275284</value>
  </variableValue>
  <variableValue variable="MFQ[year]8B">
    <value valueType="decimal">96.27422461142021</value>
  </variableValue>
  <variableValue variable="MFQ[year]8C">
    <value valueType="decimal">93.15115016776657</value>
  </variableValue>
  <variableValue variable="MFQ[year]8D">
    <value valueType="decimal">46.129097461498844</value>
  </variableValue>
  <variableValue variable="MFQ[year]8E">
    <value valueType="decimal">48.136029199724206</value>
  </variableValue>
  <variableValue variable="MFQ[year]8F">
    <value valueType="decimal">18.268055125621874</value>
  </variableValue>
  <variableValue variable="MFQ[year]8G">
    <value valueType="decimal">46.78988064710809</value>
  </variableValue>
  <variableValue variable="MFQ[year]8H">
    <value valueType="decimal">65.9133639425207</value>
  </variableValue>
  <variableValue variable="MFQ1[year]">
    <value valueType="integer">91</value>
  </variableValue>
  <variableValue variable="mfq1[year]">
    <value valueType="decimal">53.303275611794554</value>
  </variableValue>
  <variableValue variable="MFQ2[year]">
    <value valueType="integer">46</value>
  </variableValue>
  <variableValue variable="mfq2[year]">
    <value valueType="decimal">11.160190289217208</value>
  </variableValue>
  <variableValue variable="MFQ3[year]">
    <value valueType="integer">12</value>
  </variableValue>
  <variableValue variable="mfq3[year]">
    <value valueType="decimal">45.05006226309508</value>
  </variableValue>
  <variableValue variable="MFQ4[year]">
    <value valueType="integer">31</value>
  </variableValue>
  <variableValue variable="mfq4[year]">
    <value valueType="decimal">80.73445991092976</value>
  </variableValue>
  <variableValue variable="MLIVE[year]">
    <value valueType="integer">3</value>
  </variableValue>
  <variableValue variable="MOMWK[year]">
    <value valueType="integer">0</value>
  </variableValue>
  <variableValue variable="movie[year]">
    <value valueType="decimal">32.80623549874052</value>
  </variableValue>
  <variableValue variable="MSTA84[year]">
    <value valueType="integer">2</value>
  </variableValue>
  <variableValue variable="MSTAT[year]">
    <value valueType="integer">1</value>
  </variableValue>
  <variableValue variable="NBKS[year]">
    <value valueType="integer">14</value>
  </variableValue>
  <variableValue variable="NCONF[year]">
    <value valueType="integer">32</value>
  </variableValue>
  <variableValue variable="NEEDCATA[year]">
    <value valueType="integer">2</value>
  </variableValue>
  <variableValue variable="NEMP[year]">
    <value valueType="integer">44</value>
  </variableValue>
  <variableValue variable="NEUROTIC[year]">
    <value valueType="integer">23</value>
  </variableValue>
  <variableValue variable="NEWPRNT[year]">
    <value valueType="integer">1</value>
  </variableValue>
  <variableValue variable="nfr[year]">
    <value valueType="integer">6</value>
  </variableValue>
  <variableValue variable="NFRN[year]">
    <value valueType="integer">46</value>
  </variableValue>
  <variableValue variable="NGRNKD[year]">
    <value valueType="integer">75</value>
  </variableValue>
  <variableValue variable="NJOB[year]">
    <value valueType="integer">41</value>
  </variableValue>
  <variableValue variable="NKDHM[year]">
    <value valueType="integer">75</value>
  </variableValue>
  <variableValue variable="NKIDS[year]">
    <value valueType="integer">43</value>
  </variableValue>
  <variableValue variable="NMAG[year]">
    <value valueType="integer">99</value>
  </variableValue>
  <variableValue variable="NMOV[year]">
    <value valueType="integer">45</value>
  </variableValue>
  <variableValue variable="NMTG[year]">
    <value valueType="integer">87</value>
  </variableValue>
  <variableValue variable="NNEIG[year]">
    <value valueType="integer">2</value>
  </variableValue>
  <variableValue variable="NOBR[year]">
    <value valueType="integer">64</value>
  </variableValue>
  <variableValue variable="NOISE[year]">
    <value valueType="integer">3</value>
  </variableValue>
  <variableValue variable="NONFIC[year]">
    <value valueType="integer">92</value>
  </variableValue>
  <variableValue variable="nor[year]">
    <value valueType="integer">70</value>
  </variableValue>
  <variableValue variable="norcr[year]">
    <value valueType="integer">82</value>
  </variableValue>
  <variableValue variable="NOSIS[year]">
    <value valueType="integer">35</value>
  </variableValue>
  <variableValue variable="NOWRK[year]">
    <value valueType="integer">8</value>
  </variableValue>
  <variableValue variable="NRMS[year]">
    <value valueType="integer">38</value>
  </variableValue>
  <variableValue variable="nsp08">
    <value valueType="integer">70</value>
  </variableValue>
  <variableValue variable="NSTATE[year]">
    <value valueType="integer">65</value>
  </variableValue>
  <variableValue variable="NTRAD[year]">
    <value valueType="integer">32</value>
  </variableValue>
  <variableValue variable="NTRIPS[year]">
    <value valueType="integer">100</value>
  </variableValue>
  <variableValue variable="numtot[year]">
    <value valueType="integer">3</value>
  </variableValue>
  <variableValue variable="NVISIT[year]">
    <value valueType="integer">2</value>
  </variableValue>
  <variableValue variable="NWED[year]">
    <value valueType="integer">81</value>
  </variableValue>
  <variableValue variable="NYBR[year]">
    <value valueType="integer">34</value>
  </variableValue>
  <variableValue variable="NYSIS[year]">
    <value valueType="integer">45</value>
  </variableValue>
  <variableValue variable="OBGYN[year]">
    <value valueType="integer">1</value>
  </variableValue>
  <variableValue variable="OCC[year]">
    <value valueType="integer">4</value>
  </variableValue>
  <variableValue variable="OCC84[year]">
    <value valueType="integer">8</value>
  </variableValue>
  <variableValue variable="OPEN[year]">
    <value valueType="integer">63</value>
  </variableValue>
  <variableValue variable="or[year]">
    <value valueType="integer">50</value>
  </variableValue>
  <variableValue variable="oratt[year]">
    <value valueType="integer">38</value>
  </variableValue>
  <variableValue variable="ORGAN[year]">
    <value valueType="integer">4</value>
  </variableValue>
  <variableValue variable="oromt[year]">
    <value valueType="integer">80</value>
  </variableValue>
  <variableValue variable="orwg[year]">
    <value valueType="integer">39</value>
  </variableValue>
  <variableValue variable="OTJ[year]">
    <value valueType="integer">1</value>
  </variableValue>
  <variableValue variable="outhob[year]">
    <value valueType="decimal">12.823842031673326</value>
  </variableValue>
  <variableValue variable="OWNHM[year]">
    <value valueType="integer">0</value>
  </variableValue>
  <variableValue variable="PAINREL[year]">
    <value valueType="integer">3</value>
  </variableValue>
  <variableValue variable="PAP[year]">
    <value valueType="integer">3</value>
  </variableValue>
  <variableValue variable="party[year]">
    <value valueType="decimal">59.83626838254155</value>
  </variableValue>
  <variableValue variable="pase1">
    <value valueType="integer">3</value>
  </variableValue>
  <variableValue variable="pase10">
    <value valueType="integer">0</value>
  </variableValue>
  <variableValue variable="pase10a">
    <value valueType="decimal">36.4762810092325</value>
  </variableValue>
  <variableValue variable="pase10b">
    <value valueType="integer">2</value>
  </variableValue>
  <variableValue variable="pase1b">
    <value valueType="integer">1</value>
  </variableValue>
  <variableValue variable="pase2">
    <value valueType="integer">3</value>
  </variableValue>
  <variableValue variable="pase2a">
    <value valueType="integer">4</value>
  </variableValue>
  <variableValue variable="pase3">
    <value valueType="integer">1</value>
  </variableValue>
  <variableValue variable="pase3b">
    <value valueType="integer">4</value>
  </variableValue>
  <variableValue variable="pase4">
    <value valueType="integer">2</value>
  </variableValue>
  <variableValue variable="pase4b">
    <value valueType="integer">2</value>
  </variableValue>
  <variableValue variable="pase5">
    <value valueType="integer">3</value>
  </variableValue>
  <variableValue variable="pase5b">
    <value valueType="integer">1</value>
  </variableValue>
  <variableValue variable="pase6">
    <value valueType="integer">0</value>
  </variableValue>
  <variableValue variable="pase6b">
    <value valueType="integer">3</value>
  </variableValue>
  <variableValue variable="pase7">
    <value valueType="integer">1</value>
  </variableValue>
  <variableValue variable="pase8">
    <value valueType="integer">1</value>
  </variableValue>
  <variableValue variable="pase9a - pase9d">
    <value valueType="integer">1</value>
  </variableValue>
  <variableValue variable="pattot[year]">
    <value valueType="integer">22</value>
  </variableValue>
  <variableValue variable="PDEMP[year]">
    <value valueType="integer">0</value>
  </variableValue>
  <variableValue variable="PEOP[year]">
    <value valueType="decimal">6.72373751362686</value>
  </variableValue>
  <variableValue variable="pets[year]">
    <value valueType="decimal">42.0833205162947</value>
  </variableValue>
  <variableValue variable="phone[year]">
    <value valueType="decimal">89.24135848980829</value>
  </variableValue>
  <variableValue variable="picnic[year]">
    <value valueType="decimal">37.4346960886339</value>
  </variableValue>
  <variableValue variable="PIPEDAY[year]">
    <value valueType="integer">2</value>
  </variableValue>
  <variableValue variable="PIPES[year]">
    <value valueType="integer">5</value>
  </variableValue>
  <variableValue variable="pirr1[year]">
    <value valueType="integer">2</value>
  </variableValue>
  <variableValue variable="pirr2[year]">
    <value valueType="integer">46</value>
  </variableValue>
  <variableValue variable="PORK[year]">
    <value valueType="integer">4</value>
  </variableValue>
  <variableValue variable="ppr1[year]">
    <value valueType="integer">22</value>
  </variableValue>
  <variableValue variable="ppr2[year]">
    <value valueType="integer">33</value>
  </variableValue>
  <variableValue variable="ppr3[year]">
    <value valueType="integer">48</value>
  </variableValue>
  <variableValue variable="pray[year]">
    <value valueType="decimal">63.9281460904455</value>
  </variableValue>
  <variableValue variable="PRESR[year]">
    <value valueType="integer">2</value>
  </variableValue>
  <variableValue variable="PRO2YR[year]">
    <value valueType="integer">2</value>
  </variableValue>
  <variableValue variable="PROAGE[year]">
    <value valueType="integer">69</value>
  </variableValue>
  <variableValue variable="PROENLAR[year]">
    <value valueType="integer">1</value>
  </variableValue>
  <variableValue variable="PROEXAM[year]">
    <value valueType="integer">42</value>
  </variableValue>
  <variableValue variable="PROS[year]">
    <value valueType="integer">1</value>
  </variableValue>
  <variableValue variable="PROSUC[year]">
    <value valueType="integer">5</value>
  </variableValue>
  <variableValue variable="PRSC84[year]">
    <value valueType="integer">5</value>
  </variableValue>
  <variableValue variable="radio[year]">
    <value valueType="decimal">30.41729916274525</value>
  </variableValue>
  <variableValue variable="RDPAPR[year]">
    <value valueType="integer">0</value>
  </variableValue>
  <variableValue variable="RDWRIT[year]">
    <value valueType="decimal">58.855365401878935</value>
  </variableValue>
  <variableValue variable="read[year]">
    <value valueType="decimal">12.532430300676566</value>
  </variableValue>
  <variableValue variable="REGULAR[year]">
    <value valueType="integer">1</value>
  </variableValue>
  <variableValue variable="REMAR[year]">
    <value valueType="integer">14</value>
  </variableValue>
  <variableValue variable="rv[year]">
    <value valueType="integer">60</value>
  </variableValue>
  <variableValue variable="SAFE[year]">
    <value valueType="integer">1</value>
  </variableValue>
  <variableValue variable="SBHWY[year]">
    <value valueType="integer">3</value>
  </variableValue>
  <variableValue variable="SBTOWN[year]">
    <value valueType="integer">1</value>
  </variableValue>
  <variableValue variable="SELFBLOO[year]">
    <value valueType="integer">5</value>
  </variableValue>
  <variableValue variable="selfim[year]">
    <value valueType="decimal">0.32138174800603325</value>
  </variableValue>
  <variableValue variable="SELFMAM[year]">
    <value valueType="integer">2</value>
  </variableValue>
  <variableValue variable="sex">
    <value valueType="integer">1</value>
  </variableValue>
  <variableValue variable="shop[year]">
    <value valueType="decimal">93.91234369824673</value>
  </variableValue>
  <variableValue variable="SIBS[year]">
    <value valueType="integer">30</value>
  </variableValue>
  <variableValue variable="SLEEP[year]">
    <value valueType="integer">3</value>
  </variableValue>
  <variableValue variable="smdvh[year]">
    <value valueType="integer">78</value>
  </variableValue>
  <variableValue variable="smdvl[year]">
    <value valueType="integer">84</value>
  </variableValue>
  <variableValue variable="SMK[year]">
    <value valueType="integer">1</value>
  </variableValue>
  <variableValue variable="SMOKE[year]">
    <value valueType="integer">1</value>
  </variableValue>
  <variableValue variable="SMOKEPAS[year]">
    <value valueType="decimal">65.18030906397698</value>
  </variableValue>
  <variableValue variable="SODA[year]">
    <value valueType="integer">2</value>
  </variableValue>
  <variableValue variable="SODIUM[year]">
    <value valueType="integer">2</value>
  </variableValue>
  <variableValue variable="SPBRN[year]">
    <value valueType="integer">68</value>
  </variableValue>
  <variableValue variable="spec[year]">
    <value valueType="decimal">19.7328787371736</value>
  </variableValue>
  <variableValue variable="SPEED[year]">
    <value valueType="integer">3</value>
  </variableValue>
  <variableValue variable="SPOCC[year]">
    <value valueType="integer">4</value>
  </variableValue>
  <variableValue variable="sport[year]">
    <value valueType="decimal">74.2894186531491</value>
  </variableValue>
  <variableValue variable="SPRVIS[year]">
    <value valueType="integer">5</value>
  </variableValue>
  <variableValue variable="SREYE[year]">
    <value valueType="integer">5</value>
  </variableValue>
  <variableValue variable="srh[year]">
    <value valueType="integer">1</value>
  </variableValue>
  <variableValue variable="SRHEALTH">
    <value valueType="integer">1</value>
  </variableValue>
  <variableValue variable="SRHEAR[year]">
    <value valueType="integer">3</value>
  </variableValue>
  <variableValue variable="sstot[year]">
    <value valueType="integer">41</value>
  </variableValue>
  <variableValue variable="STAIRS[year]">
    <value valueType="integer">3</value>
  </variableValue>
  <variableValue variable="TEA[year]">
    <value valueType="integer">1</value>
  </variableValue>
  <variableValue variable="TRAF[year]">
    <value valueType="integer">0</value>
  </variableValue>
  <variableValue variable="travel[year]">
    <value valueType="decimal">91.40046742550668</value>
  </variableValue>
  <variableValue variable="TREES[year]">
    <value valueType="integer">3</value>
  </variableValue>
  <variableValue variable="TRYSTOP[year]">
    <value valueType="integer">2</value>
  </variableValue>
  <variableValue variable="tv[year]">
    <value valueType="decimal">67.02725372113677</value>
  </variableValue>
  <variableValue variable="TYPBLD[year]">
    <value valueType="integer">8</value>
  </variableValue>
  <variableValue variable="UNIVEX[year]">
    <value valueType="integer">1</value>
  </variableValue>
  <variableValue variable="VEAL[year]">
    <value valueType="integer">2</value>
  </variableValue>
  <variableValue variable="vis[year]">
    <value valueType="decimal">15.583878863685264</value>
  </variableValue>
  <variableValue variable="vocab1[year]">
    <value valueType="integer">64</value>
  </variableValue>
  <variableValue variable="vocab2[year]">
    <value valueType="integer">85</value>
  </variableValue>
  <variableValue variable="VOCAT[year]">
    <value valueType="integer">0</value>
  </variableValue>
  <variableValue variable="vol[year]">
    <value valueType="decimal">65.0768536595339</value>
  </variableValue>
  <variableValue variable="walk[year]">
    <value valueType="decimal">12.372008180253646</value>
  </variableValue>
  <variableValue variable="WALK[year]">
    <value valueType="integer">2</value>
  </variableValue>
  <variableValue variable="wdflu[year]">
    <value valueType="integer">57</value>
  </variableValue>
  <variableValue variable="WEIGHT[year]">
    <value valueType="integer">11</value>
  </variableValue>
  <variableValue variable="WELL[year]">
    <value valueType="integer">2</value>
  </variableValue>
  <variableValue variable="WINE[year]">
    <value valueType="integer">33</value>
  </variableValue>
  <variableValue variable="write[year]">
    <value valueType="decimal">34.983915946369315</value>
  </variableValue>
  <variableValue variable="WRKPLC[year]">
    <value valueType="integer">3</value>
  </variableValue>
  <variableValue variable="WRKTYP[year]">
    <value valueType="integer">3</value>
  </variableValue>
  <variableValue variable="ws[year]">
    <value valueType="integer">30</value>
  </variableValue>
  <variableValue variable="YEAROP[year]">
    <value valueType="integer">46</value>
  </variableValue>
  <variableValue variable="YRQUIT[year]">
    <value valueType="integer">22</value>
  </variableValue>
  <variableValue variable="YRRET[year]">
    <value valueType="integer">36</value>
  </variableValue>
  <variableValue variable="YRSMOKE[year]">
    <value valueType="decimal">13.455538647755194</value>
  </variableValue>
</valueSet>