<valueSet valueTable="2008" entityType="Participant" entityIdentifier="19038108">
  <variableValue variable="ADLTED[year]">
    <value valueType="integer">0</value>
  </variableValue>
  <variableValue variable="ADVDIR[year]">
    <value valueType="integer">1</value>
  </variableValue>
  <variableValue variable="age[year]">
    <value valueType="integer">44</value>
  </variableValue>
  <variableValue variable="AGEKID[year]">
    <value valueType="integer">73</value>
  </variableValue>
  <variableValue variable="AGENB[year]">
    <value valueType="integer">1</value>
  </variableValue>
  <variableValue variable="AGEWED[year]">
    <value valueType="integer">62</value>
  </variableValue>
  <variableValue variable="AGFRN[year]">
    <value valueType="integer">1</value>
  </variableValue>
  <variableValue variable="AGREE[year]">
    <value valueType="integer">83</value>
  </variableValue>
  <variableValue variable="ALCOHOL[year]">
    <value valueType="integer">4</value>
  </variableValue>
  <variableValue variable="Apdemp[year]">
    <value valueType="decimal">39.09426837625642</value>
  </variableValue>
  <variableValue variable="ART[year]">
    <value valueType="integer">3</value>
  </variableValue>
  <variableValue variable="BDATE_DY">
    <value valueType="integer">25</value>
  </variableValue>
  <variableValue variable="BDATE_MO">
    <value valueType="integer">30</value>
  </variableValue>
  <variableValue variable="BDATE_YR">
    <value valueType="integer">99</value>
  </variableValue>
  <variableValue variable="BEEF[year]">
    <value valueType="integer">4</value>
  </variableValue>
  <variableValue variable="BEER[year]">
    <value valueType="integer">91</value>
  </variableValue>
  <variableValue variable="BLDLK[year]">
    <value valueType="integer">3</value>
  </variableValue>
  <variableValue variable="BLOODPRE[year]">
    <value valueType="integer">3</value>
  </variableValue>
  <variableValue variable="BOOK[year]">
    <value valueType="integer">2</value>
  </variableValue>
  <variableValue variable="BRUSH[year]">
    <value valueType="integer">32</value>
  </variableValue>
  <variableValue variable="BUTTER[year]">
    <value valueType="integer">3</value>
  </variableValue>
  <variableValue variable="BUYFAT[year]">
    <value valueType="integer">3</value>
  </variableValue>
  <variableValue variable="BUYSALT[year]">
    <value valueType="integer">2</value>
  </variableValue>
  <variableValue variable="CANCHK[year]">
    <value valueType="integer">2</value>
  </variableValue>
  <variableValue variable="cards[year]">
    <value valueType="decimal">10.35405416628057</value>
  </variableValue>
  <variableValue variable="CATARACT[year]">
    <value valueType="integer">1</value>
  </variableValue>
  <variableValue variable="CHKFAT[year]">
    <value valueType="integer">2</value>
  </variableValue>
  <variableValue variable="CHOLES[year]">
    <value valueType="integer">4</value>
  </variableValue>
  <variableValue variable="chur[year]">
    <value valueType="decimal">60.26859154477214</value>
  </variableValue>
  <variableValue variable="CIGARDAY[year]">
    <value valueType="integer">5</value>
  </variableValue>
  <variableValue variable="CIGARS[year]">
    <value valueType="integer">2</value>
  </variableValue>
  <variableValue variable="CIGDAY[year]">
    <value valueType="integer">6</value>
  </variableValue>
  <variableValue variable="CIGS[year]">
    <value valueType="integer">2</value>
  </variableValue>
  <variableValue variable="CLNAIR[year]">
    <value valueType="integer">4</value>
  </variableValue>
  <variableValue variable="COFFEE[year]">
    <value valueType="integer">1</value>
  </variableValue>
  <variableValue variable="CONSCIEN[year]">
    <value valueType="integer">21</value>
  </variableValue>
  <variableValue variable="cook[year]">
    <value valueType="decimal">71.47123860096562</value>
  </variableValue>
  <variableValue variable="COOKBUT[year]">
    <value valueType="integer">3</value>
  </variableValue>
  <variableValue variable="CORS[year]">
    <value valueType="integer">0</value>
  </variableValue>
  <variableValue variable="crafts[year]">
    <value valueType="decimal">90.83225981732474</value>
  </variableValue>
  <variableValue variable="crdp1[year]">
    <value valueType="integer">8</value>
  </variableValue>
  <variableValue variable="crdp2[year]">
    <value valueType="integer">19</value>
  </variableValue>
  <variableValue variable="cult[year]">
    <value valueType="decimal">99.09928670721561</value>
  </variableValue>
  <variableValue variable="dance[year]">
    <value valueType="decimal">60.478698638512896</value>
  </variableValue>
  <variableValue variable="DENTIST[year]">
    <value valueType="integer">3</value>
  </variableValue>
  <variableValue variable="DENTURE[year]">
    <value valueType="integer">2</value>
  </variableValue>
  <variableValue variable="DIABET[year]">
    <value valueType="integer">1</value>
  </variableValue>
  <variableValue variable="DRMAM[year]">
    <value valueType="integer">4</value>
  </variableValue>
  <variableValue variable="DRVISIT[year]">
    <value valueType="integer">61</value>
  </variableValue>
  <variableValue variable="dydrm[year]">
    <value valueType="decimal">36.99833385279606</value>
  </variableValue>
  <variableValue variable="EARCHK[year]">
    <value valueType="integer">0</value>
  </variableValue>
  <variableValue variable="eatout[year]">
    <value valueType="decimal">49.617438953700564</value>
  </variableValue>
  <variableValue variable="EATSALT[year]">
    <value valueType="integer">1</value>
  </variableValue>
  <variableValue variable="edact[year]">
    <value valueType="decimal">22.218164762504287</value>
  </variableValue>
  <variableValue variable="educ">
    <value valueType="integer">90</value>
  </variableValue>
  <variableValue variable="EDUC[year]">
    <value valueType="integer">96</value>
  </variableValue>
  <variableValue variable="EGG[year]">
    <value valueType="integer">5</value>
  </variableValue>
  <variableValue variable="eldcar[year]">
    <value valueType="decimal">8.137212431353957</value>
  </variableValue>
  <variableValue variable="ELDCAR[year]">
    <value valueType="decimal">98.1876401139099</value>
  </variableValue>
  <variableValue variable="ENT1[year]">
    <value valueType="integer">3</value>
  </variableValue>
  <variableValue variable="ENT2[year]">
    <value valueType="integer">9</value>
  </variableValue>
  <variableValue variable="ENT3[year]">
    <value valueType="integer">12</value>
  </variableValue>
  <variableValue variable="eth[year]">
    <value valueType="integer">71</value>
  </variableValue>
  <variableValue variable="EXCERTOT[year]">
    <value valueType="decimal">49.78510495665469</value>
  </variableValue>
  <variableValue variable="EXCERWK[year]">
    <value valueType="integer">32</value>
  </variableValue>
  <variableValue variable="EXTRAVER[year]">
    <value valueType="integer">87</value>
  </variableValue>
  <variableValue variable="EYECHG[year]">
    <value valueType="integer">6</value>
  </variableValue>
  <variableValue variable="EYECHK[year]">
    <value valueType="integer">0</value>
  </variableValue>
  <variableValue variable="EYEGLAS[year]">
    <value valueType="integer">1</value>
  </variableValue>
  <variableValue variable="FAGE[year]">
    <value valueType="integer">36</value>
  </variableValue>
  <variableValue variable="FAITH[year]">
    <value valueType="integer">4</value>
  </variableValue>
  <variableValue variable="FALLS[year]">
    <value valueType="integer">3</value>
  </variableValue>
  <variableValue variable="FCAUSE[year]">
    <value valueType="integer">2</value>
  </variableValue>
  <variableValue variable="FDIE[year]">
    <value valueType="integer">44</value>
  </variableValue>
  <variableValue variable="FIC[year]">
    <value valueType="integer">77</value>
  </variableValue>
  <variableValue variable="fit[year]">
    <value valueType="decimal">36.665882558530846</value>
  </variableValue>
  <variableValue variable="FLIVE[year]">
    <value valueType="integer">1</value>
  </variableValue>
  <variableValue variable="FLOSS[year]">
    <value valueType="integer">1</value>
  </variableValue>
  <variableValue variable="FLUSHOT[year]">
    <value valueType="integer">5</value>
  </variableValue>
  <variableValue variable="fr[year]">
    <value valueType="integer">88</value>
  </variableValue>
  <variableValue variable="fratt[year]">
    <value valueType="integer">21</value>
  </variableValue>
  <variableValue variable="frcr[year]">
    <value valueType="integer">38</value>
  </variableValue>
  <variableValue variable="fromt[year]">
    <value valueType="integer">33</value>
  </variableValue>
  <variableValue variable="frwg[year]">
    <value valueType="integer">80</value>
  </variableValue>
  <variableValue variable="game[year]">
    <value valueType="decimal">4.119297472384953</value>
  </variableValue>
  <variableValue variable="gds[year]1 –  gds[year]30">
    <value valueType="integer">0</value>
  </variableValue>
  <variableValue variable="gdstot[year]">
    <value valueType="integer">71</value>
  </variableValue>
  <variableValue variable="HANDS[year]">
    <value valueType="decimal">2.2502972402215105</value>
  </variableValue>
  <variableValue variable="HARDLIQ[year]">
    <value valueType="integer">43</value>
  </variableValue>
  <variableValue variable="HEALTHCH[year]">
    <value valueType="integer">6</value>
  </variableValue>
  <variableValue variable="HEARAID[year]">
    <value valueType="integer">0</value>
  </variableValue>
  <variableValue variable="HEARCHG[year]">
    <value valueType="integer">4</value>
  </variableValue>
  <variableValue variable="HEARSPEC[year]">
    <value valueType="integer">1</value>
  </variableValue>
  <variableValue variable="HEART[year]">
    <value valueType="integer">2</value>
  </variableValue>
  <variableValue variable="HEIGHT[year]">
    <value valueType="integer">40</value>
  </variableValue>
  <variableValue variable="HHEIGHT[year]">
    <value valueType="integer">25</value>
  </variableValue>
  <variableValue variable="HIGHBLOO[year]">
    <value valueType="integer">1</value>
  </variableValue>
  <variableValue variable="HJOBTP[year]">
    <value valueType="integer">8</value>
  </variableValue>
  <variableValue variable="HMKHD[year]">
    <value valueType="decimal">4.961178383445519</value>
  </variableValue>
  <variableValue variable="HMKJB[year]">
    <value valueType="integer">73</value>
  </variableValue>
  <variableValue variable="HMKPE[year]">
    <value valueType="decimal">10.391487533378585</value>
  </variableValue>
  <variableValue variable="HMKPRS[year]">
    <value valueType="integer">4</value>
  </variableValue>
  <variableValue variable="HMKR[year]">
    <value valueType="integer">42</value>
  </variableValue>
  <variableValue variable="HMKRD[year]">
    <value valueType="decimal">85.70000920528067</value>
  </variableValue>
  <variableValue variable="HOSDAYS[year]">
    <value valueType="integer">84</value>
  </variableValue>
  <variableValue variable="HOSVISIT[year]">
    <value valueType="integer">1</value>
  </variableValue>
  <variableValue variable="HWEIGHT[year]">
    <value valueType="integer">91</value>
  </variableValue>
  <variableValue variable="INC[year]">
    <value valueType="integer">1</value>
  </variableValue>
  <variableValue variable="INC84[year]">
    <value valueType="integer">13</value>
  </variableValue>
  <variableValue variable="instr[year]">
    <value valueType="decimal">4.877835980186718</value>
  </variableValue>
  <variableValue variable="ir[year]a1 - ir[year]a20">
    <value valueType="integer">1</value>
  </variableValue>
  <variableValue variable="ir[year]b1 - ir[year]b20">
    <value valueType="integer">1</value>
  </variableValue>
  <variableValue variable="JOBLEN[year]">
    <value valueType="integer">4</value>
  </variableValue>
  <variableValue variable="JOBTYP[year]">
    <value valueType="integer">0</value>
  </variableValue>
  <variableValue variable="kidcar[year]">
    <value valueType="decimal">85.94544936727166</value>
  </variableValue>
  <variableValue variable="LAMB[year]">
    <value valueType="integer">5</value>
  </variableValue>
  <variableValue variable="lettot[year]">
    <value valueType="integer">72</value>
  </variableValue>
  <variableValue variable="LFST84[year]">
    <value valueType="integer">5</value>
  </variableValue>
  <variableValue variable="LIFSAT[year]">
    <value valueType="integer">1</value>
  </variableValue>
  <variableValue variable="LIVESMOK[year]">
    <value valueType="integer">2</value>
  </variableValue>
  <variableValue variable="ls[year]">
    <value valueType="integer">68</value>
  </variableValue>
  <variableValue variable="LSTJOB[year]">
    <value valueType="integer">8</value>
  </variableValue>
  <variableValue variable="LVNGWILL[year]">
    <value valueType="integer">2</value>
  </variableValue>
  <variableValue variable="MAGE[year]">
    <value valueType="integer">94</value>
  </variableValue>
  <variableValue variable="MAM[year]">
    <value valueType="integer">2</value>
  </variableValue>
  <variableValue variable="MAM2YR[year]">
    <value valueType="integer">1</value>
  </variableValue>
  <variableValue variable="MAMAGE[year]">
    <value valueType="integer">0</value>
  </variableValue>
  <variableValue variable="MAMEXAM[year]">
    <value valueType="integer">74</value>
  </variableValue>
  <variableValue variable="MASTECT[year]">
    <value valueType="integer">2</value>
  </variableValue>
  <variableValue variable="MCAUSE[year]">
    <value valueType="integer">2</value>
  </variableValue>
  <variableValue variable="MDIE[year]">
    <value valueType="integer">18</value>
  </variableValue>
  <variableValue variable="MED[year]">
    <value valueType="integer">2</value>
  </variableValue>
  <variableValue variable="MENAGE[year]">
    <value valueType="integer">16</value>
  </variableValue>
  <variableValue variable="MENHIST[year]">
    <value valueType="integer">13</value>
  </variableValue>
  <variableValue variable="MENSIT[year]">
    <value valueType="integer">7</value>
  </variableValue>
  <variableValue variable="MFQ[year]1">
    <value valueType="decimal">24.225199312129085</value>
  </variableValue>
  <variableValue variable="MFQ[year]2A">
    <value valueType="decimal">69.94602299229561</value>
  </variableValue>
  <variableValue variable="MFQ[year]2B">
    <value valueType="decimal">25.729708616552937</value>
  </variableValue>
  <variableValue variable="MFQ[year]2C">
    <value valueType="decimal">50.1887439671721</value>
  </variableValue>
  <variableValue variable="MFQ[year]2D">
    <value valueType="decimal">18.127843736465366</value>
  </variableValue>
  <variableValue variable="MFQ[year]2E">
    <value valueType="decimal">79.31667762301635</value>
  </variableValue>
  <variableValue variable="MFQ[year]3A">
    <value valueType="decimal">82.66434096425309</value>
  </variableValue>
  <variableValue variable="MFQ[year]3B">
    <value valueType="decimal">21.58844666906773</value>
  </variableValue>
  <variableValue variable="MFQ[year]3C">
    <value valueType="decimal">19.45016718452266</value>
  </variableValue>
  <variableValue variable="MFQ[year]3D">
    <value valueType="decimal">87.37786713735494</value>
  </variableValue>
  <variableValue variable="MFQ[year]3E">
    <value valueType="decimal">18.900875098185676</value>
  </variableValue>
  <variableValue variable="MFQ[year]3F">
    <value valueType="decimal">88.86114843099263</value>
  </variableValue>
  <variableValue variable="MFQ[year]3G">
    <value valueType="decimal">76.48432233570207</value>
  </variableValue>
  <variableValue variable="MFQ[year]3H">
    <value valueType="decimal">24.513527160246674</value>
  </variableValue>
  <variableValue variable="MFQ[year]3I">
    <value valueType="decimal">69.06885298526797</value>
  </variableValue>
  <variableValue variable="MFQ[year]3J">
    <value valueType="decimal">88.23890065687911</value>
  </variableValue>
  <variableValue variable="MFQ[year]3K">
    <value valueType="decimal">12.50623417935276</value>
  </variableValue>
  <variableValue variable="MFQ[year]3L">
    <value valueType="decimal">78.46373441681905</value>
  </variableValue>
  <variableValue variable="MFQ[year]3M">
    <value valueType="decimal">8.444573235056252</value>
  </variableValue>
  <variableValue variable="MFQ[year]3N">
    <value valueType="decimal">64.53078087975737</value>
  </variableValue>
  <variableValue variable="MFQ[year]3O">
    <value valueType="decimal">29.467932798226425</value>
  </variableValue>
  <variableValue variable="MFQ[year]3P">
    <value valueType="decimal">3.107483669069111</value>
  </variableValue>
  <variableValue variable="MFQ[year]3Q">
    <value valueType="decimal">77.7864288125694</value>
  </variableValue>
  <variableValue variable="MFQ[year]3R">
    <value valueType="decimal">26.020058993824946</value>
  </variableValue>
  <variableValue variable="MFQ[year]4A">
    <value valueType="decimal">27.701002899468342</value>
  </variableValue>
  <variableValue variable="MFQ[year]4B">
    <value valueType="decimal">96.94082763193043</value>
  </variableValue>
  <variableValue variable="MFQ[year]4C">
    <value valueType="decimal">46.350856966768426</value>
  </variableValue>
  <variableValue variable="MFQ[year]4D">
    <value valueType="decimal">50.7599406529471</value>
  </variableValue>
  <variableValue variable="MFQ[year]4E">
    <value valueType="decimal">2.7914818141202336</value>
  </variableValue>
  <variableValue variable="MFQ[year]5A">
    <value valueType="decimal">43.39214296183437</value>
  </variableValue>
  <variableValue variable="MFQ[year]5B">
    <value valueType="decimal">70.78243766785583</value>
  </variableValue>
  <variableValue variable="MFQ[year]5C">
    <value valueType="decimal">97.39589594261172</value>
  </variableValue>
  <variableValue variable="MFQ[year]5D">
    <value valueType="decimal">5.884084943720924</value>
  </variableValue>
  <variableValue variable="MFQ[year]5E">
    <value valueType="decimal">90.37008947877646</value>
  </variableValue>
  <variableValue variable="MFQ[year]6A">
    <value valueType="decimal">9.231720309028724</value>
  </variableValue>
  <variableValue variable="MFQ[year]6B">
    <value valueType="decimal">97.95909497799875</value>
  </variableValue>
  <variableValue variable="MFQ[year]6C">
    <value valueType="decimal">56.896402679984604</value>
  </variableValue>
  <variableValue variable="MFQ[year]6D">
    <value valueType="decimal">34.8188728747444</value>
  </variableValue>
  <variableValue variable="MFQ[year]7A">
    <value valueType="decimal">79.83962638609754</value>
  </variableValue>
  <variableValue variable="MFQ[year]7B">
    <value valueType="decimal">87.51675600888017</value>
  </variableValue>
  <variableValue variable="MFQ[year]7C">
    <value valueType="decimal">81.47127097762092</value>
  </variableValue>
  <variableValue variable="MFQ[year]7D">
    <value valueType="decimal">69.55919663766724</value>
  </variableValue>
  <variableValue variable="MFQ[year]7E">
    <value valueType="decimal">10.637328737209906</value>
  </variableValue>
  <variableValue variable="MFQ[year]7F">
    <value valueType="decimal">56.13171742772557</value>
  </variableValue>
  <variableValue variable="MFQ[year]7G">
    <value valueType="decimal">1.9682564513263445</value>
  </variableValue>
  <variableValue variable="MFQ[year]7H">
    <value valueType="decimal">44.32227659819762</value>
  </variableValue>
  <variableValue variable="MFQ[year]7I">
    <value valueType="decimal">13.945756976849244</value>
  </variableValue>
  <variableValue variable="MFQ[year]7J">
    <value valueType="decimal">92.27487789987933</value>
  </variableValue>
  <variableValue variable="MFQ[year]7K">
    <value valueType="decimal">50.392779329580016</value>
  </variableValue>
  <variableValue variable="MFQ[year]7L">
    <value valueType="decimal">90.63816803144148</value>
  </variableValue>
  <variableValue variable="MFQ[year]7M">
    <value valueType="decimal">32.518966365437606</value>
  </variableValue>
  <variableValue variable="MFQ[year]7N">
    <value valueType="decimal">23.650629038963665</value>
  </variableValue>
  <variableValue variable="MFQ[year]7O">
    <value valueType="decimal">86.88412632369045</value>
  </variableValue>
  <variableValue variable="MFQ[year]7P">
    <value valueType="decimal">61.118566648583005</value>
  </variableValue>
  <variableValue variable="MFQ[year]7Q">
    <value valueType="decimal">46.96078683800514</value>
  </variableValue>
  <variableValue variable="MFQ[year]7R">
    <value valueType="decimal">51.33671375189864</value>
  </variableValue>
  <variableValue variable="MFQ[year]8A">
    <value valueType="decimal">1.2311958483856467</value>
  </variableValue>
  <variableValue variable="MFQ[year]8B">
    <value valueType="decimal">37.67815980177755</value>
  </variableValue>
  <variableValue variable="MFQ[year]8C">
    <value valueType="decimal">4.3543538457584745</value>
  </variableValue>
  <variableValue variable="MFQ[year]8D">
    <value valueType="decimal">16.206465026072316</value>
  </variableValue>
  <variableValue variable="MFQ[year]8E">
    <value valueType="decimal">46.85752039962322</value>
  </variableValue>
  <variableValue variable="MFQ[year]8F">
    <value valueType="decimal">70.36747213575431</value>
  </variableValue>
  <variableValue variable="MFQ[year]8G">
    <value valueType="decimal">26.579213205206877</value>
  </variableValue>
  <variableValue variable="MFQ[year]8H">
    <value valueType="decimal">32.79268090245373</value>
  </variableValue>
  <variableValue variable="MFQ1[year]">
    <value valueType="integer">89</value>
  </variableValue>
  <variableValue variable="mfq1[year]">
    <value valueType="decimal">92.19000665462208</value>
  </variableValue>
  <variableValue variable="MFQ2[year]">
    <value valueType="integer">98</value>
  </variableValue>
  <variableValue variable="mfq2[year]">
    <value valueType="decimal">83.45093118971639</value>
  </variableValue>
  <variableValue variable="MFQ3[year]">
    <value valueType="integer">16</value>
  </variableValue>
  <variableValue variable="mfq3[year]">
    <value valueType="decimal">56.17888151923428</value>
  </variableValue>
  <variableValue variable="MFQ4[year]">
    <value valueType="integer">70</value>
  </variableValue>
  <variableValue variable="mfq4[year]">
    <value valueType="decimal">81.08828298143507</value>
  </variableValue>
  <variableValue variable="MLIVE[year]">
    <value valueType="integer">3</value>
  </variableValue>
  <variableValue variable="MOMWK[year]">
    <value valueType="integer">0</value>
  </variableValue>
  <variableValue variable="movie[year]">
    <value valueType="decimal">70.60320975310842</value>
  </variableValue>
  <variableValue variable="MSTA84[year]">
    <value valueType="integer">2</value>
  </variableValue>
  <variableValue variable="MSTAT[year]">
    <value valueType="integer">5</value>
  </variableValue>
  <variableValue variable="NBKS[year]">
    <value valueType="integer">92</value>
  </variableValue>
  <variableValue variable="NCONF[year]">
    <value valueType="integer">68</value>
  </variableValue>
  <variableValue variable="NEEDCATA[year]">
    <value valueType="integer">3</value>
  </variableValue>
  <variableValue variable="NEMP[year]">
    <value valueType="integer">81</value>
  </variableValue>
  <variableValue variable="NEUROTIC[year]">
    <value valueType="integer">96</value>
  </variableValue>
  <variableValue variable="NEWPRNT[year]">
    <value valueType="integer">2</value>
  </variableValue>
  <variableValue variable="nfr[year]">
    <value valueType="integer">60</value>
  </variableValue>
  <variableValue variable="NFRN[year]">
    <value valueType="integer">4</value>
  </variableValue>
  <variableValue variable="NGRNKD[year]">
    <value valueType="integer">24</value>
  </variableValue>
  <variableValue variable="NJOB[year]">
    <value valueType="integer">53</value>
  </variableValue>
  <variableValue variable="NKDHM[year]">
    <value valueType="integer">85</value>
  </variableValue>
  <variableValue variable="NKIDS[year]">
    <value valueType="integer">85</value>
  </variableValue>
  <variableValue variable="NMAG[year]">
    <value valueType="integer">17</value>
  </variableValue>
  <variableValue variable="NMOV[year]">
    <value valueType="integer">76</value>
  </variableValue>
  <variableValue variable="NMTG[year]">
    <value valueType="integer">43</value>
  </variableValue>
  <variableValue variable="NNEIG[year]">
    <value valueType="integer">3</value>
  </variableValue>
  <variableValue variable="NOBR[year]">
    <value valueType="integer">85</value>
  </variableValue>
  <variableValue variable="NOISE[year]">
    <value valueType="integer">5</value>
  </variableValue>
  <variableValue variable="NONFIC[year]">
    <value valueType="integer">63</value>
  </variableValue>
  <variableValue variable="nor[year]">
    <value valueType="integer">63</value>
  </variableValue>
  <variableValue variable="norcr[year]">
    <value valueType="integer">8</value>
  </variableValue>
  <variableValue variable="NOSIS[year]">
    <value valueType="integer">88</value>
  </variableValue>
  <variableValue variable="NOWRK[year]">
    <value valueType="integer">4</value>
  </variableValue>
  <variableValue variable="NRMS[year]">
    <value valueType="integer">1</value>
  </variableValue>
  <variableValue variable="nsp08">
    <value valueType="integer">49</value>
  </variableValue>
  <variableValue variable="NSTATE[year]">
    <value valueType="integer">19</value>
  </variableValue>
  <variableValue variable="NTRAD[year]">
    <value valueType="integer">87</value>
  </variableValue>
  <variableValue variable="NTRIPS[year]">
    <value valueType="integer">14</value>
  </variableValue>
  <variableValue variable="numtot[year]">
    <value valueType="integer">17</value>
  </variableValue>
  <variableValue variable="NVISIT[year]">
    <value valueType="integer">1</value>
  </variableValue>
  <variableValue variable="NWED[year]">
    <value valueType="integer">100</value>
  </variableValue>
  <variableValue variable="NYBR[year]">
    <value valueType="integer">70</value>
  </variableValue>
  <variableValue variable="NYSIS[year]">
    <value valueType="integer">46</value>
  </variableValue>
  <variableValue variable="OBGYN[year]">
    <value valueType="integer">1</value>
  </variableValue>
  <variableValue variable="OCC[year]">
    <value valueType="integer">8</value>
  </variableValue>
  <variableValue variable="OCC84[year]">
    <value valueType="integer">7</value>
  </variableValue>
  <variableValue variable="OPEN[year]">
    <value valueType="integer">77</value>
  </variableValue>
  <variableValue variable="or[year]">
    <value valueType="integer">92</value>
  </variableValue>
  <variableValue variable="oratt[year]">
    <value valueType="integer">81</value>
  </variableValue>
  <variableValue variable="ORGAN[year]">
    <value valueType="integer">2</value>
  </variableValue>
  <variableValue variable="oromt[year]">
    <value valueType="integer">42</value>
  </variableValue>
  <variableValue variable="orwg[year]">
    <value valueType="integer">91</value>
  </variableValue>
  <variableValue variable="OTJ[year]">
    <value valueType="integer">0</value>
  </variableValue>
  <variableValue variable="outhob[year]">
    <value valueType="decimal">5.784452534327256</value>
  </variableValue>
  <variableValue variable="OWNHM[year]">
    <value valueType="integer">0</value>
  </variableValue>
  <variableValue variable="PAINREL[year]">
    <value valueType="integer">3</value>
  </variableValue>
  <variableValue variable="PAP[year]">
    <value valueType="integer">4</value>
  </variableValue>
  <variableValue variable="party[year]">
    <value valueType="decimal">86.77306007303055</value>
  </variableValue>
  <variableValue variable="pase1">
    <value valueType="integer">1</value>
  </variableValue>
  <variableValue variable="pase10">
    <value valueType="integer">0</value>
  </variableValue>
  <variableValue variable="pase10a">
    <value valueType="decimal">88.9698302824214</value>
  </variableValue>
  <variableValue variable="pase10b">
    <value valueType="integer">2</value>
  </variableValue>
  <variableValue variable="pase1b">
    <value valueType="integer">1</value>
  </variableValue>
  <variableValue variable="pase2">
    <value valueType="integer">2</value>
  </variableValue>
  <variableValue variable="pase2a">
    <value valueType="integer">1</value>
  </variableValue>
  <variableValue variable="pase3">
    <value valueType="integer">0</value>
  </variableValue>
  <variableValue variable="pase3b">
    <value valueType="integer">1</value>
  </variableValue>
  <variableValue variable="pase4">
    <value valueType="integer">0</value>
  </variableValue>
  <variableValue variable="pase4b">
    <value valueType="integer">1</value>
  </variableValue>
  <variableValue variable="pase5">
    <value valueType="integer">1</value>
  </variableValue>
  <variableValue variable="pase5b">
    <value valueType="integer">2</value>
  </variableValue>
  <variableValue variable="pase6">
    <value valueType="integer">3</value>
  </variableValue>
  <variableValue variable="pase6b">
    <value valueType="integer">1</value>
  </variableValue>
  <variableValue variable="pase7">
    <value valueType="integer">0</value>
  </variableValue>
  <variableValue variable="pase8">
    <value valueType="integer">1</value>
  </variableValue>
  <variableValue variable="pase9a - pase9d">
    <value valueType="integer">1</value>
  </variableValue>
  <variableValue variable="pattot[year]">
    <value valueType="integer">44</value>
  </variableValue>
  <variableValue variable="PDEMP[year]">
    <value valueType="integer">1</value>
  </variableValue>
  <variableValue variable="PEOP[year]">
    <value valueType="decimal">95.8416407433415</value>
  </variableValue>
  <variableValue variable="pets[year]">
    <value valueType="decimal">99.41535828935513</value>
  </variableValue>
  <variableValue variable="phone[year]">
    <value valueType="decimal">6.775260188940457</value>
  </variableValue>
  <variableValue variable="picnic[year]">
    <value valueType="decimal">92.73935387650121</value>
  </variableValue>
  <variableValue variable="PIPEDAY[year]">
    <value valueType="integer">1</value>
  </variableValue>
  <variableValue variable="PIPES[year]">
    <value valueType="integer">1</value>
  </variableValue>
  <variableValue variable="pirr1[year]">
    <value valueType="integer">84</value>
  </variableValue>
  <variableValue variable="pirr2[year]">
    <value valueType="integer">7</value>
  </variableValue>
  <variableValue variable="PORK[year]">
    <value valueType="integer">4</value>
  </variableValue>
  <variableValue variable="ppr1[year]">
    <value valueType="integer">8</value>
  </variableValue>
  <variableValue variable="ppr2[year]">
    <value valueType="integer">37</value>
  </variableValue>
  <variableValue variable="ppr3[year]">
    <value valueType="integer">65</value>
  </variableValue>
  <variableValue variable="pray[year]">
    <value valueType="decimal">63.61511388003163</value>
  </variableValue>
  <variableValue variable="PRESR[year]">
    <value valueType="integer">2</value>
  </variableValue>
  <variableValue variable="PRO2YR[year]">
    <value valueType="integer">2</value>
  </variableValue>
  <variableValue variable="PROAGE[year]">
    <value valueType="integer">20</value>
  </variableValue>
  <variableValue variable="PROENLAR[year]">
    <value valueType="integer">1</value>
  </variableValue>
  <variableValue variable="PROEXAM[year]">
    <value valueType="integer">34</value>
  </variableValue>
  <variableValue variable="PROS[year]">
    <value valueType="integer">2</value>
  </variableValue>
  <variableValue variable="PROSUC[year]">
    <value valueType="integer">1</value>
  </variableValue>
  <variableValue variable="PRSC84[year]">
    <value valueType="integer">3</value>
  </variableValue>
  <variableValue variable="radio[year]">
    <value valueType="decimal">81.015461986466</value>
  </variableValue>
  <variableValue variable="RDPAPR[year]">
    <value valueType="integer">0</value>
  </variableValue>
  <variableValue variable="RDWRIT[year]">
    <value valueType="decimal">26.000625591142878</value>
  </variableValue>
  <variableValue variable="read[year]">
    <value valueType="decimal">46.683447734063535</value>
  </variableValue>
  <variableValue variable="REGULAR[year]">
    <value valueType="integer">2</value>
  </variableValue>
  <variableValue variable="REMAR[year]">
    <value valueType="integer">79</value>
  </variableValue>
  <variableValue variable="rv[year]">
    <value valueType="integer">72</value>
  </variableValue>
  <variableValue variable="SAFE[year]">
    <value valueType="integer">0</value>
  </variableValue>
  <variableValue variable="SBHWY[year]">
    <value valueType="integer">1</value>
  </variableValue>
  <variableValue variable="SBTOWN[year]">
    <value valueType="integer">5</value>
  </variableValue>
  <variableValue variable="SELFBLOO[year]">
    <value valueType="integer">3</value>
  </variableValue>
  <variableValue variable="selfim[year]">
    <value valueType="decimal">20.762596426476954</value>
  </variableValue>
  <variableValue variable="SELFMAM[year]">
    <value valueType="integer">1</value>
  </variableValue>
  <variableValue variable="sex">
    <value valueType="integer">1</value>
  </variableValue>
  <variableValue variable="shop[year]">
    <value valueType="decimal">11.117180521937941</value>
  </variableValue>
  <variableValue variable="SIBS[year]">
    <value valueType="integer">47</value>
  </variableValue>
  <variableValue variable="SLEEP[year]">
    <value valueType="integer">4</value>
  </variableValue>
  <variableValue variable="smdvh[year]">
    <value valueType="integer">34</value>
  </variableValue>
  <variableValue variable="smdvl[year]">
    <value valueType="integer">14</value>
  </variableValue>
  <variableValue variable="SMK[year]">
    <value valueType="integer">0</value>
  </variableValue>
  <variableValue variable="SMOKE[year]">
    <value valueType="integer">2</value>
  </variableValue>
  <variableValue variable="SMOKEPAS[year]">
    <value valueType="decimal">93.44487170788828</value>
  </variableValue>
  <variableValue variable="SODA[year]">
    <value valueType="integer">4</value>
  </variableValue>
  <variableValue variable="SODIUM[year]">
    <value valueType="integer">1</value>
  </variableValue>
  <variableValue variable="SPBRN[year]">
    <value valueType="integer">12</value>
  </variableValue>
  <variableValue variable="spec[year]">
    <value valueType="decimal">67.39131065348005</value>
  </variableValue>
  <variableValue variable="SPEED[year]">
    <value valueType="integer">2</value>
  </variableValue>
  <variableValue variable="SPOCC[year]">
    <value valueType="integer">3</value>
  </variableValue>
  <variableValue variable="sport[year]">
    <value valueType="decimal">7.315483281349088</value>
  </variableValue>
  <variableValue variable="SPRVIS[year]">
    <value valueType="integer">2</value>
  </variableValue>
  <variableValue variable="SREYE[year]">
    <value valueType="integer">5</value>
  </variableValue>
  <variableValue variable="srh[year]">
    <value valueType="integer">6</value>
  </variableValue>
  <variableValue variable="SRHEALTH">
    <value valueType="integer">6</value>
  </variableValue>
  <variableValue variable="SRHEAR[year]">
    <value valueType="integer">5</value>
  </variableValue>
  <variableValue variable="sstot[year]">
    <value valueType="integer">12</value>
  </variableValue>
  <variableValue variable="STAIRS[year]">
    <value valueType="integer">1</value>
  </variableValue>
  <variableValue variable="TEA[year]">
    <value valueType="integer">3</value>
  </variableValue>
  <variableValue variable="TRAF[year]">
    <value valueType="integer">1</value>
  </variableValue>
  <variableValue variable="travel[year]">
    <value valueType="decimal">83.79902541122904</value>
  </variableValue>
  <variableValue variable="TREES[year]">
    <value valueType="integer">3</value>
  </variableValue>
  <variableValue variable="TRYSTOP[year]">
    <value valueType="integer">2</value>
  </variableValue>
  <variableValue variable="tv[year]">
    <value valueType="decimal">78.43499786453289</value>
  </variableValue>
  <variableValue variable="TYPBLD[year]">
    <value valueType="integer">6</value>
  </variableValue>
  <variableValue variable="UNIVEX[year]">
    <value valueType="integer">0</value>
  </variableValue>
  <variableValue variable="VEAL[year]">
    <value valueType="integer">4</value>
  </variableValue>
  <variableValue variable="vis[year]">
    <value valueType="decimal">66.17656783186762</value>
  </variableValue>
  <variableValue variable="vocab1[year]">
    <value valueType="integer">50</value>
  </variableValue>
  <variableValue variable="vocab2[year]">
    <value valueType="integer">30</value>
  </variableValue>
  <variableValue variable="VOCAT[year]">
    <value valueType="integer">0</value>
  </variableValue>
  <variableValue variable="vol[year]">
    <value valueType="decimal">60.57092001174643</value>
  </variableValue>
  <variableValue variable="walk[year]">
    <value valueType="decimal">44.96221301140542</value>
  </variableValue>
  <variableValue variable="WALK[year]">
    <value valueType="integer">1</value>
  </variableValue>
  <variableValue variable="wdflu[year]">
    <value valueType="integer">46</value>
  </variableValue>
  <variableValue variable="WEIGHT[year]">
    <value valueType="integer">47</value>
  </variableValue>
  <variableValue variable="WELL[year]">
    <value valueType="integer">2</value>
  </variableValue>
  <variableValue variable="WINE[year]">
    <value valueType="integer">3</value>
  </variableValue>
  <variableValue variable="write[year]">
    <value valueType="decimal">75.54377958133138</value>
  </variableValue>
  <variableValue variable="WRKPLC[year]">
    <value valueType="integer">4</value>
  </variableValue>
  <variableValue variable="WRKTYP[year]">
    <value valueType="integer">2</value>
  </variableValue>
  <variableValue variable="ws[year]">
    <value valueType="integer">19</value>
  </variableValue>
  <variableValue variable="YEAROP[year]">
    <value valueType="integer">67</value>
  </variableValue>
  <variableValue variable="YRQUIT[year]">
    <value valueType="integer">40</value>
  </variableValue>
  <variableValue variable="YRRET[year]">
    <value valueType="integer">72</value>
  </variableValue>
  <variableValue variable="YRSMOKE[year]">
    <value valueType="decimal">39.58694581374913</value>
  </variableValue>
</valueSet>