<valueSet valueTable="2008" entityType="Participant" entityIdentifier="13671314">
  <variableValue variable="ADLTED[year]">
    <value valueType="integer">1</value>
  </variableValue>
  <variableValue variable="ADVDIR[year]">
    <value valueType="integer">1</value>
  </variableValue>
  <variableValue variable="age[year]">
    <value valueType="integer">83</value>
  </variableValue>
  <variableValue variable="AGEKID[year]">
    <value valueType="integer">2</value>
  </variableValue>
  <variableValue variable="AGENB[year]">
    <value valueType="integer">1</value>
  </variableValue>
  <variableValue variable="AGEWED[year]">
    <value valueType="integer">66</value>
  </variableValue>
  <variableValue variable="AGFRN[year]">
    <value valueType="integer">4</value>
  </variableValue>
  <variableValue variable="AGREE[year]">
    <value valueType="integer">79</value>
  </variableValue>
  <variableValue variable="ALCOHOL[year]">
    <value valueType="integer">5</value>
  </variableValue>
  <variableValue variable="Apdemp[year]">
    <value valueType="decimal">4.7965449952875545</value>
  </variableValue>
  <variableValue variable="ART[year]">
    <value valueType="integer">1</value>
  </variableValue>
  <variableValue variable="BDATE_DY">
    <value valueType="integer">61</value>
  </variableValue>
  <variableValue variable="BDATE_MO">
    <value valueType="integer">53</value>
  </variableValue>
  <variableValue variable="BDATE_YR">
    <value valueType="integer">11</value>
  </variableValue>
  <variableValue variable="BEEF[year]">
    <value valueType="integer">2</value>
  </variableValue>
  <variableValue variable="BEER[year]">
    <value valueType="integer">18</value>
  </variableValue>
  <variableValue variable="BLDLK[year]">
    <value valueType="integer">1</value>
  </variableValue>
  <variableValue variable="BLOODPRE[year]">
    <value valueType="integer">5</value>
  </variableValue>
  <variableValue variable="BOOK[year]">
    <value valueType="integer">2</value>
  </variableValue>
  <variableValue variable="BRUSH[year]">
    <value valueType="integer">62</value>
  </variableValue>
  <variableValue variable="BUTTER[year]">
    <value valueType="integer">3</value>
  </variableValue>
  <variableValue variable="BUYFAT[year]">
    <value valueType="integer">4</value>
  </variableValue>
  <variableValue variable="BUYSALT[year]">
    <value valueType="integer">3</value>
  </variableValue>
  <variableValue variable="CANCHK[year]">
    <value valueType="integer">2</value>
  </variableValue>
  <variableValue variable="cards[year]">
    <value valueType="decimal">13.158521079725794</value>
  </variableValue>
  <variableValue variable="CATARACT[year]">
    <value valueType="integer">2</value>
  </variableValue>
  <variableValue variable="CHKFAT[year]">
    <value valueType="integer">4</value>
  </variableValue>
  <variableValue variable="CHOLES[year]">
    <value valueType="integer">6</value>
  </variableValue>
  <variableValue variable="chur[year]">
    <value valueType="decimal">38.06086426684334</value>
  </variableValue>
  <variableValue variable="CIGARDAY[year]">
    <value valueType="integer">1</value>
  </variableValue>
  <variableValue variable="CIGARS[year]">
    <value valueType="integer">6</value>
  </variableValue>
  <variableValue variable="CIGDAY[year]">
    <value valueType="integer">5</value>
  </variableValue>
  <variableValue variable="CIGS[year]">
    <value valueType="integer">1</value>
  </variableValue>
  <variableValue variable="CLNAIR[year]">
    <value valueType="integer">2</value>
  </variableValue>
  <variableValue variable="COFFEE[year]">
    <value valueType="integer">5</value>
  </variableValue>
  <variableValue variable="CONSCIEN[year]">
    <value valueType="integer">21</value>
  </variableValue>
  <variableValue variable="cook[year]">
    <value valueType="decimal">95.04735100645047</value>
  </variableValue>
  <variableValue variable="COOKBUT[year]">
    <value valueType="integer">2</value>
  </variableValue>
  <variableValue variable="CORS[year]">
    <value valueType="integer">1</value>
  </variableValue>
  <variableValue variable="crafts[year]">
    <value valueType="decimal">53.016171293775</value>
  </variableValue>
  <variableValue variable="crdp1[year]">
    <value valueType="integer">22</value>
  </variableValue>
  <variableValue variable="crdp2[year]">
    <value valueType="integer">42</value>
  </variableValue>
  <variableValue variable="cult[year]">
    <value valueType="decimal">54.21961478567168</value>
  </variableValue>
  <variableValue variable="dance[year]">
    <value valueType="decimal">14.092173242302364</value>
  </variableValue>
  <variableValue variable="DENTIST[year]">
    <value valueType="integer">3</value>
  </variableValue>
  <variableValue variable="DENTURE[year]">
    <value valueType="integer">2</value>
  </variableValue>
  <variableValue variable="DIABET[year]">
    <value valueType="integer">1</value>
  </variableValue>
  <variableValue variable="DRMAM[year]">
    <value valueType="integer">4</value>
  </variableValue>
  <variableValue variable="DRVISIT[year]">
    <value valueType="integer">76</value>
  </variableValue>
  <variableValue variable="dydrm[year]">
    <value valueType="decimal">68.33506615474948</value>
  </variableValue>
  <variableValue variable="EARCHK[year]">
    <value valueType="integer">0</value>
  </variableValue>
  <variableValue variable="eatout[year]">
    <value valueType="decimal">50.238313080230526</value>
  </variableValue>
  <variableValue variable="EATSALT[year]">
    <value valueType="integer">4</value>
  </variableValue>
  <variableValue variable="edact[year]">
    <value valueType="decimal">53.619180283620224</value>
  </variableValue>
  <variableValue variable="educ">
    <value valueType="integer">58</value>
  </variableValue>
  <variableValue variable="EDUC[year]">
    <value valueType="integer">99</value>
  </variableValue>
  <variableValue variable="EGG[year]">
    <value valueType="integer">1</value>
  </variableValue>
  <variableValue variable="eldcar[year]">
    <value valueType="decimal">47.05778955004519</value>
  </variableValue>
  <variableValue variable="ELDCAR[year]">
    <value valueType="decimal">21.501078103538017</value>
  </variableValue>
  <variableValue variable="ENT1[year]">
    <value valueType="integer">4</value>
  </variableValue>
  <variableValue variable="ENT2[year]">
    <value valueType="integer">12</value>
  </variableValue>
  <variableValue variable="ENT3[year]">
    <value valueType="integer">2</value>
  </variableValue>
  <variableValue variable="eth[year]">
    <value valueType="integer">27</value>
  </variableValue>
  <variableValue variable="EXCERTOT[year]">
    <value valueType="decimal">83.18627137711727</value>
  </variableValue>
  <variableValue variable="EXCERWK[year]">
    <value valueType="integer">84</value>
  </variableValue>
  <variableValue variable="EXTRAVER[year]">
    <value valueType="integer">35</value>
  </variableValue>
  <variableValue variable="EYECHG[year]">
    <value valueType="integer">5</value>
  </variableValue>
  <variableValue variable="EYECHK[year]">
    <value valueType="integer">0</value>
  </variableValue>
  <variableValue variable="EYEGLAS[year]">
    <value valueType="integer">2</value>
  </variableValue>
  <variableValue variable="FAGE[year]">
    <value valueType="integer">46</value>
  </variableValue>
  <variableValue variable="FAITH[year]">
    <value valueType="integer">4</value>
  </variableValue>
  <variableValue variable="FALLS[year]">
    <value valueType="integer">3</value>
  </variableValue>
  <variableValue variable="FCAUSE[year]">
    <value valueType="integer">4</value>
  </variableValue>
  <variableValue variable="FDIE[year]">
    <value valueType="integer">85</value>
  </variableValue>
  <variableValue variable="FIC[year]">
    <value valueType="integer">91</value>
  </variableValue>
  <variableValue variable="fit[year]">
    <value valueType="decimal">89.98611376459607</value>
  </variableValue>
  <variableValue variable="FLIVE[year]">
    <value valueType="integer">3</value>
  </variableValue>
  <variableValue variable="FLOSS[year]">
    <value valueType="integer">2</value>
  </variableValue>
  <variableValue variable="FLUSHOT[year]">
    <value valueType="integer">3</value>
  </variableValue>
  <variableValue variable="fr[year]">
    <value valueType="integer">29</value>
  </variableValue>
  <variableValue variable="fratt[year]">
    <value valueType="integer">40</value>
  </variableValue>
  <variableValue variable="frcr[year]">
    <value valueType="integer">49</value>
  </variableValue>
  <variableValue variable="fromt[year]">
    <value valueType="integer">62</value>
  </variableValue>
  <variableValue variable="frwg[year]">
    <value valueType="integer">33</value>
  </variableValue>
  <variableValue variable="game[year]">
    <value valueType="decimal">21.48314988457506</value>
  </variableValue>
  <variableValue variable="gds[year]1 –  gds[year]30">
    <value valueType="integer">0</value>
  </variableValue>
  <variableValue variable="gdstot[year]">
    <value valueType="integer">68</value>
  </variableValue>
  <variableValue variable="HANDS[year]">
    <value valueType="decimal">59.72258568466474</value>
  </variableValue>
  <variableValue variable="HARDLIQ[year]">
    <value valueType="integer">13</value>
  </variableValue>
  <variableValue variable="HEALTHCH[year]">
    <value valueType="integer">5</value>
  </variableValue>
  <variableValue variable="HEARAID[year]">
    <value valueType="integer">0</value>
  </variableValue>
  <variableValue variable="HEARCHG[year]">
    <value valueType="integer">4</value>
  </variableValue>
  <variableValue variable="HEARSPEC[year]">
    <value valueType="integer">3</value>
  </variableValue>
  <variableValue variable="HEART[year]">
    <value valueType="integer">2</value>
  </variableValue>
  <variableValue variable="HEIGHT[year]">
    <value valueType="integer">7</value>
  </variableValue>
  <variableValue variable="HHEIGHT[year]">
    <value valueType="integer">92</value>
  </variableValue>
  <variableValue variable="HIGHBLOO[year]">
    <value valueType="integer">1</value>
  </variableValue>
  <variableValue variable="HJOBTP[year]">
    <value valueType="integer">0</value>
  </variableValue>
  <variableValue variable="HMKHD[year]">
    <value valueType="decimal">24.626048275234545</value>
  </variableValue>
  <variableValue variable="HMKJB[year]">
    <value valueType="integer">91</value>
  </variableValue>
  <variableValue variable="HMKPE[year]">
    <value valueType="decimal">19.813567870224468</value>
  </variableValue>
  <variableValue variable="HMKPRS[year]">
    <value valueType="integer">2</value>
  </variableValue>
  <variableValue variable="HMKR[year]">
    <value valueType="integer">63</value>
  </variableValue>
  <variableValue variable="HMKRD[year]">
    <value valueType="decimal">15.95237379493093</value>
  </variableValue>
  <variableValue variable="HOSDAYS[year]">
    <value valueType="integer">21</value>
  </variableValue>
  <variableValue variable="HOSVISIT[year]">
    <value valueType="integer">1</value>
  </variableValue>
  <variableValue variable="HWEIGHT[year]">
    <value valueType="integer">60</value>
  </variableValue>
  <variableValue variable="INC[year]">
    <value valueType="integer">9</value>
  </variableValue>
  <variableValue variable="INC84[year]">
    <value valueType="integer">3</value>
  </variableValue>
  <variableValue variable="instr[year]">
    <value valueType="decimal">25.126310697107968</value>
  </variableValue>
  <variableValue variable="ir[year]a1 - ir[year]a20">
    <value valueType="integer">0</value>
  </variableValue>
  <variableValue variable="ir[year]b1 - ir[year]b20">
    <value valueType="integer">0</value>
  </variableValue>
  <variableValue variable="JOBLEN[year]">
    <value valueType="integer">5</value>
  </variableValue>
  <variableValue variable="JOBTYP[year]">
    <value valueType="integer">7</value>
  </variableValue>
  <variableValue variable="kidcar[year]">
    <value valueType="decimal">41.8800166712197</value>
  </variableValue>
  <variableValue variable="LAMB[year]">
    <value valueType="integer">5</value>
  </variableValue>
  <variableValue variable="lettot[year]">
    <value valueType="integer">6</value>
  </variableValue>
  <variableValue variable="LFST84[year]">
    <value valueType="integer">3</value>
  </variableValue>
  <variableValue variable="LIFSAT[year]">
    <value valueType="integer">1</value>
  </variableValue>
  <variableValue variable="LIVESMOK[year]">
    <value valueType="integer">3</value>
  </variableValue>
  <variableValue variable="ls[year]">
    <value valueType="integer">95</value>
  </variableValue>
  <variableValue variable="LSTJOB[year]">
    <value valueType="integer">1</value>
  </variableValue>
  <variableValue variable="LVNGWILL[year]">
    <value valueType="integer">2</value>
  </variableValue>
  <variableValue variable="MAGE[year]">
    <value valueType="integer">12</value>
  </variableValue>
  <variableValue variable="MAM[year]">
    <value valueType="integer">1</value>
  </variableValue>
  <variableValue variable="MAM2YR[year]">
    <value valueType="integer">1</value>
  </variableValue>
  <variableValue variable="MAMAGE[year]">
    <value valueType="integer">74</value>
  </variableValue>
  <variableValue variable="MAMEXAM[year]">
    <value valueType="integer">7</value>
  </variableValue>
  <variableValue variable="MASTECT[year]">
    <value valueType="integer">3</value>
  </variableValue>
  <variableValue variable="MCAUSE[year]">
    <value valueType="integer">13</value>
  </variableValue>
  <variableValue variable="MDIE[year]">
    <value valueType="integer">50</value>
  </variableValue>
  <variableValue variable="MED[year]">
    <value valueType="integer">3</value>
  </variableValue>
  <variableValue variable="MENAGE[year]">
    <value valueType="integer">44</value>
  </variableValue>
  <variableValue variable="MENHIST[year]">
    <value valueType="integer">89</value>
  </variableValue>
  <variableValue variable="MENSIT[year]">
    <value valueType="integer">5</value>
  </variableValue>
  <variableValue variable="MFQ[year]1">
    <value valueType="decimal">91.29191296931698</value>
  </variableValue>
  <variableValue variable="MFQ[year]2A">
    <value valueType="decimal">36.90540134159595</value>
  </variableValue>
  <variableValue variable="MFQ[year]2B">
    <value valueType="decimal">46.44640570180749</value>
  </variableValue>
  <variableValue variable="MFQ[year]2C">
    <value valueType="decimal">86.42182772209463</value>
  </variableValue>
  <variableValue variable="MFQ[year]2D">
    <value valueType="decimal">58.72075536640945</value>
  </variableValue>
  <variableValue variable="MFQ[year]2E">
    <value valueType="decimal">60.63659556804869</value>
  </variableValue>
  <variableValue variable="MFQ[year]3A">
    <value valueType="decimal">41.70418195081543</value>
  </variableValue>
  <variableValue variable="MFQ[year]3B">
    <value valueType="decimal">32.70968849507183</value>
  </variableValue>
  <variableValue variable="MFQ[year]3C">
    <value valueType="decimal">22.085828669415964</value>
  </variableValue>
  <variableValue variable="MFQ[year]3D">
    <value valueType="decimal">1.6667552216510395</value>
  </variableValue>
  <variableValue variable="MFQ[year]3E">
    <value valueType="decimal">33.98548302675828</value>
  </variableValue>
  <variableValue variable="MFQ[year]3F">
    <value valueType="decimal">82.83093182470645</value>
  </variableValue>
  <variableValue variable="MFQ[year]3G">
    <value valueType="decimal">17.21469241312046</value>
  </variableValue>
  <variableValue variable="MFQ[year]3H">
    <value valueType="decimal">7.0591276228136435</value>
  </variableValue>
  <variableValue variable="MFQ[year]3I">
    <value valueType="decimal">88.8142949618962</value>
  </variableValue>
  <variableValue variable="MFQ[year]3J">
    <value valueType="decimal">86.06010098315812</value>
  </variableValue>
  <variableValue variable="MFQ[year]3K">
    <value valueType="decimal">81.9310409022686</value>
  </variableValue>
  <variableValue variable="MFQ[year]3L">
    <value valueType="decimal">70.72533677223866</value>
  </variableValue>
  <variableValue variable="MFQ[year]3M">
    <value valueType="decimal">73.21117118167707</value>
  </variableValue>
  <variableValue variable="MFQ[year]3N">
    <value valueType="decimal">91.5440498513229</value>
  </variableValue>
  <variableValue variable="MFQ[year]3O">
    <value valueType="decimal">23.719186681182446</value>
  </variableValue>
  <variableValue variable="MFQ[year]3P">
    <value valueType="decimal">78.02307652723563</value>
  </variableValue>
  <variableValue variable="MFQ[year]3Q">
    <value valueType="decimal">77.31436447947863</value>
  </variableValue>
  <variableValue variable="MFQ[year]3R">
    <value valueType="decimal">87.37638549086273</value>
  </variableValue>
  <variableValue variable="MFQ[year]4A">
    <value valueType="decimal">21.877313374451123</value>
  </variableValue>
  <variableValue variable="MFQ[year]4B">
    <value valueType="decimal">62.93477987173735</value>
  </variableValue>
  <variableValue variable="MFQ[year]4C">
    <value valueType="decimal">64.27788530398598</value>
  </variableValue>
  <variableValue variable="MFQ[year]4D">
    <value valueType="decimal">97.66456878561434</value>
  </variableValue>
  <variableValue variable="MFQ[year]4E">
    <value valueType="decimal">80.08053427741993</value>
  </variableValue>
  <variableValue variable="MFQ[year]5A">
    <value valueType="decimal">7.346904708286905</value>
  </variableValue>
  <variableValue variable="MFQ[year]5B">
    <value valueType="decimal">18.3225733867284</value>
  </variableValue>
  <variableValue variable="MFQ[year]5C">
    <value valueType="decimal">57.3925124717683</value>
  </variableValue>
  <variableValue variable="MFQ[year]5D">
    <value valueType="decimal">3.9661583077167495</value>
  </variableValue>
  <variableValue variable="MFQ[year]5E">
    <value valueType="decimal">24.54715852712024</value>
  </variableValue>
  <variableValue variable="MFQ[year]6A">
    <value valueType="decimal">33.57019804363676</value>
  </variableValue>
  <variableValue variable="MFQ[year]6B">
    <value valueType="decimal">74.04171039920145</value>
  </variableValue>
  <variableValue variable="MFQ[year]6C">
    <value valueType="decimal">90.17001346837577</value>
  </variableValue>
  <variableValue variable="MFQ[year]6D">
    <value valueType="decimal">59.77959792181331</value>
  </variableValue>
  <variableValue variable="MFQ[year]7A">
    <value valueType="decimal">62.16949116304564</value>
  </variableValue>
  <variableValue variable="MFQ[year]7B">
    <value valueType="decimal">2.219031999795018</value>
  </variableValue>
  <variableValue variable="MFQ[year]7C">
    <value valueType="decimal">78.18406527797967</value>
  </variableValue>
  <variableValue variable="MFQ[year]7D">
    <value valueType="decimal">9.545274957658133</value>
  </variableValue>
  <variableValue variable="MFQ[year]7E">
    <value valueType="decimal">19.226927038111818</value>
  </variableValue>
  <variableValue variable="MFQ[year]7F">
    <value valueType="decimal">2.9495541405917813</value>
  </variableValue>
  <variableValue variable="MFQ[year]7G">
    <value valueType="decimal">34.47197714014663</value>
  </variableValue>
  <variableValue variable="MFQ[year]7H">
    <value valueType="decimal">8.30864793359577</value>
  </variableValue>
  <variableValue variable="MFQ[year]7I">
    <value valueType="decimal">24.183991833921592</value>
  </variableValue>
  <variableValue variable="MFQ[year]7J">
    <value valueType="decimal">32.82786886608559</value>
  </variableValue>
  <variableValue variable="MFQ[year]7K">
    <value valueType="decimal">9.470651120501984</value>
  </variableValue>
  <variableValue variable="MFQ[year]7L">
    <value valueType="decimal">56.367753794259</value>
  </variableValue>
  <variableValue variable="MFQ[year]7M">
    <value valueType="decimal">43.536544681762166</value>
  </variableValue>
  <variableValue variable="MFQ[year]7N">
    <value valueType="decimal">9.881527810341373</value>
  </variableValue>
  <variableValue variable="MFQ[year]7O">
    <value valueType="decimal">32.422220678639626</value>
  </variableValue>
  <variableValue variable="MFQ[year]7P">
    <value valueType="decimal">65.86867799842123</value>
  </variableValue>
  <variableValue variable="MFQ[year]7Q">
    <value valueType="decimal">88.17083054825913</value>
  </variableValue>
  <variableValue variable="MFQ[year]7R">
    <value valueType="decimal">32.78542386743477</value>
  </variableValue>
  <variableValue variable="MFQ[year]8A">
    <value valueType="decimal">86.42236258934388</value>
  </variableValue>
  <variableValue variable="MFQ[year]8B">
    <value valueType="decimal">83.2925975983995</value>
  </variableValue>
  <variableValue variable="MFQ[year]8C">
    <value valueType="decimal">10.094568420235984</value>
  </variableValue>
  <variableValue variable="MFQ[year]8D">
    <value valueType="decimal">87.97602020194188</value>
  </variableValue>
  <variableValue variable="MFQ[year]8E">
    <value valueType="decimal">36.63718487394383</value>
  </variableValue>
  <variableValue variable="MFQ[year]8F">
    <value valueType="decimal">6.216318098608786</value>
  </variableValue>
  <variableValue variable="MFQ[year]8G">
    <value valueType="decimal">37.97048877140122</value>
  </variableValue>
  <variableValue variable="MFQ[year]8H">
    <value valueType="decimal">65.24959318371891</value>
  </variableValue>
  <variableValue variable="MFQ1[year]">
    <value valueType="integer">88</value>
  </variableValue>
  <variableValue variable="mfq1[year]">
    <value valueType="decimal">11.177801337015659</value>
  </variableValue>
  <variableValue variable="MFQ2[year]">
    <value valueType="integer">14</value>
  </variableValue>
  <variableValue variable="mfq2[year]">
    <value valueType="decimal">88.61353205875182</value>
  </variableValue>
  <variableValue variable="MFQ3[year]">
    <value valueType="integer">95</value>
  </variableValue>
  <variableValue variable="mfq3[year]">
    <value valueType="decimal">27.336627664784928</value>
  </variableValue>
  <variableValue variable="MFQ4[year]">
    <value valueType="integer">69</value>
  </variableValue>
  <variableValue variable="mfq4[year]">
    <value valueType="decimal">33.73698346956574</value>
  </variableValue>
  <variableValue variable="MLIVE[year]">
    <value valueType="integer">2</value>
  </variableValue>
  <variableValue variable="MOMWK[year]">
    <value valueType="integer">1</value>
  </variableValue>
  <variableValue variable="movie[year]">
    <value valueType="decimal">92.49192676684696</value>
  </variableValue>
  <variableValue variable="MSTA84[year]">
    <value valueType="integer">2</value>
  </variableValue>
  <variableValue variable="MSTAT[year]">
    <value valueType="integer">3</value>
  </variableValue>
  <variableValue variable="NBKS[year]">
    <value valueType="integer">17</value>
  </variableValue>
  <variableValue variable="NCONF[year]">
    <value valueType="integer">44</value>
  </variableValue>
  <variableValue variable="NEEDCATA[year]">
    <value valueType="integer">3</value>
  </variableValue>
  <variableValue variable="NEMP[year]">
    <value valueType="integer">56</value>
  </variableValue>
  <variableValue variable="NEUROTIC[year]">
    <value valueType="integer">20</value>
  </variableValue>
  <variableValue variable="NEWPRNT[year]">
    <value valueType="integer">4</value>
  </variableValue>
  <variableValue variable="nfr[year]">
    <value valueType="integer">68</value>
  </variableValue>
  <variableValue variable="NFRN[year]">
    <value valueType="integer">55</value>
  </variableValue>
  <variableValue variable="NGRNKD[year]">
    <value valueType="integer">92</value>
  </variableValue>
  <variableValue variable="NJOB[year]">
    <value valueType="integer">29</value>
  </variableValue>
  <variableValue variable="NKDHM[year]">
    <value valueType="integer">79</value>
  </variableValue>
  <variableValue variable="NKIDS[year]">
    <value valueType="integer">57</value>
  </variableValue>
  <variableValue variable="NMAG[year]">
    <value valueType="integer">86</value>
  </variableValue>
  <variableValue variable="NMOV[year]">
    <value valueType="integer">79</value>
  </variableValue>
  <variableValue variable="NMTG[year]">
    <value valueType="integer">5</value>
  </variableValue>
  <variableValue variable="NNEIG[year]">
    <value valueType="integer">4</value>
  </variableValue>
  <variableValue variable="NOBR[year]">
    <value valueType="integer">32</value>
  </variableValue>
  <variableValue variable="NOISE[year]">
    <value valueType="integer">5</value>
  </variableValue>
  <variableValue variable="NONFIC[year]">
    <value valueType="integer">7</value>
  </variableValue>
  <variableValue variable="nor[year]">
    <value valueType="integer">23</value>
  </variableValue>
  <variableValue variable="norcr[year]">
    <value valueType="integer">24</value>
  </variableValue>
  <variableValue variable="NOSIS[year]">
    <value valueType="integer">85</value>
  </variableValue>
  <variableValue variable="NOWRK[year]">
    <value valueType="integer">7</value>
  </variableValue>
  <variableValue variable="NRMS[year]">
    <value valueType="integer">36</value>
  </variableValue>
  <variableValue variable="nsp08">
    <value valueType="integer">96</value>
  </variableValue>
  <variableValue variable="NSTATE[year]">
    <value valueType="integer">99</value>
  </variableValue>
  <variableValue variable="NTRAD[year]">
    <value valueType="integer">9</value>
  </variableValue>
  <variableValue variable="NTRIPS[year]">
    <value valueType="integer">48</value>
  </variableValue>
  <variableValue variable="numtot[year]">
    <value valueType="integer">79</value>
  </variableValue>
  <variableValue variable="NVISIT[year]">
    <value valueType="integer">2</value>
  </variableValue>
  <variableValue variable="NWED[year]">
    <value valueType="integer">93</value>
  </variableValue>
  <variableValue variable="NYBR[year]">
    <value valueType="integer">40</value>
  </variableValue>
  <variableValue variable="NYSIS[year]">
    <value valueType="integer">77</value>
  </variableValue>
  <variableValue variable="OBGYN[year]">
    <value valueType="integer">1</value>
  </variableValue>
  <variableValue variable="OCC[year]">
    <value valueType="integer">8</value>
  </variableValue>
  <variableValue variable="OCC84[year]">
    <value valueType="integer">1</value>
  </variableValue>
  <variableValue variable="OPEN[year]">
    <value valueType="integer">45</value>
  </variableValue>
  <variableValue variable="or[year]">
    <value valueType="integer">94</value>
  </variableValue>
  <variableValue variable="oratt[year]">
    <value valueType="integer">80</value>
  </variableValue>
  <variableValue variable="ORGAN[year]">
    <value valueType="integer">1</value>
  </variableValue>
  <variableValue variable="oromt[year]">
    <value valueType="integer">76</value>
  </variableValue>
  <variableValue variable="orwg[year]">
    <value valueType="integer">44</value>
  </variableValue>
  <variableValue variable="OTJ[year]">
    <value valueType="integer">0</value>
  </variableValue>
  <variableValue variable="outhob[year]">
    <value valueType="decimal">31.02250644051894</value>
  </variableValue>
  <variableValue variable="OWNHM[year]">
    <value valueType="integer">1</value>
  </variableValue>
  <variableValue variable="PAINREL[year]">
    <value valueType="integer">2</value>
  </variableValue>
  <variableValue variable="PAP[year]">
    <value valueType="integer">5</value>
  </variableValue>
  <variableValue variable="party[year]">
    <value valueType="decimal">22.508116620850018</value>
  </variableValue>
  <variableValue variable="pase1">
    <value valueType="integer">2</value>
  </variableValue>
  <variableValue variable="pase10">
    <value valueType="integer">1</value>
  </variableValue>
  <variableValue variable="pase10a">
    <value valueType="decimal">57.617017154455816</value>
  </variableValue>
  <variableValue variable="pase10b">
    <value valueType="integer">4</value>
  </variableValue>
  <variableValue variable="pase1b">
    <value valueType="integer">3</value>
  </variableValue>
  <variableValue variable="pase2">
    <value valueType="integer">2</value>
  </variableValue>
  <variableValue variable="pase2a">
    <value valueType="integer">2</value>
  </variableValue>
  <variableValue variable="pase3">
    <value valueType="integer">3</value>
  </variableValue>
  <variableValue variable="pase3b">
    <value valueType="integer">2</value>
  </variableValue>
  <variableValue variable="pase4">
    <value valueType="integer">1</value>
  </variableValue>
  <variableValue variable="pase4b">
    <value valueType="integer">3</value>
  </variableValue>
  <variableValue variable="pase5">
    <value valueType="integer">2</value>
  </variableValue>
  <variableValue variable="pase5b">
    <value valueType="integer">2</value>
  </variableValue>
  <variableValue variable="pase6">
    <value valueType="integer">1</value>
  </variableValue>
  <variableValue variable="pase6b">
    <value valueType="integer">2</value>
  </variableValue>
  <variableValue variable="pase7">
    <value valueType="integer">0</value>
  </variableValue>
  <variableValue variable="pase8">
    <value valueType="integer">1</value>
  </variableValue>
  <variableValue variable="pase9a - pase9d">
    <value valueType="integer">1</value>
  </variableValue>
  <variableValue variable="pattot[year]">
    <value valueType="integer">24</value>
  </variableValue>
  <variableValue variable="PDEMP[year]">
    <value valueType="integer">1</value>
  </variableValue>
  <variableValue variable="PEOP[year]">
    <value valueType="decimal">73.08787956895992</value>
  </variableValue>
  <variableValue variable="pets[year]">
    <value valueType="decimal">16.242739667602514</value>
  </variableValue>
  <variableValue variable="phone[year]">
    <value valueType="decimal">3.2650210741203667</value>
  </variableValue>
  <variableValue variable="picnic[year]">
    <value valueType="decimal">76.27719449244644</value>
  </variableValue>
  <variableValue variable="PIPEDAY[year]">
    <value valueType="integer">5</value>
  </variableValue>
  <variableValue variable="PIPES[year]">
    <value valueType="integer">1</value>
  </variableValue>
  <variableValue variable="pirr1[year]">
    <value valueType="integer">38</value>
  </variableValue>
  <variableValue variable="pirr2[year]">
    <value valueType="integer">61</value>
  </variableValue>
  <variableValue variable="PORK[year]">
    <value valueType="integer">2</value>
  </variableValue>
  <variableValue variable="ppr1[year]">
    <value valueType="integer">65</value>
  </variableValue>
  <variableValue variable="ppr2[year]">
    <value valueType="integer">2</value>
  </variableValue>
  <variableValue variable="ppr3[year]">
    <value valueType="integer">16</value>
  </variableValue>
  <variableValue variable="pray[year]">
    <value valueType="decimal">7.195797565122319</value>
  </variableValue>
  <variableValue variable="PRESR[year]">
    <value valueType="integer">3</value>
  </variableValue>
  <variableValue variable="PRO2YR[year]">
    <value valueType="integer">1</value>
  </variableValue>
  <variableValue variable="PROAGE[year]">
    <value valueType="integer">81</value>
  </variableValue>
  <variableValue variable="PROENLAR[year]">
    <value valueType="integer">2</value>
  </variableValue>
  <variableValue variable="PROEXAM[year]">
    <value valueType="integer">74</value>
  </variableValue>
  <variableValue variable="PROS[year]">
    <value valueType="integer">2</value>
  </variableValue>
  <variableValue variable="PROSUC[year]">
    <value valueType="integer">2</value>
  </variableValue>
  <variableValue variable="PRSC84[year]">
    <value valueType="integer">2</value>
  </variableValue>
  <variableValue variable="radio[year]">
    <value valueType="decimal">36.19043774309011</value>
  </variableValue>
  <variableValue variable="RDPAPR[year]">
    <value valueType="integer">0</value>
  </variableValue>
  <variableValue variable="RDWRIT[year]">
    <value valueType="decimal">27.27501324324223</value>
  </variableValue>
  <variableValue variable="read[year]">
    <value valueType="decimal">91.59758871329893</value>
  </variableValue>
  <variableValue variable="REGULAR[year]">
    <value valueType="integer">2</value>
  </variableValue>
  <variableValue variable="REMAR[year]">
    <value valueType="integer">45</value>
  </variableValue>
  <variableValue variable="rv[year]">
    <value valueType="integer">31</value>
  </variableValue>
  <variableValue variable="SAFE[year]">
    <value valueType="integer">1</value>
  </variableValue>
  <variableValue variable="SBHWY[year]">
    <value valueType="integer">3</value>
  </variableValue>
  <variableValue variable="SBTOWN[year]">
    <value valueType="integer">3</value>
  </variableValue>
  <variableValue variable="SELFBLOO[year]">
    <value valueType="integer">6</value>
  </variableValue>
  <variableValue variable="selfim[year]">
    <value valueType="decimal">34.30252945222454</value>
  </variableValue>
  <variableValue variable="SELFMAM[year]">
    <value valueType="integer">1</value>
  </variableValue>
  <variableValue variable="sex">
    <value valueType="integer">0</value>
  </variableValue>
  <variableValue variable="shop[year]">
    <value valueType="decimal">20.31937040767009</value>
  </variableValue>
  <variableValue variable="SIBS[year]">
    <value valueType="integer">56</value>
  </variableValue>
  <variableValue variable="SLEEP[year]">
    <value valueType="integer">3</value>
  </variableValue>
  <variableValue variable="smdvh[year]">
    <value valueType="integer">27</value>
  </variableValue>
  <variableValue variable="smdvl[year]">
    <value valueType="integer">91</value>
  </variableValue>
  <variableValue variable="SMK[year]">
    <value valueType="integer">0</value>
  </variableValue>
  <variableValue variable="SMOKE[year]">
    <value valueType="integer">2</value>
  </variableValue>
  <variableValue variable="SMOKEPAS[year]">
    <value valueType="decimal">17.888475599382925</value>
  </variableValue>
  <variableValue variable="SODA[year]">
    <value valueType="integer">2</value>
  </variableValue>
  <variableValue variable="SODIUM[year]">
    <value valueType="integer">1</value>
  </variableValue>
  <variableValue variable="SPBRN[year]">
    <value valueType="integer">3</value>
  </variableValue>
  <variableValue variable="spec[year]">
    <value valueType="decimal">34.49005709873024</value>
  </variableValue>
  <variableValue variable="SPEED[year]">
    <value valueType="integer">1</value>
  </variableValue>
  <variableValue variable="SPOCC[year]">
    <value valueType="integer">3</value>
  </variableValue>
  <variableValue variable="sport[year]">
    <value valueType="decimal">45.444163708840726</value>
  </variableValue>
  <variableValue variable="SPRVIS[year]">
    <value valueType="integer">2</value>
  </variableValue>
  <variableValue variable="SREYE[year]">
    <value valueType="integer">5</value>
  </variableValue>
  <variableValue variable="srh[year]">
    <value valueType="integer">6</value>
  </variableValue>
  <variableValue variable="SRHEALTH">
    <value valueType="integer">6</value>
  </variableValue>
  <variableValue variable="SRHEAR[year]">
    <value valueType="integer">4</value>
  </variableValue>
  <variableValue variable="sstot[year]">
    <value valueType="integer">46</value>
  </variableValue>
  <variableValue variable="STAIRS[year]">
    <value valueType="integer">5</value>
  </variableValue>
  <variableValue variable="TEA[year]">
    <value valueType="integer">4</value>
  </variableValue>
  <variableValue variable="TRAF[year]">
    <value valueType="integer">0</value>
  </variableValue>
  <variableValue variable="travel[year]">
    <value valueType="decimal">61.28963337234929</value>
  </variableValue>
  <variableValue variable="TREES[year]">
    <value valueType="integer">5</value>
  </variableValue>
  <variableValue variable="TRYSTOP[year]">
    <value valueType="integer">2</value>
  </variableValue>
  <variableValue variable="tv[year]">
    <value valueType="decimal">5.210295198338444</value>
  </variableValue>
  <variableValue variable="TYPBLD[year]">
    <value valueType="integer">4</value>
  </variableValue>
  <variableValue variable="UNIVEX[year]">
    <value valueType="integer">1</value>
  </variableValue>
  <variableValue variable="VEAL[year]">
    <value valueType="integer">1</value>
  </variableValue>
  <variableValue variable="vis[year]">
    <value valueType="decimal">11.997835437515182</value>
  </variableValue>
  <variableValue variable="vocab1[year]">
    <value valueType="integer">74</value>
  </variableValue>
  <variableValue variable="vocab2[year]">
    <value valueType="integer">60</value>
  </variableValue>
  <variableValue variable="VOCAT[year]">
    <value valueType="integer">1</value>
  </variableValue>
  <variableValue variable="vol[year]">
    <value valueType="decimal">37.70717817296377</value>
  </variableValue>
  <variableValue variable="walk[year]">
    <value valueType="decimal">86.6887055434162</value>
  </variableValue>
  <variableValue variable="WALK[year]">
    <value valueType="integer">3</value>
  </variableValue>
  <variableValue variable="wdflu[year]">
    <value valueType="integer">37</value>
  </variableValue>
  <variableValue variable="WEIGHT[year]">
    <value valueType="integer">24</value>
  </variableValue>
  <variableValue variable="WELL[year]">
    <value valueType="integer">2</value>
  </variableValue>
  <variableValue variable="WINE[year]">
    <value valueType="integer">78</value>
  </variableValue>
  <variableValue variable="write[year]">
    <value valueType="decimal">13.415689438704682</value>
  </variableValue>
  <variableValue variable="WRKPLC[year]">
    <value valueType="integer">2</value>
  </variableValue>
  <variableValue variable="WRKTYP[year]">
    <value valueType="integer">4</value>
  </variableValue>
  <variableValue variable="ws[year]">
    <value valueType="integer">88</value>
  </variableValue>
  <variableValue variable="YEAROP[year]">
    <value valueType="integer">23</value>
  </variableValue>
  <variableValue variable="YRQUIT[year]">
    <value valueType="integer">84</value>
  </variableValue>
  <variableValue variable="YRRET[year]">
    <value valueType="integer">18</value>
  </variableValue>
  <variableValue variable="YRSMOKE[year]">
    <value valueType="decimal">75.02106729647514</value>
  </variableValue>
</valueSet>