<valueSet valueTable="2008" entityType="Participant" entityIdentifier="41235681">
  <variableValue variable="ADLTED[year]">
    <value valueType="integer">0</value>
  </variableValue>
  <variableValue variable="ADVDIR[year]">
    <value valueType="integer">1</value>
  </variableValue>
  <variableValue variable="age[year]">
    <value valueType="integer">99</value>
  </variableValue>
  <variableValue variable="AGEKID[year]">
    <value valueType="integer">32</value>
  </variableValue>
  <variableValue variable="AGENB[year]">
    <value valueType="integer">7</value>
  </variableValue>
  <variableValue variable="AGEWED[year]">
    <value valueType="integer">85</value>
  </variableValue>
  <variableValue variable="AGFRN[year]">
    <value valueType="integer">4</value>
  </variableValue>
  <variableValue variable="AGREE[year]">
    <value valueType="integer">55</value>
  </variableValue>
  <variableValue variable="ALCOHOL[year]">
    <value valueType="integer">6</value>
  </variableValue>
  <variableValue variable="Apdemp[year]">
    <value valueType="decimal">91.03867627951499</value>
  </variableValue>
  <variableValue variable="ART[year]">
    <value valueType="integer">1</value>
  </variableValue>
  <variableValue variable="BDATE_DY">
    <value valueType="integer">80</value>
  </variableValue>
  <variableValue variable="BDATE_MO">
    <value valueType="integer">22</value>
  </variableValue>
  <variableValue variable="BDATE_YR">
    <value valueType="integer">14</value>
  </variableValue>
  <variableValue variable="BEEF[year]">
    <value valueType="integer">2</value>
  </variableValue>
  <variableValue variable="BEER[year]">
    <value valueType="integer">75</value>
  </variableValue>
  <variableValue variable="BLDLK[year]">
    <value valueType="integer">2</value>
  </variableValue>
  <variableValue variable="BLOODPRE[year]">
    <value valueType="integer">4</value>
  </variableValue>
  <variableValue variable="BOOK[year]">
    <value valueType="integer">1</value>
  </variableValue>
  <variableValue variable="BRUSH[year]">
    <value valueType="integer">62</value>
  </variableValue>
  <variableValue variable="BUTTER[year]">
    <value valueType="integer">2</value>
  </variableValue>
  <variableValue variable="BUYFAT[year]">
    <value valueType="integer">3</value>
  </variableValue>
  <variableValue variable="BUYSALT[year]">
    <value valueType="integer">2</value>
  </variableValue>
  <variableValue variable="CANCHK[year]">
    <value valueType="integer">1</value>
  </variableValue>
  <variableValue variable="cards[year]">
    <value valueType="decimal">47.73014251979608</value>
  </variableValue>
  <variableValue variable="CATARACT[year]">
    <value valueType="integer">1</value>
  </variableValue>
  <variableValue variable="CHKFAT[year]">
    <value valueType="integer">5</value>
  </variableValue>
  <variableValue variable="CHOLES[year]">
    <value valueType="integer">4</value>
  </variableValue>
  <variableValue variable="chur[year]">
    <value valueType="decimal">61.98291323791489</value>
  </variableValue>
  <variableValue variable="CIGARDAY[year]">
    <value valueType="integer">2</value>
  </variableValue>
  <variableValue variable="CIGARS[year]">
    <value valueType="integer">4</value>
  </variableValue>
  <variableValue variable="CIGDAY[year]">
    <value valueType="integer">4</value>
  </variableValue>
  <variableValue variable="CIGS[year]">
    <value valueType="integer">2</value>
  </variableValue>
  <variableValue variable="CLNAIR[year]">
    <value valueType="integer">4</value>
  </variableValue>
  <variableValue variable="COFFEE[year]">
    <value valueType="integer">1</value>
  </variableValue>
  <variableValue variable="CONSCIEN[year]">
    <value valueType="integer">34</value>
  </variableValue>
  <variableValue variable="cook[year]">
    <value valueType="decimal">92.37996505296151</value>
  </variableValue>
  <variableValue variable="COOKBUT[year]">
    <value valueType="integer">4</value>
  </variableValue>
  <variableValue variable="CORS[year]">
    <value valueType="integer">1</value>
  </variableValue>
  <variableValue variable="crafts[year]">
    <value valueType="decimal">61.213785743399306</value>
  </variableValue>
  <variableValue variable="crdp1[year]">
    <value valueType="integer">63</value>
  </variableValue>
  <variableValue variable="crdp2[year]">
    <value valueType="integer">9</value>
  </variableValue>
  <variableValue variable="cult[year]">
    <value valueType="decimal">18.74393219374436</value>
  </variableValue>
  <variableValue variable="dance[year]">
    <value valueType="decimal">92.01681923136395</value>
  </variableValue>
  <variableValue variable="DENTIST[year]">
    <value valueType="integer">1</value>
  </variableValue>
  <variableValue variable="DENTURE[year]">
    <value valueType="integer">2</value>
  </variableValue>
  <variableValue variable="DIABET[year]">
    <value valueType="integer">2</value>
  </variableValue>
  <variableValue variable="DRMAM[year]">
    <value valueType="integer">3</value>
  </variableValue>
  <variableValue variable="DRVISIT[year]">
    <value valueType="integer">82</value>
  </variableValue>
  <variableValue variable="dydrm[year]">
    <value valueType="decimal">94.03382018068464</value>
  </variableValue>
  <variableValue variable="EARCHK[year]">
    <value valueType="integer">0</value>
  </variableValue>
  <variableValue variable="eatout[year]">
    <value valueType="decimal">17.38605985468964</value>
  </variableValue>
  <variableValue variable="EATSALT[year]">
    <value valueType="integer">4</value>
  </variableValue>
  <variableValue variable="edact[year]">
    <value valueType="decimal">75.51096619857812</value>
  </variableValue>
  <variableValue variable="educ">
    <value valueType="integer">31</value>
  </variableValue>
  <variableValue variable="EDUC[year]">
    <value valueType="integer">7</value>
  </variableValue>
  <variableValue variable="EGG[year]">
    <value valueType="integer">1</value>
  </variableValue>
  <variableValue variable="eldcar[year]">
    <value valueType="decimal">12.35408229592122</value>
  </variableValue>
  <variableValue variable="ELDCAR[year]">
    <value valueType="decimal">40.38347616561455</value>
  </variableValue>
  <variableValue variable="ENT1[year]">
    <value valueType="integer">6</value>
  </variableValue>
  <variableValue variable="ENT2[year]">
    <value valueType="integer">11</value>
  </variableValue>
  <variableValue variable="ENT3[year]">
    <value valueType="integer">14</value>
  </variableValue>
  <variableValue variable="eth[year]">
    <value valueType="integer">26</value>
  </variableValue>
  <variableValue variable="EXCERTOT[year]">
    <value valueType="decimal">93.11295015987251</value>
  </variableValue>
  <variableValue variable="EXCERWK[year]">
    <value valueType="integer">51</value>
  </variableValue>
  <variableValue variable="EXTRAVER[year]">
    <value valueType="integer">4</value>
  </variableValue>
  <variableValue variable="EYECHG[year]">
    <value valueType="integer">4</value>
  </variableValue>
  <variableValue variable="EYECHK[year]">
    <value valueType="integer">0</value>
  </variableValue>
  <variableValue variable="EYEGLAS[year]">
    <value valueType="integer">2</value>
  </variableValue>
  <variableValue variable="FAGE[year]">
    <value valueType="integer">89</value>
  </variableValue>
  <variableValue variable="FAITH[year]">
    <value valueType="integer">4</value>
  </variableValue>
  <variableValue variable="FALLS[year]">
    <value valueType="integer">4</value>
  </variableValue>
  <variableValue variable="FCAUSE[year]">
    <value valueType="integer">10</value>
  </variableValue>
  <variableValue variable="FDIE[year]">
    <value valueType="integer">60</value>
  </variableValue>
  <variableValue variable="FIC[year]">
    <value valueType="integer">85</value>
  </variableValue>
  <variableValue variable="fit[year]">
    <value valueType="decimal">71.64860223352129</value>
  </variableValue>
  <variableValue variable="FLIVE[year]">
    <value valueType="integer">3</value>
  </variableValue>
  <variableValue variable="FLOSS[year]">
    <value valueType="integer">2</value>
  </variableValue>
  <variableValue variable="FLUSHOT[year]">
    <value valueType="integer">4</value>
  </variableValue>
  <variableValue variable="fr[year]">
    <value valueType="integer">92</value>
  </variableValue>
  <variableValue variable="fratt[year]">
    <value valueType="integer">32</value>
  </variableValue>
  <variableValue variable="frcr[year]">
    <value valueType="integer">13</value>
  </variableValue>
  <variableValue variable="fromt[year]">
    <value valueType="integer">22</value>
  </variableValue>
  <variableValue variable="frwg[year]">
    <value valueType="integer">16</value>
  </variableValue>
  <variableValue variable="game[year]">
    <value valueType="decimal">82.9239386745635</value>
  </variableValue>
  <variableValue variable="gds[year]1 –  gds[year]30">
    <value valueType="integer">0</value>
  </variableValue>
  <variableValue variable="gdstot[year]">
    <value valueType="integer">19</value>
  </variableValue>
  <variableValue variable="HANDS[year]">
    <value valueType="decimal">75.32772471876442</value>
  </variableValue>
  <variableValue variable="HARDLIQ[year]">
    <value valueType="integer">65</value>
  </variableValue>
  <variableValue variable="HEALTHCH[year]">
    <value valueType="integer">5</value>
  </variableValue>
  <variableValue variable="HEARAID[year]">
    <value valueType="integer">0</value>
  </variableValue>
  <variableValue variable="HEARCHG[year]">
    <value valueType="integer">4</value>
  </variableValue>
  <variableValue variable="HEARSPEC[year]">
    <value valueType="integer">4</value>
  </variableValue>
  <variableValue variable="HEART[year]">
    <value valueType="integer">2</value>
  </variableValue>
  <variableValue variable="HEIGHT[year]">
    <value valueType="integer">72</value>
  </variableValue>
  <variableValue variable="HHEIGHT[year]">
    <value valueType="integer">51</value>
  </variableValue>
  <variableValue variable="HIGHBLOO[year]">
    <value valueType="integer">1</value>
  </variableValue>
  <variableValue variable="HJOBTP[year]">
    <value valueType="integer">9</value>
  </variableValue>
  <variableValue variable="HMKHD[year]">
    <value valueType="decimal">89.05666416027856</value>
  </variableValue>
  <variableValue variable="HMKJB[year]">
    <value valueType="integer">18</value>
  </variableValue>
  <variableValue variable="HMKPE[year]">
    <value valueType="decimal">51.58833988806683</value>
  </variableValue>
  <variableValue variable="HMKPRS[year]">
    <value valueType="integer">1</value>
  </variableValue>
  <variableValue variable="HMKR[year]">
    <value valueType="integer">24</value>
  </variableValue>
  <variableValue variable="HMKRD[year]">
    <value valueType="decimal">55.33218012707602</value>
  </variableValue>
  <variableValue variable="HOSDAYS[year]">
    <value valueType="integer">72</value>
  </variableValue>
  <variableValue variable="HOSVISIT[year]">
    <value valueType="integer">1</value>
  </variableValue>
  <variableValue variable="HWEIGHT[year]">
    <value valueType="integer">44</value>
  </variableValue>
  <variableValue variable="INC[year]">
    <value valueType="integer">3</value>
  </variableValue>
  <variableValue variable="INC84[year]">
    <value valueType="integer">16</value>
  </variableValue>
  <variableValue variable="instr[year]">
    <value valueType="decimal">11.824851606938068</value>
  </variableValue>
  <variableValue variable="ir[year]a1 - ir[year]a20">
    <value valueType="integer">0</value>
  </variableValue>
  <variableValue variable="ir[year]b1 - ir[year]b20">
    <value valueType="integer">0</value>
  </variableValue>
  <variableValue variable="JOBLEN[year]">
    <value valueType="integer">3</value>
  </variableValue>
  <variableValue variable="JOBTYP[year]">
    <value valueType="integer">7</value>
  </variableValue>
  <variableValue variable="kidcar[year]">
    <value valueType="decimal">61.84527931020789</value>
  </variableValue>
  <variableValue variable="LAMB[year]">
    <value valueType="integer">5</value>
  </variableValue>
  <variableValue variable="lettot[year]">
    <value valueType="integer">74</value>
  </variableValue>
  <variableValue variable="LFST84[year]">
    <value valueType="integer">2</value>
  </variableValue>
  <variableValue variable="LIFSAT[year]">
    <value valueType="integer">5</value>
  </variableValue>
  <variableValue variable="LIVESMOK[year]">
    <value valueType="integer">2</value>
  </variableValue>
  <variableValue variable="ls[year]">
    <value valueType="integer">30</value>
  </variableValue>
  <variableValue variable="LSTJOB[year]">
    <value valueType="integer">7</value>
  </variableValue>
  <variableValue variable="LVNGWILL[year]">
    <value valueType="integer">1</value>
  </variableValue>
  <variableValue variable="MAGE[year]">
    <value valueType="integer">28</value>
  </variableValue>
  <variableValue variable="MAM[year]">
    <value valueType="integer">1</value>
  </variableValue>
  <variableValue variable="MAM2YR[year]">
    <value valueType="integer">1</value>
  </variableValue>
  <variableValue variable="MAMAGE[year]">
    <value valueType="integer">23</value>
  </variableValue>
  <variableValue variable="MAMEXAM[year]">
    <value valueType="integer">88</value>
  </variableValue>
  <variableValue variable="MASTECT[year]">
    <value valueType="integer">3</value>
  </variableValue>
  <variableValue variable="MCAUSE[year]">
    <value valueType="integer">1</value>
  </variableValue>
  <variableValue variable="MDIE[year]">
    <value valueType="integer">38</value>
  </variableValue>
  <variableValue variable="MED[year]">
    <value valueType="integer">3</value>
  </variableValue>
  <variableValue variable="MENAGE[year]">
    <value valueType="integer">79</value>
  </variableValue>
  <variableValue variable="MENHIST[year]">
    <value valueType="integer">89</value>
  </variableValue>
  <variableValue variable="MENSIT[year]">
    <value valueType="integer">6</value>
  </variableValue>
  <variableValue variable="MFQ[year]1">
    <value valueType="decimal">88.04206061188044</value>
  </variableValue>
  <variableValue variable="MFQ[year]2A">
    <value valueType="decimal">71.94854659491783</value>
  </variableValue>
  <variableValue variable="MFQ[year]2B">
    <value valueType="decimal">57.92338466789514</value>
  </variableValue>
  <variableValue variable="MFQ[year]2C">
    <value valueType="decimal">63.15122601079539</value>
  </variableValue>
  <variableValue variable="MFQ[year]2D">
    <value valueType="decimal">9.129609277542395</value>
  </variableValue>
  <variableValue variable="MFQ[year]2E">
    <value valueType="decimal">26.644827604629707</value>
  </variableValue>
  <variableValue variable="MFQ[year]3A">
    <value valueType="decimal">35.3554463017842</value>
  </variableValue>
  <variableValue variable="MFQ[year]3B">
    <value valueType="decimal">41.80436777061789</value>
  </variableValue>
  <variableValue variable="MFQ[year]3C">
    <value valueType="decimal">70.93987451851733</value>
  </variableValue>
  <variableValue variable="MFQ[year]3D">
    <value valueType="decimal">24.779982674274738</value>
  </variableValue>
  <variableValue variable="MFQ[year]3E">
    <value valueType="decimal">54.93287382560599</value>
  </variableValue>
  <variableValue variable="MFQ[year]3F">
    <value valueType="decimal">11.481761345179098</value>
  </variableValue>
  <variableValue variable="MFQ[year]3G">
    <value valueType="decimal">22.98242633178549</value>
  </variableValue>
  <variableValue variable="MFQ[year]3H">
    <value valueType="decimal">53.4029103438363</value>
  </variableValue>
  <variableValue variable="MFQ[year]3I">
    <value valueType="decimal">60.228397970606686</value>
  </variableValue>
  <variableValue variable="MFQ[year]3J">
    <value valueType="decimal">18.704214922357266</value>
  </variableValue>
  <variableValue variable="MFQ[year]3K">
    <value valueType="decimal">72.46110450119305</value>
  </variableValue>
  <variableValue variable="MFQ[year]3L">
    <value valueType="decimal">40.52084198474325</value>
  </variableValue>
  <variableValue variable="MFQ[year]3M">
    <value valueType="decimal">51.67934059689113</value>
  </variableValue>
  <variableValue variable="MFQ[year]3N">
    <value valueType="decimal">61.73590691439542</value>
  </variableValue>
  <variableValue variable="MFQ[year]3O">
    <value valueType="decimal">22.447655659483257</value>
  </variableValue>
  <variableValue variable="MFQ[year]3P">
    <value valueType="decimal">81.60726985306752</value>
  </variableValue>
  <variableValue variable="MFQ[year]3Q">
    <value valueType="decimal">74.00007565416776</value>
  </variableValue>
  <variableValue variable="MFQ[year]3R">
    <value valueType="decimal">38.56052238000658</value>
  </variableValue>
  <variableValue variable="MFQ[year]4A">
    <value valueType="decimal">72.07443712294935</value>
  </variableValue>
  <variableValue variable="MFQ[year]4B">
    <value valueType="decimal">46.910235679405055</value>
  </variableValue>
  <variableValue variable="MFQ[year]4C">
    <value valueType="decimal">36.50742509174687</value>
  </variableValue>
  <variableValue variable="MFQ[year]4D">
    <value valueType="decimal">7.7942960898158775</value>
  </variableValue>
  <variableValue variable="MFQ[year]4E">
    <value valueType="decimal">93.50753791323793</value>
  </variableValue>
  <variableValue variable="MFQ[year]5A">
    <value valueType="decimal">8.565474603008727</value>
  </variableValue>
  <variableValue variable="MFQ[year]5B">
    <value valueType="decimal">13.395708301532416</value>
  </variableValue>
  <variableValue variable="MFQ[year]5C">
    <value valueType="decimal">15.456442743877119</value>
  </variableValue>
  <variableValue variable="MFQ[year]5D">
    <value valueType="decimal">18.91869955196739</value>
  </variableValue>
  <variableValue variable="MFQ[year]5E">
    <value valueType="decimal">14.50720750583353</value>
  </variableValue>
  <variableValue variable="MFQ[year]6A">
    <value valueType="decimal">59.767734056392776</value>
  </variableValue>
  <variableValue variable="MFQ[year]6B">
    <value valueType="decimal">11.318327999711443</value>
  </variableValue>
  <variableValue variable="MFQ[year]6C">
    <value valueType="decimal">54.75644025565715</value>
  </variableValue>
  <variableValue variable="MFQ[year]6D">
    <value valueType="decimal">14.78268911556132</value>
  </variableValue>
  <variableValue variable="MFQ[year]7A">
    <value valueType="decimal">83.6225526082552</value>
  </variableValue>
  <variableValue variable="MFQ[year]7B">
    <value valueType="decimal">89.97844362534804</value>
  </variableValue>
  <variableValue variable="MFQ[year]7C">
    <value valueType="decimal">90.32385567563556</value>
  </variableValue>
  <variableValue variable="MFQ[year]7D">
    <value valueType="decimal">15.114828925987334</value>
  </variableValue>
  <variableValue variable="MFQ[year]7E">
    <value valueType="decimal">34.02026071461432</value>
  </variableValue>
  <variableValue variable="MFQ[year]7F">
    <value valueType="decimal">43.861088316960604</value>
  </variableValue>
  <variableValue variable="MFQ[year]7G">
    <value valueType="decimal">83.0025353282611</value>
  </variableValue>
  <variableValue variable="MFQ[year]7H">
    <value valueType="decimal">92.42056481846394</value>
  </variableValue>
  <variableValue variable="MFQ[year]7I">
    <value valueType="decimal">1.2887839752491859</value>
  </variableValue>
  <variableValue variable="MFQ[year]7J">
    <value valueType="decimal">8.012396017238178</value>
  </variableValue>
  <variableValue variable="MFQ[year]7K">
    <value valueType="decimal">83.41914668446304</value>
  </variableValue>
  <variableValue variable="MFQ[year]7L">
    <value valueType="decimal">57.480900647227784</value>
  </variableValue>
  <variableValue variable="MFQ[year]7M">
    <value valueType="decimal">76.40699433516983</value>
  </variableValue>
  <variableValue variable="MFQ[year]7N">
    <value valueType="decimal">9.868153890913833</value>
  </variableValue>
  <variableValue variable="MFQ[year]7O">
    <value valueType="decimal">10.433187100013585</value>
  </variableValue>
  <variableValue variable="MFQ[year]7P">
    <value valueType="decimal">91.07179182785681</value>
  </variableValue>
  <variableValue variable="MFQ[year]7Q">
    <value valueType="decimal">83.59311059279901</value>
  </variableValue>
  <variableValue variable="MFQ[year]7R">
    <value valueType="decimal">11.093634971861455</value>
  </variableValue>
  <variableValue variable="MFQ[year]8A">
    <value valueType="decimal">98.03150923416665</value>
  </variableValue>
  <variableValue variable="MFQ[year]8B">
    <value valueType="decimal">11.603398003437182</value>
  </variableValue>
  <variableValue variable="MFQ[year]8C">
    <value valueType="decimal">82.64684229590841</value>
  </variableValue>
  <variableValue variable="MFQ[year]8D">
    <value valueType="decimal">43.14643291162695</value>
  </variableValue>
  <variableValue variable="MFQ[year]8E">
    <value valueType="decimal">14.047194771462312</value>
  </variableValue>
  <variableValue variable="MFQ[year]8F">
    <value valueType="decimal">54.678446303798424</value>
  </variableValue>
  <variableValue variable="MFQ[year]8G">
    <value valueType="decimal">35.73827085953249</value>
  </variableValue>
  <variableValue variable="MFQ[year]8H">
    <value valueType="decimal">93.38909975775933</value>
  </variableValue>
  <variableValue variable="MFQ1[year]">
    <value valueType="integer">26</value>
  </variableValue>
  <variableValue variable="mfq1[year]">
    <value valueType="decimal">55.25636759353817</value>
  </variableValue>
  <variableValue variable="MFQ2[year]">
    <value valueType="integer">59</value>
  </variableValue>
  <variableValue variable="mfq2[year]">
    <value valueType="decimal">47.105987787774495</value>
  </variableValue>
  <variableValue variable="MFQ3[year]">
    <value valueType="integer">22</value>
  </variableValue>
  <variableValue variable="mfq3[year]">
    <value valueType="decimal">5.133270368829434</value>
  </variableValue>
  <variableValue variable="MFQ4[year]">
    <value valueType="integer">7</value>
  </variableValue>
  <variableValue variable="mfq4[year]">
    <value valueType="decimal">48.42227882708625</value>
  </variableValue>
  <variableValue variable="MLIVE[year]">
    <value valueType="integer">2</value>
  </variableValue>
  <variableValue variable="MOMWK[year]">
    <value valueType="integer">1</value>
  </variableValue>
  <variableValue variable="movie[year]">
    <value valueType="decimal">13.5215493867196</value>
  </variableValue>
  <variableValue variable="MSTA84[year]">
    <value valueType="integer">1</value>
  </variableValue>
  <variableValue variable="MSTAT[year]">
    <value valueType="integer">1</value>
  </variableValue>
  <variableValue variable="NBKS[year]">
    <value valueType="integer">38</value>
  </variableValue>
  <variableValue variable="NCONF[year]">
    <value valueType="integer">58</value>
  </variableValue>
  <variableValue variable="NEEDCATA[year]">
    <value valueType="integer">1</value>
  </variableValue>
  <variableValue variable="NEMP[year]">
    <value valueType="integer">13</value>
  </variableValue>
  <variableValue variable="NEUROTIC[year]">
    <value valueType="integer">37</value>
  </variableValue>
  <variableValue variable="NEWPRNT[year]">
    <value valueType="integer">2</value>
  </variableValue>
  <variableValue variable="nfr[year]">
    <value valueType="integer">13</value>
  </variableValue>
  <variableValue variable="NFRN[year]">
    <value valueType="integer">28</value>
  </variableValue>
  <variableValue variable="NGRNKD[year]">
    <value valueType="integer">44</value>
  </variableValue>
  <variableValue variable="NJOB[year]">
    <value valueType="integer">96</value>
  </variableValue>
  <variableValue variable="NKDHM[year]">
    <value valueType="integer">60</value>
  </variableValue>
  <variableValue variable="NKIDS[year]">
    <value valueType="integer">24</value>
  </variableValue>
  <variableValue variable="NMAG[year]">
    <value valueType="integer">75</value>
  </variableValue>
  <variableValue variable="NMOV[year]">
    <value valueType="integer">15</value>
  </variableValue>
  <variableValue variable="NMTG[year]">
    <value valueType="integer">32</value>
  </variableValue>
  <variableValue variable="NNEIG[year]">
    <value valueType="integer">3</value>
  </variableValue>
  <variableValue variable="NOBR[year]">
    <value valueType="integer">83</value>
  </variableValue>
  <variableValue variable="NOISE[year]">
    <value valueType="integer">1</value>
  </variableValue>
  <variableValue variable="NONFIC[year]">
    <value valueType="integer">41</value>
  </variableValue>
  <variableValue variable="nor[year]">
    <value valueType="integer">75</value>
  </variableValue>
  <variableValue variable="norcr[year]">
    <value valueType="integer">66</value>
  </variableValue>
  <variableValue variable="NOSIS[year]">
    <value valueType="integer">29</value>
  </variableValue>
  <variableValue variable="NOWRK[year]">
    <value valueType="integer">2</value>
  </variableValue>
  <variableValue variable="NRMS[year]">
    <value valueType="integer">37</value>
  </variableValue>
  <variableValue variable="nsp08">
    <value valueType="integer">33</value>
  </variableValue>
  <variableValue variable="NSTATE[year]">
    <value valueType="integer">33</value>
  </variableValue>
  <variableValue variable="NTRAD[year]">
    <value valueType="integer">19</value>
  </variableValue>
  <variableValue variable="NTRIPS[year]">
    <value valueType="integer">5</value>
  </variableValue>
  <variableValue variable="numtot[year]">
    <value valueType="integer">6</value>
  </variableValue>
  <variableValue variable="NVISIT[year]">
    <value valueType="integer">1</value>
  </variableValue>
  <variableValue variable="NWED[year]">
    <value valueType="integer">19</value>
  </variableValue>
  <variableValue variable="NYBR[year]">
    <value valueType="integer">30</value>
  </variableValue>
  <variableValue variable="NYSIS[year]">
    <value valueType="integer">60</value>
  </variableValue>
  <variableValue variable="OBGYN[year]">
    <value valueType="integer">5</value>
  </variableValue>
  <variableValue variable="OCC[year]">
    <value valueType="integer">6</value>
  </variableValue>
  <variableValue variable="OCC84[year]">
    <value valueType="integer">5</value>
  </variableValue>
  <variableValue variable="OPEN[year]">
    <value valueType="integer">55</value>
  </variableValue>
  <variableValue variable="or[year]">
    <value valueType="integer">29</value>
  </variableValue>
  <variableValue variable="oratt[year]">
    <value valueType="integer">19</value>
  </variableValue>
  <variableValue variable="ORGAN[year]">
    <value valueType="integer">2</value>
  </variableValue>
  <variableValue variable="oromt[year]">
    <value valueType="integer">59</value>
  </variableValue>
  <variableValue variable="orwg[year]">
    <value valueType="integer">26</value>
  </variableValue>
  <variableValue variable="OTJ[year]">
    <value valueType="integer">0</value>
  </variableValue>
  <variableValue variable="outhob[year]">
    <value valueType="decimal">16.83980760160182</value>
  </variableValue>
  <variableValue variable="OWNHM[year]">
    <value valueType="integer">0</value>
  </variableValue>
  <variableValue variable="PAINREL[year]">
    <value valueType="integer">1</value>
  </variableValue>
  <variableValue variable="PAP[year]">
    <value valueType="integer">4</value>
  </variableValue>
  <variableValue variable="party[year]">
    <value valueType="decimal">82.68072149420497</value>
  </variableValue>
  <variableValue variable="pase1">
    <value valueType="integer">2</value>
  </variableValue>
  <variableValue variable="pase10">
    <value valueType="integer">1</value>
  </variableValue>
  <variableValue variable="pase10a">
    <value valueType="decimal">77.65043986119045</value>
  </variableValue>
  <variableValue variable="pase10b">
    <value valueType="integer">3</value>
  </variableValue>
  <variableValue variable="pase1b">
    <value valueType="integer">4</value>
  </variableValue>
  <variableValue variable="pase2">
    <value valueType="integer">3</value>
  </variableValue>
  <variableValue variable="pase2a">
    <value valueType="integer">4</value>
  </variableValue>
  <variableValue variable="pase3">
    <value valueType="integer">0</value>
  </variableValue>
  <variableValue variable="pase3b">
    <value valueType="integer">3</value>
  </variableValue>
  <variableValue variable="pase4">
    <value valueType="integer">0</value>
  </variableValue>
  <variableValue variable="pase4b">
    <value valueType="integer">2</value>
  </variableValue>
  <variableValue variable="pase5">
    <value valueType="integer">3</value>
  </variableValue>
  <variableValue variable="pase5b">
    <value valueType="integer">2</value>
  </variableValue>
  <variableValue variable="pase6">
    <value valueType="integer">3</value>
  </variableValue>
  <variableValue variable="pase6b">
    <value valueType="integer">1</value>
  </variableValue>
  <variableValue variable="pase7">
    <value valueType="integer">1</value>
  </variableValue>
  <variableValue variable="pase8">
    <value valueType="integer">1</value>
  </variableValue>
  <variableValue variable="pase9a - pase9d">
    <value valueType="integer">0</value>
  </variableValue>
  <variableValue variable="pattot[year]">
    <value valueType="integer">11</value>
  </variableValue>
  <variableValue variable="PDEMP[year]">
    <value valueType="integer">0</value>
  </variableValue>
  <variableValue variable="PEOP[year]">
    <value valueType="decimal">12.751982520509152</value>
  </variableValue>
  <variableValue variable="pets[year]">
    <value valueType="decimal">85.55189023477561</value>
  </variableValue>
  <variableValue variable="phone[year]">
    <value valueType="decimal">81.2039576114951</value>
  </variableValue>
  <variableValue variable="picnic[year]">
    <value valueType="decimal">77.5109906831407</value>
  </variableValue>
  <variableValue variable="PIPEDAY[year]">
    <value valueType="integer">4</value>
  </variableValue>
  <variableValue variable="PIPES[year]">
    <value valueType="integer">4</value>
  </variableValue>
  <variableValue variable="pirr1[year]">
    <value valueType="integer">46</value>
  </variableValue>
  <variableValue variable="pirr2[year]">
    <value valueType="integer">4</value>
  </variableValue>
  <variableValue variable="PORK[year]">
    <value valueType="integer">2</value>
  </variableValue>
  <variableValue variable="ppr1[year]">
    <value valueType="integer">74</value>
  </variableValue>
  <variableValue variable="ppr2[year]">
    <value valueType="integer">72</value>
  </variableValue>
  <variableValue variable="ppr3[year]">
    <value valueType="integer">38</value>
  </variableValue>
  <variableValue variable="pray[year]">
    <value valueType="decimal">78.76433415972627</value>
  </variableValue>
  <variableValue variable="PRESR[year]">
    <value valueType="integer">1</value>
  </variableValue>
  <variableValue variable="PRO2YR[year]">
    <value valueType="integer">1</value>
  </variableValue>
  <variableValue variable="PROAGE[year]">
    <value valueType="integer">75</value>
  </variableValue>
  <variableValue variable="PROENLAR[year]">
    <value valueType="integer">2</value>
  </variableValue>
  <variableValue variable="PROEXAM[year]">
    <value valueType="integer">34</value>
  </variableValue>
  <variableValue variable="PROS[year]">
    <value valueType="integer">1</value>
  </variableValue>
  <variableValue variable="PROSUC[year]">
    <value valueType="integer">2</value>
  </variableValue>
  <variableValue variable="PRSC84[year]">
    <value valueType="integer">1</value>
  </variableValue>
  <variableValue variable="radio[year]">
    <value valueType="decimal">66.27819311015313</value>
  </variableValue>
  <variableValue variable="RDPAPR[year]">
    <value valueType="integer">1</value>
  </variableValue>
  <variableValue variable="RDWRIT[year]">
    <value valueType="decimal">58.15708798203807</value>
  </variableValue>
  <variableValue variable="read[year]">
    <value valueType="decimal">19.66498179751519</value>
  </variableValue>
  <variableValue variable="REGULAR[year]">
    <value valueType="integer">2</value>
  </variableValue>
  <variableValue variable="REMAR[year]">
    <value valueType="integer">42</value>
  </variableValue>
  <variableValue variable="rv[year]">
    <value valueType="integer">58</value>
  </variableValue>
  <variableValue variable="SAFE[year]">
    <value valueType="integer">1</value>
  </variableValue>
  <variableValue variable="SBHWY[year]">
    <value valueType="integer">4</value>
  </variableValue>
  <variableValue variable="SBTOWN[year]">
    <value valueType="integer">3</value>
  </variableValue>
  <variableValue variable="SELFBLOO[year]">
    <value valueType="integer">1</value>
  </variableValue>
  <variableValue variable="selfim[year]">
    <value valueType="decimal">96.40177682287529</value>
  </variableValue>
  <variableValue variable="SELFMAM[year]">
    <value valueType="integer">1</value>
  </variableValue>
  <variableValue variable="sex">
    <value valueType="integer">0</value>
  </variableValue>
  <variableValue variable="shop[year]">
    <value valueType="decimal">6.172537221490093</value>
  </variableValue>
  <variableValue variable="SIBS[year]">
    <value valueType="integer">96</value>
  </variableValue>
  <variableValue variable="SLEEP[year]">
    <value valueType="integer">1</value>
  </variableValue>
  <variableValue variable="smdvh[year]">
    <value valueType="integer">68</value>
  </variableValue>
  <variableValue variable="smdvl[year]">
    <value valueType="integer">0</value>
  </variableValue>
  <variableValue variable="SMK[year]">
    <value valueType="integer">0</value>
  </variableValue>
  <variableValue variable="SMOKE[year]">
    <value valueType="integer">3</value>
  </variableValue>
  <variableValue variable="SMOKEPAS[year]">
    <value valueType="decimal">35.90394105717364</value>
  </variableValue>
  <variableValue variable="SODA[year]">
    <value valueType="integer">1</value>
  </variableValue>
  <variableValue variable="SODIUM[year]">
    <value valueType="integer">5</value>
  </variableValue>
  <variableValue variable="SPBRN[year]">
    <value valueType="integer">79</value>
  </variableValue>
  <variableValue variable="spec[year]">
    <value valueType="decimal">29.837459826195044</value>
  </variableValue>
  <variableValue variable="SPEED[year]">
    <value valueType="integer">4</value>
  </variableValue>
  <variableValue variable="SPOCC[year]">
    <value valueType="integer">7</value>
  </variableValue>
  <variableValue variable="sport[year]">
    <value valueType="decimal">7.897482940416689</value>
  </variableValue>
  <variableValue variable="SPRVIS[year]">
    <value valueType="integer">4</value>
  </variableValue>
  <variableValue variable="SREYE[year]">
    <value valueType="integer">1</value>
  </variableValue>
  <variableValue variable="srh[year]">
    <value valueType="integer">3</value>
  </variableValue>
  <variableValue variable="SRHEALTH">
    <value valueType="integer">3</value>
  </variableValue>
  <variableValue variable="SRHEAR[year]">
    <value valueType="integer">5</value>
  </variableValue>
  <variableValue variable="sstot[year]">
    <value valueType="integer">72</value>
  </variableValue>
  <variableValue variable="STAIRS[year]">
    <value valueType="integer">3</value>
  </variableValue>
  <variableValue variable="TEA[year]">
    <value valueType="integer">2</value>
  </variableValue>
  <variableValue variable="TRAF[year]">
    <value valueType="integer">0</value>
  </variableValue>
  <variableValue variable="travel[year]">
    <value valueType="decimal">95.19203150249893</value>
  </variableValue>
  <variableValue variable="TREES[year]">
    <value valueType="integer">2</value>
  </variableValue>
  <variableValue variable="TRYSTOP[year]">
    <value valueType="integer">2</value>
  </variableValue>
  <variableValue variable="tv[year]">
    <value valueType="decimal">13.313258553050622</value>
  </variableValue>
  <variableValue variable="TYPBLD[year]">
    <value valueType="integer">3</value>
  </variableValue>
  <variableValue variable="UNIVEX[year]">
    <value valueType="integer">1</value>
  </variableValue>
  <variableValue variable="VEAL[year]">
    <value valueType="integer">1</value>
  </variableValue>
  <variableValue variable="vis[year]">
    <value valueType="decimal">42.95881801780625</value>
  </variableValue>
  <variableValue variable="vocab1[year]">
    <value valueType="integer">57</value>
  </variableValue>
  <variableValue variable="vocab2[year]">
    <value valueType="integer">41</value>
  </variableValue>
  <variableValue variable="VOCAT[year]">
    <value valueType="integer">0</value>
  </variableValue>
  <variableValue variable="vol[year]">
    <value valueType="decimal">90.63614245440749</value>
  </variableValue>
  <variableValue variable="walk[year]">
    <value valueType="decimal">60.88903881017031</value>
  </variableValue>
  <variableValue variable="WALK[year]">
    <value valueType="integer">2</value>
  </variableValue>
  <variableValue variable="wdflu[year]">
    <value valueType="integer">10</value>
  </variableValue>
  <variableValue variable="WEIGHT[year]">
    <value valueType="integer">53</value>
  </variableValue>
  <variableValue variable="WELL[year]">
    <value valueType="integer">3</value>
  </variableValue>
  <variableValue variable="WINE[year]">
    <value valueType="integer">56</value>
  </variableValue>
  <variableValue variable="write[year]">
    <value valueType="decimal">44.63841223563446</value>
  </variableValue>
  <variableValue variable="WRKPLC[year]">
    <value valueType="integer">1</value>
  </variableValue>
  <variableValue variable="WRKTYP[year]">
    <value valueType="integer">3</value>
  </variableValue>
  <variableValue variable="ws[year]">
    <value valueType="integer">37</value>
  </variableValue>
  <variableValue variable="YEAROP[year]">
    <value valueType="integer">20</value>
  </variableValue>
  <variableValue variable="YRQUIT[year]">
    <value valueType="integer">90</value>
  </variableValue>
  <variableValue variable="YRRET[year]">
    <value valueType="integer">61</value>
  </variableValue>
  <variableValue variable="YRSMOKE[year]">
    <value valueType="decimal">28.887489105337306</value>
  </variableValue>
</valueSet>