<valueSet valueTable="2008" entityType="Participant" entityIdentifier="24302369">
  <variableValue variable="ADLTED[year]">
    <value valueType="integer">0</value>
  </variableValue>
  <variableValue variable="ADVDIR[year]">
    <value valueType="integer">2</value>
  </variableValue>
  <variableValue variable="age[year]">
    <value valueType="integer">59</value>
  </variableValue>
  <variableValue variable="AGEKID[year]">
    <value valueType="integer">60</value>
  </variableValue>
  <variableValue variable="AGENB[year]">
    <value valueType="integer">4</value>
  </variableValue>
  <variableValue variable="AGEWED[year]">
    <value valueType="integer">27</value>
  </variableValue>
  <variableValue variable="AGFRN[year]">
    <value valueType="integer">3</value>
  </variableValue>
  <variableValue variable="AGREE[year]">
    <value valueType="integer">16</value>
  </variableValue>
  <variableValue variable="ALCOHOL[year]">
    <value valueType="integer">7</value>
  </variableValue>
  <variableValue variable="Apdemp[year]">
    <value valueType="decimal">67.10840753723183</value>
  </variableValue>
  <variableValue variable="ART[year]">
    <value valueType="integer">3</value>
  </variableValue>
  <variableValue variable="BDATE_DY">
    <value valueType="integer">0</value>
  </variableValue>
  <variableValue variable="BDATE_MO">
    <value valueType="integer">3</value>
  </variableValue>
  <variableValue variable="BDATE_YR">
    <value valueType="integer">58</value>
  </variableValue>
  <variableValue variable="BEEF[year]">
    <value valueType="integer">3</value>
  </variableValue>
  <variableValue variable="BEER[year]">
    <value valueType="integer">58</value>
  </variableValue>
  <variableValue variable="BLDLK[year]">
    <value valueType="integer">4</value>
  </variableValue>
  <variableValue variable="BLOODPRE[year]">
    <value valueType="integer">1</value>
  </variableValue>
  <variableValue variable="BOOK[year]">
    <value valueType="integer">3</value>
  </variableValue>
  <variableValue variable="BRUSH[year]">
    <value valueType="integer">1</value>
  </variableValue>
  <variableValue variable="BUTTER[year]">
    <value valueType="integer">4</value>
  </variableValue>
  <variableValue variable="BUYFAT[year]">
    <value valueType="integer">4</value>
  </variableValue>
  <variableValue variable="BUYSALT[year]">
    <value valueType="integer">2</value>
  </variableValue>
  <variableValue variable="CANCHK[year]">
    <value valueType="integer">2</value>
  </variableValue>
  <variableValue variable="cards[year]">
    <value valueType="decimal">3.204602572827586</value>
  </variableValue>
  <variableValue variable="CATARACT[year]">
    <value valueType="integer">3</value>
  </variableValue>
  <variableValue variable="CHKFAT[year]">
    <value valueType="integer">5</value>
  </variableValue>
  <variableValue variable="CHOLES[year]">
    <value valueType="integer">3</value>
  </variableValue>
  <variableValue variable="chur[year]">
    <value valueType="decimal">67.56645382832535</value>
  </variableValue>
  <variableValue variable="CIGARDAY[year]">
    <value valueType="integer">2</value>
  </variableValue>
  <variableValue variable="CIGARS[year]">
    <value valueType="integer">4</value>
  </variableValue>
  <variableValue variable="CIGDAY[year]">
    <value valueType="integer">2</value>
  </variableValue>
  <variableValue variable="CIGS[year]">
    <value valueType="integer">1</value>
  </variableValue>
  <variableValue variable="CLNAIR[year]">
    <value valueType="integer">4</value>
  </variableValue>
  <variableValue variable="COFFEE[year]">
    <value valueType="integer">6</value>
  </variableValue>
  <variableValue variable="CONSCIEN[year]">
    <value valueType="integer">60</value>
  </variableValue>
  <variableValue variable="cook[year]">
    <value valueType="decimal">55.26129378222606</value>
  </variableValue>
  <variableValue variable="COOKBUT[year]">
    <value valueType="integer">3</value>
  </variableValue>
  <variableValue variable="CORS[year]">
    <value valueType="integer">0</value>
  </variableValue>
  <variableValue variable="crafts[year]">
    <value valueType="decimal">17.837407759363778</value>
  </variableValue>
  <variableValue variable="crdp1[year]">
    <value valueType="integer">18</value>
  </variableValue>
  <variableValue variable="crdp2[year]">
    <value valueType="integer">43</value>
  </variableValue>
  <variableValue variable="cult[year]">
    <value valueType="decimal">61.343160665043996</value>
  </variableValue>
  <variableValue variable="dance[year]">
    <value valueType="decimal">31.69254189891787</value>
  </variableValue>
  <variableValue variable="DENTIST[year]">
    <value valueType="integer">3</value>
  </variableValue>
  <variableValue variable="DENTURE[year]">
    <value valueType="integer">1</value>
  </variableValue>
  <variableValue variable="DIABET[year]">
    <value valueType="integer">2</value>
  </variableValue>
  <variableValue variable="DRMAM[year]">
    <value valueType="integer">3</value>
  </variableValue>
  <variableValue variable="DRVISIT[year]">
    <value valueType="integer">96</value>
  </variableValue>
  <variableValue variable="dydrm[year]">
    <value valueType="decimal">85.84285088660968</value>
  </variableValue>
  <variableValue variable="EARCHK[year]">
    <value valueType="integer">0</value>
  </variableValue>
  <variableValue variable="eatout[year]">
    <value valueType="decimal">17.27635782622897</value>
  </variableValue>
  <variableValue variable="EATSALT[year]">
    <value valueType="integer">4</value>
  </variableValue>
  <variableValue variable="edact[year]">
    <value valueType="decimal">88.68354797805702</value>
  </variableValue>
  <variableValue variable="educ">
    <value valueType="integer">89</value>
  </variableValue>
  <variableValue variable="EDUC[year]">
    <value valueType="integer">9</value>
  </variableValue>
  <variableValue variable="EGG[year]">
    <value valueType="integer">1</value>
  </variableValue>
  <variableValue variable="eldcar[year]">
    <value valueType="decimal">0.717973200391786</value>
  </variableValue>
  <variableValue variable="ELDCAR[year]">
    <value valueType="decimal">39.6001983587284</value>
  </variableValue>
  <variableValue variable="ENT1[year]">
    <value valueType="integer">12</value>
  </variableValue>
  <variableValue variable="ENT2[year]">
    <value valueType="integer">13</value>
  </variableValue>
  <variableValue variable="ENT3[year]">
    <value valueType="integer">3</value>
  </variableValue>
  <variableValue variable="eth[year]">
    <value valueType="integer">82</value>
  </variableValue>
  <variableValue variable="EXCERTOT[year]">
    <value valueType="decimal">79.23175235984111</value>
  </variableValue>
  <variableValue variable="EXCERWK[year]">
    <value valueType="integer">84</value>
  </variableValue>
  <variableValue variable="EXTRAVER[year]">
    <value valueType="integer">100</value>
  </variableValue>
  <variableValue variable="EYECHG[year]">
    <value valueType="integer">4</value>
  </variableValue>
  <variableValue variable="EYECHK[year]">
    <value valueType="integer">0</value>
  </variableValue>
  <variableValue variable="EYEGLAS[year]">
    <value valueType="integer">2</value>
  </variableValue>
  <variableValue variable="FAGE[year]">
    <value valueType="integer">10</value>
  </variableValue>
  <variableValue variable="FAITH[year]">
    <value valueType="integer">3</value>
  </variableValue>
  <variableValue variable="FALLS[year]">
    <value valueType="integer">2</value>
  </variableValue>
  <variableValue variable="FCAUSE[year]">
    <value valueType="integer">7</value>
  </variableValue>
  <variableValue variable="FDIE[year]">
    <value valueType="integer">98</value>
  </variableValue>
  <variableValue variable="FIC[year]">
    <value valueType="integer">12</value>
  </variableValue>
  <variableValue variable="fit[year]">
    <value valueType="decimal">77.23415622070033</value>
  </variableValue>
  <variableValue variable="FLIVE[year]">
    <value valueType="integer">1</value>
  </variableValue>
  <variableValue variable="FLOSS[year]">
    <value valueType="integer">4</value>
  </variableValue>
  <variableValue variable="FLUSHOT[year]">
    <value valueType="integer">4</value>
  </variableValue>
  <variableValue variable="fr[year]">
    <value valueType="integer">31</value>
  </variableValue>
  <variableValue variable="fratt[year]">
    <value valueType="integer">67</value>
  </variableValue>
  <variableValue variable="frcr[year]">
    <value valueType="integer">2</value>
  </variableValue>
  <variableValue variable="fromt[year]">
    <value valueType="integer">36</value>
  </variableValue>
  <variableValue variable="frwg[year]">
    <value valueType="integer">6</value>
  </variableValue>
  <variableValue variable="game[year]">
    <value valueType="decimal">13.196120240276022</value>
  </variableValue>
  <variableValue variable="gds[year]1 –  gds[year]30">
    <value valueType="integer">1</value>
  </variableValue>
  <variableValue variable="gdstot[year]">
    <value valueType="integer">71</value>
  </variableValue>
  <variableValue variable="HANDS[year]">
    <value valueType="decimal">95.94846218316236</value>
  </variableValue>
  <variableValue variable="HARDLIQ[year]">
    <value valueType="integer">16</value>
  </variableValue>
  <variableValue variable="HEALTHCH[year]">
    <value valueType="integer">7</value>
  </variableValue>
  <variableValue variable="HEARAID[year]">
    <value valueType="integer">1</value>
  </variableValue>
  <variableValue variable="HEARCHG[year]">
    <value valueType="integer">3</value>
  </variableValue>
  <variableValue variable="HEARSPEC[year]">
    <value valueType="integer">4</value>
  </variableValue>
  <variableValue variable="HEART[year]">
    <value valueType="integer">2</value>
  </variableValue>
  <variableValue variable="HEIGHT[year]">
    <value valueType="integer">46</value>
  </variableValue>
  <variableValue variable="HHEIGHT[year]">
    <value valueType="integer">100</value>
  </variableValue>
  <variableValue variable="HIGHBLOO[year]">
    <value valueType="integer">2</value>
  </variableValue>
  <variableValue variable="HJOBTP[year]">
    <value valueType="integer">2</value>
  </variableValue>
  <variableValue variable="HMKHD[year]">
    <value valueType="decimal">78.58763231354605</value>
  </variableValue>
  <variableValue variable="HMKJB[year]">
    <value valueType="integer">72</value>
  </variableValue>
  <variableValue variable="HMKPE[year]">
    <value valueType="decimal">34.4034590461796</value>
  </variableValue>
  <variableValue variable="HMKPRS[year]">
    <value valueType="integer">4</value>
  </variableValue>
  <variableValue variable="HMKR[year]">
    <value valueType="integer">6</value>
  </variableValue>
  <variableValue variable="HMKRD[year]">
    <value valueType="decimal">4.7934150669170394</value>
  </variableValue>
  <variableValue variable="HOSDAYS[year]">
    <value valueType="integer">12</value>
  </variableValue>
  <variableValue variable="HOSVISIT[year]">
    <value valueType="integer">0</value>
  </variableValue>
  <variableValue variable="HWEIGHT[year]">
    <value valueType="integer">98</value>
  </variableValue>
  <variableValue variable="INC[year]">
    <value valueType="integer">2</value>
  </variableValue>
  <variableValue variable="INC84[year]">
    <value valueType="integer">16</value>
  </variableValue>
  <variableValue variable="instr[year]">
    <value valueType="decimal">40.18417628437147</value>
  </variableValue>
  <variableValue variable="ir[year]a1 - ir[year]a20">
    <value valueType="integer">1</value>
  </variableValue>
  <variableValue variable="ir[year]b1 - ir[year]b20">
    <value valueType="integer">0</value>
  </variableValue>
  <variableValue variable="JOBLEN[year]">
    <value valueType="integer">4</value>
  </variableValue>
  <variableValue variable="JOBTYP[year]">
    <value valueType="integer">4</value>
  </variableValue>
  <variableValue variable="kidcar[year]">
    <value valueType="decimal">18.3110400623534</value>
  </variableValue>
  <variableValue variable="LAMB[year]">
    <value valueType="integer">4</value>
  </variableValue>
  <variableValue variable="lettot[year]">
    <value valueType="integer">37</value>
  </variableValue>
  <variableValue variable="LFST84[year]">
    <value valueType="integer">1</value>
  </variableValue>
  <variableValue variable="LIFSAT[year]">
    <value valueType="integer">1</value>
  </variableValue>
  <variableValue variable="LIVESMOK[year]">
    <value valueType="integer">2</value>
  </variableValue>
  <variableValue variable="ls[year]">
    <value valueType="integer">20</value>
  </variableValue>
  <variableValue variable="LSTJOB[year]">
    <value valueType="integer">5</value>
  </variableValue>
  <variableValue variable="LVNGWILL[year]">
    <value valueType="integer">1</value>
  </variableValue>
  <variableValue variable="MAGE[year]">
    <value valueType="integer">0</value>
  </variableValue>
  <variableValue variable="MAM[year]">
    <value valueType="integer">2</value>
  </variableValue>
  <variableValue variable="MAM2YR[year]">
    <value valueType="integer">1</value>
  </variableValue>
  <variableValue variable="MAMAGE[year]">
    <value valueType="integer">54</value>
  </variableValue>
  <variableValue variable="MAMEXAM[year]">
    <value valueType="integer">3</value>
  </variableValue>
  <variableValue variable="MASTECT[year]">
    <value valueType="integer">2</value>
  </variableValue>
  <variableValue variable="MCAUSE[year]">
    <value valueType="integer">5</value>
  </variableValue>
  <variableValue variable="MDIE[year]">
    <value valueType="integer">75</value>
  </variableValue>
  <variableValue variable="MED[year]">
    <value valueType="integer">4</value>
  </variableValue>
  <variableValue variable="MENAGE[year]">
    <value valueType="integer">89</value>
  </variableValue>
  <variableValue variable="MENHIST[year]">
    <value valueType="integer">11</value>
  </variableValue>
  <variableValue variable="MENSIT[year]">
    <value valueType="integer">2</value>
  </variableValue>
  <variableValue variable="MFQ[year]1">
    <value valueType="decimal">92.25655004980733</value>
  </variableValue>
  <variableValue variable="MFQ[year]2A">
    <value valueType="decimal">0.9125680308627149</value>
  </variableValue>
  <variableValue variable="MFQ[year]2B">
    <value valueType="decimal">87.27223415998951</value>
  </variableValue>
  <variableValue variable="MFQ[year]2C">
    <value valueType="decimal">94.94539861983762</value>
  </variableValue>
  <variableValue variable="MFQ[year]2D">
    <value valueType="decimal">43.61422317921468</value>
  </variableValue>
  <variableValue variable="MFQ[year]2E">
    <value valueType="decimal">66.14839778539108</value>
  </variableValue>
  <variableValue variable="MFQ[year]3A">
    <value valueType="decimal">3.6221555946108097</value>
  </variableValue>
  <variableValue variable="MFQ[year]3B">
    <value valueType="decimal">60.16226599915441</value>
  </variableValue>
  <variableValue variable="MFQ[year]3C">
    <value valueType="decimal">91.27920138239764</value>
  </variableValue>
  <variableValue variable="MFQ[year]3D">
    <value valueType="decimal">13.077025997086656</value>
  </variableValue>
  <variableValue variable="MFQ[year]3E">
    <value valueType="decimal">92.66786674430745</value>
  </variableValue>
  <variableValue variable="MFQ[year]3F">
    <value valueType="decimal">61.261822854085835</value>
  </variableValue>
  <variableValue variable="MFQ[year]3G">
    <value valueType="decimal">39.660697027628345</value>
  </variableValue>
  <variableValue variable="MFQ[year]3H">
    <value valueType="decimal">44.095515130054544</value>
  </variableValue>
  <variableValue variable="MFQ[year]3I">
    <value valueType="decimal">21.139724650216074</value>
  </variableValue>
  <variableValue variable="MFQ[year]3J">
    <value valueType="decimal">92.64972709366758</value>
  </variableValue>
  <variableValue variable="MFQ[year]3K">
    <value valueType="decimal">54.386940552285864</value>
  </variableValue>
  <variableValue variable="MFQ[year]3L">
    <value valueType="decimal">46.035141408698955</value>
  </variableValue>
  <variableValue variable="MFQ[year]3M">
    <value valueType="decimal">25.879950968823493</value>
  </variableValue>
  <variableValue variable="MFQ[year]3N">
    <value valueType="decimal">54.463809692902785</value>
  </variableValue>
  <variableValue variable="MFQ[year]3O">
    <value valueType="decimal">27.14432732985551</value>
  </variableValue>
  <variableValue variable="MFQ[year]3P">
    <value valueType="decimal">80.21838092715112</value>
  </variableValue>
  <variableValue variable="MFQ[year]3Q">
    <value valueType="decimal">59.45135653054737</value>
  </variableValue>
  <variableValue variable="MFQ[year]3R">
    <value valueType="decimal">93.57925700948324</value>
  </variableValue>
  <variableValue variable="MFQ[year]4A">
    <value valueType="decimal">98.21432125845882</value>
  </variableValue>
  <variableValue variable="MFQ[year]4B">
    <value valueType="decimal">37.08088078443011</value>
  </variableValue>
  <variableValue variable="MFQ[year]4C">
    <value valueType="decimal">1.4470754065638691</value>
  </variableValue>
  <variableValue variable="MFQ[year]4D">
    <value valueType="decimal">37.7996801116803</value>
  </variableValue>
  <variableValue variable="MFQ[year]4E">
    <value valueType="decimal">19.438255846635133</value>
  </variableValue>
  <variableValue variable="MFQ[year]5A">
    <value valueType="decimal">31.081685419803396</value>
  </variableValue>
  <variableValue variable="MFQ[year]5B">
    <value valueType="decimal">38.00679712598245</value>
  </variableValue>
  <variableValue variable="MFQ[year]5C">
    <value valueType="decimal">0.373373745434713</value>
  </variableValue>
  <variableValue variable="MFQ[year]5D">
    <value valueType="decimal">33.79711447361851</value>
  </variableValue>
  <variableValue variable="MFQ[year]5E">
    <value valueType="decimal">74.61328172802907</value>
  </variableValue>
  <variableValue variable="MFQ[year]6A">
    <value valueType="decimal">75.81453035961017</value>
  </variableValue>
  <variableValue variable="MFQ[year]6B">
    <value valueType="decimal">77.77482560691486</value>
  </variableValue>
  <variableValue variable="MFQ[year]6C">
    <value valueType="decimal">6.875517340411386</value>
  </variableValue>
  <variableValue variable="MFQ[year]6D">
    <value valueType="decimal">23.23626894946498</value>
  </variableValue>
  <variableValue variable="MFQ[year]7A">
    <value valueType="decimal">36.24744928516528</value>
  </variableValue>
  <variableValue variable="MFQ[year]7B">
    <value valueType="decimal">50.1173084551929</value>
  </variableValue>
  <variableValue variable="MFQ[year]7C">
    <value valueType="decimal">70.18605680052146</value>
  </variableValue>
  <variableValue variable="MFQ[year]7D">
    <value valueType="decimal">28.801769964713188</value>
  </variableValue>
  <variableValue variable="MFQ[year]7E">
    <value valueType="decimal">70.36489179398373</value>
  </variableValue>
  <variableValue variable="MFQ[year]7F">
    <value valueType="decimal">20.613209060995676</value>
  </variableValue>
  <variableValue variable="MFQ[year]7G">
    <value valueType="decimal">26.66223590886272</value>
  </variableValue>
  <variableValue variable="MFQ[year]7H">
    <value valueType="decimal">71.88798560021287</value>
  </variableValue>
  <variableValue variable="MFQ[year]7I">
    <value valueType="decimal">46.071162256122086</value>
  </variableValue>
  <variableValue variable="MFQ[year]7J">
    <value valueType="decimal">98.17445065860059</value>
  </variableValue>
  <variableValue variable="MFQ[year]7K">
    <value valueType="decimal">24.585273170335718</value>
  </variableValue>
  <variableValue variable="MFQ[year]7L">
    <value valueType="decimal">70.46555883046854</value>
  </variableValue>
  <variableValue variable="MFQ[year]7M">
    <value valueType="decimal">85.0552619153599</value>
  </variableValue>
  <variableValue variable="MFQ[year]7N">
    <value valueType="decimal">35.54626684359804</value>
  </variableValue>
  <variableValue variable="MFQ[year]7O">
    <value valueType="decimal">27.792040933891073</value>
  </variableValue>
  <variableValue variable="MFQ[year]7P">
    <value valueType="decimal">77.81970157753553</value>
  </variableValue>
  <variableValue variable="MFQ[year]7Q">
    <value valueType="decimal">69.00523873443545</value>
  </variableValue>
  <variableValue variable="MFQ[year]7R">
    <value valueType="decimal">84.29322876390097</value>
  </variableValue>
  <variableValue variable="MFQ[year]8A">
    <value valueType="decimal">97.21847569890392</value>
  </variableValue>
  <variableValue variable="MFQ[year]8B">
    <value valueType="decimal">89.4953088863133</value>
  </variableValue>
  <variableValue variable="MFQ[year]8C">
    <value valueType="decimal">92.11435323125208</value>
  </variableValue>
  <variableValue variable="MFQ[year]8D">
    <value valueType="decimal">17.50732509487588</value>
  </variableValue>
  <variableValue variable="MFQ[year]8E">
    <value valueType="decimal">51.664824019734276</value>
  </variableValue>
  <variableValue variable="MFQ[year]8F">
    <value valueType="decimal">76.39461661080621</value>
  </variableValue>
  <variableValue variable="MFQ[year]8G">
    <value valueType="decimal">10.040840589916023</value>
  </variableValue>
  <variableValue variable="MFQ[year]8H">
    <value valueType="decimal">1.2835926764987349</value>
  </variableValue>
  <variableValue variable="MFQ1[year]">
    <value valueType="integer">42</value>
  </variableValue>
  <variableValue variable="mfq1[year]">
    <value valueType="decimal">76.90050377167961</value>
  </variableValue>
  <variableValue variable="MFQ2[year]">
    <value valueType="integer">21</value>
  </variableValue>
  <variableValue variable="mfq2[year]">
    <value valueType="decimal">24.252491559125023</value>
  </variableValue>
  <variableValue variable="MFQ3[year]">
    <value valueType="integer">98</value>
  </variableValue>
  <variableValue variable="mfq3[year]">
    <value valueType="decimal">80.07863274385019</value>
  </variableValue>
  <variableValue variable="MFQ4[year]">
    <value valueType="integer">88</value>
  </variableValue>
  <variableValue variable="mfq4[year]">
    <value valueType="decimal">37.46900465396122</value>
  </variableValue>
  <variableValue variable="MLIVE[year]">
    <value valueType="integer">3</value>
  </variableValue>
  <variableValue variable="MOMWK[year]">
    <value valueType="integer">1</value>
  </variableValue>
  <variableValue variable="movie[year]">
    <value valueType="decimal">45.08189722970284</value>
  </variableValue>
  <variableValue variable="MSTA84[year]">
    <value valueType="integer">3</value>
  </variableValue>
  <variableValue variable="MSTAT[year]">
    <value valueType="integer">4</value>
  </variableValue>
  <variableValue variable="NBKS[year]">
    <value valueType="integer">39</value>
  </variableValue>
  <variableValue variable="NCONF[year]">
    <value valueType="integer">1</value>
  </variableValue>
  <variableValue variable="NEEDCATA[year]">
    <value valueType="integer">3</value>
  </variableValue>
  <variableValue variable="NEMP[year]">
    <value valueType="integer">25</value>
  </variableValue>
  <variableValue variable="NEUROTIC[year]">
    <value valueType="integer">69</value>
  </variableValue>
  <variableValue variable="NEWPRNT[year]">
    <value valueType="integer">1</value>
  </variableValue>
  <variableValue variable="nfr[year]">
    <value valueType="integer">43</value>
  </variableValue>
  <variableValue variable="NFRN[year]">
    <value valueType="integer">54</value>
  </variableValue>
  <variableValue variable="NGRNKD[year]">
    <value valueType="integer">50</value>
  </variableValue>
  <variableValue variable="NJOB[year]">
    <value valueType="integer">72</value>
  </variableValue>
  <variableValue variable="NKDHM[year]">
    <value valueType="integer">3</value>
  </variableValue>
  <variableValue variable="NKIDS[year]">
    <value valueType="integer">77</value>
  </variableValue>
  <variableValue variable="NMAG[year]">
    <value valueType="integer">17</value>
  </variableValue>
  <variableValue variable="NMOV[year]">
    <value valueType="integer">45</value>
  </variableValue>
  <variableValue variable="NMTG[year]">
    <value valueType="integer">13</value>
  </variableValue>
  <variableValue variable="NNEIG[year]">
    <value valueType="integer">1</value>
  </variableValue>
  <variableValue variable="NOBR[year]">
    <value valueType="integer">14</value>
  </variableValue>
  <variableValue variable="NOISE[year]">
    <value valueType="integer">1</value>
  </variableValue>
  <variableValue variable="NONFIC[year]">
    <value valueType="integer">97</value>
  </variableValue>
  <variableValue variable="nor[year]">
    <value valueType="integer">59</value>
  </variableValue>
  <variableValue variable="norcr[year]">
    <value valueType="integer">99</value>
  </variableValue>
  <variableValue variable="NOSIS[year]">
    <value valueType="integer">6</value>
  </variableValue>
  <variableValue variable="NOWRK[year]">
    <value valueType="integer">2</value>
  </variableValue>
  <variableValue variable="NRMS[year]">
    <value valueType="integer">48</value>
  </variableValue>
  <variableValue variable="nsp08">
    <value valueType="integer">42</value>
  </variableValue>
  <variableValue variable="NSTATE[year]">
    <value valueType="integer">18</value>
  </variableValue>
  <variableValue variable="NTRAD[year]">
    <value valueType="integer">65</value>
  </variableValue>
  <variableValue variable="NTRIPS[year]">
    <value valueType="integer">56</value>
  </variableValue>
  <variableValue variable="numtot[year]">
    <value valueType="integer">56</value>
  </variableValue>
  <variableValue variable="NVISIT[year]">
    <value valueType="integer">3</value>
  </variableValue>
  <variableValue variable="NWED[year]">
    <value valueType="integer">71</value>
  </variableValue>
  <variableValue variable="NYBR[year]">
    <value valueType="integer">10</value>
  </variableValue>
  <variableValue variable="NYSIS[year]">
    <value valueType="integer">63</value>
  </variableValue>
  <variableValue variable="OBGYN[year]">
    <value valueType="integer">1</value>
  </variableValue>
  <variableValue variable="OCC[year]">
    <value valueType="integer">3</value>
  </variableValue>
  <variableValue variable="OCC84[year]">
    <value valueType="integer">8</value>
  </variableValue>
  <variableValue variable="OPEN[year]">
    <value valueType="integer">41</value>
  </variableValue>
  <variableValue variable="or[year]">
    <value valueType="integer">82</value>
  </variableValue>
  <variableValue variable="oratt[year]">
    <value valueType="integer">83</value>
  </variableValue>
  <variableValue variable="ORGAN[year]">
    <value valueType="integer">5</value>
  </variableValue>
  <variableValue variable="oromt[year]">
    <value valueType="integer">26</value>
  </variableValue>
  <variableValue variable="orwg[year]">
    <value valueType="integer">22</value>
  </variableValue>
  <variableValue variable="OTJ[year]">
    <value valueType="integer">0</value>
  </variableValue>
  <variableValue variable="outhob[year]">
    <value valueType="decimal">83.47306703092899</value>
  </variableValue>
  <variableValue variable="OWNHM[year]">
    <value valueType="integer">1</value>
  </variableValue>
  <variableValue variable="PAINREL[year]">
    <value valueType="integer">1</value>
  </variableValue>
  <variableValue variable="PAP[year]">
    <value valueType="integer">2</value>
  </variableValue>
  <variableValue variable="party[year]">
    <value valueType="decimal">19.266826064960807</value>
  </variableValue>
  <variableValue variable="pase1">
    <value valueType="integer">3</value>
  </variableValue>
  <variableValue variable="pase10">
    <value valueType="integer">0</value>
  </variableValue>
  <variableValue variable="pase10a">
    <value valueType="decimal">82.12285747445127</value>
  </variableValue>
  <variableValue variable="pase10b">
    <value valueType="integer">4</value>
  </variableValue>
  <variableValue variable="pase1b">
    <value valueType="integer">4</value>
  </variableValue>
  <variableValue variable="pase2">
    <value valueType="integer">2</value>
  </variableValue>
  <variableValue variable="pase2a">
    <value valueType="integer">1</value>
  </variableValue>
  <variableValue variable="pase3">
    <value valueType="integer">1</value>
  </variableValue>
  <variableValue variable="pase3b">
    <value valueType="integer">4</value>
  </variableValue>
  <variableValue variable="pase4">
    <value valueType="integer">3</value>
  </variableValue>
  <variableValue variable="pase4b">
    <value valueType="integer">1</value>
  </variableValue>
  <variableValue variable="pase5">
    <value valueType="integer">1</value>
  </variableValue>
  <variableValue variable="pase5b">
    <value valueType="integer">1</value>
  </variableValue>
  <variableValue variable="pase6">
    <value valueType="integer">1</value>
  </variableValue>
  <variableValue variable="pase6b">
    <value valueType="integer">4</value>
  </variableValue>
  <variableValue variable="pase7">
    <value valueType="integer">1</value>
  </variableValue>
  <variableValue variable="pase8">
    <value valueType="integer">0</value>
  </variableValue>
  <variableValue variable="pase9a - pase9d">
    <value valueType="integer">0</value>
  </variableValue>
  <variableValue variable="pattot[year]">
    <value valueType="integer">26</value>
  </variableValue>
  <variableValue variable="PDEMP[year]">
    <value valueType="integer">1</value>
  </variableValue>
  <variableValue variable="PEOP[year]">
    <value valueType="decimal">56.694613236037895</value>
  </variableValue>
  <variableValue variable="pets[year]">
    <value valueType="decimal">53.70905667534274</value>
  </variableValue>
  <variableValue variable="phone[year]">
    <value valueType="decimal">12.421183557684856</value>
  </variableValue>
  <variableValue variable="picnic[year]">
    <value valueType="decimal">29.044732599168732</value>
  </variableValue>
  <variableValue variable="PIPEDAY[year]">
    <value valueType="integer">2</value>
  </variableValue>
  <variableValue variable="PIPES[year]">
    <value valueType="integer">2</value>
  </variableValue>
  <variableValue variable="pirr1[year]">
    <value valueType="integer">36</value>
  </variableValue>
  <variableValue variable="pirr2[year]">
    <value valueType="integer">52</value>
  </variableValue>
  <variableValue variable="PORK[year]">
    <value valueType="integer">3</value>
  </variableValue>
  <variableValue variable="ppr1[year]">
    <value valueType="integer">5</value>
  </variableValue>
  <variableValue variable="ppr2[year]">
    <value valueType="integer">52</value>
  </variableValue>
  <variableValue variable="ppr3[year]">
    <value valueType="integer">86</value>
  </variableValue>
  <variableValue variable="pray[year]">
    <value valueType="decimal">64.5863312631259</value>
  </variableValue>
  <variableValue variable="PRESR[year]">
    <value valueType="integer">4</value>
  </variableValue>
  <variableValue variable="PRO2YR[year]">
    <value valueType="integer">2</value>
  </variableValue>
  <variableValue variable="PROAGE[year]">
    <value valueType="integer">36</value>
  </variableValue>
  <variableValue variable="PROENLAR[year]">
    <value valueType="integer">2</value>
  </variableValue>
  <variableValue variable="PROEXAM[year]">
    <value valueType="integer">70</value>
  </variableValue>
  <variableValue variable="PROS[year]">
    <value valueType="integer">2</value>
  </variableValue>
  <variableValue variable="PROSUC[year]">
    <value valueType="integer">2</value>
  </variableValue>
  <variableValue variable="PRSC84[year]">
    <value valueType="integer">4</value>
  </variableValue>
  <variableValue variable="radio[year]">
    <value valueType="decimal">94.96744032578555</value>
  </variableValue>
  <variableValue variable="RDPAPR[year]">
    <value valueType="integer">0</value>
  </variableValue>
  <variableValue variable="RDWRIT[year]">
    <value valueType="decimal">92.51661896863405</value>
  </variableValue>
  <variableValue variable="read[year]">
    <value valueType="decimal">67.02426228991006</value>
  </variableValue>
  <variableValue variable="REGULAR[year]">
    <value valueType="integer">1</value>
  </variableValue>
  <variableValue variable="REMAR[year]">
    <value valueType="integer">23</value>
  </variableValue>
  <variableValue variable="rv[year]">
    <value valueType="integer">86</value>
  </variableValue>
  <variableValue variable="SAFE[year]">
    <value valueType="integer">1</value>
  </variableValue>
  <variableValue variable="SBHWY[year]">
    <value valueType="integer">3</value>
  </variableValue>
  <variableValue variable="SBTOWN[year]">
    <value valueType="integer">3</value>
  </variableValue>
  <variableValue variable="SELFBLOO[year]">
    <value valueType="integer">5</value>
  </variableValue>
  <variableValue variable="selfim[year]">
    <value valueType="decimal">55.59201987807854</value>
  </variableValue>
  <variableValue variable="SELFMAM[year]">
    <value valueType="integer">1</value>
  </variableValue>
  <variableValue variable="sex">
    <value valueType="integer">0</value>
  </variableValue>
  <variableValue variable="shop[year]">
    <value valueType="decimal">31.320133660741778</value>
  </variableValue>
  <variableValue variable="SIBS[year]">
    <value valueType="integer">96</value>
  </variableValue>
  <variableValue variable="SLEEP[year]">
    <value valueType="integer">3</value>
  </variableValue>
  <variableValue variable="smdvh[year]">
    <value valueType="integer">18</value>
  </variableValue>
  <variableValue variable="smdvl[year]">
    <value valueType="integer">60</value>
  </variableValue>
  <variableValue variable="SMK[year]">
    <value valueType="integer">0</value>
  </variableValue>
  <variableValue variable="SMOKE[year]">
    <value valueType="integer">1</value>
  </variableValue>
  <variableValue variable="SMOKEPAS[year]">
    <value valueType="decimal">96.74447466109117</value>
  </variableValue>
  <variableValue variable="SODA[year]">
    <value valueType="integer">2</value>
  </variableValue>
  <variableValue variable="SODIUM[year]">
    <value valueType="integer">1</value>
  </variableValue>
  <variableValue variable="SPBRN[year]">
    <value valueType="integer">43</value>
  </variableValue>
  <variableValue variable="spec[year]">
    <value valueType="decimal">77.29915447182601</value>
  </variableValue>
  <variableValue variable="SPEED[year]">
    <value valueType="integer">2</value>
  </variableValue>
  <variableValue variable="SPOCC[year]">
    <value valueType="integer">3</value>
  </variableValue>
  <variableValue variable="sport[year]">
    <value valueType="decimal">8.083017145009986</value>
  </variableValue>
  <variableValue variable="SPRVIS[year]">
    <value valueType="integer">3</value>
  </variableValue>
  <variableValue variable="SREYE[year]">
    <value valueType="integer">4</value>
  </variableValue>
  <variableValue variable="srh[year]">
    <value valueType="integer">1</value>
  </variableValue>
  <variableValue variable="SRHEALTH">
    <value valueType="integer">5</value>
  </variableValue>
  <variableValue variable="SRHEAR[year]">
    <value valueType="integer">4</value>
  </variableValue>
  <variableValue variable="sstot[year]">
    <value valueType="integer">86</value>
  </variableValue>
  <variableValue variable="STAIRS[year]">
    <value valueType="integer">4</value>
  </variableValue>
  <variableValue variable="TEA[year]">
    <value valueType="integer">2</value>
  </variableValue>
  <variableValue variable="TRAF[year]">
    <value valueType="integer">1</value>
  </variableValue>
  <variableValue variable="travel[year]">
    <value valueType="decimal">75.42217113270002</value>
  </variableValue>
  <variableValue variable="TREES[year]">
    <value valueType="integer">4</value>
  </variableValue>
  <variableValue variable="TRYSTOP[year]">
    <value valueType="integer">2</value>
  </variableValue>
  <variableValue variable="tv[year]">
    <value valueType="decimal">11.13185610362275</value>
  </variableValue>
  <variableValue variable="TYPBLD[year]">
    <value valueType="integer">6</value>
  </variableValue>
  <variableValue variable="UNIVEX[year]">
    <value valueType="integer">0</value>
  </variableValue>
  <variableValue variable="VEAL[year]">
    <value valueType="integer">2</value>
  </variableValue>
  <variableValue variable="vis[year]">
    <value valueType="decimal">3.16120157629306</value>
  </variableValue>
  <variableValue variable="vocab1[year]">
    <value valueType="integer">69</value>
  </variableValue>
  <variableValue variable="vocab2[year]">
    <value valueType="integer">42</value>
  </variableValue>
  <variableValue variable="VOCAT[year]">
    <value valueType="integer">0</value>
  </variableValue>
  <variableValue variable="vol[year]">
    <value valueType="decimal">34.53994265787757</value>
  </variableValue>
  <variableValue variable="walk[year]">
    <value valueType="decimal">93.30316330092995</value>
  </variableValue>
  <variableValue variable="WALK[year]">
    <value valueType="integer">1</value>
  </variableValue>
  <variableValue variable="wdflu[year]">
    <value valueType="integer">33</value>
  </variableValue>
  <variableValue variable="WEIGHT[year]">
    <value valueType="integer">7</value>
  </variableValue>
  <variableValue variable="WELL[year]">
    <value valueType="integer">1</value>
  </variableValue>
  <variableValue variable="WINE[year]">
    <value valueType="integer">99</value>
  </variableValue>
  <variableValue variable="write[year]">
    <value valueType="decimal">43.96888133307729</value>
  </variableValue>
  <variableValue variable="WRKPLC[year]">
    <value valueType="integer">3</value>
  </variableValue>
  <variableValue variable="WRKTYP[year]">
    <value valueType="integer">3</value>
  </variableValue>
  <variableValue variable="ws[year]">
    <value valueType="integer">93</value>
  </variableValue>
  <variableValue variable="YEAROP[year]">
    <value valueType="integer">15</value>
  </variableValue>
  <variableValue variable="YRQUIT[year]">
    <value valueType="integer">75</value>
  </variableValue>
  <variableValue variable="YRRET[year]">
    <value valueType="integer">34</value>
  </variableValue>
  <variableValue variable="YRSMOKE[year]">
    <value valueType="decimal">64.91254127507663</value>
  </variableValue>
</valueSet>