<valueSet valueTable="2008" entityType="Participant" entityIdentifier="13979642">
  <variableValue variable="ADLTED[year]">
    <value valueType="integer">0</value>
  </variableValue>
  <variableValue variable="ADVDIR[year]">
    <value valueType="integer">2</value>
  </variableValue>
  <variableValue variable="age[year]">
    <value valueType="integer">89</value>
  </variableValue>
  <variableValue variable="AGEKID[year]">
    <value valueType="integer">79</value>
  </variableValue>
  <variableValue variable="AGENB[year]">
    <value valueType="integer">2</value>
  </variableValue>
  <variableValue variable="AGEWED[year]">
    <value valueType="integer">36</value>
  </variableValue>
  <variableValue variable="AGFRN[year]">
    <value valueType="integer">2</value>
  </variableValue>
  <variableValue variable="AGREE[year]">
    <value valueType="integer">55</value>
  </variableValue>
  <variableValue variable="ALCOHOL[year]">
    <value valueType="integer">4</value>
  </variableValue>
  <variableValue variable="Apdemp[year]">
    <value valueType="decimal">56.41840372554744</value>
  </variableValue>
  <variableValue variable="ART[year]">
    <value valueType="integer">3</value>
  </variableValue>
  <variableValue variable="BDATE_DY">
    <value valueType="integer">72</value>
  </variableValue>
  <variableValue variable="BDATE_MO">
    <value valueType="integer">19</value>
  </variableValue>
  <variableValue variable="BDATE_YR">
    <value valueType="integer">46</value>
  </variableValue>
  <variableValue variable="BEEF[year]">
    <value valueType="integer">3</value>
  </variableValue>
  <variableValue variable="BEER[year]">
    <value valueType="integer">59</value>
  </variableValue>
  <variableValue variable="BLDLK[year]">
    <value valueType="integer">1</value>
  </variableValue>
  <variableValue variable="BLOODPRE[year]">
    <value valueType="integer">3</value>
  </variableValue>
  <variableValue variable="BOOK[year]">
    <value valueType="integer">3</value>
  </variableValue>
  <variableValue variable="BRUSH[year]">
    <value valueType="integer">14</value>
  </variableValue>
  <variableValue variable="BUTTER[year]">
    <value valueType="integer">3</value>
  </variableValue>
  <variableValue variable="BUYFAT[year]">
    <value valueType="integer">3</value>
  </variableValue>
  <variableValue variable="BUYSALT[year]">
    <value valueType="integer">3</value>
  </variableValue>
  <variableValue variable="CANCHK[year]">
    <value valueType="integer">2</value>
  </variableValue>
  <variableValue variable="cards[year]">
    <value valueType="decimal">91.88240555127206</value>
  </variableValue>
  <variableValue variable="CATARACT[year]">
    <value valueType="integer">3</value>
  </variableValue>
  <variableValue variable="CHKFAT[year]">
    <value valueType="integer">3</value>
  </variableValue>
  <variableValue variable="CHOLES[year]">
    <value valueType="integer">6</value>
  </variableValue>
  <variableValue variable="chur[year]">
    <value valueType="decimal">55.672718438722804</value>
  </variableValue>
  <variableValue variable="CIGARDAY[year]">
    <value valueType="integer">5</value>
  </variableValue>
  <variableValue variable="CIGARS[year]">
    <value valueType="integer">3</value>
  </variableValue>
  <variableValue variable="CIGDAY[year]">
    <value valueType="integer">4</value>
  </variableValue>
  <variableValue variable="CIGS[year]">
    <value valueType="integer">4</value>
  </variableValue>
  <variableValue variable="CLNAIR[year]">
    <value valueType="integer">3</value>
  </variableValue>
  <variableValue variable="COFFEE[year]">
    <value valueType="integer">2</value>
  </variableValue>
  <variableValue variable="CONSCIEN[year]">
    <value valueType="integer">47</value>
  </variableValue>
  <variableValue variable="cook[year]">
    <value valueType="decimal">71.32912127092149</value>
  </variableValue>
  <variableValue variable="COOKBUT[year]">
    <value valueType="integer">1</value>
  </variableValue>
  <variableValue variable="CORS[year]">
    <value valueType="integer">1</value>
  </variableValue>
  <variableValue variable="crafts[year]">
    <value valueType="decimal">76.14097464850899</value>
  </variableValue>
  <variableValue variable="crdp1[year]">
    <value valueType="integer">78</value>
  </variableValue>
  <variableValue variable="crdp2[year]">
    <value valueType="integer">48</value>
  </variableValue>
  <variableValue variable="cult[year]">
    <value valueType="decimal">34.90136322393999</value>
  </variableValue>
  <variableValue variable="dance[year]">
    <value valueType="decimal">44.66211931971635</value>
  </variableValue>
  <variableValue variable="DENTIST[year]">
    <value valueType="integer">2</value>
  </variableValue>
  <variableValue variable="DENTURE[year]">
    <value valueType="integer">1</value>
  </variableValue>
  <variableValue variable="DIABET[year]">
    <value valueType="integer">1</value>
  </variableValue>
  <variableValue variable="DRMAM[year]">
    <value valueType="integer">3</value>
  </variableValue>
  <variableValue variable="DRVISIT[year]">
    <value valueType="integer">67</value>
  </variableValue>
  <variableValue variable="dydrm[year]">
    <value valueType="decimal">45.96368473899669</value>
  </variableValue>
  <variableValue variable="EARCHK[year]">
    <value valueType="integer">0</value>
  </variableValue>
  <variableValue variable="eatout[year]">
    <value valueType="decimal">39.7063067273127</value>
  </variableValue>
  <variableValue variable="EATSALT[year]">
    <value valueType="integer">4</value>
  </variableValue>
  <variableValue variable="edact[year]">
    <value valueType="decimal">44.76766283642293</value>
  </variableValue>
  <variableValue variable="educ">
    <value valueType="integer">85</value>
  </variableValue>
  <variableValue variable="EDUC[year]">
    <value valueType="integer">100</value>
  </variableValue>
  <variableValue variable="EGG[year]">
    <value valueType="integer">1</value>
  </variableValue>
  <variableValue variable="eldcar[year]">
    <value valueType="decimal">4.8065892873432325</value>
  </variableValue>
  <variableValue variable="ELDCAR[year]">
    <value valueType="decimal">47.75384725980143</value>
  </variableValue>
  <variableValue variable="ENT1[year]">
    <value valueType="integer">11</value>
  </variableValue>
  <variableValue variable="ENT2[year]">
    <value valueType="integer">9</value>
  </variableValue>
  <variableValue variable="ENT3[year]">
    <value valueType="integer">10</value>
  </variableValue>
  <variableValue variable="eth[year]">
    <value valueType="integer">9</value>
  </variableValue>
  <variableValue variable="EXCERTOT[year]">
    <value valueType="decimal">98.68834631547773</value>
  </variableValue>
  <variableValue variable="EXCERWK[year]">
    <value valueType="integer">0</value>
  </variableValue>
  <variableValue variable="EXTRAVER[year]">
    <value valueType="integer">26</value>
  </variableValue>
  <variableValue variable="EYECHG[year]">
    <value valueType="integer">3</value>
  </variableValue>
  <variableValue variable="EYECHK[year]">
    <value valueType="integer">0</value>
  </variableValue>
  <variableValue variable="EYEGLAS[year]">
    <value valueType="integer">2</value>
  </variableValue>
  <variableValue variable="FAGE[year]">
    <value valueType="integer">68</value>
  </variableValue>
  <variableValue variable="FAITH[year]">
    <value valueType="integer">3</value>
  </variableValue>
  <variableValue variable="FALLS[year]">
    <value valueType="integer">5</value>
  </variableValue>
  <variableValue variable="FCAUSE[year]">
    <value valueType="integer">11</value>
  </variableValue>
  <variableValue variable="FDIE[year]">
    <value valueType="integer">46</value>
  </variableValue>
  <variableValue variable="FIC[year]">
    <value valueType="integer">84</value>
  </variableValue>
  <variableValue variable="fit[year]">
    <value valueType="decimal">1.0480970590359573</value>
  </variableValue>
  <variableValue variable="FLIVE[year]">
    <value valueType="integer">2</value>
  </variableValue>
  <variableValue variable="FLOSS[year]">
    <value valueType="integer">2</value>
  </variableValue>
  <variableValue variable="FLUSHOT[year]">
    <value valueType="integer">2</value>
  </variableValue>
  <variableValue variable="fr[year]">
    <value valueType="integer">76</value>
  </variableValue>
  <variableValue variable="fratt[year]">
    <value valueType="integer">23</value>
  </variableValue>
  <variableValue variable="frcr[year]">
    <value valueType="integer">43</value>
  </variableValue>
  <variableValue variable="fromt[year]">
    <value valueType="integer">1</value>
  </variableValue>
  <variableValue variable="frwg[year]">
    <value valueType="integer">13</value>
  </variableValue>
  <variableValue variable="game[year]">
    <value valueType="decimal">93.69805897564974</value>
  </variableValue>
  <variableValue variable="gds[year]1 –  gds[year]30">
    <value valueType="integer">1</value>
  </variableValue>
  <variableValue variable="gdstot[year]">
    <value valueType="integer">9</value>
  </variableValue>
  <variableValue variable="HANDS[year]">
    <value valueType="decimal">35.9361035484344</value>
  </variableValue>
  <variableValue variable="HARDLIQ[year]">
    <value valueType="integer">60</value>
  </variableValue>
  <variableValue variable="HEALTHCH[year]">
    <value valueType="integer">1</value>
  </variableValue>
  <variableValue variable="HEARAID[year]">
    <value valueType="integer">1</value>
  </variableValue>
  <variableValue variable="HEARCHG[year]">
    <value valueType="integer">1</value>
  </variableValue>
  <variableValue variable="HEARSPEC[year]">
    <value valueType="integer">4</value>
  </variableValue>
  <variableValue variable="HEART[year]">
    <value valueType="integer">2</value>
  </variableValue>
  <variableValue variable="HEIGHT[year]">
    <value valueType="integer">49</value>
  </variableValue>
  <variableValue variable="HHEIGHT[year]">
    <value valueType="integer">36</value>
  </variableValue>
  <variableValue variable="HIGHBLOO[year]">
    <value valueType="integer">2</value>
  </variableValue>
  <variableValue variable="HJOBTP[year]">
    <value valueType="integer">7</value>
  </variableValue>
  <variableValue variable="HMKHD[year]">
    <value valueType="decimal">12.60031807108044</value>
  </variableValue>
  <variableValue variable="HMKJB[year]">
    <value valueType="integer">56</value>
  </variableValue>
  <variableValue variable="HMKPE[year]">
    <value valueType="decimal">41.0083406311227</value>
  </variableValue>
  <variableValue variable="HMKPRS[year]">
    <value valueType="integer">3</value>
  </variableValue>
  <variableValue variable="HMKR[year]">
    <value valueType="integer">28</value>
  </variableValue>
  <variableValue variable="HMKRD[year]">
    <value valueType="decimal">47.15532354621222</value>
  </variableValue>
  <variableValue variable="HOSDAYS[year]">
    <value valueType="integer">11</value>
  </variableValue>
  <variableValue variable="HOSVISIT[year]">
    <value valueType="integer">1</value>
  </variableValue>
  <variableValue variable="HWEIGHT[year]">
    <value valueType="integer">48</value>
  </variableValue>
  <variableValue variable="INC[year]">
    <value valueType="integer">1</value>
  </variableValue>
  <variableValue variable="INC84[year]">
    <value valueType="integer">4</value>
  </variableValue>
  <variableValue variable="instr[year]">
    <value valueType="decimal">60.19732874739729</value>
  </variableValue>
  <variableValue variable="ir[year]a1 - ir[year]a20">
    <value valueType="integer">1</value>
  </variableValue>
  <variableValue variable="ir[year]b1 - ir[year]b20">
    <value valueType="integer">1</value>
  </variableValue>
  <variableValue variable="JOBLEN[year]">
    <value valueType="integer">5</value>
  </variableValue>
  <variableValue variable="JOBTYP[year]">
    <value valueType="integer">1</value>
  </variableValue>
  <variableValue variable="kidcar[year]">
    <value valueType="decimal">45.027094917618136</value>
  </variableValue>
  <variableValue variable="LAMB[year]">
    <value valueType="integer">4</value>
  </variableValue>
  <variableValue variable="lettot[year]">
    <value valueType="integer">14</value>
  </variableValue>
  <variableValue variable="LFST84[year]">
    <value valueType="integer">1</value>
  </variableValue>
  <variableValue variable="LIFSAT[year]">
    <value valueType="integer">1</value>
  </variableValue>
  <variableValue variable="LIVESMOK[year]">
    <value valueType="integer">3</value>
  </variableValue>
  <variableValue variable="ls[year]">
    <value valueType="integer">75</value>
  </variableValue>
  <variableValue variable="LSTJOB[year]">
    <value valueType="integer">9</value>
  </variableValue>
  <variableValue variable="LVNGWILL[year]">
    <value valueType="integer">2</value>
  </variableValue>
  <variableValue variable="MAGE[year]">
    <value valueType="integer">1</value>
  </variableValue>
  <variableValue variable="MAM[year]">
    <value valueType="integer">1</value>
  </variableValue>
  <variableValue variable="MAM2YR[year]">
    <value valueType="integer">2</value>
  </variableValue>
  <variableValue variable="MAMAGE[year]">
    <value valueType="integer">53</value>
  </variableValue>
  <variableValue variable="MAMEXAM[year]">
    <value valueType="integer">55</value>
  </variableValue>
  <variableValue variable="MASTECT[year]">
    <value valueType="integer">1</value>
  </variableValue>
  <variableValue variable="MCAUSE[year]">
    <value valueType="integer">13</value>
  </variableValue>
  <variableValue variable="MDIE[year]">
    <value valueType="integer">66</value>
  </variableValue>
  <variableValue variable="MED[year]">
    <value valueType="integer">2</value>
  </variableValue>
  <variableValue variable="MENAGE[year]">
    <value valueType="integer">84</value>
  </variableValue>
  <variableValue variable="MENHIST[year]">
    <value valueType="integer">24</value>
  </variableValue>
  <variableValue variable="MENSIT[year]">
    <value valueType="integer">6</value>
  </variableValue>
  <variableValue variable="MFQ[year]1">
    <value valueType="decimal">76.97653429727555</value>
  </variableValue>
  <variableValue variable="MFQ[year]2A">
    <value valueType="decimal">4.959683397521331</value>
  </variableValue>
  <variableValue variable="MFQ[year]2B">
    <value valueType="decimal">1.4401388259522752</value>
  </variableValue>
  <variableValue variable="MFQ[year]2C">
    <value valueType="decimal">56.36060109162404</value>
  </variableValue>
  <variableValue variable="MFQ[year]2D">
    <value valueType="decimal">56.71999176397905</value>
  </variableValue>
  <variableValue variable="MFQ[year]2E">
    <value valueType="decimal">75.22895708569803</value>
  </variableValue>
  <variableValue variable="MFQ[year]3A">
    <value valueType="decimal">66.54459178293332</value>
  </variableValue>
  <variableValue variable="MFQ[year]3B">
    <value valueType="decimal">92.72313879093144</value>
  </variableValue>
  <variableValue variable="MFQ[year]3C">
    <value valueType="decimal">4.145020239090769</value>
  </variableValue>
  <variableValue variable="MFQ[year]3D">
    <value valueType="decimal">37.196095305664755</value>
  </variableValue>
  <variableValue variable="MFQ[year]3E">
    <value valueType="decimal">53.00335330271439</value>
  </variableValue>
  <variableValue variable="MFQ[year]3F">
    <value valueType="decimal">58.960426389525836</value>
  </variableValue>
  <variableValue variable="MFQ[year]3G">
    <value valueType="decimal">84.5383573671691</value>
  </variableValue>
  <variableValue variable="MFQ[year]3H">
    <value valueType="decimal">27.31461805276174</value>
  </variableValue>
  <variableValue variable="MFQ[year]3I">
    <value valueType="decimal">21.115530626615232</value>
  </variableValue>
  <variableValue variable="MFQ[year]3J">
    <value valueType="decimal">1.3330579684112442</value>
  </variableValue>
  <variableValue variable="MFQ[year]3K">
    <value valueType="decimal">38.89868744357627</value>
  </variableValue>
  <variableValue variable="MFQ[year]3L">
    <value valueType="decimal">12.751469179770336</value>
  </variableValue>
  <variableValue variable="MFQ[year]3M">
    <value valueType="decimal">14.331318032689433</value>
  </variableValue>
  <variableValue variable="MFQ[year]3N">
    <value valueType="decimal">6.524596833413632</value>
  </variableValue>
  <variableValue variable="MFQ[year]3O">
    <value valueType="decimal">26.639163743253935</value>
  </variableValue>
  <variableValue variable="MFQ[year]3P">
    <value valueType="decimal">12.39227070650446</value>
  </variableValue>
  <variableValue variable="MFQ[year]3Q">
    <value valueType="decimal">6.935050993855663</value>
  </variableValue>
  <variableValue variable="MFQ[year]3R">
    <value valueType="decimal">95.72309043791664</value>
  </variableValue>
  <variableValue variable="MFQ[year]4A">
    <value valueType="decimal">21.5989127667631</value>
  </variableValue>
  <variableValue variable="MFQ[year]4B">
    <value valueType="decimal">86.23500256883212</value>
  </variableValue>
  <variableValue variable="MFQ[year]4C">
    <value valueType="decimal">6.979660512975694</value>
  </variableValue>
  <variableValue variable="MFQ[year]4D">
    <value valueType="decimal">63.703920116356095</value>
  </variableValue>
  <variableValue variable="MFQ[year]4E">
    <value valueType="decimal">36.56185450605838</value>
  </variableValue>
  <variableValue variable="MFQ[year]5A">
    <value valueType="decimal">96.81289308444768</value>
  </variableValue>
  <variableValue variable="MFQ[year]5B">
    <value valueType="decimal">17.063488451921348</value>
  </variableValue>
  <variableValue variable="MFQ[year]5C">
    <value valueType="decimal">67.77540560550638</value>
  </variableValue>
  <variableValue variable="MFQ[year]5D">
    <value valueType="decimal">32.047637669932136</value>
  </variableValue>
  <variableValue variable="MFQ[year]5E">
    <value valueType="decimal">55.75994501095971</value>
  </variableValue>
  <variableValue variable="MFQ[year]6A">
    <value valueType="decimal">0.16928792512879154</value>
  </variableValue>
  <variableValue variable="MFQ[year]6B">
    <value valueType="decimal">7.48377303281702</value>
  </variableValue>
  <variableValue variable="MFQ[year]6C">
    <value valueType="decimal">98.83083131730976</value>
  </variableValue>
  <variableValue variable="MFQ[year]6D">
    <value valueType="decimal">56.2301127291001</value>
  </variableValue>
  <variableValue variable="MFQ[year]7A">
    <value valueType="decimal">45.53919056426974</value>
  </variableValue>
  <variableValue variable="MFQ[year]7B">
    <value valueType="decimal">0.13428771140598927</value>
  </variableValue>
  <variableValue variable="MFQ[year]7C">
    <value valueType="decimal">90.4609893354596</value>
  </variableValue>
  <variableValue variable="MFQ[year]7D">
    <value valueType="decimal">57.60387555473331</value>
  </variableValue>
  <variableValue variable="MFQ[year]7E">
    <value valueType="decimal">80.43827351379967</value>
  </variableValue>
  <variableValue variable="MFQ[year]7F">
    <value valueType="decimal">49.47040813875188</value>
  </variableValue>
  <variableValue variable="MFQ[year]7G">
    <value valueType="decimal">21.997553879610308</value>
  </variableValue>
  <variableValue variable="MFQ[year]7H">
    <value valueType="decimal">32.763568638221145</value>
  </variableValue>
  <variableValue variable="MFQ[year]7I">
    <value valueType="decimal">27.663328394806353</value>
  </variableValue>
  <variableValue variable="MFQ[year]7J">
    <value valueType="decimal">25.263091188406772</value>
  </variableValue>
  <variableValue variable="MFQ[year]7K">
    <value valueType="decimal">44.239999856934574</value>
  </variableValue>
  <variableValue variable="MFQ[year]7L">
    <value valueType="decimal">10.191498771238905</value>
  </variableValue>
  <variableValue variable="MFQ[year]7M">
    <value valueType="decimal">65.78226587680615</value>
  </variableValue>
  <variableValue variable="MFQ[year]7N">
    <value valueType="decimal">20.0974489083103</value>
  </variableValue>
  <variableValue variable="MFQ[year]7O">
    <value valueType="decimal">48.92504495358098</value>
  </variableValue>
  <variableValue variable="MFQ[year]7P">
    <value valueType="decimal">43.242548946321946</value>
  </variableValue>
  <variableValue variable="MFQ[year]7Q">
    <value valueType="decimal">9.343570516331301</value>
  </variableValue>
  <variableValue variable="MFQ[year]7R">
    <value valueType="decimal">26.30416136176803</value>
  </variableValue>
  <variableValue variable="MFQ[year]8A">
    <value valueType="decimal">59.67907363179573</value>
  </variableValue>
  <variableValue variable="MFQ[year]8B">
    <value valueType="decimal">17.165568825933452</value>
  </variableValue>
  <variableValue variable="MFQ[year]8C">
    <value valueType="decimal">89.67406505502356</value>
  </variableValue>
  <variableValue variable="MFQ[year]8D">
    <value valueType="decimal">80.76816554056148</value>
  </variableValue>
  <variableValue variable="MFQ[year]8E">
    <value valueType="decimal">15.955475300604661</value>
  </variableValue>
  <variableValue variable="MFQ[year]8F">
    <value valueType="decimal">60.79560424484297</value>
  </variableValue>
  <variableValue variable="MFQ[year]8G">
    <value valueType="decimal">83.38720324812257</value>
  </variableValue>
  <variableValue variable="MFQ[year]8H">
    <value valueType="decimal">58.25736572942631</value>
  </variableValue>
  <variableValue variable="MFQ1[year]">
    <value valueType="integer">93</value>
  </variableValue>
  <variableValue variable="mfq1[year]">
    <value valueType="decimal">8.275444273823062</value>
  </variableValue>
  <variableValue variable="MFQ2[year]">
    <value valueType="integer">82</value>
  </variableValue>
  <variableValue variable="mfq2[year]">
    <value valueType="decimal">5.352957528945823</value>
  </variableValue>
  <variableValue variable="MFQ3[year]">
    <value valueType="integer">9</value>
  </variableValue>
  <variableValue variable="mfq3[year]">
    <value valueType="decimal">85.5554732322905</value>
  </variableValue>
  <variableValue variable="MFQ4[year]">
    <value valueType="integer">24</value>
  </variableValue>
  <variableValue variable="mfq4[year]">
    <value valueType="decimal">17.051716121570138</value>
  </variableValue>
  <variableValue variable="MLIVE[year]">
    <value valueType="integer">1</value>
  </variableValue>
  <variableValue variable="MOMWK[year]">
    <value valueType="integer">1</value>
  </variableValue>
  <variableValue variable="movie[year]">
    <value valueType="decimal">55.634340824777595</value>
  </variableValue>
  <variableValue variable="MSTA84[year]">
    <value valueType="integer">3</value>
  </variableValue>
  <variableValue variable="MSTAT[year]">
    <value valueType="integer">5</value>
  </variableValue>
  <variableValue variable="NBKS[year]">
    <value valueType="integer">62</value>
  </variableValue>
  <variableValue variable="NCONF[year]">
    <value valueType="integer">87</value>
  </variableValue>
  <variableValue variable="NEEDCATA[year]">
    <value valueType="integer">4</value>
  </variableValue>
  <variableValue variable="NEMP[year]">
    <value valueType="integer">79</value>
  </variableValue>
  <variableValue variable="NEUROTIC[year]">
    <value valueType="integer">67</value>
  </variableValue>
  <variableValue variable="NEWPRNT[year]">
    <value valueType="integer">4</value>
  </variableValue>
  <variableValue variable="nfr[year]">
    <value valueType="integer">74</value>
  </variableValue>
  <variableValue variable="NFRN[year]">
    <value valueType="integer">100</value>
  </variableValue>
  <variableValue variable="NGRNKD[year]">
    <value valueType="integer">85</value>
  </variableValue>
  <variableValue variable="NJOB[year]">
    <value valueType="integer">5</value>
  </variableValue>
  <variableValue variable="NKDHM[year]">
    <value valueType="integer">34</value>
  </variableValue>
  <variableValue variable="NKIDS[year]">
    <value valueType="integer">56</value>
  </variableValue>
  <variableValue variable="NMAG[year]">
    <value valueType="integer">86</value>
  </variableValue>
  <variableValue variable="NMOV[year]">
    <value valueType="integer">49</value>
  </variableValue>
  <variableValue variable="NMTG[year]">
    <value valueType="integer">38</value>
  </variableValue>
  <variableValue variable="NNEIG[year]">
    <value valueType="integer">1</value>
  </variableValue>
  <variableValue variable="NOBR[year]">
    <value valueType="integer">71</value>
  </variableValue>
  <variableValue variable="NOISE[year]">
    <value valueType="integer">1</value>
  </variableValue>
  <variableValue variable="NONFIC[year]">
    <value valueType="integer">43</value>
  </variableValue>
  <variableValue variable="nor[year]">
    <value valueType="integer">95</value>
  </variableValue>
  <variableValue variable="norcr[year]">
    <value valueType="integer">94</value>
  </variableValue>
  <variableValue variable="NOSIS[year]">
    <value valueType="integer">64</value>
  </variableValue>
  <variableValue variable="NOWRK[year]">
    <value valueType="integer">8</value>
  </variableValue>
  <variableValue variable="NRMS[year]">
    <value valueType="integer">70</value>
  </variableValue>
  <variableValue variable="nsp08">
    <value valueType="integer">79</value>
  </variableValue>
  <variableValue variable="NSTATE[year]">
    <value valueType="integer">38</value>
  </variableValue>
  <variableValue variable="NTRAD[year]">
    <value valueType="integer">48</value>
  </variableValue>
  <variableValue variable="NTRIPS[year]">
    <value valueType="integer">2</value>
  </variableValue>
  <variableValue variable="numtot[year]">
    <value valueType="integer">85</value>
  </variableValue>
  <variableValue variable="NVISIT[year]">
    <value valueType="integer">4</value>
  </variableValue>
  <variableValue variable="NWED[year]">
    <value valueType="integer">5</value>
  </variableValue>
  <variableValue variable="NYBR[year]">
    <value valueType="integer">95</value>
  </variableValue>
  <variableValue variable="NYSIS[year]">
    <value valueType="integer">97</value>
  </variableValue>
  <variableValue variable="OBGYN[year]">
    <value valueType="integer">1</value>
  </variableValue>
  <variableValue variable="OCC[year]">
    <value valueType="integer">6</value>
  </variableValue>
  <variableValue variable="OCC84[year]">
    <value valueType="integer">6</value>
  </variableValue>
  <variableValue variable="OPEN[year]">
    <value valueType="integer">68</value>
  </variableValue>
  <variableValue variable="or[year]">
    <value valueType="integer">94</value>
  </variableValue>
  <variableValue variable="oratt[year]">
    <value valueType="integer">51</value>
  </variableValue>
  <variableValue variable="ORGAN[year]">
    <value valueType="integer">5</value>
  </variableValue>
  <variableValue variable="oromt[year]">
    <value valueType="integer">46</value>
  </variableValue>
  <variableValue variable="orwg[year]">
    <value valueType="integer">44</value>
  </variableValue>
  <variableValue variable="OTJ[year]">
    <value valueType="integer">0</value>
  </variableValue>
  <variableValue variable="outhob[year]">
    <value valueType="decimal">32.68396155687549</value>
  </variableValue>
  <variableValue variable="OWNHM[year]">
    <value valueType="integer">0</value>
  </variableValue>
  <variableValue variable="PAINREL[year]">
    <value valueType="integer">1</value>
  </variableValue>
  <variableValue variable="PAP[year]">
    <value valueType="integer">4</value>
  </variableValue>
  <variableValue variable="party[year]">
    <value valueType="decimal">97.51200403426525</value>
  </variableValue>
  <variableValue variable="pase1">
    <value valueType="integer">1</value>
  </variableValue>
  <variableValue variable="pase10">
    <value valueType="integer">0</value>
  </variableValue>
  <variableValue variable="pase10a">
    <value valueType="decimal">76.66329663458367</value>
  </variableValue>
  <variableValue variable="pase10b">
    <value valueType="integer">2</value>
  </variableValue>
  <variableValue variable="pase1b">
    <value valueType="integer">2</value>
  </variableValue>
  <variableValue variable="pase2">
    <value valueType="integer">2</value>
  </variableValue>
  <variableValue variable="pase2a">
    <value valueType="integer">4</value>
  </variableValue>
  <variableValue variable="pase3">
    <value valueType="integer">3</value>
  </variableValue>
  <variableValue variable="pase3b">
    <value valueType="integer">4</value>
  </variableValue>
  <variableValue variable="pase4">
    <value valueType="integer">1</value>
  </variableValue>
  <variableValue variable="pase4b">
    <value valueType="integer">1</value>
  </variableValue>
  <variableValue variable="pase5">
    <value valueType="integer">3</value>
  </variableValue>
  <variableValue variable="pase5b">
    <value valueType="integer">3</value>
  </variableValue>
  <variableValue variable="pase6">
    <value valueType="integer">3</value>
  </variableValue>
  <variableValue variable="pase6b">
    <value valueType="integer">1</value>
  </variableValue>
  <variableValue variable="pase7">
    <value valueType="integer">1</value>
  </variableValue>
  <variableValue variable="pase8">
    <value valueType="integer">0</value>
  </variableValue>
  <variableValue variable="pase9a - pase9d">
    <value valueType="integer">0</value>
  </variableValue>
  <variableValue variable="pattot[year]">
    <value valueType="integer">23</value>
  </variableValue>
  <variableValue variable="PDEMP[year]">
    <value valueType="integer">0</value>
  </variableValue>
  <variableValue variable="PEOP[year]">
    <value valueType="decimal">26.110433181221516</value>
  </variableValue>
  <variableValue variable="pets[year]">
    <value valueType="decimal">12.439817565026468</value>
  </variableValue>
  <variableValue variable="phone[year]">
    <value valueType="decimal">55.790133204250935</value>
  </variableValue>
  <variableValue variable="picnic[year]">
    <value valueType="decimal">84.2264030705819</value>
  </variableValue>
  <variableValue variable="PIPEDAY[year]">
    <value valueType="integer">6</value>
  </variableValue>
  <variableValue variable="PIPES[year]">
    <value valueType="integer">4</value>
  </variableValue>
  <variableValue variable="pirr1[year]">
    <value valueType="integer">80</value>
  </variableValue>
  <variableValue variable="pirr2[year]">
    <value valueType="integer">33</value>
  </variableValue>
  <variableValue variable="PORK[year]">
    <value valueType="integer">5</value>
  </variableValue>
  <variableValue variable="ppr1[year]">
    <value valueType="integer">80</value>
  </variableValue>
  <variableValue variable="ppr2[year]">
    <value valueType="integer">73</value>
  </variableValue>
  <variableValue variable="ppr3[year]">
    <value valueType="integer">59</value>
  </variableValue>
  <variableValue variable="pray[year]">
    <value valueType="decimal">53.69371193028848</value>
  </variableValue>
  <variableValue variable="PRESR[year]">
    <value valueType="integer">1</value>
  </variableValue>
  <variableValue variable="PRO2YR[year]">
    <value valueType="integer">1</value>
  </variableValue>
  <variableValue variable="PROAGE[year]">
    <value valueType="integer">55</value>
  </variableValue>
  <variableValue variable="PROENLAR[year]">
    <value valueType="integer">2</value>
  </variableValue>
  <variableValue variable="PROEXAM[year]">
    <value valueType="integer">72</value>
  </variableValue>
  <variableValue variable="PROS[year]">
    <value valueType="integer">1</value>
  </variableValue>
  <variableValue variable="PROSUC[year]">
    <value valueType="integer">1</value>
  </variableValue>
  <variableValue variable="PRSC84[year]">
    <value valueType="integer">4</value>
  </variableValue>
  <variableValue variable="radio[year]">
    <value valueType="decimal">8.365676771522445</value>
  </variableValue>
  <variableValue variable="RDPAPR[year]">
    <value valueType="integer">1</value>
  </variableValue>
  <variableValue variable="RDWRIT[year]">
    <value valueType="decimal">5.130698225431985</value>
  </variableValue>
  <variableValue variable="read[year]">
    <value valueType="decimal">60.71452179217614</value>
  </variableValue>
  <variableValue variable="REGULAR[year]">
    <value valueType="integer">2</value>
  </variableValue>
  <variableValue variable="REMAR[year]">
    <value valueType="integer">91</value>
  </variableValue>
  <variableValue variable="rv[year]">
    <value valueType="integer">89</value>
  </variableValue>
  <variableValue variable="SAFE[year]">
    <value valueType="integer">1</value>
  </variableValue>
  <variableValue variable="SBHWY[year]">
    <value valueType="integer">5</value>
  </variableValue>
  <variableValue variable="SBTOWN[year]">
    <value valueType="integer">1</value>
  </variableValue>
  <variableValue variable="SELFBLOO[year]">
    <value valueType="integer">6</value>
  </variableValue>
  <variableValue variable="selfim[year]">
    <value valueType="decimal">57.285693759855086</value>
  </variableValue>
  <variableValue variable="SELFMAM[year]">
    <value valueType="integer">3</value>
  </variableValue>
  <variableValue variable="sex">
    <value valueType="integer">0</value>
  </variableValue>
  <variableValue variable="shop[year]">
    <value valueType="decimal">66.37379934836002</value>
  </variableValue>
  <variableValue variable="SIBS[year]">
    <value valueType="integer">10</value>
  </variableValue>
  <variableValue variable="SLEEP[year]">
    <value valueType="integer">4</value>
  </variableValue>
  <variableValue variable="smdvh[year]">
    <value valueType="integer">8</value>
  </variableValue>
  <variableValue variable="smdvl[year]">
    <value valueType="integer">67</value>
  </variableValue>
  <variableValue variable="SMK[year]">
    <value valueType="integer">1</value>
  </variableValue>
  <variableValue variable="SMOKE[year]">
    <value valueType="integer">2</value>
  </variableValue>
  <variableValue variable="SMOKEPAS[year]">
    <value valueType="decimal">83.9027151768233</value>
  </variableValue>
  <variableValue variable="SODA[year]">
    <value valueType="integer">4</value>
  </variableValue>
  <variableValue variable="SODIUM[year]">
    <value valueType="integer">2</value>
  </variableValue>
  <variableValue variable="SPBRN[year]">
    <value valueType="integer">94</value>
  </variableValue>
  <variableValue variable="spec[year]">
    <value valueType="decimal">2.410147650116823</value>
  </variableValue>
  <variableValue variable="SPEED[year]">
    <value valueType="integer">2</value>
  </variableValue>
  <variableValue variable="SPOCC[year]">
    <value valueType="integer">3</value>
  </variableValue>
  <variableValue variable="sport[year]">
    <value valueType="decimal">59.35752847637195</value>
  </variableValue>
  <variableValue variable="SPRVIS[year]">
    <value valueType="integer">1</value>
  </variableValue>
  <variableValue variable="SREYE[year]">
    <value valueType="integer">3</value>
  </variableValue>
  <variableValue variable="srh[year]">
    <value valueType="integer">3</value>
  </variableValue>
  <variableValue variable="SRHEALTH">
    <value valueType="integer">1</value>
  </variableValue>
  <variableValue variable="SRHEAR[year]">
    <value valueType="integer">1</value>
  </variableValue>
  <variableValue variable="sstot[year]">
    <value valueType="integer">14</value>
  </variableValue>
  <variableValue variable="STAIRS[year]">
    <value valueType="integer">5</value>
  </variableValue>
  <variableValue variable="TEA[year]">
    <value valueType="integer">2</value>
  </variableValue>
  <variableValue variable="TRAF[year]">
    <value valueType="integer">1</value>
  </variableValue>
  <variableValue variable="travel[year]">
    <value valueType="decimal">75.19000346559675</value>
  </variableValue>
  <variableValue variable="TREES[year]">
    <value valueType="integer">4</value>
  </variableValue>
  <variableValue variable="TRYSTOP[year]">
    <value valueType="integer">1</value>
  </variableValue>
  <variableValue variable="tv[year]">
    <value valueType="decimal">27.096381525307656</value>
  </variableValue>
  <variableValue variable="TYPBLD[year]">
    <value valueType="integer">3</value>
  </variableValue>
  <variableValue variable="UNIVEX[year]">
    <value valueType="integer">0</value>
  </variableValue>
  <variableValue variable="VEAL[year]">
    <value valueType="integer">1</value>
  </variableValue>
  <variableValue variable="vis[year]">
    <value valueType="decimal">39.85992729072703</value>
  </variableValue>
  <variableValue variable="vocab1[year]">
    <value valueType="integer">76</value>
  </variableValue>
  <variableValue variable="vocab2[year]">
    <value valueType="integer">77</value>
  </variableValue>
  <variableValue variable="VOCAT[year]">
    <value valueType="integer">0</value>
  </variableValue>
  <variableValue variable="vol[year]">
    <value valueType="decimal">48.298689252158965</value>
  </variableValue>
  <variableValue variable="walk[year]">
    <value valueType="decimal">25.969364718956456</value>
  </variableValue>
  <variableValue variable="WALK[year]">
    <value valueType="integer">3</value>
  </variableValue>
  <variableValue variable="wdflu[year]">
    <value valueType="integer">88</value>
  </variableValue>
  <variableValue variable="WEIGHT[year]">
    <value valueType="integer">47</value>
  </variableValue>
  <variableValue variable="WELL[year]">
    <value valueType="integer">1</value>
  </variableValue>
  <variableValue variable="WINE[year]">
    <value valueType="integer">38</value>
  </variableValue>
  <variableValue variable="write[year]">
    <value valueType="decimal">56.63937023676034</value>
  </variableValue>
  <variableValue variable="WRKPLC[year]">
    <value valueType="integer">1</value>
  </variableValue>
  <variableValue variable="WRKTYP[year]">
    <value valueType="integer">1</value>
  </variableValue>
  <variableValue variable="ws[year]">
    <value valueType="integer">1</value>
  </variableValue>
  <variableValue variable="YEAROP[year]">
    <value valueType="integer">17</value>
  </variableValue>
  <variableValue variable="YRQUIT[year]">
    <value valueType="integer">23</value>
  </variableValue>
  <variableValue variable="YRRET[year]">
    <value valueType="integer">95</value>
  </variableValue>
  <variableValue variable="YRSMOKE[year]">
    <value valueType="decimal">7.994997470761422</value>
  </variableValue>
</valueSet>