<valueSet valueTable="2008" entityType="Participant" entityIdentifier="14634916">
  <variableValue variable="ADLTED[year]">
    <value valueType="integer">1</value>
  </variableValue>
  <variableValue variable="ADVDIR[year]">
    <value valueType="integer">2</value>
  </variableValue>
  <variableValue variable="age[year]">
    <value valueType="integer">45</value>
  </variableValue>
  <variableValue variable="AGEKID[year]">
    <value valueType="integer">37</value>
  </variableValue>
  <variableValue variable="AGENB[year]">
    <value valueType="integer">4</value>
  </variableValue>
  <variableValue variable="AGEWED[year]">
    <value valueType="integer">11</value>
  </variableValue>
  <variableValue variable="AGFRN[year]">
    <value valueType="integer">4</value>
  </variableValue>
  <variableValue variable="AGREE[year]">
    <value valueType="integer">90</value>
  </variableValue>
  <variableValue variable="ALCOHOL[year]">
    <value valueType="integer">2</value>
  </variableValue>
  <variableValue variable="Apdemp[year]">
    <value valueType="decimal">12.019758182915885</value>
  </variableValue>
  <variableValue variable="ART[year]">
    <value valueType="integer">3</value>
  </variableValue>
  <variableValue variable="BDATE_DY">
    <value valueType="integer">94</value>
  </variableValue>
  <variableValue variable="BDATE_MO">
    <value valueType="integer">14</value>
  </variableValue>
  <variableValue variable="BDATE_YR">
    <value valueType="integer">75</value>
  </variableValue>
  <variableValue variable="BEEF[year]">
    <value valueType="integer">3</value>
  </variableValue>
  <variableValue variable="BEER[year]">
    <value valueType="integer">56</value>
  </variableValue>
  <variableValue variable="BLDLK[year]">
    <value valueType="integer">2</value>
  </variableValue>
  <variableValue variable="BLOODPRE[year]">
    <value valueType="integer">2</value>
  </variableValue>
  <variableValue variable="BOOK[year]">
    <value valueType="integer">1</value>
  </variableValue>
  <variableValue variable="BRUSH[year]">
    <value valueType="integer">54</value>
  </variableValue>
  <variableValue variable="BUTTER[year]">
    <value valueType="integer">2</value>
  </variableValue>
  <variableValue variable="BUYFAT[year]">
    <value valueType="integer">4</value>
  </variableValue>
  <variableValue variable="BUYSALT[year]">
    <value valueType="integer">2</value>
  </variableValue>
  <variableValue variable="CANCHK[year]">
    <value valueType="integer">1</value>
  </variableValue>
  <variableValue variable="cards[year]">
    <value valueType="decimal">60.31212546727478</value>
  </variableValue>
  <variableValue variable="CATARACT[year]">
    <value valueType="integer">2</value>
  </variableValue>
  <variableValue variable="CHKFAT[year]">
    <value valueType="integer">1</value>
  </variableValue>
  <variableValue variable="CHOLES[year]">
    <value valueType="integer">6</value>
  </variableValue>
  <variableValue variable="chur[year]">
    <value valueType="decimal">40.59454323588736</value>
  </variableValue>
  <variableValue variable="CIGARDAY[year]">
    <value valueType="integer">1</value>
  </variableValue>
  <variableValue variable="CIGARS[year]">
    <value valueType="integer">3</value>
  </variableValue>
  <variableValue variable="CIGDAY[year]">
    <value valueType="integer">1</value>
  </variableValue>
  <variableValue variable="CIGS[year]">
    <value valueType="integer">1</value>
  </variableValue>
  <variableValue variable="CLNAIR[year]">
    <value valueType="integer">2</value>
  </variableValue>
  <variableValue variable="COFFEE[year]">
    <value valueType="integer">6</value>
  </variableValue>
  <variableValue variable="CONSCIEN[year]">
    <value valueType="integer">100</value>
  </variableValue>
  <variableValue variable="cook[year]">
    <value valueType="decimal">87.49860338548757</value>
  </variableValue>
  <variableValue variable="COOKBUT[year]">
    <value valueType="integer">1</value>
  </variableValue>
  <variableValue variable="CORS[year]">
    <value valueType="integer">0</value>
  </variableValue>
  <variableValue variable="crafts[year]">
    <value valueType="decimal">42.39828769087989</value>
  </variableValue>
  <variableValue variable="crdp1[year]">
    <value valueType="integer">28</value>
  </variableValue>
  <variableValue variable="crdp2[year]">
    <value valueType="integer">3</value>
  </variableValue>
  <variableValue variable="cult[year]">
    <value valueType="decimal">64.98699592983458</value>
  </variableValue>
  <variableValue variable="dance[year]">
    <value valueType="decimal">88.9379403514201</value>
  </variableValue>
  <variableValue variable="DENTIST[year]">
    <value valueType="integer">4</value>
  </variableValue>
  <variableValue variable="DENTURE[year]">
    <value valueType="integer">2</value>
  </variableValue>
  <variableValue variable="DIABET[year]">
    <value valueType="integer">1</value>
  </variableValue>
  <variableValue variable="DRMAM[year]">
    <value valueType="integer">2</value>
  </variableValue>
  <variableValue variable="DRVISIT[year]">
    <value valueType="integer">87</value>
  </variableValue>
  <variableValue variable="dydrm[year]">
    <value valueType="decimal">72.172287874207</value>
  </variableValue>
  <variableValue variable="EARCHK[year]">
    <value valueType="integer">1</value>
  </variableValue>
  <variableValue variable="eatout[year]">
    <value valueType="decimal">6.154974480282194</value>
  </variableValue>
  <variableValue variable="EATSALT[year]">
    <value valueType="integer">5</value>
  </variableValue>
  <variableValue variable="edact[year]">
    <value valueType="decimal">67.1388062250339</value>
  </variableValue>
  <variableValue variable="educ">
    <value valueType="integer">96</value>
  </variableValue>
  <variableValue variable="EDUC[year]">
    <value valueType="integer">62</value>
  </variableValue>
  <variableValue variable="EGG[year]">
    <value valueType="integer">4</value>
  </variableValue>
  <variableValue variable="eldcar[year]">
    <value valueType="decimal">59.88437317386893</value>
  </variableValue>
  <variableValue variable="ELDCAR[year]">
    <value valueType="decimal">44.49954889911582</value>
  </variableValue>
  <variableValue variable="ENT1[year]">
    <value valueType="integer">11</value>
  </variableValue>
  <variableValue variable="ENT2[year]">
    <value valueType="integer">14</value>
  </variableValue>
  <variableValue variable="ENT3[year]">
    <value valueType="integer">9</value>
  </variableValue>
  <variableValue variable="eth[year]">
    <value valueType="integer">57</value>
  </variableValue>
  <variableValue variable="EXCERTOT[year]">
    <value valueType="decimal">39.21447138332363</value>
  </variableValue>
  <variableValue variable="EXCERWK[year]">
    <value valueType="integer">88</value>
  </variableValue>
  <variableValue variable="EXTRAVER[year]">
    <value valueType="integer">33</value>
  </variableValue>
  <variableValue variable="EYECHG[year]">
    <value valueType="integer">5</value>
  </variableValue>
  <variableValue variable="EYECHK[year]">
    <value valueType="integer">0</value>
  </variableValue>
  <variableValue variable="EYEGLAS[year]">
    <value valueType="integer">2</value>
  </variableValue>
  <variableValue variable="FAGE[year]">
    <value valueType="integer">84</value>
  </variableValue>
  <variableValue variable="FAITH[year]">
    <value valueType="integer">3</value>
  </variableValue>
  <variableValue variable="FALLS[year]">
    <value valueType="integer">4</value>
  </variableValue>
  <variableValue variable="FCAUSE[year]">
    <value valueType="integer">11</value>
  </variableValue>
  <variableValue variable="FDIE[year]">
    <value valueType="integer">18</value>
  </variableValue>
  <variableValue variable="FIC[year]">
    <value valueType="integer">73</value>
  </variableValue>
  <variableValue variable="fit[year]">
    <value valueType="decimal">8.794721972716967</value>
  </variableValue>
  <variableValue variable="FLIVE[year]">
    <value valueType="integer">1</value>
  </variableValue>
  <variableValue variable="FLOSS[year]">
    <value valueType="integer">3</value>
  </variableValue>
  <variableValue variable="FLUSHOT[year]">
    <value valueType="integer">3</value>
  </variableValue>
  <variableValue variable="fr[year]">
    <value valueType="integer">98</value>
  </variableValue>
  <variableValue variable="fratt[year]">
    <value valueType="integer">21</value>
  </variableValue>
  <variableValue variable="frcr[year]">
    <value valueType="integer">86</value>
  </variableValue>
  <variableValue variable="fromt[year]">
    <value valueType="integer">45</value>
  </variableValue>
  <variableValue variable="frwg[year]">
    <value valueType="integer">36</value>
  </variableValue>
  <variableValue variable="game[year]">
    <value valueType="decimal">42.63062686975505</value>
  </variableValue>
  <variableValue variable="gds[year]1 –  gds[year]30">
    <value valueType="integer">1</value>
  </variableValue>
  <variableValue variable="gdstot[year]">
    <value valueType="integer">48</value>
  </variableValue>
  <variableValue variable="HANDS[year]">
    <value valueType="decimal">93.40538619167224</value>
  </variableValue>
  <variableValue variable="HARDLIQ[year]">
    <value valueType="integer">41</value>
  </variableValue>
  <variableValue variable="HEALTHCH[year]">
    <value valueType="integer">5</value>
  </variableValue>
  <variableValue variable="HEARAID[year]">
    <value valueType="integer">1</value>
  </variableValue>
  <variableValue variable="HEARCHG[year]">
    <value valueType="integer">4</value>
  </variableValue>
  <variableValue variable="HEARSPEC[year]">
    <value valueType="integer">1</value>
  </variableValue>
  <variableValue variable="HEART[year]">
    <value valueType="integer">3</value>
  </variableValue>
  <variableValue variable="HEIGHT[year]">
    <value valueType="integer">43</value>
  </variableValue>
  <variableValue variable="HHEIGHT[year]">
    <value valueType="integer">59</value>
  </variableValue>
  <variableValue variable="HIGHBLOO[year]">
    <value valueType="integer">1</value>
  </variableValue>
  <variableValue variable="HJOBTP[year]">
    <value valueType="integer">0</value>
  </variableValue>
  <variableValue variable="HMKHD[year]">
    <value valueType="decimal">41.962141564411915</value>
  </variableValue>
  <variableValue variable="HMKJB[year]">
    <value valueType="integer">100</value>
  </variableValue>
  <variableValue variable="HMKPE[year]">
    <value valueType="decimal">59.60796909622582</value>
  </variableValue>
  <variableValue variable="HMKPRS[year]">
    <value valueType="integer">3</value>
  </variableValue>
  <variableValue variable="HMKR[year]">
    <value valueType="integer">88</value>
  </variableValue>
  <variableValue variable="HMKRD[year]">
    <value valueType="decimal">30.623132958291997</value>
  </variableValue>
  <variableValue variable="HOSDAYS[year]">
    <value valueType="integer">29</value>
  </variableValue>
  <variableValue variable="HOSVISIT[year]">
    <value valueType="integer">1</value>
  </variableValue>
  <variableValue variable="HWEIGHT[year]">
    <value valueType="integer">65</value>
  </variableValue>
  <variableValue variable="INC[year]">
    <value valueType="integer">2</value>
  </variableValue>
  <variableValue variable="INC84[year]">
    <value valueType="integer">15</value>
  </variableValue>
  <variableValue variable="instr[year]">
    <value valueType="decimal">31.941063088402966</value>
  </variableValue>
  <variableValue variable="ir[year]a1 - ir[year]a20">
    <value valueType="integer">1</value>
  </variableValue>
  <variableValue variable="ir[year]b1 - ir[year]b20">
    <value valueType="integer">1</value>
  </variableValue>
  <variableValue variable="JOBLEN[year]">
    <value valueType="integer">1</value>
  </variableValue>
  <variableValue variable="JOBTYP[year]">
    <value valueType="integer">8</value>
  </variableValue>
  <variableValue variable="kidcar[year]">
    <value valueType="decimal">84.43719244964373</value>
  </variableValue>
  <variableValue variable="LAMB[year]">
    <value valueType="integer">2</value>
  </variableValue>
  <variableValue variable="lettot[year]">
    <value valueType="integer">91</value>
  </variableValue>
  <variableValue variable="LFST84[year]">
    <value valueType="integer">4</value>
  </variableValue>
  <variableValue variable="LIFSAT[year]">
    <value valueType="integer">3</value>
  </variableValue>
  <variableValue variable="LIVESMOK[year]">
    <value valueType="integer">3</value>
  </variableValue>
  <variableValue variable="ls[year]">
    <value valueType="integer">57</value>
  </variableValue>
  <variableValue variable="LSTJOB[year]">
    <value valueType="integer">2</value>
  </variableValue>
  <variableValue variable="LVNGWILL[year]">
    <value valueType="integer">1</value>
  </variableValue>
  <variableValue variable="MAGE[year]">
    <value valueType="integer">96</value>
  </variableValue>
  <variableValue variable="MAM[year]">
    <value valueType="integer">1</value>
  </variableValue>
  <variableValue variable="MAM2YR[year]">
    <value valueType="integer">2</value>
  </variableValue>
  <variableValue variable="MAMAGE[year]">
    <value valueType="integer">37</value>
  </variableValue>
  <variableValue variable="MAMEXAM[year]">
    <value valueType="integer">14</value>
  </variableValue>
  <variableValue variable="MASTECT[year]">
    <value valueType="integer">3</value>
  </variableValue>
  <variableValue variable="MCAUSE[year]">
    <value valueType="integer">13</value>
  </variableValue>
  <variableValue variable="MDIE[year]">
    <value valueType="integer">85</value>
  </variableValue>
  <variableValue variable="MED[year]">
    <value valueType="integer">2</value>
  </variableValue>
  <variableValue variable="MENAGE[year]">
    <value valueType="integer">55</value>
  </variableValue>
  <variableValue variable="MENHIST[year]">
    <value valueType="integer">52</value>
  </variableValue>
  <variableValue variable="MENSIT[year]">
    <value valueType="integer">3</value>
  </variableValue>
  <variableValue variable="MFQ[year]1">
    <value valueType="decimal">57.00802633735701</value>
  </variableValue>
  <variableValue variable="MFQ[year]2A">
    <value valueType="decimal">88.80114100634624</value>
  </variableValue>
  <variableValue variable="MFQ[year]2B">
    <value valueType="decimal">10.71640948229936</value>
  </variableValue>
  <variableValue variable="MFQ[year]2C">
    <value valueType="decimal">24.94558470184294</value>
  </variableValue>
  <variableValue variable="MFQ[year]2D">
    <value valueType="decimal">91.38722397251276</value>
  </variableValue>
  <variableValue variable="MFQ[year]2E">
    <value valueType="decimal">33.50308201818476</value>
  </variableValue>
  <variableValue variable="MFQ[year]3A">
    <value valueType="decimal">89.13423679996009</value>
  </variableValue>
  <variableValue variable="MFQ[year]3B">
    <value valueType="decimal">62.28899159976151</value>
  </variableValue>
  <variableValue variable="MFQ[year]3C">
    <value valueType="decimal">91.4950262289199</value>
  </variableValue>
  <variableValue variable="MFQ[year]3D">
    <value valueType="decimal">41.25615119295855</value>
  </variableValue>
  <variableValue variable="MFQ[year]3E">
    <value valueType="decimal">83.88305970201193</value>
  </variableValue>
  <variableValue variable="MFQ[year]3F">
    <value valueType="decimal">41.012155845573105</value>
  </variableValue>
  <variableValue variable="MFQ[year]3G">
    <value valueType="decimal">37.79412770117487</value>
  </variableValue>
  <variableValue variable="MFQ[year]3H">
    <value valueType="decimal">6.044876721058346</value>
  </variableValue>
  <variableValue variable="MFQ[year]3I">
    <value valueType="decimal">80.8387253361643</value>
  </variableValue>
  <variableValue variable="MFQ[year]3J">
    <value valueType="decimal">13.477744332979135</value>
  </variableValue>
  <variableValue variable="MFQ[year]3K">
    <value valueType="decimal">37.9482420244741</value>
  </variableValue>
  <variableValue variable="MFQ[year]3L">
    <value valueType="decimal">19.410187361896636</value>
  </variableValue>
  <variableValue variable="MFQ[year]3M">
    <value valueType="decimal">71.45160698799548</value>
  </variableValue>
  <variableValue variable="MFQ[year]3N">
    <value valueType="decimal">54.371119778212986</value>
  </variableValue>
  <variableValue variable="MFQ[year]3O">
    <value valueType="decimal">41.7379324727558</value>
  </variableValue>
  <variableValue variable="MFQ[year]3P">
    <value valueType="decimal">89.87813802364875</value>
  </variableValue>
  <variableValue variable="MFQ[year]3Q">
    <value valueType="decimal">49.070023251933684</value>
  </variableValue>
  <variableValue variable="MFQ[year]3R">
    <value valueType="decimal">31.368882004236266</value>
  </variableValue>
  <variableValue variable="MFQ[year]4A">
    <value valueType="decimal">91.51577466630286</value>
  </variableValue>
  <variableValue variable="MFQ[year]4B">
    <value valueType="decimal">74.73234476852346</value>
  </variableValue>
  <variableValue variable="MFQ[year]4C">
    <value valueType="decimal">1.2049229318636834</value>
  </variableValue>
  <variableValue variable="MFQ[year]4D">
    <value valueType="decimal">59.25862330602513</value>
  </variableValue>
  <variableValue variable="MFQ[year]4E">
    <value valueType="decimal">70.04474146224841</value>
  </variableValue>
  <variableValue variable="MFQ[year]5A">
    <value valueType="decimal">38.04916342458926</value>
  </variableValue>
  <variableValue variable="MFQ[year]5B">
    <value valueType="decimal">92.05039033996721</value>
  </variableValue>
  <variableValue variable="MFQ[year]5C">
    <value valueType="decimal">85.85270845417956</value>
  </variableValue>
  <variableValue variable="MFQ[year]5D">
    <value valueType="decimal">79.53632945512106</value>
  </variableValue>
  <variableValue variable="MFQ[year]5E">
    <value valueType="decimal">56.04361522314769</value>
  </variableValue>
  <variableValue variable="MFQ[year]6A">
    <value valueType="decimal">28.10972498170886</value>
  </variableValue>
  <variableValue variable="MFQ[year]6B">
    <value valueType="decimal">54.230472497294215</value>
  </variableValue>
  <variableValue variable="MFQ[year]6C">
    <value valueType="decimal">35.80259547260209</value>
  </variableValue>
  <variableValue variable="MFQ[year]6D">
    <value valueType="decimal">1.027913514680312</value>
  </variableValue>
  <variableValue variable="MFQ[year]7A">
    <value valueType="decimal">26.436969445800962</value>
  </variableValue>
  <variableValue variable="MFQ[year]7B">
    <value valueType="decimal">35.15946628009641</value>
  </variableValue>
  <variableValue variable="MFQ[year]7C">
    <value valueType="decimal">89.65898173729325</value>
  </variableValue>
  <variableValue variable="MFQ[year]7D">
    <value valueType="decimal">48.66340712438355</value>
  </variableValue>
  <variableValue variable="MFQ[year]7E">
    <value valueType="decimal">59.788929300623586</value>
  </variableValue>
  <variableValue variable="MFQ[year]7F">
    <value valueType="decimal">25.987912744333986</value>
  </variableValue>
  <variableValue variable="MFQ[year]7G">
    <value valueType="decimal">94.0623937139979</value>
  </variableValue>
  <variableValue variable="MFQ[year]7H">
    <value valueType="decimal">69.69059136178284</value>
  </variableValue>
  <variableValue variable="MFQ[year]7I">
    <value valueType="decimal">35.89289677887402</value>
  </variableValue>
  <variableValue variable="MFQ[year]7J">
    <value valueType="decimal">67.86687786469433</value>
  </variableValue>
  <variableValue variable="MFQ[year]7K">
    <value valueType="decimal">19.94168753191251</value>
  </variableValue>
  <variableValue variable="MFQ[year]7L">
    <value valueType="decimal">86.95084214087595</value>
  </variableValue>
  <variableValue variable="MFQ[year]7M">
    <value valueType="decimal">79.07042024738944</value>
  </variableValue>
  <variableValue variable="MFQ[year]7N">
    <value valueType="decimal">41.85207969379121</value>
  </variableValue>
  <variableValue variable="MFQ[year]7O">
    <value valueType="decimal">86.27540207268949</value>
  </variableValue>
  <variableValue variable="MFQ[year]7P">
    <value valueType="decimal">1.267308707039383</value>
  </variableValue>
  <variableValue variable="MFQ[year]7Q">
    <value valueType="decimal">21.617641825974733</value>
  </variableValue>
  <variableValue variable="MFQ[year]7R">
    <value valueType="decimal">66.25168145254439</value>
  </variableValue>
  <variableValue variable="MFQ[year]8A">
    <value valueType="decimal">10.69417474392167</value>
  </variableValue>
  <variableValue variable="MFQ[year]8B">
    <value valueType="decimal">15.631446352744671</value>
  </variableValue>
  <variableValue variable="MFQ[year]8C">
    <value valueType="decimal">79.62786663071068</value>
  </variableValue>
  <variableValue variable="MFQ[year]8D">
    <value valueType="decimal">32.527780300455</value>
  </variableValue>
  <variableValue variable="MFQ[year]8E">
    <value valueType="decimal">5.732961605055853</value>
  </variableValue>
  <variableValue variable="MFQ[year]8F">
    <value valueType="decimal">16.145454734866995</value>
  </variableValue>
  <variableValue variable="MFQ[year]8G">
    <value valueType="decimal">83.35219602883873</value>
  </variableValue>
  <variableValue variable="MFQ[year]8H">
    <value valueType="decimal">85.12578371770061</value>
  </variableValue>
  <variableValue variable="MFQ1[year]">
    <value valueType="integer">10</value>
  </variableValue>
  <variableValue variable="mfq1[year]">
    <value valueType="decimal">53.55439782589482</value>
  </variableValue>
  <variableValue variable="MFQ2[year]">
    <value valueType="integer">74</value>
  </variableValue>
  <variableValue variable="mfq2[year]">
    <value valueType="decimal">55.7291943992743</value>
  </variableValue>
  <variableValue variable="MFQ3[year]">
    <value valueType="integer">73</value>
  </variableValue>
  <variableValue variable="mfq3[year]">
    <value valueType="decimal">0.6727618168890226</value>
  </variableValue>
  <variableValue variable="MFQ4[year]">
    <value valueType="integer">44</value>
  </variableValue>
  <variableValue variable="mfq4[year]">
    <value valueType="decimal">78.41943272552714</value>
  </variableValue>
  <variableValue variable="MLIVE[year]">
    <value valueType="integer">1</value>
  </variableValue>
  <variableValue variable="MOMWK[year]">
    <value valueType="integer">1</value>
  </variableValue>
  <variableValue variable="movie[year]">
    <value valueType="decimal">84.3747446613606</value>
  </variableValue>
  <variableValue variable="MSTA84[year]">
    <value valueType="integer">2</value>
  </variableValue>
  <variableValue variable="MSTAT[year]">
    <value valueType="integer">1</value>
  </variableValue>
  <variableValue variable="NBKS[year]">
    <value valueType="integer">75</value>
  </variableValue>
  <variableValue variable="NCONF[year]">
    <value valueType="integer">81</value>
  </variableValue>
  <variableValue variable="NEEDCATA[year]">
    <value valueType="integer">4</value>
  </variableValue>
  <variableValue variable="NEMP[year]">
    <value valueType="integer">81</value>
  </variableValue>
  <variableValue variable="NEUROTIC[year]">
    <value valueType="integer">21</value>
  </variableValue>
  <variableValue variable="NEWPRNT[year]">
    <value valueType="integer">4</value>
  </variableValue>
  <variableValue variable="nfr[year]">
    <value valueType="integer">20</value>
  </variableValue>
  <variableValue variable="NFRN[year]">
    <value valueType="integer">2</value>
  </variableValue>
  <variableValue variable="NGRNKD[year]">
    <value valueType="integer">62</value>
  </variableValue>
  <variableValue variable="NJOB[year]">
    <value valueType="integer">11</value>
  </variableValue>
  <variableValue variable="NKDHM[year]">
    <value valueType="integer">12</value>
  </variableValue>
  <variableValue variable="NKIDS[year]">
    <value valueType="integer">10</value>
  </variableValue>
  <variableValue variable="NMAG[year]">
    <value valueType="integer">56</value>
  </variableValue>
  <variableValue variable="NMOV[year]">
    <value valueType="integer">63</value>
  </variableValue>
  <variableValue variable="NMTG[year]">
    <value valueType="integer">70</value>
  </variableValue>
  <variableValue variable="NNEIG[year]">
    <value valueType="integer">1</value>
  </variableValue>
  <variableValue variable="NOBR[year]">
    <value valueType="integer">41</value>
  </variableValue>
  <variableValue variable="NOISE[year]">
    <value valueType="integer">4</value>
  </variableValue>
  <variableValue variable="NONFIC[year]">
    <value valueType="integer">37</value>
  </variableValue>
  <variableValue variable="nor[year]">
    <value valueType="integer">93</value>
  </variableValue>
  <variableValue variable="norcr[year]">
    <value valueType="integer">52</value>
  </variableValue>
  <variableValue variable="NOSIS[year]">
    <value valueType="integer">84</value>
  </variableValue>
  <variableValue variable="NOWRK[year]">
    <value valueType="integer">3</value>
  </variableValue>
  <variableValue variable="NRMS[year]">
    <value valueType="integer">97</value>
  </variableValue>
  <variableValue variable="nsp08">
    <value valueType="integer">73</value>
  </variableValue>
  <variableValue variable="NSTATE[year]">
    <value valueType="integer">65</value>
  </variableValue>
  <variableValue variable="NTRAD[year]">
    <value valueType="integer">31</value>
  </variableValue>
  <variableValue variable="NTRIPS[year]">
    <value valueType="integer">72</value>
  </variableValue>
  <variableValue variable="numtot[year]">
    <value valueType="integer">5</value>
  </variableValue>
  <variableValue variable="NVISIT[year]">
    <value valueType="integer">2</value>
  </variableValue>
  <variableValue variable="NWED[year]">
    <value valueType="integer">63</value>
  </variableValue>
  <variableValue variable="NYBR[year]">
    <value valueType="integer">36</value>
  </variableValue>
  <variableValue variable="NYSIS[year]">
    <value valueType="integer">9</value>
  </variableValue>
  <variableValue variable="OBGYN[year]">
    <value valueType="integer">3</value>
  </variableValue>
  <variableValue variable="OCC[year]">
    <value valueType="integer">4</value>
  </variableValue>
  <variableValue variable="OCC84[year]">
    <value valueType="integer">9</value>
  </variableValue>
  <variableValue variable="OPEN[year]">
    <value valueType="integer">36</value>
  </variableValue>
  <variableValue variable="or[year]">
    <value valueType="integer">94</value>
  </variableValue>
  <variableValue variable="oratt[year]">
    <value valueType="integer">94</value>
  </variableValue>
  <variableValue variable="ORGAN[year]">
    <value valueType="integer">4</value>
  </variableValue>
  <variableValue variable="oromt[year]">
    <value valueType="integer">30</value>
  </variableValue>
  <variableValue variable="orwg[year]">
    <value valueType="integer">70</value>
  </variableValue>
  <variableValue variable="OTJ[year]">
    <value valueType="integer">1</value>
  </variableValue>
  <variableValue variable="outhob[year]">
    <value valueType="decimal">4.0216326565345355</value>
  </variableValue>
  <variableValue variable="OWNHM[year]">
    <value valueType="integer">0</value>
  </variableValue>
  <variableValue variable="PAINREL[year]">
    <value valueType="integer">2</value>
  </variableValue>
  <variableValue variable="PAP[year]">
    <value valueType="integer">2</value>
  </variableValue>
  <variableValue variable="party[year]">
    <value valueType="decimal">10.014583499533735</value>
  </variableValue>
  <variableValue variable="pase1">
    <value valueType="integer">2</value>
  </variableValue>
  <variableValue variable="pase10">
    <value valueType="integer">1</value>
  </variableValue>
  <variableValue variable="pase10a">
    <value valueType="decimal">95.76379738417204</value>
  </variableValue>
  <variableValue variable="pase10b">
    <value valueType="integer">2</value>
  </variableValue>
  <variableValue variable="pase1b">
    <value valueType="integer">2</value>
  </variableValue>
  <variableValue variable="pase2">
    <value valueType="integer">0</value>
  </variableValue>
  <variableValue variable="pase2a">
    <value valueType="integer">2</value>
  </variableValue>
  <variableValue variable="pase3">
    <value valueType="integer">3</value>
  </variableValue>
  <variableValue variable="pase3b">
    <value valueType="integer">1</value>
  </variableValue>
  <variableValue variable="pase4">
    <value valueType="integer">3</value>
  </variableValue>
  <variableValue variable="pase4b">
    <value valueType="integer">3</value>
  </variableValue>
  <variableValue variable="pase5">
    <value valueType="integer">2</value>
  </variableValue>
  <variableValue variable="pase5b">
    <value valueType="integer">2</value>
  </variableValue>
  <variableValue variable="pase6">
    <value valueType="integer">3</value>
  </variableValue>
  <variableValue variable="pase6b">
    <value valueType="integer">2</value>
  </variableValue>
  <variableValue variable="pase7">
    <value valueType="integer">1</value>
  </variableValue>
  <variableValue variable="pase8">
    <value valueType="integer">1</value>
  </variableValue>
  <variableValue variable="pase9a - pase9d">
    <value valueType="integer">0</value>
  </variableValue>
  <variableValue variable="pattot[year]">
    <value valueType="integer">20</value>
  </variableValue>
  <variableValue variable="PDEMP[year]">
    <value valueType="integer">1</value>
  </variableValue>
  <variableValue variable="PEOP[year]">
    <value valueType="decimal">86.59674699333209</value>
  </variableValue>
  <variableValue variable="pets[year]">
    <value valueType="decimal">67.32107940197967</value>
  </variableValue>
  <variableValue variable="phone[year]">
    <value valueType="decimal">94.01048826678648</value>
  </variableValue>
  <variableValue variable="picnic[year]">
    <value valueType="decimal">85.51603074692339</value>
  </variableValue>
  <variableValue variable="PIPEDAY[year]">
    <value valueType="integer">2</value>
  </variableValue>
  <variableValue variable="PIPES[year]">
    <value valueType="integer">2</value>
  </variableValue>
  <variableValue variable="pirr1[year]">
    <value valueType="integer">65</value>
  </variableValue>
  <variableValue variable="pirr2[year]">
    <value valueType="integer">2</value>
  </variableValue>
  <variableValue variable="PORK[year]">
    <value valueType="integer">5</value>
  </variableValue>
  <variableValue variable="ppr1[year]">
    <value valueType="integer">89</value>
  </variableValue>
  <variableValue variable="ppr2[year]">
    <value valueType="integer">94</value>
  </variableValue>
  <variableValue variable="ppr3[year]">
    <value valueType="integer">78</value>
  </variableValue>
  <variableValue variable="pray[year]">
    <value valueType="decimal">31.977646348583132</value>
  </variableValue>
  <variableValue variable="PRESR[year]">
    <value valueType="integer">2</value>
  </variableValue>
  <variableValue variable="PRO2YR[year]">
    <value valueType="integer">2</value>
  </variableValue>
  <variableValue variable="PROAGE[year]">
    <value valueType="integer">52</value>
  </variableValue>
  <variableValue variable="PROENLAR[year]">
    <value valueType="integer">2</value>
  </variableValue>
  <variableValue variable="PROEXAM[year]">
    <value valueType="integer">14</value>
  </variableValue>
  <variableValue variable="PROS[year]">
    <value valueType="integer">1</value>
  </variableValue>
  <variableValue variable="PROSUC[year]">
    <value valueType="integer">1</value>
  </variableValue>
  <variableValue variable="PRSC84[year]">
    <value valueType="integer">5</value>
  </variableValue>
  <variableValue variable="radio[year]">
    <value valueType="decimal">24.999181839730966</value>
  </variableValue>
  <variableValue variable="RDPAPR[year]">
    <value valueType="integer">0</value>
  </variableValue>
  <variableValue variable="RDWRIT[year]">
    <value valueType="decimal">84.21059194361665</value>
  </variableValue>
  <variableValue variable="read[year]">
    <value valueType="decimal">30.458207633876235</value>
  </variableValue>
  <variableValue variable="REGULAR[year]">
    <value valueType="integer">2</value>
  </variableValue>
  <variableValue variable="REMAR[year]">
    <value valueType="integer">33</value>
  </variableValue>
  <variableValue variable="rv[year]">
    <value valueType="integer">7</value>
  </variableValue>
  <variableValue variable="SAFE[year]">
    <value valueType="integer">0</value>
  </variableValue>
  <variableValue variable="SBHWY[year]">
    <value valueType="integer">4</value>
  </variableValue>
  <variableValue variable="SBTOWN[year]">
    <value valueType="integer">3</value>
  </variableValue>
  <variableValue variable="SELFBLOO[year]">
    <value valueType="integer">1</value>
  </variableValue>
  <variableValue variable="selfim[year]">
    <value valueType="decimal">9.246347350309359</value>
  </variableValue>
  <variableValue variable="SELFMAM[year]">
    <value valueType="integer">4</value>
  </variableValue>
  <variableValue variable="sex">
    <value valueType="integer">1</value>
  </variableValue>
  <variableValue variable="shop[year]">
    <value valueType="decimal">5.835187087441051</value>
  </variableValue>
  <variableValue variable="SIBS[year]">
    <value valueType="integer">12</value>
  </variableValue>
  <variableValue variable="SLEEP[year]">
    <value valueType="integer">5</value>
  </variableValue>
  <variableValue variable="smdvh[year]">
    <value valueType="integer">55</value>
  </variableValue>
  <variableValue variable="smdvl[year]">
    <value valueType="integer">32</value>
  </variableValue>
  <variableValue variable="SMK[year]">
    <value valueType="integer">0</value>
  </variableValue>
  <variableValue variable="SMOKE[year]">
    <value valueType="integer">1</value>
  </variableValue>
  <variableValue variable="SMOKEPAS[year]">
    <value valueType="decimal">60.53312060145784</value>
  </variableValue>
  <variableValue variable="SODA[year]">
    <value valueType="integer">2</value>
  </variableValue>
  <variableValue variable="SODIUM[year]">
    <value valueType="integer">3</value>
  </variableValue>
  <variableValue variable="SPBRN[year]">
    <value valueType="integer">27</value>
  </variableValue>
  <variableValue variable="spec[year]">
    <value valueType="decimal">53.97215032484042</value>
  </variableValue>
  <variableValue variable="SPEED[year]">
    <value valueType="integer">1</value>
  </variableValue>
  <variableValue variable="SPOCC[year]">
    <value valueType="integer">8</value>
  </variableValue>
  <variableValue variable="sport[year]">
    <value valueType="decimal">68.42239915534685</value>
  </variableValue>
  <variableValue variable="SPRVIS[year]">
    <value valueType="integer">2</value>
  </variableValue>
  <variableValue variable="SREYE[year]">
    <value valueType="integer">2</value>
  </variableValue>
  <variableValue variable="srh[year]">
    <value valueType="integer">1</value>
  </variableValue>
  <variableValue variable="SRHEALTH">
    <value valueType="integer">1</value>
  </variableValue>
  <variableValue variable="SRHEAR[year]">
    <value valueType="integer">6</value>
  </variableValue>
  <variableValue variable="sstot[year]">
    <value valueType="integer">79</value>
  </variableValue>
  <variableValue variable="STAIRS[year]">
    <value valueType="integer">3</value>
  </variableValue>
  <variableValue variable="TEA[year]">
    <value valueType="integer">2</value>
  </variableValue>
  <variableValue variable="TRAF[year]">
    <value valueType="integer">1</value>
  </variableValue>
  <variableValue variable="travel[year]">
    <value valueType="decimal">24.87483907527007</value>
  </variableValue>
  <variableValue variable="TREES[year]">
    <value valueType="integer">1</value>
  </variableValue>
  <variableValue variable="TRYSTOP[year]">
    <value valueType="integer">2</value>
  </variableValue>
  <variableValue variable="tv[year]">
    <value valueType="decimal">55.352629334483396</value>
  </variableValue>
  <variableValue variable="TYPBLD[year]">
    <value valueType="integer">4</value>
  </variableValue>
  <variableValue variable="UNIVEX[year]">
    <value valueType="integer">1</value>
  </variableValue>
  <variableValue variable="VEAL[year]">
    <value valueType="integer">5</value>
  </variableValue>
  <variableValue variable="vis[year]">
    <value valueType="decimal">97.05885555221275</value>
  </variableValue>
  <variableValue variable="vocab1[year]">
    <value valueType="integer">97</value>
  </variableValue>
  <variableValue variable="vocab2[year]">
    <value valueType="integer">73</value>
  </variableValue>
  <variableValue variable="VOCAT[year]">
    <value valueType="integer">1</value>
  </variableValue>
  <variableValue variable="vol[year]">
    <value valueType="decimal">59.795295987216065</value>
  </variableValue>
  <variableValue variable="walk[year]">
    <value valueType="decimal">67.41612627587611</value>
  </variableValue>
  <variableValue variable="WALK[year]">
    <value valueType="integer">2</value>
  </variableValue>
  <variableValue variable="wdflu[year]">
    <value valueType="integer">47</value>
  </variableValue>
  <variableValue variable="WEIGHT[year]">
    <value valueType="integer">70</value>
  </variableValue>
  <variableValue variable="WELL[year]">
    <value valueType="integer">1</value>
  </variableValue>
  <variableValue variable="WINE[year]">
    <value valueType="integer">94</value>
  </variableValue>
  <variableValue variable="write[year]">
    <value valueType="decimal">6.7077517230719526</value>
  </variableValue>
  <variableValue variable="WRKPLC[year]">
    <value valueType="integer">3</value>
  </variableValue>
  <variableValue variable="WRKTYP[year]">
    <value valueType="integer">1</value>
  </variableValue>
  <variableValue variable="ws[year]">
    <value valueType="integer">29</value>
  </variableValue>
  <variableValue variable="YEAROP[year]">
    <value valueType="integer">46</value>
  </variableValue>
  <variableValue variable="YRQUIT[year]">
    <value valueType="integer">12</value>
  </variableValue>
  <variableValue variable="YRRET[year]">
    <value valueType="integer">30</value>
  </variableValue>
  <variableValue variable="YRSMOKE[year]">
    <value valueType="decimal">89.32144629030219</value>
  </variableValue>
</valueSet>