<valueSet valueTable="2008" entityType="Participant" entityIdentifier="16873481">
  <variableValue variable="ADLTED[year]">
    <value valueType="integer">0</value>
  </variableValue>
  <variableValue variable="ADVDIR[year]">
    <value valueType="integer">1</value>
  </variableValue>
  <variableValue variable="age[year]">
    <value valueType="integer">11</value>
  </variableValue>
  <variableValue variable="AGEKID[year]">
    <value valueType="integer">28</value>
  </variableValue>
  <variableValue variable="AGENB[year]">
    <value valueType="integer">4</value>
  </variableValue>
  <variableValue variable="AGEWED[year]">
    <value valueType="integer">49</value>
  </variableValue>
  <variableValue variable="AGFRN[year]">
    <value valueType="integer">3</value>
  </variableValue>
  <variableValue variable="AGREE[year]">
    <value valueType="integer">73</value>
  </variableValue>
  <variableValue variable="ALCOHOL[year]">
    <value valueType="integer">7</value>
  </variableValue>
  <variableValue variable="Apdemp[year]">
    <value valueType="decimal">45.594241958722414</value>
  </variableValue>
  <variableValue variable="ART[year]">
    <value valueType="integer">3</value>
  </variableValue>
  <variableValue variable="BDATE_DY">
    <value valueType="integer">3</value>
  </variableValue>
  <variableValue variable="BDATE_MO">
    <value valueType="integer">71</value>
  </variableValue>
  <variableValue variable="BDATE_YR">
    <value valueType="integer">73</value>
  </variableValue>
  <variableValue variable="BEEF[year]">
    <value valueType="integer">5</value>
  </variableValue>
  <variableValue variable="BEER[year]">
    <value valueType="integer">49</value>
  </variableValue>
  <variableValue variable="BLDLK[year]">
    <value valueType="integer">4</value>
  </variableValue>
  <variableValue variable="BLOODPRE[year]">
    <value valueType="integer">2</value>
  </variableValue>
  <variableValue variable="BOOK[year]">
    <value valueType="integer">2</value>
  </variableValue>
  <variableValue variable="BRUSH[year]">
    <value valueType="integer">93</value>
  </variableValue>
  <variableValue variable="BUTTER[year]">
    <value valueType="integer">2</value>
  </variableValue>
  <variableValue variable="BUYFAT[year]">
    <value valueType="integer">2</value>
  </variableValue>
  <variableValue variable="BUYSALT[year]">
    <value valueType="integer">5</value>
  </variableValue>
  <variableValue variable="CANCHK[year]">
    <value valueType="integer">1</value>
  </variableValue>
  <variableValue variable="cards[year]">
    <value valueType="decimal">85.7192808400271</value>
  </variableValue>
  <variableValue variable="CATARACT[year]">
    <value valueType="integer">3</value>
  </variableValue>
  <variableValue variable="CHKFAT[year]">
    <value valueType="integer">1</value>
  </variableValue>
  <variableValue variable="CHOLES[year]">
    <value valueType="integer">4</value>
  </variableValue>
  <variableValue variable="chur[year]">
    <value valueType="decimal">1.3286957378434328</value>
  </variableValue>
  <variableValue variable="CIGARDAY[year]">
    <value valueType="integer">5</value>
  </variableValue>
  <variableValue variable="CIGARS[year]">
    <value valueType="integer">4</value>
  </variableValue>
  <variableValue variable="CIGDAY[year]">
    <value valueType="integer">2</value>
  </variableValue>
  <variableValue variable="CIGS[year]">
    <value valueType="integer">5</value>
  </variableValue>
  <variableValue variable="CLNAIR[year]">
    <value valueType="integer">4</value>
  </variableValue>
  <variableValue variable="COFFEE[year]">
    <value valueType="integer">3</value>
  </variableValue>
  <variableValue variable="CONSCIEN[year]">
    <value valueType="integer">34</value>
  </variableValue>
  <variableValue variable="cook[year]">
    <value valueType="decimal">17.66344293095753</value>
  </variableValue>
  <variableValue variable="COOKBUT[year]">
    <value valueType="integer">2</value>
  </variableValue>
  <variableValue variable="CORS[year]">
    <value valueType="integer">0</value>
  </variableValue>
  <variableValue variable="crafts[year]">
    <value valueType="decimal">47.44349887299955</value>
  </variableValue>
  <variableValue variable="crdp1[year]">
    <value valueType="integer">81</value>
  </variableValue>
  <variableValue variable="crdp2[year]">
    <value valueType="integer">40</value>
  </variableValue>
  <variableValue variable="cult[year]">
    <value valueType="decimal">28.364479301766366</value>
  </variableValue>
  <variableValue variable="dance[year]">
    <value valueType="decimal">93.9548899791944</value>
  </variableValue>
  <variableValue variable="DENTIST[year]">
    <value valueType="integer">2</value>
  </variableValue>
  <variableValue variable="DENTURE[year]">
    <value valueType="integer">2</value>
  </variableValue>
  <variableValue variable="DIABET[year]">
    <value valueType="integer">2</value>
  </variableValue>
  <variableValue variable="DRMAM[year]">
    <value valueType="integer">3</value>
  </variableValue>
  <variableValue variable="DRVISIT[year]">
    <value valueType="integer">69</value>
  </variableValue>
  <variableValue variable="dydrm[year]">
    <value valueType="decimal">67.72359883281334</value>
  </variableValue>
  <variableValue variable="EARCHK[year]">
    <value valueType="integer">0</value>
  </variableValue>
  <variableValue variable="eatout[year]">
    <value valueType="decimal">59.435778015495366</value>
  </variableValue>
  <variableValue variable="EATSALT[year]">
    <value valueType="integer">4</value>
  </variableValue>
  <variableValue variable="edact[year]">
    <value valueType="decimal">55.49200733574231</value>
  </variableValue>
  <variableValue variable="educ">
    <value valueType="integer">65</value>
  </variableValue>
  <variableValue variable="EDUC[year]">
    <value valueType="integer">80</value>
  </variableValue>
  <variableValue variable="EGG[year]">
    <value valueType="integer">4</value>
  </variableValue>
  <variableValue variable="eldcar[year]">
    <value valueType="decimal">42.65382703440185</value>
  </variableValue>
  <variableValue variable="ELDCAR[year]">
    <value valueType="decimal">77.71586515923732</value>
  </variableValue>
  <variableValue variable="ENT1[year]">
    <value valueType="integer">8</value>
  </variableValue>
  <variableValue variable="ENT2[year]">
    <value valueType="integer">7</value>
  </variableValue>
  <variableValue variable="ENT3[year]">
    <value valueType="integer">7</value>
  </variableValue>
  <variableValue variable="eth[year]">
    <value valueType="integer">16</value>
  </variableValue>
  <variableValue variable="EXCERTOT[year]">
    <value valueType="decimal">19.998749829592487</value>
  </variableValue>
  <variableValue variable="EXCERWK[year]">
    <value valueType="integer">45</value>
  </variableValue>
  <variableValue variable="EXTRAVER[year]">
    <value valueType="integer">23</value>
  </variableValue>
  <variableValue variable="EYECHG[year]">
    <value valueType="integer">3</value>
  </variableValue>
  <variableValue variable="EYECHK[year]">
    <value valueType="integer">1</value>
  </variableValue>
  <variableValue variable="EYEGLAS[year]">
    <value valueType="integer">1</value>
  </variableValue>
  <variableValue variable="FAGE[year]">
    <value valueType="integer">6</value>
  </variableValue>
  <variableValue variable="FAITH[year]">
    <value valueType="integer">3</value>
  </variableValue>
  <variableValue variable="FALLS[year]">
    <value valueType="integer">7</value>
  </variableValue>
  <variableValue variable="FCAUSE[year]">
    <value valueType="integer">4</value>
  </variableValue>
  <variableValue variable="FDIE[year]">
    <value valueType="integer">78</value>
  </variableValue>
  <variableValue variable="FIC[year]">
    <value valueType="integer">90</value>
  </variableValue>
  <variableValue variable="fit[year]">
    <value valueType="decimal">27.151606704093588</value>
  </variableValue>
  <variableValue variable="FLIVE[year]">
    <value valueType="integer">2</value>
  </variableValue>
  <variableValue variable="FLOSS[year]">
    <value valueType="integer">5</value>
  </variableValue>
  <variableValue variable="FLUSHOT[year]">
    <value valueType="integer">5</value>
  </variableValue>
  <variableValue variable="fr[year]">
    <value valueType="integer">13</value>
  </variableValue>
  <variableValue variable="fratt[year]">
    <value valueType="integer">9</value>
  </variableValue>
  <variableValue variable="frcr[year]">
    <value valueType="integer">92</value>
  </variableValue>
  <variableValue variable="fromt[year]">
    <value valueType="integer">51</value>
  </variableValue>
  <variableValue variable="frwg[year]">
    <value valueType="integer">78</value>
  </variableValue>
  <variableValue variable="game[year]">
    <value valueType="decimal">25.920461144764417</value>
  </variableValue>
  <variableValue variable="gds[year]1 –  gds[year]30">
    <value valueType="integer">1</value>
  </variableValue>
  <variableValue variable="gdstot[year]">
    <value valueType="integer">72</value>
  </variableValue>
  <variableValue variable="HANDS[year]">
    <value valueType="decimal">98.5386988102228</value>
  </variableValue>
  <variableValue variable="HARDLIQ[year]">
    <value valueType="integer">30</value>
  </variableValue>
  <variableValue variable="HEALTHCH[year]">
    <value valueType="integer">6</value>
  </variableValue>
  <variableValue variable="HEARAID[year]">
    <value valueType="integer">1</value>
  </variableValue>
  <variableValue variable="HEARCHG[year]">
    <value valueType="integer">1</value>
  </variableValue>
  <variableValue variable="HEARSPEC[year]">
    <value valueType="integer">2</value>
  </variableValue>
  <variableValue variable="HEART[year]">
    <value valueType="integer">3</value>
  </variableValue>
  <variableValue variable="HEIGHT[year]">
    <value valueType="integer">34</value>
  </variableValue>
  <variableValue variable="HHEIGHT[year]">
    <value valueType="integer">76</value>
  </variableValue>
  <variableValue variable="HIGHBLOO[year]">
    <value valueType="integer">2</value>
  </variableValue>
  <variableValue variable="HJOBTP[year]">
    <value valueType="integer">2</value>
  </variableValue>
  <variableValue variable="HMKHD[year]">
    <value valueType="decimal">80.8873926756081</value>
  </variableValue>
  <variableValue variable="HMKJB[year]">
    <value valueType="integer">28</value>
  </variableValue>
  <variableValue variable="HMKPE[year]">
    <value valueType="decimal">67.35473808769207</value>
  </variableValue>
  <variableValue variable="HMKPRS[year]">
    <value valueType="integer">1</value>
  </variableValue>
  <variableValue variable="HMKR[year]">
    <value valueType="integer">46</value>
  </variableValue>
  <variableValue variable="HMKRD[year]">
    <value valueType="decimal">81.55949437342012</value>
  </variableValue>
  <variableValue variable="HOSDAYS[year]">
    <value valueType="integer">32</value>
  </variableValue>
  <variableValue variable="HOSVISIT[year]">
    <value valueType="integer">0</value>
  </variableValue>
  <variableValue variable="HWEIGHT[year]">
    <value valueType="integer">85</value>
  </variableValue>
  <variableValue variable="INC[year]">
    <value valueType="integer">7</value>
  </variableValue>
  <variableValue variable="INC84[year]">
    <value valueType="integer">7</value>
  </variableValue>
  <variableValue variable="instr[year]">
    <value valueType="decimal">64.49353190412442</value>
  </variableValue>
  <variableValue variable="ir[year]a1 - ir[year]a20">
    <value valueType="integer">1</value>
  </variableValue>
  <variableValue variable="ir[year]b1 - ir[year]b20">
    <value valueType="integer">0</value>
  </variableValue>
  <variableValue variable="JOBLEN[year]">
    <value valueType="integer">3</value>
  </variableValue>
  <variableValue variable="JOBTYP[year]">
    <value valueType="integer">1</value>
  </variableValue>
  <variableValue variable="kidcar[year]">
    <value valueType="decimal">73.97423768488183</value>
  </variableValue>
  <variableValue variable="LAMB[year]">
    <value valueType="integer">1</value>
  </variableValue>
  <variableValue variable="lettot[year]">
    <value valueType="integer">58</value>
  </variableValue>
  <variableValue variable="LFST84[year]">
    <value valueType="integer">2</value>
  </variableValue>
  <variableValue variable="LIFSAT[year]">
    <value valueType="integer">2</value>
  </variableValue>
  <variableValue variable="LIVESMOK[year]">
    <value valueType="integer">1</value>
  </variableValue>
  <variableValue variable="ls[year]">
    <value valueType="integer">84</value>
  </variableValue>
  <variableValue variable="LSTJOB[year]">
    <value valueType="integer">1</value>
  </variableValue>
  <variableValue variable="LVNGWILL[year]">
    <value valueType="integer">1</value>
  </variableValue>
  <variableValue variable="MAGE[year]">
    <value valueType="integer">23</value>
  </variableValue>
  <variableValue variable="MAM[year]">
    <value valueType="integer">1</value>
  </variableValue>
  <variableValue variable="MAM2YR[year]">
    <value valueType="integer">1</value>
  </variableValue>
  <variableValue variable="MAMAGE[year]">
    <value valueType="integer">20</value>
  </variableValue>
  <variableValue variable="MAMEXAM[year]">
    <value valueType="integer">0</value>
  </variableValue>
  <variableValue variable="MASTECT[year]">
    <value valueType="integer">3</value>
  </variableValue>
  <variableValue variable="MCAUSE[year]">
    <value valueType="integer">2</value>
  </variableValue>
  <variableValue variable="MDIE[year]">
    <value valueType="integer">40</value>
  </variableValue>
  <variableValue variable="MED[year]">
    <value valueType="integer">4</value>
  </variableValue>
  <variableValue variable="MENAGE[year]">
    <value valueType="integer">58</value>
  </variableValue>
  <variableValue variable="MENHIST[year]">
    <value valueType="integer">30</value>
  </variableValue>
  <variableValue variable="MENSIT[year]">
    <value valueType="integer">5</value>
  </variableValue>
  <variableValue variable="MFQ[year]1">
    <value valueType="decimal">8.813100259707552</value>
  </variableValue>
  <variableValue variable="MFQ[year]2A">
    <value valueType="decimal">25.1427076751077</value>
  </variableValue>
  <variableValue variable="MFQ[year]2B">
    <value valueType="decimal">71.18026484941261</value>
  </variableValue>
  <variableValue variable="MFQ[year]2C">
    <value valueType="decimal">13.247431755309535</value>
  </variableValue>
  <variableValue variable="MFQ[year]2D">
    <value valueType="decimal">61.88166373872751</value>
  </variableValue>
  <variableValue variable="MFQ[year]2E">
    <value valueType="decimal">58.565342627773056</value>
  </variableValue>
  <variableValue variable="MFQ[year]3A">
    <value valueType="decimal">1.3765058337668168</value>
  </variableValue>
  <variableValue variable="MFQ[year]3B">
    <value valueType="decimal">43.56635241829989</value>
  </variableValue>
  <variableValue variable="MFQ[year]3C">
    <value valueType="decimal">33.74295365695909</value>
  </variableValue>
  <variableValue variable="MFQ[year]3D">
    <value valueType="decimal">45.11455816842079</value>
  </variableValue>
  <variableValue variable="MFQ[year]3E">
    <value valueType="decimal">20.78512352554267</value>
  </variableValue>
  <variableValue variable="MFQ[year]3F">
    <value valueType="decimal">55.999043654085135</value>
  </variableValue>
  <variableValue variable="MFQ[year]3G">
    <value valueType="decimal">90.16192067931352</value>
  </variableValue>
  <variableValue variable="MFQ[year]3H">
    <value valueType="decimal">46.518910842431836</value>
  </variableValue>
  <variableValue variable="MFQ[year]3I">
    <value valueType="decimal">74.92280655988016</value>
  </variableValue>
  <variableValue variable="MFQ[year]3J">
    <value valueType="decimal">47.430256237375154</value>
  </variableValue>
  <variableValue variable="MFQ[year]3K">
    <value valueType="decimal">79.52734652540772</value>
  </variableValue>
  <variableValue variable="MFQ[year]3L">
    <value valueType="decimal">84.01445918052096</value>
  </variableValue>
  <variableValue variable="MFQ[year]3M">
    <value valueType="decimal">30.97766736569403</value>
  </variableValue>
  <variableValue variable="MFQ[year]3N">
    <value valueType="decimal">57.96623302279977</value>
  </variableValue>
  <variableValue variable="MFQ[year]3O">
    <value valueType="decimal">66.56296002874105</value>
  </variableValue>
  <variableValue variable="MFQ[year]3P">
    <value valueType="decimal">72.21497727603415</value>
  </variableValue>
  <variableValue variable="MFQ[year]3Q">
    <value valueType="decimal">85.67221141319699</value>
  </variableValue>
  <variableValue variable="MFQ[year]3R">
    <value valueType="decimal">19.48449482054948</value>
  </variableValue>
  <variableValue variable="MFQ[year]4A">
    <value valueType="decimal">61.257690813389985</value>
  </variableValue>
  <variableValue variable="MFQ[year]4B">
    <value valueType="decimal">11.977693342306884</value>
  </variableValue>
  <variableValue variable="MFQ[year]4C">
    <value valueType="decimal">96.22171678687204</value>
  </variableValue>
  <variableValue variable="MFQ[year]4D">
    <value valueType="decimal">53.4699996550467</value>
  </variableValue>
  <variableValue variable="MFQ[year]4E">
    <value valueType="decimal">95.95999450092488</value>
  </variableValue>
  <variableValue variable="MFQ[year]5A">
    <value valueType="decimal">40.546430718018115</value>
  </variableValue>
  <variableValue variable="MFQ[year]5B">
    <value valueType="decimal">55.54587410563928</value>
  </variableValue>
  <variableValue variable="MFQ[year]5C">
    <value valueType="decimal">3.773023744439008</value>
  </variableValue>
  <variableValue variable="MFQ[year]5D">
    <value valueType="decimal">68.91324845364187</value>
  </variableValue>
  <variableValue variable="MFQ[year]5E">
    <value valueType="decimal">47.117285080484095</value>
  </variableValue>
  <variableValue variable="MFQ[year]6A">
    <value valueType="decimal">18.536032079442254</value>
  </variableValue>
  <variableValue variable="MFQ[year]6B">
    <value valueType="decimal">32.59996384890198</value>
  </variableValue>
  <variableValue variable="MFQ[year]6C">
    <value valueType="decimal">3.4662054591787395</value>
  </variableValue>
  <variableValue variable="MFQ[year]6D">
    <value valueType="decimal">62.4602380236974</value>
  </variableValue>
  <variableValue variable="MFQ[year]7A">
    <value valueType="decimal">87.44998914330381</value>
  </variableValue>
  <variableValue variable="MFQ[year]7B">
    <value valueType="decimal">91.34896186330187</value>
  </variableValue>
  <variableValue variable="MFQ[year]7C">
    <value valueType="decimal">68.77456241845296</value>
  </variableValue>
  <variableValue variable="MFQ[year]7D">
    <value valueType="decimal">22.34347455670883</value>
  </variableValue>
  <variableValue variable="MFQ[year]7E">
    <value valueType="decimal">81.4007177966814</value>
  </variableValue>
  <variableValue variable="MFQ[year]7F">
    <value valueType="decimal">1.828088286877605</value>
  </variableValue>
  <variableValue variable="MFQ[year]7G">
    <value valueType="decimal">70.01670896247744</value>
  </variableValue>
  <variableValue variable="MFQ[year]7H">
    <value valueType="decimal">86.24529626185353</value>
  </variableValue>
  <variableValue variable="MFQ[year]7I">
    <value valueType="decimal">47.425010971489556</value>
  </variableValue>
  <variableValue variable="MFQ[year]7J">
    <value valueType="decimal">47.94459479392825</value>
  </variableValue>
  <variableValue variable="MFQ[year]7K">
    <value valueType="decimal">43.97874597012799</value>
  </variableValue>
  <variableValue variable="MFQ[year]7L">
    <value valueType="decimal">65.20199886778276</value>
  </variableValue>
  <variableValue variable="MFQ[year]7M">
    <value valueType="decimal">18.762536696017275</value>
  </variableValue>
  <variableValue variable="MFQ[year]7N">
    <value valueType="decimal">83.1294873573598</value>
  </variableValue>
  <variableValue variable="MFQ[year]7O">
    <value valueType="decimal">89.32093897091109</value>
  </variableValue>
  <variableValue variable="MFQ[year]7P">
    <value valueType="decimal">75.62816331087244</value>
  </variableValue>
  <variableValue variable="MFQ[year]7Q">
    <value valueType="decimal">89.74531709494889</value>
  </variableValue>
  <variableValue variable="MFQ[year]7R">
    <value valueType="decimal">4.562523292500931</value>
  </variableValue>
  <variableValue variable="MFQ[year]8A">
    <value valueType="decimal">19.919736951786625</value>
  </variableValue>
  <variableValue variable="MFQ[year]8B">
    <value valueType="decimal">89.55928572211445</value>
  </variableValue>
  <variableValue variable="MFQ[year]8C">
    <value valueType="decimal">56.09220142710114</value>
  </variableValue>
  <variableValue variable="MFQ[year]8D">
    <value valueType="decimal">31.688438911635362</value>
  </variableValue>
  <variableValue variable="MFQ[year]8E">
    <value valueType="decimal">54.3865696427879</value>
  </variableValue>
  <variableValue variable="MFQ[year]8F">
    <value valueType="decimal">96.00476485432519</value>
  </variableValue>
  <variableValue variable="MFQ[year]8G">
    <value valueType="decimal">64.42241931755743</value>
  </variableValue>
  <variableValue variable="MFQ[year]8H">
    <value valueType="decimal">53.566070213677754</value>
  </variableValue>
  <variableValue variable="MFQ1[year]">
    <value valueType="integer">78</value>
  </variableValue>
  <variableValue variable="mfq1[year]">
    <value valueType="decimal">15.827805146019324</value>
  </variableValue>
  <variableValue variable="MFQ2[year]">
    <value valueType="integer">65</value>
  </variableValue>
  <variableValue variable="mfq2[year]">
    <value valueType="decimal">25.44680641170105</value>
  </variableValue>
  <variableValue variable="MFQ3[year]">
    <value valueType="integer">68</value>
  </variableValue>
  <variableValue variable="mfq3[year]">
    <value valueType="decimal">98.54790429499867</value>
  </variableValue>
  <variableValue variable="MFQ4[year]">
    <value valueType="integer">93</value>
  </variableValue>
  <variableValue variable="mfq4[year]">
    <value valueType="decimal">95.13621037209263</value>
  </variableValue>
  <variableValue variable="MLIVE[year]">
    <value valueType="integer">2</value>
  </variableValue>
  <variableValue variable="MOMWK[year]">
    <value valueType="integer">0</value>
  </variableValue>
  <variableValue variable="movie[year]">
    <value valueType="decimal">71.56489467335203</value>
  </variableValue>
  <variableValue variable="MSTA84[year]">
    <value valueType="integer">5</value>
  </variableValue>
  <variableValue variable="MSTAT[year]">
    <value valueType="integer">3</value>
  </variableValue>
  <variableValue variable="NBKS[year]">
    <value valueType="integer">21</value>
  </variableValue>
  <variableValue variable="NCONF[year]">
    <value valueType="integer">93</value>
  </variableValue>
  <variableValue variable="NEEDCATA[year]">
    <value valueType="integer">2</value>
  </variableValue>
  <variableValue variable="NEMP[year]">
    <value valueType="integer">4</value>
  </variableValue>
  <variableValue variable="NEUROTIC[year]">
    <value valueType="integer">55</value>
  </variableValue>
  <variableValue variable="NEWPRNT[year]">
    <value valueType="integer">4</value>
  </variableValue>
  <variableValue variable="nfr[year]">
    <value valueType="integer">13</value>
  </variableValue>
  <variableValue variable="NFRN[year]">
    <value valueType="integer">4</value>
  </variableValue>
  <variableValue variable="NGRNKD[year]">
    <value valueType="integer">98</value>
  </variableValue>
  <variableValue variable="NJOB[year]">
    <value valueType="integer">38</value>
  </variableValue>
  <variableValue variable="NKDHM[year]">
    <value valueType="integer">77</value>
  </variableValue>
  <variableValue variable="NKIDS[year]">
    <value valueType="integer">69</value>
  </variableValue>
  <variableValue variable="NMAG[year]">
    <value valueType="integer">89</value>
  </variableValue>
  <variableValue variable="NMOV[year]">
    <value valueType="integer">82</value>
  </variableValue>
  <variableValue variable="NMTG[year]">
    <value valueType="integer">3</value>
  </variableValue>
  <variableValue variable="NNEIG[year]">
    <value valueType="integer">3</value>
  </variableValue>
  <variableValue variable="NOBR[year]">
    <value valueType="integer">20</value>
  </variableValue>
  <variableValue variable="NOISE[year]">
    <value valueType="integer">4</value>
  </variableValue>
  <variableValue variable="NONFIC[year]">
    <value valueType="integer">92</value>
  </variableValue>
  <variableValue variable="nor[year]">
    <value valueType="integer">31</value>
  </variableValue>
  <variableValue variable="norcr[year]">
    <value valueType="integer">97</value>
  </variableValue>
  <variableValue variable="NOSIS[year]">
    <value valueType="integer">32</value>
  </variableValue>
  <variableValue variable="NOWRK[year]">
    <value valueType="integer">4</value>
  </variableValue>
  <variableValue variable="NRMS[year]">
    <value valueType="integer">32</value>
  </variableValue>
  <variableValue variable="nsp08">
    <value valueType="integer">49</value>
  </variableValue>
  <variableValue variable="NSTATE[year]">
    <value valueType="integer">2</value>
  </variableValue>
  <variableValue variable="NTRAD[year]">
    <value valueType="integer">4</value>
  </variableValue>
  <variableValue variable="NTRIPS[year]">
    <value valueType="integer">96</value>
  </variableValue>
  <variableValue variable="numtot[year]">
    <value valueType="integer">45</value>
  </variableValue>
  <variableValue variable="NVISIT[year]">
    <value valueType="integer">3</value>
  </variableValue>
  <variableValue variable="NWED[year]">
    <value valueType="integer">84</value>
  </variableValue>
  <variableValue variable="NYBR[year]">
    <value valueType="integer">78</value>
  </variableValue>
  <variableValue variable="NYSIS[year]">
    <value valueType="integer">69</value>
  </variableValue>
  <variableValue variable="OBGYN[year]">
    <value valueType="integer">3</value>
  </variableValue>
  <variableValue variable="OCC[year]">
    <value valueType="integer">3</value>
  </variableValue>
  <variableValue variable="OCC84[year]">
    <value valueType="integer">5</value>
  </variableValue>
  <variableValue variable="OPEN[year]">
    <value valueType="integer">12</value>
  </variableValue>
  <variableValue variable="or[year]">
    <value valueType="integer">25</value>
  </variableValue>
  <variableValue variable="oratt[year]">
    <value valueType="integer">3</value>
  </variableValue>
  <variableValue variable="ORGAN[year]">
    <value valueType="integer">2</value>
  </variableValue>
  <variableValue variable="oromt[year]">
    <value valueType="integer">76</value>
  </variableValue>
  <variableValue variable="orwg[year]">
    <value valueType="integer">60</value>
  </variableValue>
  <variableValue variable="OTJ[year]">
    <value valueType="integer">0</value>
  </variableValue>
  <variableValue variable="outhob[year]">
    <value valueType="decimal">28.62517182423613</value>
  </variableValue>
  <variableValue variable="OWNHM[year]">
    <value valueType="integer">0</value>
  </variableValue>
  <variableValue variable="PAINREL[year]">
    <value valueType="integer">2</value>
  </variableValue>
  <variableValue variable="PAP[year]">
    <value valueType="integer">5</value>
  </variableValue>
  <variableValue variable="party[year]">
    <value valueType="decimal">76.6865278531202</value>
  </variableValue>
  <variableValue variable="pase1">
    <value valueType="integer">3</value>
  </variableValue>
  <variableValue variable="pase10">
    <value valueType="integer">1</value>
  </variableValue>
  <variableValue variable="pase10a">
    <value valueType="decimal">14.416747242626105</value>
  </variableValue>
  <variableValue variable="pase10b">
    <value valueType="integer">4</value>
  </variableValue>
  <variableValue variable="pase1b">
    <value valueType="integer">4</value>
  </variableValue>
  <variableValue variable="pase2">
    <value valueType="integer">3</value>
  </variableValue>
  <variableValue variable="pase2a">
    <value valueType="integer">3</value>
  </variableValue>
  <variableValue variable="pase3">
    <value valueType="integer">0</value>
  </variableValue>
  <variableValue variable="pase3b">
    <value valueType="integer">3</value>
  </variableValue>
  <variableValue variable="pase4">
    <value valueType="integer">0</value>
  </variableValue>
  <variableValue variable="pase4b">
    <value valueType="integer">2</value>
  </variableValue>
  <variableValue variable="pase5">
    <value valueType="integer">3</value>
  </variableValue>
  <variableValue variable="pase5b">
    <value valueType="integer">3</value>
  </variableValue>
  <variableValue variable="pase6">
    <value valueType="integer">0</value>
  </variableValue>
  <variableValue variable="pase6b">
    <value valueType="integer">1</value>
  </variableValue>
  <variableValue variable="pase7">
    <value valueType="integer">0</value>
  </variableValue>
  <variableValue variable="pase8">
    <value valueType="integer">1</value>
  </variableValue>
  <variableValue variable="pase9a - pase9d">
    <value valueType="integer">0</value>
  </variableValue>
  <variableValue variable="pattot[year]">
    <value valueType="integer">20</value>
  </variableValue>
  <variableValue variable="PDEMP[year]">
    <value valueType="integer">0</value>
  </variableValue>
  <variableValue variable="PEOP[year]">
    <value valueType="decimal">77.5601618226626</value>
  </variableValue>
  <variableValue variable="pets[year]">
    <value valueType="decimal">25.07866988446904</value>
  </variableValue>
  <variableValue variable="phone[year]">
    <value valueType="decimal">23.692757644777807</value>
  </variableValue>
  <variableValue variable="picnic[year]">
    <value valueType="decimal">91.30664079165594</value>
  </variableValue>
  <variableValue variable="PIPEDAY[year]">
    <value valueType="integer">4</value>
  </variableValue>
  <variableValue variable="PIPES[year]">
    <value valueType="integer">6</value>
  </variableValue>
  <variableValue variable="pirr1[year]">
    <value valueType="integer">42</value>
  </variableValue>
  <variableValue variable="pirr2[year]">
    <value valueType="integer">62</value>
  </variableValue>
  <variableValue variable="PORK[year]">
    <value valueType="integer">2</value>
  </variableValue>
  <variableValue variable="ppr1[year]">
    <value valueType="integer">32</value>
  </variableValue>
  <variableValue variable="ppr2[year]">
    <value valueType="integer">39</value>
  </variableValue>
  <variableValue variable="ppr3[year]">
    <value valueType="integer">0</value>
  </variableValue>
  <variableValue variable="pray[year]">
    <value valueType="decimal">90.0712192880212</value>
  </variableValue>
  <variableValue variable="PRESR[year]">
    <value valueType="integer">1</value>
  </variableValue>
  <variableValue variable="PRO2YR[year]">
    <value valueType="integer">2</value>
  </variableValue>
  <variableValue variable="PROAGE[year]">
    <value valueType="integer">54</value>
  </variableValue>
  <variableValue variable="PROENLAR[year]">
    <value valueType="integer">1</value>
  </variableValue>
  <variableValue variable="PROEXAM[year]">
    <value valueType="integer">2</value>
  </variableValue>
  <variableValue variable="PROS[year]">
    <value valueType="integer">1</value>
  </variableValue>
  <variableValue variable="PROSUC[year]">
    <value valueType="integer">4</value>
  </variableValue>
  <variableValue variable="PRSC84[year]">
    <value valueType="integer">3</value>
  </variableValue>
  <variableValue variable="radio[year]">
    <value valueType="decimal">74.06969545810718</value>
  </variableValue>
  <variableValue variable="RDPAPR[year]">
    <value valueType="integer">1</value>
  </variableValue>
  <variableValue variable="RDWRIT[year]">
    <value valueType="decimal">66.34707581479489</value>
  </variableValue>
  <variableValue variable="read[year]">
    <value valueType="decimal">55.540446649028496</value>
  </variableValue>
  <variableValue variable="REGULAR[year]">
    <value valueType="integer">2</value>
  </variableValue>
  <variableValue variable="REMAR[year]">
    <value valueType="integer">80</value>
  </variableValue>
  <variableValue variable="rv[year]">
    <value valueType="integer">94</value>
  </variableValue>
  <variableValue variable="SAFE[year]">
    <value valueType="integer">1</value>
  </variableValue>
  <variableValue variable="SBHWY[year]">
    <value valueType="integer">4</value>
  </variableValue>
  <variableValue variable="SBTOWN[year]">
    <value valueType="integer">3</value>
  </variableValue>
  <variableValue variable="SELFBLOO[year]">
    <value valueType="integer">5</value>
  </variableValue>
  <variableValue variable="selfim[year]">
    <value valueType="decimal">0.3544826496302056</value>
  </variableValue>
  <variableValue variable="SELFMAM[year]">
    <value valueType="integer">1</value>
  </variableValue>
  <variableValue variable="sex">
    <value valueType="integer">1</value>
  </variableValue>
  <variableValue variable="shop[year]">
    <value valueType="decimal">8.575930036128609</value>
  </variableValue>
  <variableValue variable="SIBS[year]">
    <value valueType="integer">87</value>
  </variableValue>
  <variableValue variable="SLEEP[year]">
    <value valueType="integer">4</value>
  </variableValue>
  <variableValue variable="smdvh[year]">
    <value valueType="integer">79</value>
  </variableValue>
  <variableValue variable="smdvl[year]">
    <value valueType="integer">50</value>
  </variableValue>
  <variableValue variable="SMK[year]">
    <value valueType="integer">0</value>
  </variableValue>
  <variableValue variable="SMOKE[year]">
    <value valueType="integer">3</value>
  </variableValue>
  <variableValue variable="SMOKEPAS[year]">
    <value valueType="decimal">44.33040403246981</value>
  </variableValue>
  <variableValue variable="SODA[year]">
    <value valueType="integer">4</value>
  </variableValue>
  <variableValue variable="SODIUM[year]">
    <value valueType="integer">1</value>
  </variableValue>
  <variableValue variable="SPBRN[year]">
    <value valueType="integer">54</value>
  </variableValue>
  <variableValue variable="spec[year]">
    <value valueType="decimal">63.726657863831306</value>
  </variableValue>
  <variableValue variable="SPEED[year]">
    <value valueType="integer">2</value>
  </variableValue>
  <variableValue variable="SPOCC[year]">
    <value valueType="integer">0</value>
  </variableValue>
  <variableValue variable="sport[year]">
    <value valueType="decimal">77.73597091939781</value>
  </variableValue>
  <variableValue variable="SPRVIS[year]">
    <value valueType="integer">2</value>
  </variableValue>
  <variableValue variable="SREYE[year]">
    <value valueType="integer">1</value>
  </variableValue>
  <variableValue variable="srh[year]">
    <value valueType="integer">1</value>
  </variableValue>
  <variableValue variable="SRHEALTH">
    <value valueType="integer">2</value>
  </variableValue>
  <variableValue variable="SRHEAR[year]">
    <value valueType="integer">2</value>
  </variableValue>
  <variableValue variable="sstot[year]">
    <value valueType="integer">66</value>
  </variableValue>
  <variableValue variable="STAIRS[year]">
    <value valueType="integer">3</value>
  </variableValue>
  <variableValue variable="TEA[year]">
    <value valueType="integer">3</value>
  </variableValue>
  <variableValue variable="TRAF[year]">
    <value valueType="integer">1</value>
  </variableValue>
  <variableValue variable="travel[year]">
    <value valueType="decimal">33.95621841852674</value>
  </variableValue>
  <variableValue variable="TREES[year]">
    <value valueType="integer">3</value>
  </variableValue>
  <variableValue variable="TRYSTOP[year]">
    <value valueType="integer">2</value>
  </variableValue>
  <variableValue variable="tv[year]">
    <value valueType="decimal">66.35910738105206</value>
  </variableValue>
  <variableValue variable="TYPBLD[year]">
    <value valueType="integer">4</value>
  </variableValue>
  <variableValue variable="UNIVEX[year]">
    <value valueType="integer">0</value>
  </variableValue>
  <variableValue variable="VEAL[year]">
    <value valueType="integer">4</value>
  </variableValue>
  <variableValue variable="vis[year]">
    <value valueType="decimal">28.3993751307412</value>
  </variableValue>
  <variableValue variable="vocab1[year]">
    <value valueType="integer">62</value>
  </variableValue>
  <variableValue variable="vocab2[year]">
    <value valueType="integer">69</value>
  </variableValue>
  <variableValue variable="VOCAT[year]">
    <value valueType="integer">1</value>
  </variableValue>
  <variableValue variable="vol[year]">
    <value valueType="decimal">65.89721301475817</value>
  </variableValue>
  <variableValue variable="walk[year]">
    <value valueType="decimal">62.757204564607584</value>
  </variableValue>
  <variableValue variable="WALK[year]">
    <value valueType="integer">3</value>
  </variableValue>
  <variableValue variable="wdflu[year]">
    <value valueType="integer">64</value>
  </variableValue>
  <variableValue variable="WEIGHT[year]">
    <value valueType="integer">44</value>
  </variableValue>
  <variableValue variable="WELL[year]">
    <value valueType="integer">2</value>
  </variableValue>
  <variableValue variable="WINE[year]">
    <value valueType="integer">95</value>
  </variableValue>
  <variableValue variable="write[year]">
    <value valueType="decimal">82.86523081557702</value>
  </variableValue>
  <variableValue variable="WRKPLC[year]">
    <value valueType="integer">5</value>
  </variableValue>
  <variableValue variable="WRKTYP[year]">
    <value valueType="integer">4</value>
  </variableValue>
  <variableValue variable="ws[year]">
    <value valueType="integer">1</value>
  </variableValue>
  <variableValue variable="YEAROP[year]">
    <value valueType="integer">5</value>
  </variableValue>
  <variableValue variable="YRQUIT[year]">
    <value valueType="integer">68</value>
  </variableValue>
  <variableValue variable="YRRET[year]">
    <value valueType="integer">83</value>
  </variableValue>
  <variableValue variable="YRSMOKE[year]">
    <value valueType="decimal">65.29810623371651</value>
  </variableValue>
</valueSet>