<valueSet valueTable="2008" entityType="Participant" entityIdentifier="24562647">
  <variableValue variable="ADLTED[year]">
    <value valueType="integer">0</value>
  </variableValue>
  <variableValue variable="ADVDIR[year]">
    <value valueType="integer">2</value>
  </variableValue>
  <variableValue variable="age[year]">
    <value valueType="integer">47</value>
  </variableValue>
  <variableValue variable="AGEKID[year]">
    <value valueType="integer">40</value>
  </variableValue>
  <variableValue variable="AGENB[year]">
    <value valueType="integer">3</value>
  </variableValue>
  <variableValue variable="AGEWED[year]">
    <value valueType="integer">49</value>
  </variableValue>
  <variableValue variable="AGFRN[year]">
    <value valueType="integer">4</value>
  </variableValue>
  <variableValue variable="AGREE[year]">
    <value valueType="integer">61</value>
  </variableValue>
  <variableValue variable="ALCOHOL[year]">
    <value valueType="integer">5</value>
  </variableValue>
  <variableValue variable="Apdemp[year]">
    <value valueType="decimal">95.47433013771088</value>
  </variableValue>
  <variableValue variable="ART[year]">
    <value valueType="integer">2</value>
  </variableValue>
  <variableValue variable="BDATE_DY">
    <value valueType="integer">71</value>
  </variableValue>
  <variableValue variable="BDATE_MO">
    <value valueType="integer">73</value>
  </variableValue>
  <variableValue variable="BDATE_YR">
    <value valueType="integer">41</value>
  </variableValue>
  <variableValue variable="BEEF[year]">
    <value valueType="integer">4</value>
  </variableValue>
  <variableValue variable="BEER[year]">
    <value valueType="integer">74</value>
  </variableValue>
  <variableValue variable="BLDLK[year]">
    <value valueType="integer">4</value>
  </variableValue>
  <variableValue variable="BLOODPRE[year]">
    <value valueType="integer">2</value>
  </variableValue>
  <variableValue variable="BOOK[year]">
    <value valueType="integer">3</value>
  </variableValue>
  <variableValue variable="BRUSH[year]">
    <value valueType="integer">18</value>
  </variableValue>
  <variableValue variable="BUTTER[year]">
    <value valueType="integer">3</value>
  </variableValue>
  <variableValue variable="BUYFAT[year]">
    <value valueType="integer">5</value>
  </variableValue>
  <variableValue variable="BUYSALT[year]">
    <value valueType="integer">2</value>
  </variableValue>
  <variableValue variable="CANCHK[year]">
    <value valueType="integer">2</value>
  </variableValue>
  <variableValue variable="cards[year]">
    <value valueType="decimal">27.611233212770813</value>
  </variableValue>
  <variableValue variable="CATARACT[year]">
    <value valueType="integer">2</value>
  </variableValue>
  <variableValue variable="CHKFAT[year]">
    <value valueType="integer">5</value>
  </variableValue>
  <variableValue variable="CHOLES[year]">
    <value valueType="integer">3</value>
  </variableValue>
  <variableValue variable="chur[year]">
    <value valueType="decimal">65.88605674992077</value>
  </variableValue>
  <variableValue variable="CIGARDAY[year]">
    <value valueType="integer">6</value>
  </variableValue>
  <variableValue variable="CIGARS[year]">
    <value valueType="integer">4</value>
  </variableValue>
  <variableValue variable="CIGDAY[year]">
    <value valueType="integer">2</value>
  </variableValue>
  <variableValue variable="CIGS[year]">
    <value valueType="integer">4</value>
  </variableValue>
  <variableValue variable="CLNAIR[year]">
    <value valueType="integer">2</value>
  </variableValue>
  <variableValue variable="COFFEE[year]">
    <value valueType="integer">5</value>
  </variableValue>
  <variableValue variable="CONSCIEN[year]">
    <value valueType="integer">47</value>
  </variableValue>
  <variableValue variable="cook[year]">
    <value valueType="decimal">40.21795185682095</value>
  </variableValue>
  <variableValue variable="COOKBUT[year]">
    <value valueType="integer">4</value>
  </variableValue>
  <variableValue variable="CORS[year]">
    <value valueType="integer">1</value>
  </variableValue>
  <variableValue variable="crafts[year]">
    <value valueType="decimal">73.88030948754101</value>
  </variableValue>
  <variableValue variable="crdp1[year]">
    <value valueType="integer">42</value>
  </variableValue>
  <variableValue variable="crdp2[year]">
    <value valueType="integer">78</value>
  </variableValue>
  <variableValue variable="cult[year]">
    <value valueType="decimal">45.53170680490758</value>
  </variableValue>
  <variableValue variable="dance[year]">
    <value valueType="decimal">62.914082131274085</value>
  </variableValue>
  <variableValue variable="DENTIST[year]">
    <value valueType="integer">2</value>
  </variableValue>
  <variableValue variable="DENTURE[year]">
    <value valueType="integer">2</value>
  </variableValue>
  <variableValue variable="DIABET[year]">
    <value valueType="integer">2</value>
  </variableValue>
  <variableValue variable="DRMAM[year]">
    <value valueType="integer">1</value>
  </variableValue>
  <variableValue variable="DRVISIT[year]">
    <value valueType="integer">44</value>
  </variableValue>
  <variableValue variable="dydrm[year]">
    <value valueType="decimal">77.75929681694855</value>
  </variableValue>
  <variableValue variable="EARCHK[year]">
    <value valueType="integer">0</value>
  </variableValue>
  <variableValue variable="eatout[year]">
    <value valueType="decimal">82.43686782892948</value>
  </variableValue>
  <variableValue variable="EATSALT[year]">
    <value valueType="integer">5</value>
  </variableValue>
  <variableValue variable="edact[year]">
    <value valueType="decimal">25.938591778421895</value>
  </variableValue>
  <variableValue variable="educ">
    <value valueType="integer">72</value>
  </variableValue>
  <variableValue variable="EDUC[year]">
    <value valueType="integer">27</value>
  </variableValue>
  <variableValue variable="EGG[year]">
    <value valueType="integer">3</value>
  </variableValue>
  <variableValue variable="eldcar[year]">
    <value valueType="decimal">27.543921957004414</value>
  </variableValue>
  <variableValue variable="ELDCAR[year]">
    <value valueType="decimal">33.92574633383006</value>
  </variableValue>
  <variableValue variable="ENT1[year]">
    <value valueType="integer">11</value>
  </variableValue>
  <variableValue variable="ENT2[year]">
    <value valueType="integer">2</value>
  </variableValue>
  <variableValue variable="ENT3[year]">
    <value valueType="integer">9</value>
  </variableValue>
  <variableValue variable="eth[year]">
    <value valueType="integer">92</value>
  </variableValue>
  <variableValue variable="EXCERTOT[year]">
    <value valueType="decimal">99.17706722674102</value>
  </variableValue>
  <variableValue variable="EXCERWK[year]">
    <value valueType="integer">60</value>
  </variableValue>
  <variableValue variable="EXTRAVER[year]">
    <value valueType="integer">73</value>
  </variableValue>
  <variableValue variable="EYECHG[year]">
    <value valueType="integer">2</value>
  </variableValue>
  <variableValue variable="EYECHK[year]">
    <value valueType="integer">0</value>
  </variableValue>
  <variableValue variable="EYEGLAS[year]">
    <value valueType="integer">1</value>
  </variableValue>
  <variableValue variable="FAGE[year]">
    <value valueType="integer">52</value>
  </variableValue>
  <variableValue variable="FAITH[year]">
    <value valueType="integer">5</value>
  </variableValue>
  <variableValue variable="FALLS[year]">
    <value valueType="integer">7</value>
  </variableValue>
  <variableValue variable="FCAUSE[year]">
    <value valueType="integer">2</value>
  </variableValue>
  <variableValue variable="FDIE[year]">
    <value valueType="integer">56</value>
  </variableValue>
  <variableValue variable="FIC[year]">
    <value valueType="integer">59</value>
  </variableValue>
  <variableValue variable="fit[year]">
    <value valueType="decimal">26.11616599768113</value>
  </variableValue>
  <variableValue variable="FLIVE[year]">
    <value valueType="integer">2</value>
  </variableValue>
  <variableValue variable="FLOSS[year]">
    <value valueType="integer">1</value>
  </variableValue>
  <variableValue variable="FLUSHOT[year]">
    <value valueType="integer">5</value>
  </variableValue>
  <variableValue variable="fr[year]">
    <value valueType="integer">11</value>
  </variableValue>
  <variableValue variable="fratt[year]">
    <value valueType="integer">54</value>
  </variableValue>
  <variableValue variable="frcr[year]">
    <value valueType="integer">97</value>
  </variableValue>
  <variableValue variable="fromt[year]">
    <value valueType="integer">13</value>
  </variableValue>
  <variableValue variable="frwg[year]">
    <value valueType="integer">48</value>
  </variableValue>
  <variableValue variable="game[year]">
    <value valueType="decimal">6.815127884839079</value>
  </variableValue>
  <variableValue variable="gds[year]1 –  gds[year]30">
    <value valueType="integer">1</value>
  </variableValue>
  <variableValue variable="gdstot[year]">
    <value valueType="integer">49</value>
  </variableValue>
  <variableValue variable="HANDS[year]">
    <value valueType="decimal">56.360102732552434</value>
  </variableValue>
  <variableValue variable="HARDLIQ[year]">
    <value valueType="integer">17</value>
  </variableValue>
  <variableValue variable="HEALTHCH[year]">
    <value valueType="integer">3</value>
  </variableValue>
  <variableValue variable="HEARAID[year]">
    <value valueType="integer">0</value>
  </variableValue>
  <variableValue variable="HEARCHG[year]">
    <value valueType="integer">6</value>
  </variableValue>
  <variableValue variable="HEARSPEC[year]">
    <value valueType="integer">1</value>
  </variableValue>
  <variableValue variable="HEART[year]">
    <value valueType="integer">1</value>
  </variableValue>
  <variableValue variable="HEIGHT[year]">
    <value valueType="integer">67</value>
  </variableValue>
  <variableValue variable="HHEIGHT[year]">
    <value valueType="integer">31</value>
  </variableValue>
  <variableValue variable="HIGHBLOO[year]">
    <value valueType="integer">2</value>
  </variableValue>
  <variableValue variable="HJOBTP[year]">
    <value valueType="integer">5</value>
  </variableValue>
  <variableValue variable="HMKHD[year]">
    <value valueType="decimal">9.422263601116565</value>
  </variableValue>
  <variableValue variable="HMKJB[year]">
    <value valueType="integer">92</value>
  </variableValue>
  <variableValue variable="HMKPE[year]">
    <value valueType="decimal">88.8583872591037</value>
  </variableValue>
  <variableValue variable="HMKPRS[year]">
    <value valueType="integer">4</value>
  </variableValue>
  <variableValue variable="HMKR[year]">
    <value valueType="integer">84</value>
  </variableValue>
  <variableValue variable="HMKRD[year]">
    <value valueType="decimal">29.89768776570154</value>
  </variableValue>
  <variableValue variable="HOSDAYS[year]">
    <value valueType="integer">97</value>
  </variableValue>
  <variableValue variable="HOSVISIT[year]">
    <value valueType="integer">0</value>
  </variableValue>
  <variableValue variable="HWEIGHT[year]">
    <value valueType="integer">41</value>
  </variableValue>
  <variableValue variable="INC[year]">
    <value valueType="integer">10</value>
  </variableValue>
  <variableValue variable="INC84[year]">
    <value valueType="integer">10</value>
  </variableValue>
  <variableValue variable="instr[year]">
    <value valueType="decimal">1.7907982960825186</value>
  </variableValue>
  <variableValue variable="ir[year]a1 - ir[year]a20">
    <value valueType="integer">0</value>
  </variableValue>
  <variableValue variable="ir[year]b1 - ir[year]b20">
    <value valueType="integer">1</value>
  </variableValue>
  <variableValue variable="JOBLEN[year]">
    <value valueType="integer">5</value>
  </variableValue>
  <variableValue variable="JOBTYP[year]">
    <value valueType="integer">0</value>
  </variableValue>
  <variableValue variable="kidcar[year]">
    <value valueType="decimal">41.10064252623455</value>
  </variableValue>
  <variableValue variable="LAMB[year]">
    <value valueType="integer">1</value>
  </variableValue>
  <variableValue variable="lettot[year]">
    <value valueType="integer">93</value>
  </variableValue>
  <variableValue variable="LFST84[year]">
    <value valueType="integer">4</value>
  </variableValue>
  <variableValue variable="LIFSAT[year]">
    <value valueType="integer">3</value>
  </variableValue>
  <variableValue variable="LIVESMOK[year]">
    <value valueType="integer">3</value>
  </variableValue>
  <variableValue variable="ls[year]">
    <value valueType="integer">27</value>
  </variableValue>
  <variableValue variable="LSTJOB[year]">
    <value valueType="integer">1</value>
  </variableValue>
  <variableValue variable="LVNGWILL[year]">
    <value valueType="integer">1</value>
  </variableValue>
  <variableValue variable="MAGE[year]">
    <value valueType="integer">71</value>
  </variableValue>
  <variableValue variable="MAM[year]">
    <value valueType="integer">1</value>
  </variableValue>
  <variableValue variable="MAM2YR[year]">
    <value valueType="integer">1</value>
  </variableValue>
  <variableValue variable="MAMAGE[year]">
    <value valueType="integer">80</value>
  </variableValue>
  <variableValue variable="MAMEXAM[year]">
    <value valueType="integer">54</value>
  </variableValue>
  <variableValue variable="MASTECT[year]">
    <value valueType="integer">2</value>
  </variableValue>
  <variableValue variable="MCAUSE[year]">
    <value valueType="integer">3</value>
  </variableValue>
  <variableValue variable="MDIE[year]">
    <value valueType="integer">73</value>
  </variableValue>
  <variableValue variable="MED[year]">
    <value valueType="integer">3</value>
  </variableValue>
  <variableValue variable="MENAGE[year]">
    <value valueType="integer">55</value>
  </variableValue>
  <variableValue variable="MENHIST[year]">
    <value valueType="integer">64</value>
  </variableValue>
  <variableValue variable="MENSIT[year]">
    <value valueType="integer">4</value>
  </variableValue>
  <variableValue variable="MFQ[year]1">
    <value valueType="decimal">16.133681839446133</value>
  </variableValue>
  <variableValue variable="MFQ[year]2A">
    <value valueType="decimal">94.48225580190585</value>
  </variableValue>
  <variableValue variable="MFQ[year]2B">
    <value valueType="decimal">14.105928841733617</value>
  </variableValue>
  <variableValue variable="MFQ[year]2C">
    <value valueType="decimal">82.65608479047376</value>
  </variableValue>
  <variableValue variable="MFQ[year]2D">
    <value valueType="decimal">17.360151108864375</value>
  </variableValue>
  <variableValue variable="MFQ[year]2E">
    <value valueType="decimal">89.21028058300261</value>
  </variableValue>
  <variableValue variable="MFQ[year]3A">
    <value valueType="decimal">10.021280593976833</value>
  </variableValue>
  <variableValue variable="MFQ[year]3B">
    <value valueType="decimal">33.612894386058365</value>
  </variableValue>
  <variableValue variable="MFQ[year]3C">
    <value valueType="decimal">63.88152298707129</value>
  </variableValue>
  <variableValue variable="MFQ[year]3D">
    <value valueType="decimal">83.8389631689054</value>
  </variableValue>
  <variableValue variable="MFQ[year]3E">
    <value valueType="decimal">88.92383607732633</value>
  </variableValue>
  <variableValue variable="MFQ[year]3F">
    <value valueType="decimal">48.119752417318885</value>
  </variableValue>
  <variableValue variable="MFQ[year]3G">
    <value valueType="decimal">46.43007805672723</value>
  </variableValue>
  <variableValue variable="MFQ[year]3H">
    <value valueType="decimal">51.71225925835754</value>
  </variableValue>
  <variableValue variable="MFQ[year]3I">
    <value valueType="decimal">12.93459349760192</value>
  </variableValue>
  <variableValue variable="MFQ[year]3J">
    <value valueType="decimal">63.640588394537545</value>
  </variableValue>
  <variableValue variable="MFQ[year]3K">
    <value valueType="decimal">41.128938816850635</value>
  </variableValue>
  <variableValue variable="MFQ[year]3L">
    <value valueType="decimal">95.08579147776858</value>
  </variableValue>
  <variableValue variable="MFQ[year]3M">
    <value valueType="decimal">35.76137585794357</value>
  </variableValue>
  <variableValue variable="MFQ[year]3N">
    <value valueType="decimal">5.717491794322271</value>
  </variableValue>
  <variableValue variable="MFQ[year]3O">
    <value valueType="decimal">16.281517069592343</value>
  </variableValue>
  <variableValue variable="MFQ[year]3P">
    <value valueType="decimal">82.72628588883315</value>
  </variableValue>
  <variableValue variable="MFQ[year]3Q">
    <value valueType="decimal">98.9443151736315</value>
  </variableValue>
  <variableValue variable="MFQ[year]3R">
    <value valueType="decimal">25.899986422018717</value>
  </variableValue>
  <variableValue variable="MFQ[year]4A">
    <value valueType="decimal">7.609295865081444</value>
  </variableValue>
  <variableValue variable="MFQ[year]4B">
    <value valueType="decimal">2.371253577971566</value>
  </variableValue>
  <variableValue variable="MFQ[year]4C">
    <value valueType="decimal">30.663730382574062</value>
  </variableValue>
  <variableValue variable="MFQ[year]4D">
    <value valueType="decimal">68.54363191193023</value>
  </variableValue>
  <variableValue variable="MFQ[year]4E">
    <value valueType="decimal">30.288195698801236</value>
  </variableValue>
  <variableValue variable="MFQ[year]5A">
    <value valueType="decimal">81.38450071661762</value>
  </variableValue>
  <variableValue variable="MFQ[year]5B">
    <value valueType="decimal">86.40795760725288</value>
  </variableValue>
  <variableValue variable="MFQ[year]5C">
    <value valueType="decimal">94.27643370262267</value>
  </variableValue>
  <variableValue variable="MFQ[year]5D">
    <value valueType="decimal">10.684507269087252</value>
  </variableValue>
  <variableValue variable="MFQ[year]5E">
    <value valueType="decimal">6.775046470633084</value>
  </variableValue>
  <variableValue variable="MFQ[year]6A">
    <value valueType="decimal">93.1618249676096</value>
  </variableValue>
  <variableValue variable="MFQ[year]6B">
    <value valueType="decimal">86.07605690478587</value>
  </variableValue>
  <variableValue variable="MFQ[year]6C">
    <value valueType="decimal">75.86718213049062</value>
  </variableValue>
  <variableValue variable="MFQ[year]6D">
    <value valueType="decimal">19.2041128348584</value>
  </variableValue>
  <variableValue variable="MFQ[year]7A">
    <value valueType="decimal">71.76488197426947</value>
  </variableValue>
  <variableValue variable="MFQ[year]7B">
    <value valueType="decimal">77.67035211576945</value>
  </variableValue>
  <variableValue variable="MFQ[year]7C">
    <value valueType="decimal">34.77405222367348</value>
  </variableValue>
  <variableValue variable="MFQ[year]7D">
    <value valueType="decimal">64.68682419945311</value>
  </variableValue>
  <variableValue variable="MFQ[year]7E">
    <value valueType="decimal">15.701669636633397</value>
  </variableValue>
  <variableValue variable="MFQ[year]7F">
    <value valueType="decimal">73.36826905241755</value>
  </variableValue>
  <variableValue variable="MFQ[year]7G">
    <value valueType="decimal">21.33529207361934</value>
  </variableValue>
  <variableValue variable="MFQ[year]7H">
    <value valueType="decimal">62.40233030484499</value>
  </variableValue>
  <variableValue variable="MFQ[year]7I">
    <value valueType="decimal">98.82465860243312</value>
  </variableValue>
  <variableValue variable="MFQ[year]7J">
    <value valueType="decimal">73.44772723209579</value>
  </variableValue>
  <variableValue variable="MFQ[year]7K">
    <value valueType="decimal">46.90829243686115</value>
  </variableValue>
  <variableValue variable="MFQ[year]7L">
    <value valueType="decimal">87.35806986820579</value>
  </variableValue>
  <variableValue variable="MFQ[year]7M">
    <value valueType="decimal">69.37375048575397</value>
  </variableValue>
  <variableValue variable="MFQ[year]7N">
    <value valueType="decimal">79.87158084244348</value>
  </variableValue>
  <variableValue variable="MFQ[year]7O">
    <value valueType="decimal">27.05382057483322</value>
  </variableValue>
  <variableValue variable="MFQ[year]7P">
    <value valueType="decimal">72.61094575592746</value>
  </variableValue>
  <variableValue variable="MFQ[year]7Q">
    <value valueType="decimal">63.14450952532562</value>
  </variableValue>
  <variableValue variable="MFQ[year]7R">
    <value valueType="decimal">33.37229647085517</value>
  </variableValue>
  <variableValue variable="MFQ[year]8A">
    <value valueType="decimal">5.984162394776382</value>
  </variableValue>
  <variableValue variable="MFQ[year]8B">
    <value valueType="decimal">7.330183315571526</value>
  </variableValue>
  <variableValue variable="MFQ[year]8C">
    <value valueType="decimal">34.770584235339406</value>
  </variableValue>
  <variableValue variable="MFQ[year]8D">
    <value valueType="decimal">24.84056911148731</value>
  </variableValue>
  <variableValue variable="MFQ[year]8E">
    <value valueType="decimal">0.9397323807225355</value>
  </variableValue>
  <variableValue variable="MFQ[year]8F">
    <value valueType="decimal">44.19371206661348</value>
  </variableValue>
  <variableValue variable="MFQ[year]8G">
    <value valueType="decimal">62.82402918229475</value>
  </variableValue>
  <variableValue variable="MFQ[year]8H">
    <value valueType="decimal">31.472532827241196</value>
  </variableValue>
  <variableValue variable="MFQ1[year]">
    <value valueType="integer">22</value>
  </variableValue>
  <variableValue variable="mfq1[year]">
    <value valueType="decimal">5.291964597134513</value>
  </variableValue>
  <variableValue variable="MFQ2[year]">
    <value valueType="integer">33</value>
  </variableValue>
  <variableValue variable="mfq2[year]">
    <value valueType="decimal">31.800594455019326</value>
  </variableValue>
  <variableValue variable="MFQ3[year]">
    <value valueType="integer">7</value>
  </variableValue>
  <variableValue variable="mfq3[year]">
    <value valueType="decimal">45.049671134671954</value>
  </variableValue>
  <variableValue variable="MFQ4[year]">
    <value valueType="integer">78</value>
  </variableValue>
  <variableValue variable="mfq4[year]">
    <value valueType="decimal">61.3696192559585</value>
  </variableValue>
  <variableValue variable="MLIVE[year]">
    <value valueType="integer">3</value>
  </variableValue>
  <variableValue variable="MOMWK[year]">
    <value valueType="integer">0</value>
  </variableValue>
  <variableValue variable="movie[year]">
    <value valueType="decimal">32.04522570851972</value>
  </variableValue>
  <variableValue variable="MSTA84[year]">
    <value valueType="integer">4</value>
  </variableValue>
  <variableValue variable="MSTAT[year]">
    <value valueType="integer">3</value>
  </variableValue>
  <variableValue variable="NBKS[year]">
    <value valueType="integer">35</value>
  </variableValue>
  <variableValue variable="NCONF[year]">
    <value valueType="integer">88</value>
  </variableValue>
  <variableValue variable="NEEDCATA[year]">
    <value valueType="integer">3</value>
  </variableValue>
  <variableValue variable="NEMP[year]">
    <value valueType="integer">41</value>
  </variableValue>
  <variableValue variable="NEUROTIC[year]">
    <value valueType="integer">13</value>
  </variableValue>
  <variableValue variable="NEWPRNT[year]">
    <value valueType="integer">1</value>
  </variableValue>
  <variableValue variable="nfr[year]">
    <value valueType="integer">57</value>
  </variableValue>
  <variableValue variable="NFRN[year]">
    <value valueType="integer">22</value>
  </variableValue>
  <variableValue variable="NGRNKD[year]">
    <value valueType="integer">64</value>
  </variableValue>
  <variableValue variable="NJOB[year]">
    <value valueType="integer">92</value>
  </variableValue>
  <variableValue variable="NKDHM[year]">
    <value valueType="integer">42</value>
  </variableValue>
  <variableValue variable="NKIDS[year]">
    <value valueType="integer">9</value>
  </variableValue>
  <variableValue variable="NMAG[year]">
    <value valueType="integer">5</value>
  </variableValue>
  <variableValue variable="NMOV[year]">
    <value valueType="integer">69</value>
  </variableValue>
  <variableValue variable="NMTG[year]">
    <value valueType="integer">40</value>
  </variableValue>
  <variableValue variable="NNEIG[year]">
    <value valueType="integer">2</value>
  </variableValue>
  <variableValue variable="NOBR[year]">
    <value valueType="integer">76</value>
  </variableValue>
  <variableValue variable="NOISE[year]">
    <value valueType="integer">3</value>
  </variableValue>
  <variableValue variable="NONFIC[year]">
    <value valueType="integer">100</value>
  </variableValue>
  <variableValue variable="nor[year]">
    <value valueType="integer">26</value>
  </variableValue>
  <variableValue variable="norcr[year]">
    <value valueType="integer">5</value>
  </variableValue>
  <variableValue variable="NOSIS[year]">
    <value valueType="integer">2</value>
  </variableValue>
  <variableValue variable="NOWRK[year]">
    <value valueType="integer">3</value>
  </variableValue>
  <variableValue variable="NRMS[year]">
    <value valueType="integer">14</value>
  </variableValue>
  <variableValue variable="nsp08">
    <value valueType="integer">10</value>
  </variableValue>
  <variableValue variable="NSTATE[year]">
    <value valueType="integer">75</value>
  </variableValue>
  <variableValue variable="NTRAD[year]">
    <value valueType="integer">31</value>
  </variableValue>
  <variableValue variable="NTRIPS[year]">
    <value valueType="integer">13</value>
  </variableValue>
  <variableValue variable="numtot[year]">
    <value valueType="integer">71</value>
  </variableValue>
  <variableValue variable="NVISIT[year]">
    <value valueType="integer">3</value>
  </variableValue>
  <variableValue variable="NWED[year]">
    <value valueType="integer">35</value>
  </variableValue>
  <variableValue variable="NYBR[year]">
    <value valueType="integer">12</value>
  </variableValue>
  <variableValue variable="NYSIS[year]">
    <value valueType="integer">37</value>
  </variableValue>
  <variableValue variable="OBGYN[year]">
    <value valueType="integer">1</value>
  </variableValue>
  <variableValue variable="OCC[year]">
    <value valueType="integer">1</value>
  </variableValue>
  <variableValue variable="OCC84[year]">
    <value valueType="integer">5</value>
  </variableValue>
  <variableValue variable="OPEN[year]">
    <value valueType="integer">32</value>
  </variableValue>
  <variableValue variable="or[year]">
    <value valueType="integer">66</value>
  </variableValue>
  <variableValue variable="oratt[year]">
    <value valueType="integer">23</value>
  </variableValue>
  <variableValue variable="ORGAN[year]">
    <value valueType="integer">5</value>
  </variableValue>
  <variableValue variable="oromt[year]">
    <value valueType="integer">18</value>
  </variableValue>
  <variableValue variable="orwg[year]">
    <value valueType="integer">47</value>
  </variableValue>
  <variableValue variable="OTJ[year]">
    <value valueType="integer">0</value>
  </variableValue>
  <variableValue variable="outhob[year]">
    <value valueType="decimal">53.77719849578395</value>
  </variableValue>
  <variableValue variable="OWNHM[year]">
    <value valueType="integer">0</value>
  </variableValue>
  <variableValue variable="PAINREL[year]">
    <value valueType="integer">2</value>
  </variableValue>
  <variableValue variable="PAP[year]">
    <value valueType="integer">1</value>
  </variableValue>
  <variableValue variable="party[year]">
    <value valueType="decimal">8.667502389240022</value>
  </variableValue>
  <variableValue variable="pase1">
    <value valueType="integer">0</value>
  </variableValue>
  <variableValue variable="pase10">
    <value valueType="integer">0</value>
  </variableValue>
  <variableValue variable="pase10a">
    <value valueType="decimal">3.1529010468377083</value>
  </variableValue>
  <variableValue variable="pase10b">
    <value valueType="integer">1</value>
  </variableValue>
  <variableValue variable="pase1b">
    <value valueType="integer">3</value>
  </variableValue>
  <variableValue variable="pase2">
    <value valueType="integer">2</value>
  </variableValue>
  <variableValue variable="pase2a">
    <value valueType="integer">2</value>
  </variableValue>
  <variableValue variable="pase3">
    <value valueType="integer">0</value>
  </variableValue>
  <variableValue variable="pase3b">
    <value valueType="integer">4</value>
  </variableValue>
  <variableValue variable="pase4">
    <value valueType="integer">0</value>
  </variableValue>
  <variableValue variable="pase4b">
    <value valueType="integer">4</value>
  </variableValue>
  <variableValue variable="pase5">
    <value valueType="integer">3</value>
  </variableValue>
  <variableValue variable="pase5b">
    <value valueType="integer">4</value>
  </variableValue>
  <variableValue variable="pase6">
    <value valueType="integer">3</value>
  </variableValue>
  <variableValue variable="pase6b">
    <value valueType="integer">4</value>
  </variableValue>
  <variableValue variable="pase7">
    <value valueType="integer">1</value>
  </variableValue>
  <variableValue variable="pase8">
    <value valueType="integer">1</value>
  </variableValue>
  <variableValue variable="pase9a - pase9d">
    <value valueType="integer">0</value>
  </variableValue>
  <variableValue variable="pattot[year]">
    <value valueType="integer">64</value>
  </variableValue>
  <variableValue variable="PDEMP[year]">
    <value valueType="integer">1</value>
  </variableValue>
  <variableValue variable="PEOP[year]">
    <value valueType="decimal">74.52765632646965</value>
  </variableValue>
  <variableValue variable="pets[year]">
    <value valueType="decimal">42.01260612500709</value>
  </variableValue>
  <variableValue variable="phone[year]">
    <value valueType="decimal">0.7119007548903156</value>
  </variableValue>
  <variableValue variable="picnic[year]">
    <value valueType="decimal">40.13055256067282</value>
  </variableValue>
  <variableValue variable="PIPEDAY[year]">
    <value valueType="integer">2</value>
  </variableValue>
  <variableValue variable="PIPES[year]">
    <value valueType="integer">2</value>
  </variableValue>
  <variableValue variable="pirr1[year]">
    <value valueType="integer">38</value>
  </variableValue>
  <variableValue variable="pirr2[year]">
    <value valueType="integer">86</value>
  </variableValue>
  <variableValue variable="PORK[year]">
    <value valueType="integer">3</value>
  </variableValue>
  <variableValue variable="ppr1[year]">
    <value valueType="integer">38</value>
  </variableValue>
  <variableValue variable="ppr2[year]">
    <value valueType="integer">55</value>
  </variableValue>
  <variableValue variable="ppr3[year]">
    <value valueType="integer">98</value>
  </variableValue>
  <variableValue variable="pray[year]">
    <value valueType="decimal">66.92371192645146</value>
  </variableValue>
  <variableValue variable="PRESR[year]">
    <value valueType="integer">2</value>
  </variableValue>
  <variableValue variable="PRO2YR[year]">
    <value valueType="integer">2</value>
  </variableValue>
  <variableValue variable="PROAGE[year]">
    <value valueType="integer">29</value>
  </variableValue>
  <variableValue variable="PROENLAR[year]">
    <value valueType="integer">2</value>
  </variableValue>
  <variableValue variable="PROEXAM[year]">
    <value valueType="integer">11</value>
  </variableValue>
  <variableValue variable="PROS[year]">
    <value valueType="integer">2</value>
  </variableValue>
  <variableValue variable="PROSUC[year]">
    <value valueType="integer">5</value>
  </variableValue>
  <variableValue variable="PRSC84[year]">
    <value valueType="integer">1</value>
  </variableValue>
  <variableValue variable="radio[year]">
    <value valueType="decimal">99.90888795506035</value>
  </variableValue>
  <variableValue variable="RDPAPR[year]">
    <value valueType="integer">1</value>
  </variableValue>
  <variableValue variable="RDWRIT[year]">
    <value valueType="decimal">11.017143599143242</value>
  </variableValue>
  <variableValue variable="read[year]">
    <value valueType="decimal">87.29267877426193</value>
  </variableValue>
  <variableValue variable="REGULAR[year]">
    <value valueType="integer">2</value>
  </variableValue>
  <variableValue variable="REMAR[year]">
    <value valueType="integer">91</value>
  </variableValue>
  <variableValue variable="rv[year]">
    <value valueType="integer">70</value>
  </variableValue>
  <variableValue variable="SAFE[year]">
    <value valueType="integer">1</value>
  </variableValue>
  <variableValue variable="SBHWY[year]">
    <value valueType="integer">3</value>
  </variableValue>
  <variableValue variable="SBTOWN[year]">
    <value valueType="integer">4</value>
  </variableValue>
  <variableValue variable="SELFBLOO[year]">
    <value valueType="integer">3</value>
  </variableValue>
  <variableValue variable="selfim[year]">
    <value valueType="decimal">96.22033773911537</value>
  </variableValue>
  <variableValue variable="SELFMAM[year]">
    <value valueType="integer">1</value>
  </variableValue>
  <variableValue variable="sex">
    <value valueType="integer">0</value>
  </variableValue>
  <variableValue variable="shop[year]">
    <value valueType="decimal">79.4454591488376</value>
  </variableValue>
  <variableValue variable="SIBS[year]">
    <value valueType="integer">92</value>
  </variableValue>
  <variableValue variable="SLEEP[year]">
    <value valueType="integer">4</value>
  </variableValue>
  <variableValue variable="smdvh[year]">
    <value valueType="integer">30</value>
  </variableValue>
  <variableValue variable="smdvl[year]">
    <value valueType="integer">88</value>
  </variableValue>
  <variableValue variable="SMK[year]">
    <value valueType="integer">1</value>
  </variableValue>
  <variableValue variable="SMOKE[year]">
    <value valueType="integer">2</value>
  </variableValue>
  <variableValue variable="SMOKEPAS[year]">
    <value valueType="decimal">81.96066888287163</value>
  </variableValue>
  <variableValue variable="SODA[year]">
    <value valueType="integer">3</value>
  </variableValue>
  <variableValue variable="SODIUM[year]">
    <value valueType="integer">1</value>
  </variableValue>
  <variableValue variable="SPBRN[year]">
    <value valueType="integer">58</value>
  </variableValue>
  <variableValue variable="spec[year]">
    <value valueType="decimal">94.13122117912229</value>
  </variableValue>
  <variableValue variable="SPEED[year]">
    <value valueType="integer">1</value>
  </variableValue>
  <variableValue variable="SPOCC[year]">
    <value valueType="integer">7</value>
  </variableValue>
  <variableValue variable="sport[year]">
    <value valueType="decimal">57.48268149445479</value>
  </variableValue>
  <variableValue variable="SPRVIS[year]">
    <value valueType="integer">1</value>
  </variableValue>
  <variableValue variable="SREYE[year]">
    <value valueType="integer">6</value>
  </variableValue>
  <variableValue variable="srh[year]">
    <value valueType="integer">3</value>
  </variableValue>
  <variableValue variable="SRHEALTH">
    <value valueType="integer">4</value>
  </variableValue>
  <variableValue variable="SRHEAR[year]">
    <value valueType="integer">6</value>
  </variableValue>
  <variableValue variable="sstot[year]">
    <value valueType="integer">49</value>
  </variableValue>
  <variableValue variable="STAIRS[year]">
    <value valueType="integer">4</value>
  </variableValue>
  <variableValue variable="TEA[year]">
    <value valueType="integer">6</value>
  </variableValue>
  <variableValue variable="TRAF[year]">
    <value valueType="integer">1</value>
  </variableValue>
  <variableValue variable="travel[year]">
    <value valueType="decimal">57.595276697813745</value>
  </variableValue>
  <variableValue variable="TREES[year]">
    <value valueType="integer">1</value>
  </variableValue>
  <variableValue variable="TRYSTOP[year]">
    <value valueType="integer">2</value>
  </variableValue>
  <variableValue variable="tv[year]">
    <value valueType="decimal">58.26809479903855</value>
  </variableValue>
  <variableValue variable="TYPBLD[year]">
    <value valueType="integer">8</value>
  </variableValue>
  <variableValue variable="UNIVEX[year]">
    <value valueType="integer">0</value>
  </variableValue>
  <variableValue variable="VEAL[year]">
    <value valueType="integer">1</value>
  </variableValue>
  <variableValue variable="vis[year]">
    <value valueType="decimal">88.18383158574773</value>
  </variableValue>
  <variableValue variable="vocab1[year]">
    <value valueType="integer">54</value>
  </variableValue>
  <variableValue variable="vocab2[year]">
    <value valueType="integer">49</value>
  </variableValue>
  <variableValue variable="VOCAT[year]">
    <value valueType="integer">1</value>
  </variableValue>
  <variableValue variable="vol[year]">
    <value valueType="decimal">74.67425613900083</value>
  </variableValue>
  <variableValue variable="walk[year]">
    <value valueType="decimal">98.51710212795892</value>
  </variableValue>
  <variableValue variable="WALK[year]">
    <value valueType="integer">4</value>
  </variableValue>
  <variableValue variable="wdflu[year]">
    <value valueType="integer">1</value>
  </variableValue>
  <variableValue variable="WEIGHT[year]">
    <value valueType="integer">39</value>
  </variableValue>
  <variableValue variable="WELL[year]">
    <value valueType="integer">2</value>
  </variableValue>
  <variableValue variable="WINE[year]">
    <value valueType="integer">75</value>
  </variableValue>
  <variableValue variable="write[year]">
    <value valueType="decimal">95.65127101632312</value>
  </variableValue>
  <variableValue variable="WRKPLC[year]">
    <value valueType="integer">1</value>
  </variableValue>
  <variableValue variable="WRKTYP[year]">
    <value valueType="integer">4</value>
  </variableValue>
  <variableValue variable="ws[year]">
    <value valueType="integer">4</value>
  </variableValue>
  <variableValue variable="YEAROP[year]">
    <value valueType="integer">0</value>
  </variableValue>
  <variableValue variable="YRQUIT[year]">
    <value valueType="integer">4</value>
  </variableValue>
  <variableValue variable="YRRET[year]">
    <value valueType="integer">34</value>
  </variableValue>
  <variableValue variable="YRSMOKE[year]">
    <value valueType="decimal">99.34494830320108</value>
  </variableValue>
</valueSet>