<valueSet valueTable="2008" entityType="Participant" entityIdentifier="71457493">
  <variableValue variable="ADLTED[year]">
    <value valueType="integer">0</value>
  </variableValue>
  <variableValue variable="ADVDIR[year]">
    <value valueType="integer">1</value>
  </variableValue>
  <variableValue variable="age[year]">
    <value valueType="integer">43</value>
  </variableValue>
  <variableValue variable="AGEKID[year]">
    <value valueType="integer">68</value>
  </variableValue>
  <variableValue variable="AGENB[year]">
    <value valueType="integer">5</value>
  </variableValue>
  <variableValue variable="AGEWED[year]">
    <value valueType="integer">54</value>
  </variableValue>
  <variableValue variable="AGFRN[year]">
    <value valueType="integer">2</value>
  </variableValue>
  <variableValue variable="AGREE[year]">
    <value valueType="integer">95</value>
  </variableValue>
  <variableValue variable="ALCOHOL[year]">
    <value valueType="integer">6</value>
  </variableValue>
  <variableValue variable="Apdemp[year]">
    <value valueType="decimal">53.310268998813626</value>
  </variableValue>
  <variableValue variable="ART[year]">
    <value valueType="integer">1</value>
  </variableValue>
  <variableValue variable="BDATE_DY">
    <value valueType="integer">1</value>
  </variableValue>
  <variableValue variable="BDATE_MO">
    <value valueType="integer">74</value>
  </variableValue>
  <variableValue variable="BDATE_YR">
    <value valueType="integer">100</value>
  </variableValue>
  <variableValue variable="BEEF[year]">
    <value valueType="integer">4</value>
  </variableValue>
  <variableValue variable="BEER[year]">
    <value valueType="integer">68</value>
  </variableValue>
  <variableValue variable="BLDLK[year]">
    <value valueType="integer">1</value>
  </variableValue>
  <variableValue variable="BLOODPRE[year]">
    <value valueType="integer">2</value>
  </variableValue>
  <variableValue variable="BOOK[year]">
    <value valueType="integer">2</value>
  </variableValue>
  <variableValue variable="BRUSH[year]">
    <value valueType="integer">12</value>
  </variableValue>
  <variableValue variable="BUTTER[year]">
    <value valueType="integer">3</value>
  </variableValue>
  <variableValue variable="BUYFAT[year]">
    <value valueType="integer">5</value>
  </variableValue>
  <variableValue variable="BUYSALT[year]">
    <value valueType="integer">3</value>
  </variableValue>
  <variableValue variable="CANCHK[year]">
    <value valueType="integer">2</value>
  </variableValue>
  <variableValue variable="cards[year]">
    <value valueType="decimal">62.203830121365044</value>
  </variableValue>
  <variableValue variable="CATARACT[year]">
    <value valueType="integer">3</value>
  </variableValue>
  <variableValue variable="CHKFAT[year]">
    <value valueType="integer">1</value>
  </variableValue>
  <variableValue variable="CHOLES[year]">
    <value valueType="integer">6</value>
  </variableValue>
  <variableValue variable="chur[year]">
    <value valueType="decimal">96.14546351200197</value>
  </variableValue>
  <variableValue variable="CIGARDAY[year]">
    <value valueType="integer">1</value>
  </variableValue>
  <variableValue variable="CIGARS[year]">
    <value valueType="integer">4</value>
  </variableValue>
  <variableValue variable="CIGDAY[year]">
    <value valueType="integer">2</value>
  </variableValue>
  <variableValue variable="CIGS[year]">
    <value valueType="integer">5</value>
  </variableValue>
  <variableValue variable="CLNAIR[year]">
    <value valueType="integer">3</value>
  </variableValue>
  <variableValue variable="COFFEE[year]">
    <value valueType="integer">3</value>
  </variableValue>
  <variableValue variable="CONSCIEN[year]">
    <value valueType="integer">49</value>
  </variableValue>
  <variableValue variable="cook[year]">
    <value valueType="decimal">82.64822198128722</value>
  </variableValue>
  <variableValue variable="COOKBUT[year]">
    <value valueType="integer">4</value>
  </variableValue>
  <variableValue variable="CORS[year]">
    <value valueType="integer">0</value>
  </variableValue>
  <variableValue variable="crafts[year]">
    <value valueType="decimal">66.38396455723907</value>
  </variableValue>
  <variableValue variable="crdp1[year]">
    <value valueType="integer">30</value>
  </variableValue>
  <variableValue variable="crdp2[year]">
    <value valueType="integer">45</value>
  </variableValue>
  <variableValue variable="cult[year]">
    <value valueType="decimal">31.81911474840431</value>
  </variableValue>
  <variableValue variable="dance[year]">
    <value valueType="decimal">13.816333332881726</value>
  </variableValue>
  <variableValue variable="DENTIST[year]">
    <value valueType="integer">3</value>
  </variableValue>
  <variableValue variable="DENTURE[year]">
    <value valueType="integer">1</value>
  </variableValue>
  <variableValue variable="DIABET[year]">
    <value valueType="integer">2</value>
  </variableValue>
  <variableValue variable="DRMAM[year]">
    <value valueType="integer">1</value>
  </variableValue>
  <variableValue variable="DRVISIT[year]">
    <value valueType="integer">96</value>
  </variableValue>
  <variableValue variable="dydrm[year]">
    <value valueType="decimal">34.54069004077446</value>
  </variableValue>
  <variableValue variable="EARCHK[year]">
    <value valueType="integer">0</value>
  </variableValue>
  <variableValue variable="eatout[year]">
    <value valueType="decimal">27.793019940258834</value>
  </variableValue>
  <variableValue variable="EATSALT[year]">
    <value valueType="integer">2</value>
  </variableValue>
  <variableValue variable="edact[year]">
    <value valueType="decimal">56.767340385229524</value>
  </variableValue>
  <variableValue variable="educ">
    <value valueType="integer">21</value>
  </variableValue>
  <variableValue variable="EDUC[year]">
    <value valueType="integer">81</value>
  </variableValue>
  <variableValue variable="EGG[year]">
    <value valueType="integer">1</value>
  </variableValue>
  <variableValue variable="eldcar[year]">
    <value valueType="decimal">48.96255639250817</value>
  </variableValue>
  <variableValue variable="ELDCAR[year]">
    <value valueType="decimal">76.4440207428699</value>
  </variableValue>
  <variableValue variable="ENT1[year]">
    <value valueType="integer">3</value>
  </variableValue>
  <variableValue variable="ENT2[year]">
    <value valueType="integer">12</value>
  </variableValue>
  <variableValue variable="ENT3[year]">
    <value valueType="integer">4</value>
  </variableValue>
  <variableValue variable="eth[year]">
    <value valueType="integer">4</value>
  </variableValue>
  <variableValue variable="EXCERTOT[year]">
    <value valueType="decimal">59.354254045635045</value>
  </variableValue>
  <variableValue variable="EXCERWK[year]">
    <value valueType="integer">93</value>
  </variableValue>
  <variableValue variable="EXTRAVER[year]">
    <value valueType="integer">56</value>
  </variableValue>
  <variableValue variable="EYECHG[year]">
    <value valueType="integer">6</value>
  </variableValue>
  <variableValue variable="EYECHK[year]">
    <value valueType="integer">0</value>
  </variableValue>
  <variableValue variable="EYEGLAS[year]">
    <value valueType="integer">1</value>
  </variableValue>
  <variableValue variable="FAGE[year]">
    <value valueType="integer">10</value>
  </variableValue>
  <variableValue variable="FAITH[year]">
    <value valueType="integer">3</value>
  </variableValue>
  <variableValue variable="FALLS[year]">
    <value valueType="integer">1</value>
  </variableValue>
  <variableValue variable="FCAUSE[year]">
    <value valueType="integer">10</value>
  </variableValue>
  <variableValue variable="FDIE[year]">
    <value valueType="integer">27</value>
  </variableValue>
  <variableValue variable="FIC[year]">
    <value valueType="integer">1</value>
  </variableValue>
  <variableValue variable="fit[year]">
    <value valueType="decimal">49.27621868512833</value>
  </variableValue>
  <variableValue variable="FLIVE[year]">
    <value valueType="integer">2</value>
  </variableValue>
  <variableValue variable="FLOSS[year]">
    <value valueType="integer">5</value>
  </variableValue>
  <variableValue variable="FLUSHOT[year]">
    <value valueType="integer">2</value>
  </variableValue>
  <variableValue variable="fr[year]">
    <value valueType="integer">29</value>
  </variableValue>
  <variableValue variable="fratt[year]">
    <value valueType="integer">97</value>
  </variableValue>
  <variableValue variable="frcr[year]">
    <value valueType="integer">35</value>
  </variableValue>
  <variableValue variable="fromt[year]">
    <value valueType="integer">68</value>
  </variableValue>
  <variableValue variable="frwg[year]">
    <value valueType="integer">4</value>
  </variableValue>
  <variableValue variable="game[year]">
    <value valueType="decimal">71.83507390954072</value>
  </variableValue>
  <variableValue variable="gds[year]1 –  gds[year]30">
    <value valueType="integer">0</value>
  </variableValue>
  <variableValue variable="gdstot[year]">
    <value valueType="integer">2</value>
  </variableValue>
  <variableValue variable="HANDS[year]">
    <value valueType="decimal">2.905580580678513</value>
  </variableValue>
  <variableValue variable="HARDLIQ[year]">
    <value valueType="integer">36</value>
  </variableValue>
  <variableValue variable="HEALTHCH[year]">
    <value valueType="integer">4</value>
  </variableValue>
  <variableValue variable="HEARAID[year]">
    <value valueType="integer">0</value>
  </variableValue>
  <variableValue variable="HEARCHG[year]">
    <value valueType="integer">2</value>
  </variableValue>
  <variableValue variable="HEARSPEC[year]">
    <value valueType="integer">3</value>
  </variableValue>
  <variableValue variable="HEART[year]">
    <value valueType="integer">2</value>
  </variableValue>
  <variableValue variable="HEIGHT[year]">
    <value valueType="integer">36</value>
  </variableValue>
  <variableValue variable="HHEIGHT[year]">
    <value valueType="integer">1</value>
  </variableValue>
  <variableValue variable="HIGHBLOO[year]">
    <value valueType="integer">1</value>
  </variableValue>
  <variableValue variable="HJOBTP[year]">
    <value valueType="integer">4</value>
  </variableValue>
  <variableValue variable="HMKHD[year]">
    <value valueType="decimal">64.53827836213867</value>
  </variableValue>
  <variableValue variable="HMKJB[year]">
    <value valueType="integer">18</value>
  </variableValue>
  <variableValue variable="HMKPE[year]">
    <value valueType="decimal">73.1574459591595</value>
  </variableValue>
  <variableValue variable="HMKPRS[year]">
    <value valueType="integer">3</value>
  </variableValue>
  <variableValue variable="HMKR[year]">
    <value valueType="integer">1</value>
  </variableValue>
  <variableValue variable="HMKRD[year]">
    <value valueType="decimal">25.85945054399761</value>
  </variableValue>
  <variableValue variable="HOSDAYS[year]">
    <value valueType="integer">22</value>
  </variableValue>
  <variableValue variable="HOSVISIT[year]">
    <value valueType="integer">1</value>
  </variableValue>
  <variableValue variable="HWEIGHT[year]">
    <value valueType="integer">12</value>
  </variableValue>
  <variableValue variable="INC[year]">
    <value valueType="integer">2</value>
  </variableValue>
  <variableValue variable="INC84[year]">
    <value valueType="integer">8</value>
  </variableValue>
  <variableValue variable="instr[year]">
    <value valueType="decimal">30.399270229842678</value>
  </variableValue>
  <variableValue variable="ir[year]a1 - ir[year]a20">
    <value valueType="integer">1</value>
  </variableValue>
  <variableValue variable="ir[year]b1 - ir[year]b20">
    <value valueType="integer">0</value>
  </variableValue>
  <variableValue variable="JOBLEN[year]">
    <value valueType="integer">2</value>
  </variableValue>
  <variableValue variable="JOBTYP[year]">
    <value valueType="integer">8</value>
  </variableValue>
  <variableValue variable="kidcar[year]">
    <value valueType="decimal">92.473792554676</value>
  </variableValue>
  <variableValue variable="LAMB[year]">
    <value valueType="integer">4</value>
  </variableValue>
  <variableValue variable="lettot[year]">
    <value valueType="integer">29</value>
  </variableValue>
  <variableValue variable="LFST84[year]">
    <value valueType="integer">1</value>
  </variableValue>
  <variableValue variable="LIFSAT[year]">
    <value valueType="integer">2</value>
  </variableValue>
  <variableValue variable="LIVESMOK[year]">
    <value valueType="integer">1</value>
  </variableValue>
  <variableValue variable="ls[year]">
    <value valueType="integer">90</value>
  </variableValue>
  <variableValue variable="LSTJOB[year]">
    <value valueType="integer">5</value>
  </variableValue>
  <variableValue variable="LVNGWILL[year]">
    <value valueType="integer">1</value>
  </variableValue>
  <variableValue variable="MAGE[year]">
    <value valueType="integer">55</value>
  </variableValue>
  <variableValue variable="MAM[year]">
    <value valueType="integer">1</value>
  </variableValue>
  <variableValue variable="MAM2YR[year]">
    <value valueType="integer">2</value>
  </variableValue>
  <variableValue variable="MAMAGE[year]">
    <value valueType="integer">60</value>
  </variableValue>
  <variableValue variable="MAMEXAM[year]">
    <value valueType="integer">87</value>
  </variableValue>
  <variableValue variable="MASTECT[year]">
    <value valueType="integer">2</value>
  </variableValue>
  <variableValue variable="MCAUSE[year]">
    <value valueType="integer">8</value>
  </variableValue>
  <variableValue variable="MDIE[year]">
    <value valueType="integer">80</value>
  </variableValue>
  <variableValue variable="MED[year]">
    <value valueType="integer">1</value>
  </variableValue>
  <variableValue variable="MENAGE[year]">
    <value valueType="integer">57</value>
  </variableValue>
  <variableValue variable="MENHIST[year]">
    <value valueType="integer">30</value>
  </variableValue>
  <variableValue variable="MENSIT[year]">
    <value valueType="integer">7</value>
  </variableValue>
  <variableValue variable="MFQ[year]1">
    <value valueType="decimal">31.20047141921892</value>
  </variableValue>
  <variableValue variable="MFQ[year]2A">
    <value valueType="decimal">11.052779521250343</value>
  </variableValue>
  <variableValue variable="MFQ[year]2B">
    <value valueType="decimal">86.1626457564882</value>
  </variableValue>
  <variableValue variable="MFQ[year]2C">
    <value valueType="decimal">13.475819648756794</value>
  </variableValue>
  <variableValue variable="MFQ[year]2D">
    <value valueType="decimal">99.30667353152452</value>
  </variableValue>
  <variableValue variable="MFQ[year]2E">
    <value valueType="decimal">71.22165516887424</value>
  </variableValue>
  <variableValue variable="MFQ[year]3A">
    <value valueType="decimal">70.36405255333769</value>
  </variableValue>
  <variableValue variable="MFQ[year]3B">
    <value valueType="decimal">75.29042941638083</value>
  </variableValue>
  <variableValue variable="MFQ[year]3C">
    <value valueType="decimal">98.4971759432344</value>
  </variableValue>
  <variableValue variable="MFQ[year]3D">
    <value valueType="decimal">56.74979592337691</value>
  </variableValue>
  <variableValue variable="MFQ[year]3E">
    <value valueType="decimal">37.767056013081266</value>
  </variableValue>
  <variableValue variable="MFQ[year]3F">
    <value valueType="decimal">93.95501050883188</value>
  </variableValue>
  <variableValue variable="MFQ[year]3G">
    <value valueType="decimal">41.61054368076892</value>
  </variableValue>
  <variableValue variable="MFQ[year]3H">
    <value valueType="decimal">51.94841086065435</value>
  </variableValue>
  <variableValue variable="MFQ[year]3I">
    <value valueType="decimal">62.25866662365114</value>
  </variableValue>
  <variableValue variable="MFQ[year]3J">
    <value valueType="decimal">11.832590368684247</value>
  </variableValue>
  <variableValue variable="MFQ[year]3K">
    <value valueType="decimal">76.92867487428173</value>
  </variableValue>
  <variableValue variable="MFQ[year]3L">
    <value valueType="decimal">73.95718602344287</value>
  </variableValue>
  <variableValue variable="MFQ[year]3M">
    <value valueType="decimal">24.169113985736313</value>
  </variableValue>
  <variableValue variable="MFQ[year]3N">
    <value valueType="decimal">90.73376390634623</value>
  </variableValue>
  <variableValue variable="MFQ[year]3O">
    <value valueType="decimal">45.94915091277868</value>
  </variableValue>
  <variableValue variable="MFQ[year]3P">
    <value valueType="decimal">29.847570959750623</value>
  </variableValue>
  <variableValue variable="MFQ[year]3Q">
    <value valueType="decimal">34.29279303716316</value>
  </variableValue>
  <variableValue variable="MFQ[year]3R">
    <value valueType="decimal">21.432266960581327</value>
  </variableValue>
  <variableValue variable="MFQ[year]4A">
    <value valueType="decimal">86.10971773364143</value>
  </variableValue>
  <variableValue variable="MFQ[year]4B">
    <value valueType="decimal">71.08983624876696</value>
  </variableValue>
  <variableValue variable="MFQ[year]4C">
    <value valueType="decimal">32.32447469400013</value>
  </variableValue>
  <variableValue variable="MFQ[year]4D">
    <value valueType="decimal">49.961102680871925</value>
  </variableValue>
  <variableValue variable="MFQ[year]4E">
    <value valueType="decimal">53.724263040928975</value>
  </variableValue>
  <variableValue variable="MFQ[year]5A">
    <value valueType="decimal">11.683309758304228</value>
  </variableValue>
  <variableValue variable="MFQ[year]5B">
    <value valueType="decimal">47.71437818017763</value>
  </variableValue>
  <variableValue variable="MFQ[year]5C">
    <value valueType="decimal">50.12343974890251</value>
  </variableValue>
  <variableValue variable="MFQ[year]5D">
    <value valueType="decimal">9.284224858307367</value>
  </variableValue>
  <variableValue variable="MFQ[year]5E">
    <value valueType="decimal">50.175050781154425</value>
  </variableValue>
  <variableValue variable="MFQ[year]6A">
    <value valueType="decimal">23.15266771272091</value>
  </variableValue>
  <variableValue variable="MFQ[year]6B">
    <value valueType="decimal">3.3907767871278582</value>
  </variableValue>
  <variableValue variable="MFQ[year]6C">
    <value valueType="decimal">89.79890916829206</value>
  </variableValue>
  <variableValue variable="MFQ[year]6D">
    <value valueType="decimal">50.342913577741776</value>
  </variableValue>
  <variableValue variable="MFQ[year]7A">
    <value valueType="decimal">78.72593070883237</value>
  </variableValue>
  <variableValue variable="MFQ[year]7B">
    <value valueType="decimal">69.72411409491214</value>
  </variableValue>
  <variableValue variable="MFQ[year]7C">
    <value valueType="decimal">90.99269207840594</value>
  </variableValue>
  <variableValue variable="MFQ[year]7D">
    <value valueType="decimal">90.49483985675758</value>
  </variableValue>
  <variableValue variable="MFQ[year]7E">
    <value valueType="decimal">38.245344943898374</value>
  </variableValue>
  <variableValue variable="MFQ[year]7F">
    <value valueType="decimal">45.842212706480886</value>
  </variableValue>
  <variableValue variable="MFQ[year]7G">
    <value valueType="decimal">95.94663929498462</value>
  </variableValue>
  <variableValue variable="MFQ[year]7H">
    <value valueType="decimal">87.1368980424913</value>
  </variableValue>
  <variableValue variable="MFQ[year]7I">
    <value valueType="decimal">48.32813237363738</value>
  </variableValue>
  <variableValue variable="MFQ[year]7J">
    <value valueType="decimal">11.074247534012748</value>
  </variableValue>
  <variableValue variable="MFQ[year]7K">
    <value valueType="decimal">16.166603269733205</value>
  </variableValue>
  <variableValue variable="MFQ[year]7L">
    <value valueType="decimal">35.18842535611944</value>
  </variableValue>
  <variableValue variable="MFQ[year]7M">
    <value valueType="decimal">95.52104321922911</value>
  </variableValue>
  <variableValue variable="MFQ[year]7N">
    <value valueType="decimal">55.172462308125006</value>
  </variableValue>
  <variableValue variable="MFQ[year]7O">
    <value valueType="decimal">56.07936515345154</value>
  </variableValue>
  <variableValue variable="MFQ[year]7P">
    <value valueType="decimal">83.97341965214073</value>
  </variableValue>
  <variableValue variable="MFQ[year]7Q">
    <value valueType="decimal">67.08656091595098</value>
  </variableValue>
  <variableValue variable="MFQ[year]7R">
    <value valueType="decimal">67.32374359166914</value>
  </variableValue>
  <variableValue variable="MFQ[year]8A">
    <value valueType="decimal">72.60296852291457</value>
  </variableValue>
  <variableValue variable="MFQ[year]8B">
    <value valueType="decimal">85.8930537190587</value>
  </variableValue>
  <variableValue variable="MFQ[year]8C">
    <value valueType="decimal">7.029624271467938</value>
  </variableValue>
  <variableValue variable="MFQ[year]8D">
    <value valueType="decimal">41.08725246359948</value>
  </variableValue>
  <variableValue variable="MFQ[year]8E">
    <value valueType="decimal">77.70687337736469</value>
  </variableValue>
  <variableValue variable="MFQ[year]8F">
    <value valueType="decimal">12.985045050871758</value>
  </variableValue>
  <variableValue variable="MFQ[year]8G">
    <value valueType="decimal">90.52461623520503</value>
  </variableValue>
  <variableValue variable="MFQ[year]8H">
    <value valueType="decimal">16.09860012443285</value>
  </variableValue>
  <variableValue variable="MFQ1[year]">
    <value valueType="integer">33</value>
  </variableValue>
  <variableValue variable="mfq1[year]">
    <value valueType="decimal">31.448072724063547</value>
  </variableValue>
  <variableValue variable="MFQ2[year]">
    <value valueType="integer">31</value>
  </variableValue>
  <variableValue variable="mfq2[year]">
    <value valueType="decimal">77.10948494979708</value>
  </variableValue>
  <variableValue variable="MFQ3[year]">
    <value valueType="integer">80</value>
  </variableValue>
  <variableValue variable="mfq3[year]">
    <value valueType="decimal">41.712710545676515</value>
  </variableValue>
  <variableValue variable="MFQ4[year]">
    <value valueType="integer">36</value>
  </variableValue>
  <variableValue variable="mfq4[year]">
    <value valueType="decimal">96.18608034632922</value>
  </variableValue>
  <variableValue variable="MLIVE[year]">
    <value valueType="integer">2</value>
  </variableValue>
  <variableValue variable="MOMWK[year]">
    <value valueType="integer">1</value>
  </variableValue>
  <variableValue variable="movie[year]">
    <value valueType="decimal">5.84580249298039</value>
  </variableValue>
  <variableValue variable="MSTA84[year]">
    <value valueType="integer">2</value>
  </variableValue>
  <variableValue variable="MSTAT[year]">
    <value valueType="integer">4</value>
  </variableValue>
  <variableValue variable="NBKS[year]">
    <value valueType="integer">18</value>
  </variableValue>
  <variableValue variable="NCONF[year]">
    <value valueType="integer">92</value>
  </variableValue>
  <variableValue variable="NEEDCATA[year]">
    <value valueType="integer">4</value>
  </variableValue>
  <variableValue variable="NEMP[year]">
    <value valueType="integer">21</value>
  </variableValue>
  <variableValue variable="NEUROTIC[year]">
    <value valueType="integer">53</value>
  </variableValue>
  <variableValue variable="NEWPRNT[year]">
    <value valueType="integer">2</value>
  </variableValue>
  <variableValue variable="nfr[year]">
    <value valueType="integer">53</value>
  </variableValue>
  <variableValue variable="NFRN[year]">
    <value valueType="integer">99</value>
  </variableValue>
  <variableValue variable="NGRNKD[year]">
    <value valueType="integer">21</value>
  </variableValue>
  <variableValue variable="NJOB[year]">
    <value valueType="integer">35</value>
  </variableValue>
  <variableValue variable="NKDHM[year]">
    <value valueType="integer">36</value>
  </variableValue>
  <variableValue variable="NKIDS[year]">
    <value valueType="integer">78</value>
  </variableValue>
  <variableValue variable="NMAG[year]">
    <value valueType="integer">91</value>
  </variableValue>
  <variableValue variable="NMOV[year]">
    <value valueType="integer">56</value>
  </variableValue>
  <variableValue variable="NMTG[year]">
    <value valueType="integer">26</value>
  </variableValue>
  <variableValue variable="NNEIG[year]">
    <value valueType="integer">2</value>
  </variableValue>
  <variableValue variable="NOBR[year]">
    <value valueType="integer">27</value>
  </variableValue>
  <variableValue variable="NOISE[year]">
    <value valueType="integer">5</value>
  </variableValue>
  <variableValue variable="NONFIC[year]">
    <value valueType="integer">28</value>
  </variableValue>
  <variableValue variable="nor[year]">
    <value valueType="integer">24</value>
  </variableValue>
  <variableValue variable="norcr[year]">
    <value valueType="integer">97</value>
  </variableValue>
  <variableValue variable="NOSIS[year]">
    <value valueType="integer">85</value>
  </variableValue>
  <variableValue variable="NOWRK[year]">
    <value valueType="integer">8</value>
  </variableValue>
  <variableValue variable="NRMS[year]">
    <value valueType="integer">62</value>
  </variableValue>
  <variableValue variable="nsp08">
    <value valueType="integer">42</value>
  </variableValue>
  <variableValue variable="NSTATE[year]">
    <value valueType="integer">5</value>
  </variableValue>
  <variableValue variable="NTRAD[year]">
    <value valueType="integer">65</value>
  </variableValue>
  <variableValue variable="NTRIPS[year]">
    <value valueType="integer">7</value>
  </variableValue>
  <variableValue variable="numtot[year]">
    <value valueType="integer">51</value>
  </variableValue>
  <variableValue variable="NVISIT[year]">
    <value valueType="integer">1</value>
  </variableValue>
  <variableValue variable="NWED[year]">
    <value valueType="integer">34</value>
  </variableValue>
  <variableValue variable="NYBR[year]">
    <value valueType="integer">92</value>
  </variableValue>
  <variableValue variable="NYSIS[year]">
    <value valueType="integer">27</value>
  </variableValue>
  <variableValue variable="OBGYN[year]">
    <value valueType="integer">5</value>
  </variableValue>
  <variableValue variable="OCC[year]">
    <value valueType="integer">3</value>
  </variableValue>
  <variableValue variable="OCC84[year]">
    <value valueType="integer">8</value>
  </variableValue>
  <variableValue variable="OPEN[year]">
    <value valueType="integer">10</value>
  </variableValue>
  <variableValue variable="or[year]">
    <value valueType="integer">5</value>
  </variableValue>
  <variableValue variable="oratt[year]">
    <value valueType="integer">37</value>
  </variableValue>
  <variableValue variable="ORGAN[year]">
    <value valueType="integer">1</value>
  </variableValue>
  <variableValue variable="oromt[year]">
    <value valueType="integer">99</value>
  </variableValue>
  <variableValue variable="orwg[year]">
    <value valueType="integer">93</value>
  </variableValue>
  <variableValue variable="OTJ[year]">
    <value valueType="integer">1</value>
  </variableValue>
  <variableValue variable="outhob[year]">
    <value valueType="decimal">37.86742683442426</value>
  </variableValue>
  <variableValue variable="OWNHM[year]">
    <value valueType="integer">0</value>
  </variableValue>
  <variableValue variable="PAINREL[year]">
    <value valueType="integer">1</value>
  </variableValue>
  <variableValue variable="PAP[year]">
    <value valueType="integer">5</value>
  </variableValue>
  <variableValue variable="party[year]">
    <value valueType="decimal">29.08625300387886</value>
  </variableValue>
  <variableValue variable="pase1">
    <value valueType="integer">3</value>
  </variableValue>
  <variableValue variable="pase10">
    <value valueType="integer">1</value>
  </variableValue>
  <variableValue variable="pase10a">
    <value valueType="decimal">38.479181114609304</value>
  </variableValue>
  <variableValue variable="pase10b">
    <value valueType="integer">3</value>
  </variableValue>
  <variableValue variable="pase1b">
    <value valueType="integer">1</value>
  </variableValue>
  <variableValue variable="pase2">
    <value valueType="integer">1</value>
  </variableValue>
  <variableValue variable="pase2a">
    <value valueType="integer">2</value>
  </variableValue>
  <variableValue variable="pase3">
    <value valueType="integer">2</value>
  </variableValue>
  <variableValue variable="pase3b">
    <value valueType="integer">3</value>
  </variableValue>
  <variableValue variable="pase4">
    <value valueType="integer">1</value>
  </variableValue>
  <variableValue variable="pase4b">
    <value valueType="integer">4</value>
  </variableValue>
  <variableValue variable="pase5">
    <value valueType="integer">3</value>
  </variableValue>
  <variableValue variable="pase5b">
    <value valueType="integer">3</value>
  </variableValue>
  <variableValue variable="pase6">
    <value valueType="integer">0</value>
  </variableValue>
  <variableValue variable="pase6b">
    <value valueType="integer">1</value>
  </variableValue>
  <variableValue variable="pase7">
    <value valueType="integer">0</value>
  </variableValue>
  <variableValue variable="pase8">
    <value valueType="integer">0</value>
  </variableValue>
  <variableValue variable="pase9a - pase9d">
    <value valueType="integer">1</value>
  </variableValue>
  <variableValue variable="pattot[year]">
    <value valueType="integer">87</value>
  </variableValue>
  <variableValue variable="PDEMP[year]">
    <value valueType="integer">0</value>
  </variableValue>
  <variableValue variable="PEOP[year]">
    <value valueType="decimal">62.29145228399954</value>
  </variableValue>
  <variableValue variable="pets[year]">
    <value valueType="decimal">85.18757372880685</value>
  </variableValue>
  <variableValue variable="phone[year]">
    <value valueType="decimal">51.066181522086126</value>
  </variableValue>
  <variableValue variable="picnic[year]">
    <value valueType="decimal">22.26671157846961</value>
  </variableValue>
  <variableValue variable="PIPEDAY[year]">
    <value valueType="integer">4</value>
  </variableValue>
  <variableValue variable="PIPES[year]">
    <value valueType="integer">1</value>
  </variableValue>
  <variableValue variable="pirr1[year]">
    <value valueType="integer">14</value>
  </variableValue>
  <variableValue variable="pirr2[year]">
    <value valueType="integer">95</value>
  </variableValue>
  <variableValue variable="PORK[year]">
    <value valueType="integer">4</value>
  </variableValue>
  <variableValue variable="ppr1[year]">
    <value valueType="integer">5</value>
  </variableValue>
  <variableValue variable="ppr2[year]">
    <value valueType="integer">35</value>
  </variableValue>
  <variableValue variable="ppr3[year]">
    <value valueType="integer">11</value>
  </variableValue>
  <variableValue variable="pray[year]">
    <value valueType="decimal">45.322651441569995</value>
  </variableValue>
  <variableValue variable="PRESR[year]">
    <value valueType="integer">2</value>
  </variableValue>
  <variableValue variable="PRO2YR[year]">
    <value valueType="integer">2</value>
  </variableValue>
  <variableValue variable="PROAGE[year]">
    <value valueType="integer">80</value>
  </variableValue>
  <variableValue variable="PROENLAR[year]">
    <value valueType="integer">2</value>
  </variableValue>
  <variableValue variable="PROEXAM[year]">
    <value valueType="integer">43</value>
  </variableValue>
  <variableValue variable="PROS[year]">
    <value valueType="integer">2</value>
  </variableValue>
  <variableValue variable="PROSUC[year]">
    <value valueType="integer">4</value>
  </variableValue>
  <variableValue variable="PRSC84[year]">
    <value valueType="integer">5</value>
  </variableValue>
  <variableValue variable="radio[year]">
    <value valueType="decimal">58.22455710769392</value>
  </variableValue>
  <variableValue variable="RDPAPR[year]">
    <value valueType="integer">1</value>
  </variableValue>
  <variableValue variable="RDWRIT[year]">
    <value valueType="decimal">40.046202050170564</value>
  </variableValue>
  <variableValue variable="read[year]">
    <value valueType="decimal">14.778443179053035</value>
  </variableValue>
  <variableValue variable="REGULAR[year]">
    <value valueType="integer">2</value>
  </variableValue>
  <variableValue variable="REMAR[year]">
    <value valueType="integer">95</value>
  </variableValue>
  <variableValue variable="rv[year]">
    <value valueType="integer">14</value>
  </variableValue>
  <variableValue variable="SAFE[year]">
    <value valueType="integer">0</value>
  </variableValue>
  <variableValue variable="SBHWY[year]">
    <value valueType="integer">3</value>
  </variableValue>
  <variableValue variable="SBTOWN[year]">
    <value valueType="integer">3</value>
  </variableValue>
  <variableValue variable="SELFBLOO[year]">
    <value valueType="integer">3</value>
  </variableValue>
  <variableValue variable="selfim[year]">
    <value valueType="decimal">23.723509991035662</value>
  </variableValue>
  <variableValue variable="SELFMAM[year]">
    <value valueType="integer">2</value>
  </variableValue>
  <variableValue variable="sex">
    <value valueType="integer">1</value>
  </variableValue>
  <variableValue variable="shop[year]">
    <value valueType="decimal">32.49827487399456</value>
  </variableValue>
  <variableValue variable="SIBS[year]">
    <value valueType="integer">6</value>
  </variableValue>
  <variableValue variable="SLEEP[year]">
    <value valueType="integer">5</value>
  </variableValue>
  <variableValue variable="smdvh[year]">
    <value valueType="integer">94</value>
  </variableValue>
  <variableValue variable="smdvl[year]">
    <value valueType="integer">49</value>
  </variableValue>
  <variableValue variable="SMK[year]">
    <value valueType="integer">1</value>
  </variableValue>
  <variableValue variable="SMOKE[year]">
    <value valueType="integer">1</value>
  </variableValue>
  <variableValue variable="SMOKEPAS[year]">
    <value valueType="decimal">44.934880617788</value>
  </variableValue>
  <variableValue variable="SODA[year]">
    <value valueType="integer">3</value>
  </variableValue>
  <variableValue variable="SODIUM[year]">
    <value valueType="integer">4</value>
  </variableValue>
  <variableValue variable="SPBRN[year]">
    <value valueType="integer">43</value>
  </variableValue>
  <variableValue variable="spec[year]">
    <value valueType="decimal">21.458539189578975</value>
  </variableValue>
  <variableValue variable="SPEED[year]">
    <value valueType="integer">4</value>
  </variableValue>
  <variableValue variable="SPOCC[year]">
    <value valueType="integer">4</value>
  </variableValue>
  <variableValue variable="sport[year]">
    <value valueType="decimal">16.26444205790074</value>
  </variableValue>
  <variableValue variable="SPRVIS[year]">
    <value valueType="integer">1</value>
  </variableValue>
  <variableValue variable="SREYE[year]">
    <value valueType="integer">3</value>
  </variableValue>
  <variableValue variable="srh[year]">
    <value valueType="integer">4</value>
  </variableValue>
  <variableValue variable="SRHEALTH">
    <value valueType="integer">3</value>
  </variableValue>
  <variableValue variable="SRHEAR[year]">
    <value valueType="integer">3</value>
  </variableValue>
  <variableValue variable="sstot[year]">
    <value valueType="integer">50</value>
  </variableValue>
  <variableValue variable="STAIRS[year]">
    <value valueType="integer">4</value>
  </variableValue>
  <variableValue variable="TEA[year]">
    <value valueType="integer">6</value>
  </variableValue>
  <variableValue variable="TRAF[year]">
    <value valueType="integer">0</value>
  </variableValue>
  <variableValue variable="travel[year]">
    <value valueType="decimal">49.52888037692343</value>
  </variableValue>
  <variableValue variable="TREES[year]">
    <value valueType="integer">2</value>
  </variableValue>
  <variableValue variable="TRYSTOP[year]">
    <value valueType="integer">1</value>
  </variableValue>
  <variableValue variable="tv[year]">
    <value valueType="decimal">30.852458667025683</value>
  </variableValue>
  <variableValue variable="TYPBLD[year]">
    <value valueType="integer">2</value>
  </variableValue>
  <variableValue variable="UNIVEX[year]">
    <value valueType="integer">0</value>
  </variableValue>
  <variableValue variable="VEAL[year]">
    <value valueType="integer">3</value>
  </variableValue>
  <variableValue variable="vis[year]">
    <value valueType="decimal">67.47113424229778</value>
  </variableValue>
  <variableValue variable="vocab1[year]">
    <value valueType="integer">3</value>
  </variableValue>
  <variableValue variable="vocab2[year]">
    <value valueType="integer">98</value>
  </variableValue>
  <variableValue variable="VOCAT[year]">
    <value valueType="integer">1</value>
  </variableValue>
  <variableValue variable="vol[year]">
    <value valueType="decimal">66.17178920610901</value>
  </variableValue>
  <variableValue variable="walk[year]">
    <value valueType="decimal">36.810231302279504</value>
  </variableValue>
  <variableValue variable="WALK[year]">
    <value valueType="integer">3</value>
  </variableValue>
  <variableValue variable="wdflu[year]">
    <value valueType="integer">2</value>
  </variableValue>
  <variableValue variable="WEIGHT[year]">
    <value valueType="integer">67</value>
  </variableValue>
  <variableValue variable="WELL[year]">
    <value valueType="integer">3</value>
  </variableValue>
  <variableValue variable="WINE[year]">
    <value valueType="integer">79</value>
  </variableValue>
  <variableValue variable="write[year]">
    <value valueType="decimal">2.4546859432177492</value>
  </variableValue>
  <variableValue variable="WRKPLC[year]">
    <value valueType="integer">2</value>
  </variableValue>
  <variableValue variable="WRKTYP[year]">
    <value valueType="integer">4</value>
  </variableValue>
  <variableValue variable="ws[year]">
    <value valueType="integer">23</value>
  </variableValue>
  <variableValue variable="YEAROP[year]">
    <value valueType="integer">39</value>
  </variableValue>
  <variableValue variable="YRQUIT[year]">
    <value valueType="integer">98</value>
  </variableValue>
  <variableValue variable="YRRET[year]">
    <value valueType="integer">28</value>
  </variableValue>
  <variableValue variable="YRSMOKE[year]">
    <value valueType="decimal">61.182851790045845</value>
  </variableValue>
</valueSet>