<valueSet valueTable="2008" entityType="Participant" entityIdentifier="14714949">
  <variableValue variable="ADLTED[year]">
    <value valueType="integer">0</value>
  </variableValue>
  <variableValue variable="ADVDIR[year]">
    <value valueType="integer">2</value>
  </variableValue>
  <variableValue variable="age[year]">
    <value valueType="integer">92</value>
  </variableValue>
  <variableValue variable="AGEKID[year]">
    <value valueType="integer">92</value>
  </variableValue>
  <variableValue variable="AGENB[year]">
    <value valueType="integer">2</value>
  </variableValue>
  <variableValue variable="AGEWED[year]">
    <value valueType="integer">52</value>
  </variableValue>
  <variableValue variable="AGFRN[year]">
    <value valueType="integer">1</value>
  </variableValue>
  <variableValue variable="AGREE[year]">
    <value valueType="integer">23</value>
  </variableValue>
  <variableValue variable="ALCOHOL[year]">
    <value valueType="integer">5</value>
  </variableValue>
  <variableValue variable="Apdemp[year]">
    <value valueType="decimal">17.10864935154255</value>
  </variableValue>
  <variableValue variable="ART[year]">
    <value valueType="integer">3</value>
  </variableValue>
  <variableValue variable="BDATE_DY">
    <value valueType="integer">44</value>
  </variableValue>
  <variableValue variable="BDATE_MO">
    <value valueType="integer">83</value>
  </variableValue>
  <variableValue variable="BDATE_YR">
    <value valueType="integer">62</value>
  </variableValue>
  <variableValue variable="BEEF[year]">
    <value valueType="integer">1</value>
  </variableValue>
  <variableValue variable="BEER[year]">
    <value valueType="integer">40</value>
  </variableValue>
  <variableValue variable="BLDLK[year]">
    <value valueType="integer">1</value>
  </variableValue>
  <variableValue variable="BLOODPRE[year]">
    <value valueType="integer">1</value>
  </variableValue>
  <variableValue variable="BOOK[year]">
    <value valueType="integer">1</value>
  </variableValue>
  <variableValue variable="BRUSH[year]">
    <value valueType="integer">54</value>
  </variableValue>
  <variableValue variable="BUTTER[year]">
    <value valueType="integer">1</value>
  </variableValue>
  <variableValue variable="BUYFAT[year]">
    <value valueType="integer">2</value>
  </variableValue>
  <variableValue variable="BUYSALT[year]">
    <value valueType="integer">3</value>
  </variableValue>
  <variableValue variable="CANCHK[year]">
    <value valueType="integer">1</value>
  </variableValue>
  <variableValue variable="cards[year]">
    <value valueType="decimal">92.78867646306907</value>
  </variableValue>
  <variableValue variable="CATARACT[year]">
    <value valueType="integer">2</value>
  </variableValue>
  <variableValue variable="CHKFAT[year]">
    <value valueType="integer">4</value>
  </variableValue>
  <variableValue variable="CHOLES[year]">
    <value valueType="integer">4</value>
  </variableValue>
  <variableValue variable="chur[year]">
    <value valueType="decimal">2.0293109788289243</value>
  </variableValue>
  <variableValue variable="CIGARDAY[year]">
    <value valueType="integer">6</value>
  </variableValue>
  <variableValue variable="CIGARS[year]">
    <value valueType="integer">5</value>
  </variableValue>
  <variableValue variable="CIGDAY[year]">
    <value valueType="integer">3</value>
  </variableValue>
  <variableValue variable="CIGS[year]">
    <value valueType="integer">3</value>
  </variableValue>
  <variableValue variable="CLNAIR[year]">
    <value valueType="integer">5</value>
  </variableValue>
  <variableValue variable="COFFEE[year]">
    <value valueType="integer">1</value>
  </variableValue>
  <variableValue variable="CONSCIEN[year]">
    <value valueType="integer">41</value>
  </variableValue>
  <variableValue variable="cook[year]">
    <value valueType="decimal">23.92563830533788</value>
  </variableValue>
  <variableValue variable="COOKBUT[year]">
    <value valueType="integer">4</value>
  </variableValue>
  <variableValue variable="CORS[year]">
    <value valueType="integer">0</value>
  </variableValue>
  <variableValue variable="crafts[year]">
    <value valueType="decimal">26.65951562884764</value>
  </variableValue>
  <variableValue variable="crdp1[year]">
    <value valueType="integer">13</value>
  </variableValue>
  <variableValue variable="crdp2[year]">
    <value valueType="integer">54</value>
  </variableValue>
  <variableValue variable="cult[year]">
    <value valueType="decimal">90.51119500791201</value>
  </variableValue>
  <variableValue variable="dance[year]">
    <value valueType="decimal">59.67148080031345</value>
  </variableValue>
  <variableValue variable="DENTIST[year]">
    <value valueType="integer">1</value>
  </variableValue>
  <variableValue variable="DENTURE[year]">
    <value valueType="integer">1</value>
  </variableValue>
  <variableValue variable="DIABET[year]">
    <value valueType="integer">2</value>
  </variableValue>
  <variableValue variable="DRMAM[year]">
    <value valueType="integer">1</value>
  </variableValue>
  <variableValue variable="DRVISIT[year]">
    <value valueType="integer">50</value>
  </variableValue>
  <variableValue variable="dydrm[year]">
    <value valueType="decimal">78.50180147937164</value>
  </variableValue>
  <variableValue variable="EARCHK[year]">
    <value valueType="integer">1</value>
  </variableValue>
  <variableValue variable="eatout[year]">
    <value valueType="decimal">12.333678791736258</value>
  </variableValue>
  <variableValue variable="EATSALT[year]">
    <value valueType="integer">1</value>
  </variableValue>
  <variableValue variable="edact[year]">
    <value valueType="decimal">22.643590905855515</value>
  </variableValue>
  <variableValue variable="educ">
    <value valueType="integer">62</value>
  </variableValue>
  <variableValue variable="EDUC[year]">
    <value valueType="integer">6</value>
  </variableValue>
  <variableValue variable="EGG[year]">
    <value valueType="integer">5</value>
  </variableValue>
  <variableValue variable="eldcar[year]">
    <value valueType="decimal">43.173088795724034</value>
  </variableValue>
  <variableValue variable="ELDCAR[year]">
    <value valueType="decimal">25.219255903875805</value>
  </variableValue>
  <variableValue variable="ENT1[year]">
    <value valueType="integer">1</value>
  </variableValue>
  <variableValue variable="ENT2[year]">
    <value valueType="integer">3</value>
  </variableValue>
  <variableValue variable="ENT3[year]">
    <value valueType="integer">4</value>
  </variableValue>
  <variableValue variable="eth[year]">
    <value valueType="integer">60</value>
  </variableValue>
  <variableValue variable="EXCERTOT[year]">
    <value valueType="decimal">39.72218277060158</value>
  </variableValue>
  <variableValue variable="EXCERWK[year]">
    <value valueType="integer">76</value>
  </variableValue>
  <variableValue variable="EXTRAVER[year]">
    <value valueType="integer">45</value>
  </variableValue>
  <variableValue variable="EYECHG[year]">
    <value valueType="integer">1</value>
  </variableValue>
  <variableValue variable="EYECHK[year]">
    <value valueType="integer">0</value>
  </variableValue>
  <variableValue variable="EYEGLAS[year]">
    <value valueType="integer">2</value>
  </variableValue>
  <variableValue variable="FAGE[year]">
    <value valueType="integer">19</value>
  </variableValue>
  <variableValue variable="FAITH[year]">
    <value valueType="integer">2</value>
  </variableValue>
  <variableValue variable="FALLS[year]">
    <value valueType="integer">6</value>
  </variableValue>
  <variableValue variable="FCAUSE[year]">
    <value valueType="integer">10</value>
  </variableValue>
  <variableValue variable="FDIE[year]">
    <value valueType="integer">15</value>
  </variableValue>
  <variableValue variable="FIC[year]">
    <value valueType="integer">82</value>
  </variableValue>
  <variableValue variable="fit[year]">
    <value valueType="decimal">34.422017515941064</value>
  </variableValue>
  <variableValue variable="FLIVE[year]">
    <value valueType="integer">2</value>
  </variableValue>
  <variableValue variable="FLOSS[year]">
    <value valueType="integer">4</value>
  </variableValue>
  <variableValue variable="FLUSHOT[year]">
    <value valueType="integer">4</value>
  </variableValue>
  <variableValue variable="fr[year]">
    <value valueType="integer">50</value>
  </variableValue>
  <variableValue variable="fratt[year]">
    <value valueType="integer">92</value>
  </variableValue>
  <variableValue variable="frcr[year]">
    <value valueType="integer">88</value>
  </variableValue>
  <variableValue variable="fromt[year]">
    <value valueType="integer">14</value>
  </variableValue>
  <variableValue variable="frwg[year]">
    <value valueType="integer">87</value>
  </variableValue>
  <variableValue variable="game[year]">
    <value valueType="decimal">58.366228370467965</value>
  </variableValue>
  <variableValue variable="gds[year]1 –  gds[year]30">
    <value valueType="integer">0</value>
  </variableValue>
  <variableValue variable="gdstot[year]">
    <value valueType="integer">33</value>
  </variableValue>
  <variableValue variable="HANDS[year]">
    <value valueType="decimal">41.36564209745073</value>
  </variableValue>
  <variableValue variable="HARDLIQ[year]">
    <value valueType="integer">63</value>
  </variableValue>
  <variableValue variable="HEALTHCH[year]">
    <value valueType="integer">2</value>
  </variableValue>
  <variableValue variable="HEARAID[year]">
    <value valueType="integer">1</value>
  </variableValue>
  <variableValue variable="HEARCHG[year]">
    <value valueType="integer">6</value>
  </variableValue>
  <variableValue variable="HEARSPEC[year]">
    <value valueType="integer">2</value>
  </variableValue>
  <variableValue variable="HEART[year]">
    <value valueType="integer">3</value>
  </variableValue>
  <variableValue variable="HEIGHT[year]">
    <value valueType="integer">21</value>
  </variableValue>
  <variableValue variable="HHEIGHT[year]">
    <value valueType="integer">42</value>
  </variableValue>
  <variableValue variable="HIGHBLOO[year]">
    <value valueType="integer">1</value>
  </variableValue>
  <variableValue variable="HJOBTP[year]">
    <value valueType="integer">5</value>
  </variableValue>
  <variableValue variable="HMKHD[year]">
    <value valueType="decimal">36.43829368740289</value>
  </variableValue>
  <variableValue variable="HMKJB[year]">
    <value valueType="integer">7</value>
  </variableValue>
  <variableValue variable="HMKPE[year]">
    <value valueType="decimal">45.77790004901953</value>
  </variableValue>
  <variableValue variable="HMKPRS[year]">
    <value valueType="integer">4</value>
  </variableValue>
  <variableValue variable="HMKR[year]">
    <value valueType="integer">92</value>
  </variableValue>
  <variableValue variable="HMKRD[year]">
    <value valueType="decimal">59.41694462378373</value>
  </variableValue>
  <variableValue variable="HOSDAYS[year]">
    <value valueType="integer">83</value>
  </variableValue>
  <variableValue variable="HOSVISIT[year]">
    <value valueType="integer">1</value>
  </variableValue>
  <variableValue variable="HWEIGHT[year]">
    <value valueType="integer">47</value>
  </variableValue>
  <variableValue variable="INC[year]">
    <value valueType="integer">11</value>
  </variableValue>
  <variableValue variable="INC84[year]">
    <value valueType="integer">17</value>
  </variableValue>
  <variableValue variable="instr[year]">
    <value valueType="decimal">89.63009845142122</value>
  </variableValue>
  <variableValue variable="ir[year]a1 - ir[year]a20">
    <value valueType="integer">1</value>
  </variableValue>
  <variableValue variable="ir[year]b1 - ir[year]b20">
    <value valueType="integer">0</value>
  </variableValue>
  <variableValue variable="JOBLEN[year]">
    <value valueType="integer">2</value>
  </variableValue>
  <variableValue variable="JOBTYP[year]">
    <value valueType="integer">6</value>
  </variableValue>
  <variableValue variable="kidcar[year]">
    <value valueType="decimal">73.48462258062806</value>
  </variableValue>
  <variableValue variable="LAMB[year]">
    <value valueType="integer">3</value>
  </variableValue>
  <variableValue variable="lettot[year]">
    <value valueType="integer">38</value>
  </variableValue>
  <variableValue variable="LFST84[year]">
    <value valueType="integer">1</value>
  </variableValue>
  <variableValue variable="LIFSAT[year]">
    <value valueType="integer">2</value>
  </variableValue>
  <variableValue variable="LIVESMOK[year]">
    <value valueType="integer">1</value>
  </variableValue>
  <variableValue variable="ls[year]">
    <value valueType="integer">5</value>
  </variableValue>
  <variableValue variable="LSTJOB[year]">
    <value valueType="integer">8</value>
  </variableValue>
  <variableValue variable="LVNGWILL[year]">
    <value valueType="integer">2</value>
  </variableValue>
  <variableValue variable="MAGE[year]">
    <value valueType="integer">39</value>
  </variableValue>
  <variableValue variable="MAM[year]">
    <value valueType="integer">2</value>
  </variableValue>
  <variableValue variable="MAM2YR[year]">
    <value valueType="integer">2</value>
  </variableValue>
  <variableValue variable="MAMAGE[year]">
    <value valueType="integer">60</value>
  </variableValue>
  <variableValue variable="MAMEXAM[year]">
    <value valueType="integer">65</value>
  </variableValue>
  <variableValue variable="MASTECT[year]">
    <value valueType="integer">3</value>
  </variableValue>
  <variableValue variable="MCAUSE[year]">
    <value valueType="integer">6</value>
  </variableValue>
  <variableValue variable="MDIE[year]">
    <value valueType="integer">97</value>
  </variableValue>
  <variableValue variable="MED[year]">
    <value valueType="integer">1</value>
  </variableValue>
  <variableValue variable="MENAGE[year]">
    <value valueType="integer">48</value>
  </variableValue>
  <variableValue variable="MENHIST[year]">
    <value valueType="integer">16</value>
  </variableValue>
  <variableValue variable="MENSIT[year]">
    <value valueType="integer">1</value>
  </variableValue>
  <variableValue variable="MFQ[year]1">
    <value valueType="decimal">81.0090555167022</value>
  </variableValue>
  <variableValue variable="MFQ[year]2A">
    <value valueType="decimal">43.11752195586956</value>
  </variableValue>
  <variableValue variable="MFQ[year]2B">
    <value valueType="decimal">97.99521946986933</value>
  </variableValue>
  <variableValue variable="MFQ[year]2C">
    <value valueType="decimal">40.91182550062783</value>
  </variableValue>
  <variableValue variable="MFQ[year]2D">
    <value valueType="decimal">14.808901536286022</value>
  </variableValue>
  <variableValue variable="MFQ[year]2E">
    <value valueType="decimal">88.66584838191433</value>
  </variableValue>
  <variableValue variable="MFQ[year]3A">
    <value valueType="decimal">18.30408792524032</value>
  </variableValue>
  <variableValue variable="MFQ[year]3B">
    <value valueType="decimal">88.54930754247707</value>
  </variableValue>
  <variableValue variable="MFQ[year]3C">
    <value valueType="decimal">21.873616674784547</value>
  </variableValue>
  <variableValue variable="MFQ[year]3D">
    <value valueType="decimal">88.7731974093179</value>
  </variableValue>
  <variableValue variable="MFQ[year]3E">
    <value valueType="decimal">58.41962640025916</value>
  </variableValue>
  <variableValue variable="MFQ[year]3F">
    <value valueType="decimal">48.10092058937816</value>
  </variableValue>
  <variableValue variable="MFQ[year]3G">
    <value valueType="decimal">17.975744861095954</value>
  </variableValue>
  <variableValue variable="MFQ[year]3H">
    <value valueType="decimal">19.06407733847788</value>
  </variableValue>
  <variableValue variable="MFQ[year]3I">
    <value valueType="decimal">30.06024786386108</value>
  </variableValue>
  <variableValue variable="MFQ[year]3J">
    <value valueType="decimal">11.148551456602384</value>
  </variableValue>
  <variableValue variable="MFQ[year]3K">
    <value valueType="decimal">13.80588234807072</value>
  </variableValue>
  <variableValue variable="MFQ[year]3L">
    <value valueType="decimal">0.6323463945169916</value>
  </variableValue>
  <variableValue variable="MFQ[year]3M">
    <value valueType="decimal">51.82101269701953</value>
  </variableValue>
  <variableValue variable="MFQ[year]3N">
    <value valueType="decimal">56.2730984281056</value>
  </variableValue>
  <variableValue variable="MFQ[year]3O">
    <value valueType="decimal">50.35791602492375</value>
  </variableValue>
  <variableValue variable="MFQ[year]3P">
    <value valueType="decimal">95.46142453272033</value>
  </variableValue>
  <variableValue variable="MFQ[year]3Q">
    <value valueType="decimal">87.77946939560411</value>
  </variableValue>
  <variableValue variable="MFQ[year]3R">
    <value valueType="decimal">27.389278908779346</value>
  </variableValue>
  <variableValue variable="MFQ[year]4A">
    <value valueType="decimal">4.919447418964795</value>
  </variableValue>
  <variableValue variable="MFQ[year]4B">
    <value valueType="decimal">64.65625508498599</value>
  </variableValue>
  <variableValue variable="MFQ[year]4C">
    <value valueType="decimal">79.43160922217426</value>
  </variableValue>
  <variableValue variable="MFQ[year]4D">
    <value valueType="decimal">36.78945072063177</value>
  </variableValue>
  <variableValue variable="MFQ[year]4E">
    <value valueType="decimal">46.637744981095054</value>
  </variableValue>
  <variableValue variable="MFQ[year]5A">
    <value valueType="decimal">45.434905772821644</value>
  </variableValue>
  <variableValue variable="MFQ[year]5B">
    <value valueType="decimal">72.04737907431794</value>
  </variableValue>
  <variableValue variable="MFQ[year]5C">
    <value valueType="decimal">96.3541357741578</value>
  </variableValue>
  <variableValue variable="MFQ[year]5D">
    <value valueType="decimal">56.276058791707364</value>
  </variableValue>
  <variableValue variable="MFQ[year]5E">
    <value valueType="decimal">95.50344784966094</value>
  </variableValue>
  <variableValue variable="MFQ[year]6A">
    <value valueType="decimal">17.49228283872517</value>
  </variableValue>
  <variableValue variable="MFQ[year]6B">
    <value valueType="decimal">30.87510960087717</value>
  </variableValue>
  <variableValue variable="MFQ[year]6C">
    <value valueType="decimal">76.04476348329682</value>
  </variableValue>
  <variableValue variable="MFQ[year]6D">
    <value valueType="decimal">86.73857629741704</value>
  </variableValue>
  <variableValue variable="MFQ[year]7A">
    <value valueType="decimal">82.14361825793422</value>
  </variableValue>
  <variableValue variable="MFQ[year]7B">
    <value valueType="decimal">68.55033457046964</value>
  </variableValue>
  <variableValue variable="MFQ[year]7C">
    <value valueType="decimal">22.286173562585454</value>
  </variableValue>
  <variableValue variable="MFQ[year]7D">
    <value valueType="decimal">4.0281721566929996</value>
  </variableValue>
  <variableValue variable="MFQ[year]7E">
    <value valueType="decimal">0.7368870639696712</value>
  </variableValue>
  <variableValue variable="MFQ[year]7F">
    <value valueType="decimal">35.44813060420135</value>
  </variableValue>
  <variableValue variable="MFQ[year]7G">
    <value valueType="decimal">76.31157263287605</value>
  </variableValue>
  <variableValue variable="MFQ[year]7H">
    <value valueType="decimal">19.670806248312033</value>
  </variableValue>
  <variableValue variable="MFQ[year]7I">
    <value valueType="decimal">94.81002090082269</value>
  </variableValue>
  <variableValue variable="MFQ[year]7J">
    <value valueType="decimal">3.101448996390044</value>
  </variableValue>
  <variableValue variable="MFQ[year]7K">
    <value valueType="decimal">66.83340033883644</value>
  </variableValue>
  <variableValue variable="MFQ[year]7L">
    <value valueType="decimal">68.91098363128508</value>
  </variableValue>
  <variableValue variable="MFQ[year]7M">
    <value valueType="decimal">17.87003253627978</value>
  </variableValue>
  <variableValue variable="MFQ[year]7N">
    <value valueType="decimal">51.3812198611827</value>
  </variableValue>
  <variableValue variable="MFQ[year]7O">
    <value valueType="decimal">71.20513693906376</value>
  </variableValue>
  <variableValue variable="MFQ[year]7P">
    <value valueType="decimal">47.987682455282474</value>
  </variableValue>
  <variableValue variable="MFQ[year]7Q">
    <value valueType="decimal">98.48875755063744</value>
  </variableValue>
  <variableValue variable="MFQ[year]7R">
    <value valueType="decimal">12.411129933428356</value>
  </variableValue>
  <variableValue variable="MFQ[year]8A">
    <value valueType="decimal">92.07594554556975</value>
  </variableValue>
  <variableValue variable="MFQ[year]8B">
    <value valueType="decimal">92.49951794946335</value>
  </variableValue>
  <variableValue variable="MFQ[year]8C">
    <value valueType="decimal">27.241400717915155</value>
  </variableValue>
  <variableValue variable="MFQ[year]8D">
    <value valueType="decimal">55.52446455949871</value>
  </variableValue>
  <variableValue variable="MFQ[year]8E">
    <value valueType="decimal">11.086650759570604</value>
  </variableValue>
  <variableValue variable="MFQ[year]8F">
    <value valueType="decimal">70.94069045634652</value>
  </variableValue>
  <variableValue variable="MFQ[year]8G">
    <value valueType="decimal">73.73358703988495</value>
  </variableValue>
  <variableValue variable="MFQ[year]8H">
    <value valueType="decimal">58.126861910138906</value>
  </variableValue>
  <variableValue variable="MFQ1[year]">
    <value valueType="integer">54</value>
  </variableValue>
  <variableValue variable="mfq1[year]">
    <value valueType="decimal">11.423706202769202</value>
  </variableValue>
  <variableValue variable="MFQ2[year]">
    <value valueType="integer">38</value>
  </variableValue>
  <variableValue variable="mfq2[year]">
    <value valueType="decimal">25.919703767345716</value>
  </variableValue>
  <variableValue variable="MFQ3[year]">
    <value valueType="integer">42</value>
  </variableValue>
  <variableValue variable="mfq3[year]">
    <value valueType="decimal">62.671761228935296</value>
  </variableValue>
  <variableValue variable="MFQ4[year]">
    <value valueType="integer">8</value>
  </variableValue>
  <variableValue variable="mfq4[year]">
    <value valueType="decimal">14.016787836056599</value>
  </variableValue>
  <variableValue variable="MLIVE[year]">
    <value valueType="integer">1</value>
  </variableValue>
  <variableValue variable="MOMWK[year]">
    <value valueType="integer">1</value>
  </variableValue>
  <variableValue variable="movie[year]">
    <value valueType="decimal">15.497308561141187</value>
  </variableValue>
  <variableValue variable="MSTA84[year]">
    <value valueType="integer">1</value>
  </variableValue>
  <variableValue variable="MSTAT[year]">
    <value valueType="integer">4</value>
  </variableValue>
  <variableValue variable="NBKS[year]">
    <value valueType="integer">14</value>
  </variableValue>
  <variableValue variable="NCONF[year]">
    <value valueType="integer">57</value>
  </variableValue>
  <variableValue variable="NEEDCATA[year]">
    <value valueType="integer">1</value>
  </variableValue>
  <variableValue variable="NEMP[year]">
    <value valueType="integer">51</value>
  </variableValue>
  <variableValue variable="NEUROTIC[year]">
    <value valueType="integer">37</value>
  </variableValue>
  <variableValue variable="NEWPRNT[year]">
    <value valueType="integer">3</value>
  </variableValue>
  <variableValue variable="nfr[year]">
    <value valueType="integer">18</value>
  </variableValue>
  <variableValue variable="NFRN[year]">
    <value valueType="integer">44</value>
  </variableValue>
  <variableValue variable="NGRNKD[year]">
    <value valueType="integer">28</value>
  </variableValue>
  <variableValue variable="NJOB[year]">
    <value valueType="integer">5</value>
  </variableValue>
  <variableValue variable="NKDHM[year]">
    <value valueType="integer">35</value>
  </variableValue>
  <variableValue variable="NKIDS[year]">
    <value valueType="integer">17</value>
  </variableValue>
  <variableValue variable="NMAG[year]">
    <value valueType="integer">99</value>
  </variableValue>
  <variableValue variable="NMOV[year]">
    <value valueType="integer">19</value>
  </variableValue>
  <variableValue variable="NMTG[year]">
    <value valueType="integer">64</value>
  </variableValue>
  <variableValue variable="NNEIG[year]">
    <value valueType="integer">4</value>
  </variableValue>
  <variableValue variable="NOBR[year]">
    <value valueType="integer">54</value>
  </variableValue>
  <variableValue variable="NOISE[year]">
    <value valueType="integer">2</value>
  </variableValue>
  <variableValue variable="NONFIC[year]">
    <value valueType="integer">42</value>
  </variableValue>
  <variableValue variable="nor[year]">
    <value valueType="integer">3</value>
  </variableValue>
  <variableValue variable="norcr[year]">
    <value valueType="integer">12</value>
  </variableValue>
  <variableValue variable="NOSIS[year]">
    <value valueType="integer">100</value>
  </variableValue>
  <variableValue variable="NOWRK[year]">
    <value valueType="integer">7</value>
  </variableValue>
  <variableValue variable="NRMS[year]">
    <value valueType="integer">13</value>
  </variableValue>
  <variableValue variable="nsp08">
    <value valueType="integer">67</value>
  </variableValue>
  <variableValue variable="NSTATE[year]">
    <value valueType="integer">19</value>
  </variableValue>
  <variableValue variable="NTRAD[year]">
    <value valueType="integer">63</value>
  </variableValue>
  <variableValue variable="NTRIPS[year]">
    <value valueType="integer">85</value>
  </variableValue>
  <variableValue variable="numtot[year]">
    <value valueType="integer">35</value>
  </variableValue>
  <variableValue variable="NVISIT[year]">
    <value valueType="integer">4</value>
  </variableValue>
  <variableValue variable="NWED[year]">
    <value valueType="integer">47</value>
  </variableValue>
  <variableValue variable="NYBR[year]">
    <value valueType="integer">92</value>
  </variableValue>
  <variableValue variable="NYSIS[year]">
    <value valueType="integer">46</value>
  </variableValue>
  <variableValue variable="OBGYN[year]">
    <value valueType="integer">5</value>
  </variableValue>
  <variableValue variable="OCC[year]">
    <value valueType="integer">8</value>
  </variableValue>
  <variableValue variable="OCC84[year]">
    <value valueType="integer">7</value>
  </variableValue>
  <variableValue variable="OPEN[year]">
    <value valueType="integer">67</value>
  </variableValue>
  <variableValue variable="or[year]">
    <value valueType="integer">43</value>
  </variableValue>
  <variableValue variable="oratt[year]">
    <value valueType="integer">20</value>
  </variableValue>
  <variableValue variable="ORGAN[year]">
    <value valueType="integer">1</value>
  </variableValue>
  <variableValue variable="oromt[year]">
    <value valueType="integer">19</value>
  </variableValue>
  <variableValue variable="orwg[year]">
    <value valueType="integer">77</value>
  </variableValue>
  <variableValue variable="OTJ[year]">
    <value valueType="integer">0</value>
  </variableValue>
  <variableValue variable="outhob[year]">
    <value valueType="decimal">3.2957472487791795</value>
  </variableValue>
  <variableValue variable="OWNHM[year]">
    <value valueType="integer">1</value>
  </variableValue>
  <variableValue variable="PAINREL[year]">
    <value valueType="integer">3</value>
  </variableValue>
  <variableValue variable="PAP[year]">
    <value valueType="integer">1</value>
  </variableValue>
  <variableValue variable="party[year]">
    <value valueType="decimal">19.898057821203906</value>
  </variableValue>
  <variableValue variable="pase1">
    <value valueType="integer">1</value>
  </variableValue>
  <variableValue variable="pase10">
    <value valueType="integer">0</value>
  </variableValue>
  <variableValue variable="pase10a">
    <value valueType="decimal">84.32718704111278</value>
  </variableValue>
  <variableValue variable="pase10b">
    <value valueType="integer">1</value>
  </variableValue>
  <variableValue variable="pase1b">
    <value valueType="integer">3</value>
  </variableValue>
  <variableValue variable="pase2">
    <value valueType="integer">2</value>
  </variableValue>
  <variableValue variable="pase2a">
    <value valueType="integer">4</value>
  </variableValue>
  <variableValue variable="pase3">
    <value valueType="integer">1</value>
  </variableValue>
  <variableValue variable="pase3b">
    <value valueType="integer">4</value>
  </variableValue>
  <variableValue variable="pase4">
    <value valueType="integer">1</value>
  </variableValue>
  <variableValue variable="pase4b">
    <value valueType="integer">1</value>
  </variableValue>
  <variableValue variable="pase5">
    <value valueType="integer">3</value>
  </variableValue>
  <variableValue variable="pase5b">
    <value valueType="integer">4</value>
  </variableValue>
  <variableValue variable="pase6">
    <value valueType="integer">1</value>
  </variableValue>
  <variableValue variable="pase6b">
    <value valueType="integer">3</value>
  </variableValue>
  <variableValue variable="pase7">
    <value valueType="integer">1</value>
  </variableValue>
  <variableValue variable="pase8">
    <value valueType="integer">0</value>
  </variableValue>
  <variableValue variable="pase9a - pase9d">
    <value valueType="integer">0</value>
  </variableValue>
  <variableValue variable="pattot[year]">
    <value valueType="integer">32</value>
  </variableValue>
  <variableValue variable="PDEMP[year]">
    <value valueType="integer">1</value>
  </variableValue>
  <variableValue variable="PEOP[year]">
    <value valueType="decimal">78.75816023319283</value>
  </variableValue>
  <variableValue variable="pets[year]">
    <value valueType="decimal">99.20302664698507</value>
  </variableValue>
  <variableValue variable="phone[year]">
    <value valueType="decimal">60.813795021268206</value>
  </variableValue>
  <variableValue variable="picnic[year]">
    <value valueType="decimal">42.270802204295975</value>
  </variableValue>
  <variableValue variable="PIPEDAY[year]">
    <value valueType="integer">6</value>
  </variableValue>
  <variableValue variable="PIPES[year]">
    <value valueType="integer">1</value>
  </variableValue>
  <variableValue variable="pirr1[year]">
    <value valueType="integer">18</value>
  </variableValue>
  <variableValue variable="pirr2[year]">
    <value valueType="integer">28</value>
  </variableValue>
  <variableValue variable="PORK[year]">
    <value valueType="integer">3</value>
  </variableValue>
  <variableValue variable="ppr1[year]">
    <value valueType="integer">71</value>
  </variableValue>
  <variableValue variable="ppr2[year]">
    <value valueType="integer">71</value>
  </variableValue>
  <variableValue variable="ppr3[year]">
    <value valueType="integer">97</value>
  </variableValue>
  <variableValue variable="pray[year]">
    <value valueType="decimal">50.75324175257568</value>
  </variableValue>
  <variableValue variable="PRESR[year]">
    <value valueType="integer">1</value>
  </variableValue>
  <variableValue variable="PRO2YR[year]">
    <value valueType="integer">2</value>
  </variableValue>
  <variableValue variable="PROAGE[year]">
    <value valueType="integer">33</value>
  </variableValue>
  <variableValue variable="PROENLAR[year]">
    <value valueType="integer">2</value>
  </variableValue>
  <variableValue variable="PROEXAM[year]">
    <value valueType="integer">88</value>
  </variableValue>
  <variableValue variable="PROS[year]">
    <value valueType="integer">1</value>
  </variableValue>
  <variableValue variable="PROSUC[year]">
    <value valueType="integer">3</value>
  </variableValue>
  <variableValue variable="PRSC84[year]">
    <value valueType="integer">2</value>
  </variableValue>
  <variableValue variable="radio[year]">
    <value valueType="decimal">85.51446318313899</value>
  </variableValue>
  <variableValue variable="RDPAPR[year]">
    <value valueType="integer">1</value>
  </variableValue>
  <variableValue variable="RDWRIT[year]">
    <value valueType="decimal">50.623937462834476</value>
  </variableValue>
  <variableValue variable="read[year]">
    <value valueType="decimal">22.352490359523724</value>
  </variableValue>
  <variableValue variable="REGULAR[year]">
    <value valueType="integer">2</value>
  </variableValue>
  <variableValue variable="REMAR[year]">
    <value valueType="integer">83</value>
  </variableValue>
  <variableValue variable="rv[year]">
    <value valueType="integer">11</value>
  </variableValue>
  <variableValue variable="SAFE[year]">
    <value valueType="integer">0</value>
  </variableValue>
  <variableValue variable="SBHWY[year]">
    <value valueType="integer">3</value>
  </variableValue>
  <variableValue variable="SBTOWN[year]">
    <value valueType="integer">4</value>
  </variableValue>
  <variableValue variable="SELFBLOO[year]">
    <value valueType="integer">6</value>
  </variableValue>
  <variableValue variable="selfim[year]">
    <value valueType="decimal">40.25288994312434</value>
  </variableValue>
  <variableValue variable="SELFMAM[year]">
    <value valueType="integer">1</value>
  </variableValue>
  <variableValue variable="sex">
    <value valueType="integer">1</value>
  </variableValue>
  <variableValue variable="shop[year]">
    <value valueType="decimal">18.204252711898018</value>
  </variableValue>
  <variableValue variable="SIBS[year]">
    <value valueType="integer">79</value>
  </variableValue>
  <variableValue variable="SLEEP[year]">
    <value valueType="integer">2</value>
  </variableValue>
  <variableValue variable="smdvh[year]">
    <value valueType="integer">29</value>
  </variableValue>
  <variableValue variable="smdvl[year]">
    <value valueType="integer">1</value>
  </variableValue>
  <variableValue variable="SMK[year]">
    <value valueType="integer">1</value>
  </variableValue>
  <variableValue variable="SMOKE[year]">
    <value valueType="integer">2</value>
  </variableValue>
  <variableValue variable="SMOKEPAS[year]">
    <value valueType="decimal">89.69693755700283</value>
  </variableValue>
  <variableValue variable="SODA[year]">
    <value valueType="integer">3</value>
  </variableValue>
  <variableValue variable="SODIUM[year]">
    <value valueType="integer">2</value>
  </variableValue>
  <variableValue variable="SPBRN[year]">
    <value valueType="integer">23</value>
  </variableValue>
  <variableValue variable="spec[year]">
    <value valueType="decimal">48.379906600168276</value>
  </variableValue>
  <variableValue variable="SPEED[year]">
    <value valueType="integer">4</value>
  </variableValue>
  <variableValue variable="SPOCC[year]">
    <value valueType="integer">9</value>
  </variableValue>
  <variableValue variable="sport[year]">
    <value valueType="decimal">36.30240285218821</value>
  </variableValue>
  <variableValue variable="SPRVIS[year]">
    <value valueType="integer">1</value>
  </variableValue>
  <variableValue variable="SREYE[year]">
    <value valueType="integer">3</value>
  </variableValue>
  <variableValue variable="srh[year]">
    <value valueType="integer">4</value>
  </variableValue>
  <variableValue variable="SRHEALTH">
    <value valueType="integer">2</value>
  </variableValue>
  <variableValue variable="SRHEAR[year]">
    <value valueType="integer">1</value>
  </variableValue>
  <variableValue variable="sstot[year]">
    <value valueType="integer">10</value>
  </variableValue>
  <variableValue variable="STAIRS[year]">
    <value valueType="integer">2</value>
  </variableValue>
  <variableValue variable="TEA[year]">
    <value valueType="integer">6</value>
  </variableValue>
  <variableValue variable="TRAF[year]">
    <value valueType="integer">1</value>
  </variableValue>
  <variableValue variable="travel[year]">
    <value valueType="decimal">66.06483883108946</value>
  </variableValue>
  <variableValue variable="TREES[year]">
    <value valueType="integer">4</value>
  </variableValue>
  <variableValue variable="TRYSTOP[year]">
    <value valueType="integer">2</value>
  </variableValue>
  <variableValue variable="tv[year]">
    <value valueType="decimal">72.65572538338121</value>
  </variableValue>
  <variableValue variable="TYPBLD[year]">
    <value valueType="integer">2</value>
  </variableValue>
  <variableValue variable="UNIVEX[year]">
    <value valueType="integer">0</value>
  </variableValue>
  <variableValue variable="VEAL[year]">
    <value valueType="integer">3</value>
  </variableValue>
  <variableValue variable="vis[year]">
    <value valueType="decimal">52.03515390156602</value>
  </variableValue>
  <variableValue variable="vocab1[year]">
    <value valueType="integer">45</value>
  </variableValue>
  <variableValue variable="vocab2[year]">
    <value valueType="integer">53</value>
  </variableValue>
  <variableValue variable="VOCAT[year]">
    <value valueType="integer">0</value>
  </variableValue>
  <variableValue variable="vol[year]">
    <value valueType="decimal">91.79708672734313</value>
  </variableValue>
  <variableValue variable="walk[year]">
    <value valueType="decimal">22.89480952414066</value>
  </variableValue>
  <variableValue variable="WALK[year]">
    <value valueType="integer">5</value>
  </variableValue>
  <variableValue variable="wdflu[year]">
    <value valueType="integer">60</value>
  </variableValue>
  <variableValue variable="WEIGHT[year]">
    <value valueType="integer">95</value>
  </variableValue>
  <variableValue variable="WELL[year]">
    <value valueType="integer">3</value>
  </variableValue>
  <variableValue variable="WINE[year]">
    <value valueType="integer">70</value>
  </variableValue>
  <variableValue variable="write[year]">
    <value valueType="decimal">29.743242971187367</value>
  </variableValue>
  <variableValue variable="WRKPLC[year]">
    <value valueType="integer">5</value>
  </variableValue>
  <variableValue variable="WRKTYP[year]">
    <value valueType="integer">3</value>
  </variableValue>
  <variableValue variable="ws[year]">
    <value valueType="integer">73</value>
  </variableValue>
  <variableValue variable="YEAROP[year]">
    <value valueType="integer">62</value>
  </variableValue>
  <variableValue variable="YRQUIT[year]">
    <value valueType="integer">51</value>
  </variableValue>
  <variableValue variable="YRRET[year]">
    <value valueType="integer">69</value>
  </variableValue>
  <variableValue variable="YRSMOKE[year]">
    <value valueType="decimal">20.199864252284783</value>
  </variableValue>
</valueSet>