<valueSet valueTable="2008" entityType="Participant" entityIdentifier="34576713">
  <variableValue variable="ADLTED[year]">
    <value valueType="integer">0</value>
  </variableValue>
  <variableValue variable="ADVDIR[year]">
    <value valueType="integer">1</value>
  </variableValue>
  <variableValue variable="age[year]">
    <value valueType="integer">9</value>
  </variableValue>
  <variableValue variable="AGEKID[year]">
    <value valueType="integer">97</value>
  </variableValue>
  <variableValue variable="AGENB[year]">
    <value valueType="integer">7</value>
  </variableValue>
  <variableValue variable="AGEWED[year]">
    <value valueType="integer">86</value>
  </variableValue>
  <variableValue variable="AGFRN[year]">
    <value valueType="integer">3</value>
  </variableValue>
  <variableValue variable="AGREE[year]">
    <value valueType="integer">11</value>
  </variableValue>
  <variableValue variable="ALCOHOL[year]">
    <value valueType="integer">3</value>
  </variableValue>
  <variableValue variable="Apdemp[year]">
    <value valueType="decimal">2.6686568313763703</value>
  </variableValue>
  <variableValue variable="ART[year]">
    <value valueType="integer">2</value>
  </variableValue>
  <variableValue variable="BDATE_DY">
    <value valueType="integer">77</value>
  </variableValue>
  <variableValue variable="BDATE_MO">
    <value valueType="integer">50</value>
  </variableValue>
  <variableValue variable="BDATE_YR">
    <value valueType="integer">87</value>
  </variableValue>
  <variableValue variable="BEEF[year]">
    <value valueType="integer">1</value>
  </variableValue>
  <variableValue variable="BEER[year]">
    <value valueType="integer">56</value>
  </variableValue>
  <variableValue variable="BLDLK[year]">
    <value valueType="integer">1</value>
  </variableValue>
  <variableValue variable="BLOODPRE[year]">
    <value valueType="integer">4</value>
  </variableValue>
  <variableValue variable="BOOK[year]">
    <value valueType="integer">3</value>
  </variableValue>
  <variableValue variable="BRUSH[year]">
    <value valueType="integer">54</value>
  </variableValue>
  <variableValue variable="BUTTER[year]">
    <value valueType="integer">4</value>
  </variableValue>
  <variableValue variable="BUYFAT[year]">
    <value valueType="integer">5</value>
  </variableValue>
  <variableValue variable="BUYSALT[year]">
    <value valueType="integer">4</value>
  </variableValue>
  <variableValue variable="CANCHK[year]">
    <value valueType="integer">1</value>
  </variableValue>
  <variableValue variable="cards[year]">
    <value valueType="decimal">67.54660978733023</value>
  </variableValue>
  <variableValue variable="CATARACT[year]">
    <value valueType="integer">1</value>
  </variableValue>
  <variableValue variable="CHKFAT[year]">
    <value valueType="integer">1</value>
  </variableValue>
  <variableValue variable="CHOLES[year]">
    <value valueType="integer">5</value>
  </variableValue>
  <variableValue variable="chur[year]">
    <value valueType="decimal">88.28716248703728</value>
  </variableValue>
  <variableValue variable="CIGARDAY[year]">
    <value valueType="integer">4</value>
  </variableValue>
  <variableValue variable="CIGARS[year]">
    <value valueType="integer">3</value>
  </variableValue>
  <variableValue variable="CIGDAY[year]">
    <value valueType="integer">5</value>
  </variableValue>
  <variableValue variable="CIGS[year]">
    <value valueType="integer">4</value>
  </variableValue>
  <variableValue variable="CLNAIR[year]">
    <value valueType="integer">4</value>
  </variableValue>
  <variableValue variable="COFFEE[year]">
    <value valueType="integer">6</value>
  </variableValue>
  <variableValue variable="CONSCIEN[year]">
    <value valueType="integer">34</value>
  </variableValue>
  <variableValue variable="cook[year]">
    <value valueType="decimal">85.59324786221643</value>
  </variableValue>
  <variableValue variable="COOKBUT[year]">
    <value valueType="integer">5</value>
  </variableValue>
  <variableValue variable="CORS[year]">
    <value valueType="integer">1</value>
  </variableValue>
  <variableValue variable="crafts[year]">
    <value valueType="decimal">36.88263492202203</value>
  </variableValue>
  <variableValue variable="crdp1[year]">
    <value valueType="integer">74</value>
  </variableValue>
  <variableValue variable="crdp2[year]">
    <value valueType="integer">17</value>
  </variableValue>
  <variableValue variable="cult[year]">
    <value valueType="decimal">32.05733102128085</value>
  </variableValue>
  <variableValue variable="dance[year]">
    <value valueType="decimal">32.93163528970846</value>
  </variableValue>
  <variableValue variable="DENTIST[year]">
    <value valueType="integer">1</value>
  </variableValue>
  <variableValue variable="DENTURE[year]">
    <value valueType="integer">2</value>
  </variableValue>
  <variableValue variable="DIABET[year]">
    <value valueType="integer">2</value>
  </variableValue>
  <variableValue variable="DRMAM[year]">
    <value valueType="integer">3</value>
  </variableValue>
  <variableValue variable="DRVISIT[year]">
    <value valueType="integer">60</value>
  </variableValue>
  <variableValue variable="dydrm[year]">
    <value valueType="decimal">21.634078514263766</value>
  </variableValue>
  <variableValue variable="EARCHK[year]">
    <value valueType="integer">0</value>
  </variableValue>
  <variableValue variable="eatout[year]">
    <value valueType="decimal">76.02362493909133</value>
  </variableValue>
  <variableValue variable="EATSALT[year]">
    <value valueType="integer">5</value>
  </variableValue>
  <variableValue variable="edact[year]">
    <value valueType="decimal">8.315259750455406</value>
  </variableValue>
  <variableValue variable="educ">
    <value valueType="integer">47</value>
  </variableValue>
  <variableValue variable="EDUC[year]">
    <value valueType="integer">46</value>
  </variableValue>
  <variableValue variable="EGG[year]">
    <value valueType="integer">2</value>
  </variableValue>
  <variableValue variable="eldcar[year]">
    <value valueType="decimal">57.82005203247594</value>
  </variableValue>
  <variableValue variable="ELDCAR[year]">
    <value valueType="decimal">89.91668996650898</value>
  </variableValue>
  <variableValue variable="ENT1[year]">
    <value valueType="integer">6</value>
  </variableValue>
  <variableValue variable="ENT2[year]">
    <value valueType="integer">9</value>
  </variableValue>
  <variableValue variable="ENT3[year]">
    <value valueType="integer">3</value>
  </variableValue>
  <variableValue variable="eth[year]">
    <value valueType="integer">35</value>
  </variableValue>
  <variableValue variable="EXCERTOT[year]">
    <value valueType="decimal">94.38525460949879</value>
  </variableValue>
  <variableValue variable="EXCERWK[year]">
    <value valueType="integer">4</value>
  </variableValue>
  <variableValue variable="EXTRAVER[year]">
    <value valueType="integer">94</value>
  </variableValue>
  <variableValue variable="EYECHG[year]">
    <value valueType="integer">5</value>
  </variableValue>
  <variableValue variable="EYECHK[year]">
    <value valueType="integer">1</value>
  </variableValue>
  <variableValue variable="EYEGLAS[year]">
    <value valueType="integer">3</value>
  </variableValue>
  <variableValue variable="FAGE[year]">
    <value valueType="integer">38</value>
  </variableValue>
  <variableValue variable="FAITH[year]">
    <value valueType="integer">4</value>
  </variableValue>
  <variableValue variable="FALLS[year]">
    <value valueType="integer">5</value>
  </variableValue>
  <variableValue variable="FCAUSE[year]">
    <value valueType="integer">10</value>
  </variableValue>
  <variableValue variable="FDIE[year]">
    <value valueType="integer">11</value>
  </variableValue>
  <variableValue variable="FIC[year]">
    <value valueType="integer">78</value>
  </variableValue>
  <variableValue variable="fit[year]">
    <value valueType="decimal">49.10260162054026</value>
  </variableValue>
  <variableValue variable="FLIVE[year]">
    <value valueType="integer">1</value>
  </variableValue>
  <variableValue variable="FLOSS[year]">
    <value valueType="integer">1</value>
  </variableValue>
  <variableValue variable="FLUSHOT[year]">
    <value valueType="integer">2</value>
  </variableValue>
  <variableValue variable="fr[year]">
    <value valueType="integer">86</value>
  </variableValue>
  <variableValue variable="fratt[year]">
    <value valueType="integer">56</value>
  </variableValue>
  <variableValue variable="frcr[year]">
    <value valueType="integer">21</value>
  </variableValue>
  <variableValue variable="fromt[year]">
    <value valueType="integer">86</value>
  </variableValue>
  <variableValue variable="frwg[year]">
    <value valueType="integer">13</value>
  </variableValue>
  <variableValue variable="game[year]">
    <value valueType="decimal">30.85914216047273</value>
  </variableValue>
  <variableValue variable="gds[year]1 –  gds[year]30">
    <value valueType="integer">0</value>
  </variableValue>
  <variableValue variable="gdstot[year]">
    <value valueType="integer">41</value>
  </variableValue>
  <variableValue variable="HANDS[year]">
    <value valueType="decimal">67.22927979615967</value>
  </variableValue>
  <variableValue variable="HARDLIQ[year]">
    <value valueType="integer">63</value>
  </variableValue>
  <variableValue variable="HEALTHCH[year]">
    <value valueType="integer">2</value>
  </variableValue>
  <variableValue variable="HEARAID[year]">
    <value valueType="integer">0</value>
  </variableValue>
  <variableValue variable="HEARCHG[year]">
    <value valueType="integer">3</value>
  </variableValue>
  <variableValue variable="HEARSPEC[year]">
    <value valueType="integer">3</value>
  </variableValue>
  <variableValue variable="HEART[year]">
    <value valueType="integer">1</value>
  </variableValue>
  <variableValue variable="HEIGHT[year]">
    <value valueType="integer">4</value>
  </variableValue>
  <variableValue variable="HHEIGHT[year]">
    <value valueType="integer">2</value>
  </variableValue>
  <variableValue variable="HIGHBLOO[year]">
    <value valueType="integer">2</value>
  </variableValue>
  <variableValue variable="HJOBTP[year]">
    <value valueType="integer">6</value>
  </variableValue>
  <variableValue variable="HMKHD[year]">
    <value valueType="decimal">91.69665299821258</value>
  </variableValue>
  <variableValue variable="HMKJB[year]">
    <value valueType="integer">17</value>
  </variableValue>
  <variableValue variable="HMKPE[year]">
    <value valueType="decimal">30.391167365894965</value>
  </variableValue>
  <variableValue variable="HMKPRS[year]">
    <value valueType="integer">2</value>
  </variableValue>
  <variableValue variable="HMKR[year]">
    <value valueType="integer">81</value>
  </variableValue>
  <variableValue variable="HMKRD[year]">
    <value valueType="decimal">3.4018700796469403</value>
  </variableValue>
  <variableValue variable="HOSDAYS[year]">
    <value valueType="integer">41</value>
  </variableValue>
  <variableValue variable="HOSVISIT[year]">
    <value valueType="integer">1</value>
  </variableValue>
  <variableValue variable="HWEIGHT[year]">
    <value valueType="integer">83</value>
  </variableValue>
  <variableValue variable="INC[year]">
    <value valueType="integer">11</value>
  </variableValue>
  <variableValue variable="INC84[year]">
    <value valueType="integer">11</value>
  </variableValue>
  <variableValue variable="instr[year]">
    <value valueType="decimal">83.46854560157267</value>
  </variableValue>
  <variableValue variable="ir[year]a1 - ir[year]a20">
    <value valueType="integer">0</value>
  </variableValue>
  <variableValue variable="ir[year]b1 - ir[year]b20">
    <value valueType="integer">1</value>
  </variableValue>
  <variableValue variable="JOBLEN[year]">
    <value valueType="integer">2</value>
  </variableValue>
  <variableValue variable="JOBTYP[year]">
    <value valueType="integer">2</value>
  </variableValue>
  <variableValue variable="kidcar[year]">
    <value valueType="decimal">14.99725907904067</value>
  </variableValue>
  <variableValue variable="LAMB[year]">
    <value valueType="integer">3</value>
  </variableValue>
  <variableValue variable="lettot[year]">
    <value valueType="integer">45</value>
  </variableValue>
  <variableValue variable="LFST84[year]">
    <value valueType="integer">3</value>
  </variableValue>
  <variableValue variable="LIFSAT[year]">
    <value valueType="integer">3</value>
  </variableValue>
  <variableValue variable="LIVESMOK[year]">
    <value valueType="integer">3</value>
  </variableValue>
  <variableValue variable="ls[year]">
    <value valueType="integer">18</value>
  </variableValue>
  <variableValue variable="LSTJOB[year]">
    <value valueType="integer">3</value>
  </variableValue>
  <variableValue variable="LVNGWILL[year]">
    <value valueType="integer">2</value>
  </variableValue>
  <variableValue variable="MAGE[year]">
    <value valueType="integer">21</value>
  </variableValue>
  <variableValue variable="MAM[year]">
    <value valueType="integer">2</value>
  </variableValue>
  <variableValue variable="MAM2YR[year]">
    <value valueType="integer">2</value>
  </variableValue>
  <variableValue variable="MAMAGE[year]">
    <value valueType="integer">0</value>
  </variableValue>
  <variableValue variable="MAMEXAM[year]">
    <value valueType="integer">76</value>
  </variableValue>
  <variableValue variable="MASTECT[year]">
    <value valueType="integer">3</value>
  </variableValue>
  <variableValue variable="MCAUSE[year]">
    <value valueType="integer">1</value>
  </variableValue>
  <variableValue variable="MDIE[year]">
    <value valueType="integer">7</value>
  </variableValue>
  <variableValue variable="MED[year]">
    <value valueType="integer">3</value>
  </variableValue>
  <variableValue variable="MENAGE[year]">
    <value valueType="integer">19</value>
  </variableValue>
  <variableValue variable="MENHIST[year]">
    <value valueType="integer">29</value>
  </variableValue>
  <variableValue variable="MENSIT[year]">
    <value valueType="integer">3</value>
  </variableValue>
  <variableValue variable="MFQ[year]1">
    <value valueType="decimal">49.10021826207501</value>
  </variableValue>
  <variableValue variable="MFQ[year]2A">
    <value valueType="decimal">39.093439222585026</value>
  </variableValue>
  <variableValue variable="MFQ[year]2B">
    <value valueType="decimal">55.474722750333406</value>
  </variableValue>
  <variableValue variable="MFQ[year]2C">
    <value valueType="decimal">67.29782436845989</value>
  </variableValue>
  <variableValue variable="MFQ[year]2D">
    <value valueType="decimal">46.830214683522634</value>
  </variableValue>
  <variableValue variable="MFQ[year]2E">
    <value valueType="decimal">80.82891834134976</value>
  </variableValue>
  <variableValue variable="MFQ[year]3A">
    <value valueType="decimal">39.74887690771218</value>
  </variableValue>
  <variableValue variable="MFQ[year]3B">
    <value valueType="decimal">46.478117720999144</value>
  </variableValue>
  <variableValue variable="MFQ[year]3C">
    <value valueType="decimal">38.23540581465097</value>
  </variableValue>
  <variableValue variable="MFQ[year]3D">
    <value valueType="decimal">77.55409961635965</value>
  </variableValue>
  <variableValue variable="MFQ[year]3E">
    <value valueType="decimal">12.685941252562472</value>
  </variableValue>
  <variableValue variable="MFQ[year]3F">
    <value valueType="decimal">62.436452855887616</value>
  </variableValue>
  <variableValue variable="MFQ[year]3G">
    <value valueType="decimal">13.869037568723163</value>
  </variableValue>
  <variableValue variable="MFQ[year]3H">
    <value valueType="decimal">72.11748909802053</value>
  </variableValue>
  <variableValue variable="MFQ[year]3I">
    <value valueType="decimal">37.276204684787885</value>
  </variableValue>
  <variableValue variable="MFQ[year]3J">
    <value valueType="decimal">24.51821399209919</value>
  </variableValue>
  <variableValue variable="MFQ[year]3K">
    <value valueType="decimal">87.51236971706133</value>
  </variableValue>
  <variableValue variable="MFQ[year]3L">
    <value valueType="decimal">27.03093748947779</value>
  </variableValue>
  <variableValue variable="MFQ[year]3M">
    <value valueType="decimal">63.50747753914705</value>
  </variableValue>
  <variableValue variable="MFQ[year]3N">
    <value valueType="decimal">29.33245247595736</value>
  </variableValue>
  <variableValue variable="MFQ[year]3O">
    <value valueType="decimal">11.696566378126105</value>
  </variableValue>
  <variableValue variable="MFQ[year]3P">
    <value valueType="decimal">84.0165831715527</value>
  </variableValue>
  <variableValue variable="MFQ[year]3Q">
    <value valueType="decimal">64.70629588316288</value>
  </variableValue>
  <variableValue variable="MFQ[year]3R">
    <value valueType="decimal">3.8138637554118615</value>
  </variableValue>
  <variableValue variable="MFQ[year]4A">
    <value valueType="decimal">81.58333403796505</value>
  </variableValue>
  <variableValue variable="MFQ[year]4B">
    <value valueType="decimal">99.7124051509801</value>
  </variableValue>
  <variableValue variable="MFQ[year]4C">
    <value valueType="decimal">36.598571223514796</value>
  </variableValue>
  <variableValue variable="MFQ[year]4D">
    <value valueType="decimal">95.59356957210663</value>
  </variableValue>
  <variableValue variable="MFQ[year]4E">
    <value valueType="decimal">16.868075986277553</value>
  </variableValue>
  <variableValue variable="MFQ[year]5A">
    <value valueType="decimal">11.287011106500222</value>
  </variableValue>
  <variableValue variable="MFQ[year]5B">
    <value valueType="decimal">4.466259414287654</value>
  </variableValue>
  <variableValue variable="MFQ[year]5C">
    <value valueType="decimal">39.28285859885513</value>
  </variableValue>
  <variableValue variable="MFQ[year]5D">
    <value valueType="decimal">51.701235840662804</value>
  </variableValue>
  <variableValue variable="MFQ[year]5E">
    <value valueType="decimal">70.57754460707052</value>
  </variableValue>
  <variableValue variable="MFQ[year]6A">
    <value valueType="decimal">44.4211815303939</value>
  </variableValue>
  <variableValue variable="MFQ[year]6B">
    <value valueType="decimal">44.94979283025772</value>
  </variableValue>
  <variableValue variable="MFQ[year]6C">
    <value valueType="decimal">68.58060559700526</value>
  </variableValue>
  <variableValue variable="MFQ[year]6D">
    <value valueType="decimal">60.85289140311707</value>
  </variableValue>
  <variableValue variable="MFQ[year]7A">
    <value valueType="decimal">1.0866378220478645</value>
  </variableValue>
  <variableValue variable="MFQ[year]7B">
    <value valueType="decimal">13.369350474107089</value>
  </variableValue>
  <variableValue variable="MFQ[year]7C">
    <value valueType="decimal">83.74939375446047</value>
  </variableValue>
  <variableValue variable="MFQ[year]7D">
    <value valueType="decimal">76.41761995930042</value>
  </variableValue>
  <variableValue variable="MFQ[year]7E">
    <value valueType="decimal">75.87199704785198</value>
  </variableValue>
  <variableValue variable="MFQ[year]7F">
    <value valueType="decimal">81.55359955487836</value>
  </variableValue>
  <variableValue variable="MFQ[year]7G">
    <value valueType="decimal">28.841878906334305</value>
  </variableValue>
  <variableValue variable="MFQ[year]7H">
    <value valueType="decimal">2.0104193545530835</value>
  </variableValue>
  <variableValue variable="MFQ[year]7I">
    <value valueType="decimal">67.54496832102697</value>
  </variableValue>
  <variableValue variable="MFQ[year]7J">
    <value valueType="decimal">41.619130916379646</value>
  </variableValue>
  <variableValue variable="MFQ[year]7K">
    <value valueType="decimal">76.35048396097669</value>
  </variableValue>
  <variableValue variable="MFQ[year]7L">
    <value valueType="decimal">76.31403142914962</value>
  </variableValue>
  <variableValue variable="MFQ[year]7M">
    <value valueType="decimal">69.95081430894419</value>
  </variableValue>
  <variableValue variable="MFQ[year]7N">
    <value valueType="decimal">56.2247916915507</value>
  </variableValue>
  <variableValue variable="MFQ[year]7O">
    <value valueType="decimal">24.94516291486326</value>
  </variableValue>
  <variableValue variable="MFQ[year]7P">
    <value valueType="decimal">61.8819775220692</value>
  </variableValue>
  <variableValue variable="MFQ[year]7Q">
    <value valueType="decimal">70.49726273413212</value>
  </variableValue>
  <variableValue variable="MFQ[year]7R">
    <value valueType="decimal">14.613543305082866</value>
  </variableValue>
  <variableValue variable="MFQ[year]8A">
    <value valueType="decimal">94.75802431774073</value>
  </variableValue>
  <variableValue variable="MFQ[year]8B">
    <value valueType="decimal">72.4006728486329</value>
  </variableValue>
  <variableValue variable="MFQ[year]8C">
    <value valueType="decimal">47.418429394036465</value>
  </variableValue>
  <variableValue variable="MFQ[year]8D">
    <value valueType="decimal">34.71802168899064</value>
  </variableValue>
  <variableValue variable="MFQ[year]8E">
    <value valueType="decimal">82.45312771741253</value>
  </variableValue>
  <variableValue variable="MFQ[year]8F">
    <value valueType="decimal">27.443755834629748</value>
  </variableValue>
  <variableValue variable="MFQ[year]8G">
    <value valueType="decimal">33.850584979584454</value>
  </variableValue>
  <variableValue variable="MFQ[year]8H">
    <value valueType="decimal">18.840174638186248</value>
  </variableValue>
  <variableValue variable="MFQ1[year]">
    <value valueType="integer">21</value>
  </variableValue>
  <variableValue variable="mfq1[year]">
    <value valueType="decimal">87.95065007714666</value>
  </variableValue>
  <variableValue variable="MFQ2[year]">
    <value valueType="integer">55</value>
  </variableValue>
  <variableValue variable="mfq2[year]">
    <value valueType="decimal">2.397151354611793</value>
  </variableValue>
  <variableValue variable="MFQ3[year]">
    <value valueType="integer">27</value>
  </variableValue>
  <variableValue variable="mfq3[year]">
    <value valueType="decimal">31.07504221638876</value>
  </variableValue>
  <variableValue variable="MFQ4[year]">
    <value valueType="integer">23</value>
  </variableValue>
  <variableValue variable="mfq4[year]">
    <value valueType="decimal">40.45495430432678</value>
  </variableValue>
  <variableValue variable="MLIVE[year]">
    <value valueType="integer">2</value>
  </variableValue>
  <variableValue variable="MOMWK[year]">
    <value valueType="integer">1</value>
  </variableValue>
  <variableValue variable="movie[year]">
    <value valueType="decimal">25.129791880978726</value>
  </variableValue>
  <variableValue variable="MSTA84[year]">
    <value valueType="integer">1</value>
  </variableValue>
  <variableValue variable="MSTAT[year]">
    <value valueType="integer">4</value>
  </variableValue>
  <variableValue variable="NBKS[year]">
    <value valueType="integer">60</value>
  </variableValue>
  <variableValue variable="NCONF[year]">
    <value valueType="integer">83</value>
  </variableValue>
  <variableValue variable="NEEDCATA[year]">
    <value valueType="integer">4</value>
  </variableValue>
  <variableValue variable="NEMP[year]">
    <value valueType="integer">40</value>
  </variableValue>
  <variableValue variable="NEUROTIC[year]">
    <value valueType="integer">30</value>
  </variableValue>
  <variableValue variable="NEWPRNT[year]">
    <value valueType="integer">1</value>
  </variableValue>
  <variableValue variable="nfr[year]">
    <value valueType="integer">4</value>
  </variableValue>
  <variableValue variable="NFRN[year]">
    <value valueType="integer">4</value>
  </variableValue>
  <variableValue variable="NGRNKD[year]">
    <value valueType="integer">67</value>
  </variableValue>
  <variableValue variable="NJOB[year]">
    <value valueType="integer">5</value>
  </variableValue>
  <variableValue variable="NKDHM[year]">
    <value valueType="integer">36</value>
  </variableValue>
  <variableValue variable="NKIDS[year]">
    <value valueType="integer">71</value>
  </variableValue>
  <variableValue variable="NMAG[year]">
    <value valueType="integer">37</value>
  </variableValue>
  <variableValue variable="NMOV[year]">
    <value valueType="integer">98</value>
  </variableValue>
  <variableValue variable="NMTG[year]">
    <value valueType="integer">36</value>
  </variableValue>
  <variableValue variable="NNEIG[year]">
    <value valueType="integer">2</value>
  </variableValue>
  <variableValue variable="NOBR[year]">
    <value valueType="integer">64</value>
  </variableValue>
  <variableValue variable="NOISE[year]">
    <value valueType="integer">4</value>
  </variableValue>
  <variableValue variable="NONFIC[year]">
    <value valueType="integer">18</value>
  </variableValue>
  <variableValue variable="nor[year]">
    <value valueType="integer">54</value>
  </variableValue>
  <variableValue variable="norcr[year]">
    <value valueType="integer">38</value>
  </variableValue>
  <variableValue variable="NOSIS[year]">
    <value valueType="integer">26</value>
  </variableValue>
  <variableValue variable="NOWRK[year]">
    <value valueType="integer">5</value>
  </variableValue>
  <variableValue variable="NRMS[year]">
    <value valueType="integer">19</value>
  </variableValue>
  <variableValue variable="nsp08">
    <value valueType="integer">38</value>
  </variableValue>
  <variableValue variable="NSTATE[year]">
    <value valueType="integer">24</value>
  </variableValue>
  <variableValue variable="NTRAD[year]">
    <value valueType="integer">25</value>
  </variableValue>
  <variableValue variable="NTRIPS[year]">
    <value valueType="integer">81</value>
  </variableValue>
  <variableValue variable="numtot[year]">
    <value valueType="integer">4</value>
  </variableValue>
  <variableValue variable="NVISIT[year]">
    <value valueType="integer">4</value>
  </variableValue>
  <variableValue variable="NWED[year]">
    <value valueType="integer">64</value>
  </variableValue>
  <variableValue variable="NYBR[year]">
    <value valueType="integer">79</value>
  </variableValue>
  <variableValue variable="NYSIS[year]">
    <value valueType="integer">80</value>
  </variableValue>
  <variableValue variable="OBGYN[year]">
    <value valueType="integer">5</value>
  </variableValue>
  <variableValue variable="OCC[year]">
    <value valueType="integer">7</value>
  </variableValue>
  <variableValue variable="OCC84[year]">
    <value valueType="integer">8</value>
  </variableValue>
  <variableValue variable="OPEN[year]">
    <value valueType="integer">95</value>
  </variableValue>
  <variableValue variable="or[year]">
    <value valueType="integer">49</value>
  </variableValue>
  <variableValue variable="oratt[year]">
    <value valueType="integer">70</value>
  </variableValue>
  <variableValue variable="ORGAN[year]">
    <value valueType="integer">4</value>
  </variableValue>
  <variableValue variable="oromt[year]">
    <value valueType="integer">9</value>
  </variableValue>
  <variableValue variable="orwg[year]">
    <value valueType="integer">42</value>
  </variableValue>
  <variableValue variable="OTJ[year]">
    <value valueType="integer">0</value>
  </variableValue>
  <variableValue variable="outhob[year]">
    <value valueType="decimal">28.709274452507504</value>
  </variableValue>
  <variableValue variable="OWNHM[year]">
    <value valueType="integer">1</value>
  </variableValue>
  <variableValue variable="PAINREL[year]">
    <value valueType="integer">1</value>
  </variableValue>
  <variableValue variable="PAP[year]">
    <value valueType="integer">2</value>
  </variableValue>
  <variableValue variable="party[year]">
    <value valueType="decimal">36.627003319904716</value>
  </variableValue>
  <variableValue variable="pase1">
    <value valueType="integer">3</value>
  </variableValue>
  <variableValue variable="pase10">
    <value valueType="integer">1</value>
  </variableValue>
  <variableValue variable="pase10a">
    <value valueType="decimal">79.12265788595553</value>
  </variableValue>
  <variableValue variable="pase10b">
    <value valueType="integer">1</value>
  </variableValue>
  <variableValue variable="pase1b">
    <value valueType="integer">3</value>
  </variableValue>
  <variableValue variable="pase2">
    <value valueType="integer">2</value>
  </variableValue>
  <variableValue variable="pase2a">
    <value valueType="integer">2</value>
  </variableValue>
  <variableValue variable="pase3">
    <value valueType="integer">2</value>
  </variableValue>
  <variableValue variable="pase3b">
    <value valueType="integer">4</value>
  </variableValue>
  <variableValue variable="pase4">
    <value valueType="integer">1</value>
  </variableValue>
  <variableValue variable="pase4b">
    <value valueType="integer">1</value>
  </variableValue>
  <variableValue variable="pase5">
    <value valueType="integer">1</value>
  </variableValue>
  <variableValue variable="pase5b">
    <value valueType="integer">3</value>
  </variableValue>
  <variableValue variable="pase6">
    <value valueType="integer">1</value>
  </variableValue>
  <variableValue variable="pase6b">
    <value valueType="integer">2</value>
  </variableValue>
  <variableValue variable="pase7">
    <value valueType="integer">0</value>
  </variableValue>
  <variableValue variable="pase8">
    <value valueType="integer">0</value>
  </variableValue>
  <variableValue variable="pase9a - pase9d">
    <value valueType="integer">1</value>
  </variableValue>
  <variableValue variable="pattot[year]">
    <value valueType="integer">36</value>
  </variableValue>
  <variableValue variable="PDEMP[year]">
    <value valueType="integer">1</value>
  </variableValue>
  <variableValue variable="PEOP[year]">
    <value valueType="decimal">32.98925477249477</value>
  </variableValue>
  <variableValue variable="pets[year]">
    <value valueType="decimal">69.69890946813597</value>
  </variableValue>
  <variableValue variable="phone[year]">
    <value valueType="decimal">63.182577954136995</value>
  </variableValue>
  <variableValue variable="picnic[year]">
    <value valueType="decimal">91.38625522389475</value>
  </variableValue>
  <variableValue variable="PIPEDAY[year]">
    <value valueType="integer">2</value>
  </variableValue>
  <variableValue variable="PIPES[year]">
    <value valueType="integer">3</value>
  </variableValue>
  <variableValue variable="pirr1[year]">
    <value valueType="integer">35</value>
  </variableValue>
  <variableValue variable="pirr2[year]">
    <value valueType="integer">51</value>
  </variableValue>
  <variableValue variable="PORK[year]">
    <value valueType="integer">1</value>
  </variableValue>
  <variableValue variable="ppr1[year]">
    <value valueType="integer">78</value>
  </variableValue>
  <variableValue variable="ppr2[year]">
    <value valueType="integer">10</value>
  </variableValue>
  <variableValue variable="ppr3[year]">
    <value valueType="integer">9</value>
  </variableValue>
  <variableValue variable="pray[year]">
    <value valueType="decimal">48.11402546445333</value>
  </variableValue>
  <variableValue variable="PRESR[year]">
    <value valueType="integer">3</value>
  </variableValue>
  <variableValue variable="PRO2YR[year]">
    <value valueType="integer">2</value>
  </variableValue>
  <variableValue variable="PROAGE[year]">
    <value valueType="integer">36</value>
  </variableValue>
  <variableValue variable="PROENLAR[year]">
    <value valueType="integer">1</value>
  </variableValue>
  <variableValue variable="PROEXAM[year]">
    <value valueType="integer">34</value>
  </variableValue>
  <variableValue variable="PROS[year]">
    <value valueType="integer">1</value>
  </variableValue>
  <variableValue variable="PROSUC[year]">
    <value valueType="integer">3</value>
  </variableValue>
  <variableValue variable="PRSC84[year]">
    <value valueType="integer">4</value>
  </variableValue>
  <variableValue variable="radio[year]">
    <value valueType="decimal">58.62659181788181</value>
  </variableValue>
  <variableValue variable="RDPAPR[year]">
    <value valueType="integer">1</value>
  </variableValue>
  <variableValue variable="RDWRIT[year]">
    <value valueType="decimal">9.51199572492184</value>
  </variableValue>
  <variableValue variable="read[year]">
    <value valueType="decimal">23.73022606585815</value>
  </variableValue>
  <variableValue variable="REGULAR[year]">
    <value valueType="integer">2</value>
  </variableValue>
  <variableValue variable="REMAR[year]">
    <value valueType="integer">4</value>
  </variableValue>
  <variableValue variable="rv[year]">
    <value valueType="integer">99</value>
  </variableValue>
  <variableValue variable="SAFE[year]">
    <value valueType="integer">1</value>
  </variableValue>
  <variableValue variable="SBHWY[year]">
    <value valueType="integer">4</value>
  </variableValue>
  <variableValue variable="SBTOWN[year]">
    <value valueType="integer">3</value>
  </variableValue>
  <variableValue variable="SELFBLOO[year]">
    <value valueType="integer">2</value>
  </variableValue>
  <variableValue variable="selfim[year]">
    <value valueType="decimal">81.16790249825276</value>
  </variableValue>
  <variableValue variable="SELFMAM[year]">
    <value valueType="integer">1</value>
  </variableValue>
  <variableValue variable="sex">
    <value valueType="integer">1</value>
  </variableValue>
  <variableValue variable="shop[year]">
    <value valueType="decimal">0.8473271567327578</value>
  </variableValue>
  <variableValue variable="SIBS[year]">
    <value valueType="integer">43</value>
  </variableValue>
  <variableValue variable="SLEEP[year]">
    <value valueType="integer">5</value>
  </variableValue>
  <variableValue variable="smdvh[year]">
    <value valueType="integer">11</value>
  </variableValue>
  <variableValue variable="smdvl[year]">
    <value valueType="integer">77</value>
  </variableValue>
  <variableValue variable="SMK[year]">
    <value valueType="integer">0</value>
  </variableValue>
  <variableValue variable="SMOKE[year]">
    <value valueType="integer">1</value>
  </variableValue>
  <variableValue variable="SMOKEPAS[year]">
    <value valueType="decimal">33.515375327718566</value>
  </variableValue>
  <variableValue variable="SODA[year]">
    <value valueType="integer">4</value>
  </variableValue>
  <variableValue variable="SODIUM[year]">
    <value valueType="integer">2</value>
  </variableValue>
  <variableValue variable="SPBRN[year]">
    <value valueType="integer">86</value>
  </variableValue>
  <variableValue variable="spec[year]">
    <value valueType="decimal">29.43958365589159</value>
  </variableValue>
  <variableValue variable="SPEED[year]">
    <value valueType="integer">4</value>
  </variableValue>
  <variableValue variable="SPOCC[year]">
    <value valueType="integer">2</value>
  </variableValue>
  <variableValue variable="sport[year]">
    <value valueType="decimal">47.33676469074879</value>
  </variableValue>
  <variableValue variable="SPRVIS[year]">
    <value valueType="integer">3</value>
  </variableValue>
  <variableValue variable="SREYE[year]">
    <value valueType="integer">5</value>
  </variableValue>
  <variableValue variable="srh[year]">
    <value valueType="integer">4</value>
  </variableValue>
  <variableValue variable="SRHEALTH">
    <value valueType="integer">1</value>
  </variableValue>
  <variableValue variable="SRHEAR[year]">
    <value valueType="integer">3</value>
  </variableValue>
  <variableValue variable="sstot[year]">
    <value valueType="integer">86</value>
  </variableValue>
  <variableValue variable="STAIRS[year]">
    <value valueType="integer">3</value>
  </variableValue>
  <variableValue variable="TEA[year]">
    <value valueType="integer">4</value>
  </variableValue>
  <variableValue variable="TRAF[year]">
    <value valueType="integer">1</value>
  </variableValue>
  <variableValue variable="travel[year]">
    <value valueType="decimal">96.85218263629461</value>
  </variableValue>
  <variableValue variable="TREES[year]">
    <value valueType="integer">4</value>
  </variableValue>
  <variableValue variable="TRYSTOP[year]">
    <value valueType="integer">2</value>
  </variableValue>
  <variableValue variable="tv[year]">
    <value valueType="decimal">85.40651682594309</value>
  </variableValue>
  <variableValue variable="TYPBLD[year]">
    <value valueType="integer">8</value>
  </variableValue>
  <variableValue variable="UNIVEX[year]">
    <value valueType="integer">1</value>
  </variableValue>
  <variableValue variable="VEAL[year]">
    <value valueType="integer">5</value>
  </variableValue>
  <variableValue variable="vis[year]">
    <value valueType="decimal">64.66804024098104</value>
  </variableValue>
  <variableValue variable="vocab1[year]">
    <value valueType="integer">68</value>
  </variableValue>
  <variableValue variable="vocab2[year]">
    <value valueType="integer">72</value>
  </variableValue>
  <variableValue variable="VOCAT[year]">
    <value valueType="integer">1</value>
  </variableValue>
  <variableValue variable="vol[year]">
    <value valueType="decimal">77.08664847228732</value>
  </variableValue>
  <variableValue variable="walk[year]">
    <value valueType="decimal">65.65979285002211</value>
  </variableValue>
  <variableValue variable="WALK[year]">
    <value valueType="integer">2</value>
  </variableValue>
  <variableValue variable="wdflu[year]">
    <value valueType="integer">68</value>
  </variableValue>
  <variableValue variable="WEIGHT[year]">
    <value valueType="integer">61</value>
  </variableValue>
  <variableValue variable="WELL[year]">
    <value valueType="integer">3</value>
  </variableValue>
  <variableValue variable="WINE[year]">
    <value valueType="integer">35</value>
  </variableValue>
  <variableValue variable="write[year]">
    <value valueType="decimal">73.69339219453694</value>
  </variableValue>
  <variableValue variable="WRKPLC[year]">
    <value valueType="integer">4</value>
  </variableValue>
  <variableValue variable="WRKTYP[year]">
    <value valueType="integer">4</value>
  </variableValue>
  <variableValue variable="ws[year]">
    <value valueType="integer">35</value>
  </variableValue>
  <variableValue variable="YEAROP[year]">
    <value valueType="integer">61</value>
  </variableValue>
  <variableValue variable="YRQUIT[year]">
    <value valueType="integer">82</value>
  </variableValue>
  <variableValue variable="YRRET[year]">
    <value valueType="integer">28</value>
  </variableValue>
  <variableValue variable="YRSMOKE[year]">
    <value valueType="decimal">12.3070375126477</value>
  </variableValue>
</valueSet>