<valueSet valueTable="2008" entityType="Participant" entityIdentifier="21430473">
  <variableValue variable="ADLTED[year]">
    <value valueType="integer">1</value>
  </variableValue>
  <variableValue variable="ADVDIR[year]">
    <value valueType="integer">1</value>
  </variableValue>
  <variableValue variable="age[year]">
    <value valueType="integer">16</value>
  </variableValue>
  <variableValue variable="AGEKID[year]">
    <value valueType="integer">12</value>
  </variableValue>
  <variableValue variable="AGENB[year]">
    <value valueType="integer">7</value>
  </variableValue>
  <variableValue variable="AGEWED[year]">
    <value valueType="integer">60</value>
  </variableValue>
  <variableValue variable="AGFRN[year]">
    <value valueType="integer">3</value>
  </variableValue>
  <variableValue variable="AGREE[year]">
    <value valueType="integer">85</value>
  </variableValue>
  <variableValue variable="ALCOHOL[year]">
    <value valueType="integer">2</value>
  </variableValue>
  <variableValue variable="Apdemp[year]">
    <value valueType="decimal">1.4565535839014876</value>
  </variableValue>
  <variableValue variable="ART[year]">
    <value valueType="integer">2</value>
  </variableValue>
  <variableValue variable="BDATE_DY">
    <value valueType="integer">13</value>
  </variableValue>
  <variableValue variable="BDATE_MO">
    <value valueType="integer">44</value>
  </variableValue>
  <variableValue variable="BDATE_YR">
    <value valueType="integer">19</value>
  </variableValue>
  <variableValue variable="BEEF[year]">
    <value valueType="integer">3</value>
  </variableValue>
  <variableValue variable="BEER[year]">
    <value valueType="integer">36</value>
  </variableValue>
  <variableValue variable="BLDLK[year]">
    <value valueType="integer">4</value>
  </variableValue>
  <variableValue variable="BLOODPRE[year]">
    <value valueType="integer">2</value>
  </variableValue>
  <variableValue variable="BOOK[year]">
    <value valueType="integer">2</value>
  </variableValue>
  <variableValue variable="BRUSH[year]">
    <value valueType="integer">61</value>
  </variableValue>
  <variableValue variable="BUTTER[year]">
    <value valueType="integer">3</value>
  </variableValue>
  <variableValue variable="BUYFAT[year]">
    <value valueType="integer">2</value>
  </variableValue>
  <variableValue variable="BUYSALT[year]">
    <value valueType="integer">2</value>
  </variableValue>
  <variableValue variable="CANCHK[year]">
    <value valueType="integer">2</value>
  </variableValue>
  <variableValue variable="cards[year]">
    <value valueType="decimal">70.18028046703057</value>
  </variableValue>
  <variableValue variable="CATARACT[year]">
    <value valueType="integer">3</value>
  </variableValue>
  <variableValue variable="CHKFAT[year]">
    <value valueType="integer">2</value>
  </variableValue>
  <variableValue variable="CHOLES[year]">
    <value valueType="integer">4</value>
  </variableValue>
  <variableValue variable="chur[year]">
    <value valueType="decimal">10.660394670786799</value>
  </variableValue>
  <variableValue variable="CIGARDAY[year]">
    <value valueType="integer">3</value>
  </variableValue>
  <variableValue variable="CIGARS[year]">
    <value valueType="integer">3</value>
  </variableValue>
  <variableValue variable="CIGDAY[year]">
    <value valueType="integer">1</value>
  </variableValue>
  <variableValue variable="CIGS[year]">
    <value valueType="integer">2</value>
  </variableValue>
  <variableValue variable="CLNAIR[year]">
    <value valueType="integer">3</value>
  </variableValue>
  <variableValue variable="COFFEE[year]">
    <value valueType="integer">4</value>
  </variableValue>
  <variableValue variable="CONSCIEN[year]">
    <value valueType="integer">78</value>
  </variableValue>
  <variableValue variable="cook[year]">
    <value valueType="decimal">40.481846903400466</value>
  </variableValue>
  <variableValue variable="COOKBUT[year]">
    <value valueType="integer">1</value>
  </variableValue>
  <variableValue variable="CORS[year]">
    <value valueType="integer">0</value>
  </variableValue>
  <variableValue variable="crafts[year]">
    <value valueType="decimal">54.43926757786115</value>
  </variableValue>
  <variableValue variable="crdp1[year]">
    <value valueType="integer">84</value>
  </variableValue>
  <variableValue variable="crdp2[year]">
    <value valueType="integer">3</value>
  </variableValue>
  <variableValue variable="cult[year]">
    <value valueType="decimal">22.25716519633525</value>
  </variableValue>
  <variableValue variable="dance[year]">
    <value valueType="decimal">57.56022485393555</value>
  </variableValue>
  <variableValue variable="DENTIST[year]">
    <value valueType="integer">3</value>
  </variableValue>
  <variableValue variable="DENTURE[year]">
    <value valueType="integer">2</value>
  </variableValue>
  <variableValue variable="DIABET[year]">
    <value valueType="integer">1</value>
  </variableValue>
  <variableValue variable="DRMAM[year]">
    <value valueType="integer">2</value>
  </variableValue>
  <variableValue variable="DRVISIT[year]">
    <value valueType="integer">47</value>
  </variableValue>
  <variableValue variable="dydrm[year]">
    <value valueType="decimal">79.26506498494219</value>
  </variableValue>
  <variableValue variable="EARCHK[year]">
    <value valueType="integer">1</value>
  </variableValue>
  <variableValue variable="eatout[year]">
    <value valueType="decimal">89.90850727793183</value>
  </variableValue>
  <variableValue variable="EATSALT[year]">
    <value valueType="integer">1</value>
  </variableValue>
  <variableValue variable="edact[year]">
    <value valueType="decimal">84.26111727966331</value>
  </variableValue>
  <variableValue variable="educ">
    <value valueType="integer">64</value>
  </variableValue>
  <variableValue variable="EDUC[year]">
    <value valueType="integer">76</value>
  </variableValue>
  <variableValue variable="EGG[year]">
    <value valueType="integer">4</value>
  </variableValue>
  <variableValue variable="eldcar[year]">
    <value valueType="decimal">31.83652999854013</value>
  </variableValue>
  <variableValue variable="ELDCAR[year]">
    <value valueType="decimal">48.93545434476258</value>
  </variableValue>
  <variableValue variable="ENT1[year]">
    <value valueType="integer">13</value>
  </variableValue>
  <variableValue variable="ENT2[year]">
    <value valueType="integer">8</value>
  </variableValue>
  <variableValue variable="ENT3[year]">
    <value valueType="integer">13</value>
  </variableValue>
  <variableValue variable="eth[year]">
    <value valueType="integer">84</value>
  </variableValue>
  <variableValue variable="EXCERTOT[year]">
    <value valueType="decimal">63.24093040942014</value>
  </variableValue>
  <variableValue variable="EXCERWK[year]">
    <value valueType="integer">32</value>
  </variableValue>
  <variableValue variable="EXTRAVER[year]">
    <value valueType="integer">79</value>
  </variableValue>
  <variableValue variable="EYECHG[year]">
    <value valueType="integer">6</value>
  </variableValue>
  <variableValue variable="EYECHK[year]">
    <value valueType="integer">0</value>
  </variableValue>
  <variableValue variable="EYEGLAS[year]">
    <value valueType="integer">2</value>
  </variableValue>
  <variableValue variable="FAGE[year]">
    <value valueType="integer">69</value>
  </variableValue>
  <variableValue variable="FAITH[year]">
    <value valueType="integer">5</value>
  </variableValue>
  <variableValue variable="FALLS[year]">
    <value valueType="integer">2</value>
  </variableValue>
  <variableValue variable="FCAUSE[year]">
    <value valueType="integer">2</value>
  </variableValue>
  <variableValue variable="FDIE[year]">
    <value valueType="integer">46</value>
  </variableValue>
  <variableValue variable="FIC[year]">
    <value valueType="integer">21</value>
  </variableValue>
  <variableValue variable="fit[year]">
    <value valueType="decimal">69.87753546511853</value>
  </variableValue>
  <variableValue variable="FLIVE[year]">
    <value valueType="integer">1</value>
  </variableValue>
  <variableValue variable="FLOSS[year]">
    <value valueType="integer">1</value>
  </variableValue>
  <variableValue variable="FLUSHOT[year]">
    <value valueType="integer">3</value>
  </variableValue>
  <variableValue variable="fr[year]">
    <value valueType="integer">39</value>
  </variableValue>
  <variableValue variable="fratt[year]">
    <value valueType="integer">22</value>
  </variableValue>
  <variableValue variable="frcr[year]">
    <value valueType="integer">14</value>
  </variableValue>
  <variableValue variable="fromt[year]">
    <value valueType="integer">17</value>
  </variableValue>
  <variableValue variable="frwg[year]">
    <value valueType="integer">8</value>
  </variableValue>
  <variableValue variable="game[year]">
    <value valueType="decimal">52.71906724807061</value>
  </variableValue>
  <variableValue variable="gds[year]1 –  gds[year]30">
    <value valueType="integer">1</value>
  </variableValue>
  <variableValue variable="gdstot[year]">
    <value valueType="integer">97</value>
  </variableValue>
  <variableValue variable="HANDS[year]">
    <value valueType="decimal">92.22357969015633</value>
  </variableValue>
  <variableValue variable="HARDLIQ[year]">
    <value valueType="integer">61</value>
  </variableValue>
  <variableValue variable="HEALTHCH[year]">
    <value valueType="integer">6</value>
  </variableValue>
  <variableValue variable="HEARAID[year]">
    <value valueType="integer">0</value>
  </variableValue>
  <variableValue variable="HEARCHG[year]">
    <value valueType="integer">6</value>
  </variableValue>
  <variableValue variable="HEARSPEC[year]">
    <value valueType="integer">4</value>
  </variableValue>
  <variableValue variable="HEART[year]">
    <value valueType="integer">3</value>
  </variableValue>
  <variableValue variable="HEIGHT[year]">
    <value valueType="integer">8</value>
  </variableValue>
  <variableValue variable="HHEIGHT[year]">
    <value valueType="integer">77</value>
  </variableValue>
  <variableValue variable="HIGHBLOO[year]">
    <value valueType="integer">2</value>
  </variableValue>
  <variableValue variable="HJOBTP[year]">
    <value valueType="integer">2</value>
  </variableValue>
  <variableValue variable="HMKHD[year]">
    <value valueType="decimal">70.58703948614901</value>
  </variableValue>
  <variableValue variable="HMKJB[year]">
    <value valueType="integer">19</value>
  </variableValue>
  <variableValue variable="HMKPE[year]">
    <value valueType="decimal">60.69487007430235</value>
  </variableValue>
  <variableValue variable="HMKPRS[year]">
    <value valueType="integer">1</value>
  </variableValue>
  <variableValue variable="HMKR[year]">
    <value valueType="integer">86</value>
  </variableValue>
  <variableValue variable="HMKRD[year]">
    <value valueType="decimal">86.59463312503665</value>
  </variableValue>
  <variableValue variable="HOSDAYS[year]">
    <value valueType="integer">23</value>
  </variableValue>
  <variableValue variable="HOSVISIT[year]">
    <value valueType="integer">0</value>
  </variableValue>
  <variableValue variable="HWEIGHT[year]">
    <value valueType="integer">38</value>
  </variableValue>
  <variableValue variable="INC[year]">
    <value valueType="integer">6</value>
  </variableValue>
  <variableValue variable="INC84[year]">
    <value valueType="integer">2</value>
  </variableValue>
  <variableValue variable="instr[year]">
    <value valueType="decimal">22.02917025883673</value>
  </variableValue>
  <variableValue variable="ir[year]a1 - ir[year]a20">
    <value valueType="integer">1</value>
  </variableValue>
  <variableValue variable="ir[year]b1 - ir[year]b20">
    <value valueType="integer">1</value>
  </variableValue>
  <variableValue variable="JOBLEN[year]">
    <value valueType="integer">2</value>
  </variableValue>
  <variableValue variable="JOBTYP[year]">
    <value valueType="integer">4</value>
  </variableValue>
  <variableValue variable="kidcar[year]">
    <value valueType="decimal">39.91015830175928</value>
  </variableValue>
  <variableValue variable="LAMB[year]">
    <value valueType="integer">4</value>
  </variableValue>
  <variableValue variable="lettot[year]">
    <value valueType="integer">45</value>
  </variableValue>
  <variableValue variable="LFST84[year]">
    <value valueType="integer">3</value>
  </variableValue>
  <variableValue variable="LIFSAT[year]">
    <value valueType="integer">2</value>
  </variableValue>
  <variableValue variable="LIVESMOK[year]">
    <value valueType="integer">1</value>
  </variableValue>
  <variableValue variable="ls[year]">
    <value valueType="integer">22</value>
  </variableValue>
  <variableValue variable="LSTJOB[year]">
    <value valueType="integer">1</value>
  </variableValue>
  <variableValue variable="LVNGWILL[year]">
    <value valueType="integer">1</value>
  </variableValue>
  <variableValue variable="MAGE[year]">
    <value valueType="integer">0</value>
  </variableValue>
  <variableValue variable="MAM[year]">
    <value valueType="integer">2</value>
  </variableValue>
  <variableValue variable="MAM2YR[year]">
    <value valueType="integer">1</value>
  </variableValue>
  <variableValue variable="MAMAGE[year]">
    <value valueType="integer">93</value>
  </variableValue>
  <variableValue variable="MAMEXAM[year]">
    <value valueType="integer">42</value>
  </variableValue>
  <variableValue variable="MASTECT[year]">
    <value valueType="integer">1</value>
  </variableValue>
  <variableValue variable="MCAUSE[year]">
    <value valueType="integer">5</value>
  </variableValue>
  <variableValue variable="MDIE[year]">
    <value valueType="integer">65</value>
  </variableValue>
  <variableValue variable="MED[year]">
    <value valueType="integer">3</value>
  </variableValue>
  <variableValue variable="MENAGE[year]">
    <value valueType="integer">79</value>
  </variableValue>
  <variableValue variable="MENHIST[year]">
    <value valueType="integer">64</value>
  </variableValue>
  <variableValue variable="MENSIT[year]">
    <value valueType="integer">6</value>
  </variableValue>
  <variableValue variable="MFQ[year]1">
    <value valueType="decimal">96.97033628025666</value>
  </variableValue>
  <variableValue variable="MFQ[year]2A">
    <value valueType="decimal">77.80670379177576</value>
  </variableValue>
  <variableValue variable="MFQ[year]2B">
    <value valueType="decimal">41.27326933132465</value>
  </variableValue>
  <variableValue variable="MFQ[year]2C">
    <value valueType="decimal">55.792548795605214</value>
  </variableValue>
  <variableValue variable="MFQ[year]2D">
    <value valueType="decimal">40.13410757869015</value>
  </variableValue>
  <variableValue variable="MFQ[year]2E">
    <value valueType="decimal">53.921157202878454</value>
  </variableValue>
  <variableValue variable="MFQ[year]3A">
    <value valueType="decimal">82.40764487113643</value>
  </variableValue>
  <variableValue variable="MFQ[year]3B">
    <value valueType="decimal">86.50846545516175</value>
  </variableValue>
  <variableValue variable="MFQ[year]3C">
    <value valueType="decimal">31.62424501369592</value>
  </variableValue>
  <variableValue variable="MFQ[year]3D">
    <value valueType="decimal">0.029197049085116777</value>
  </variableValue>
  <variableValue variable="MFQ[year]3E">
    <value valueType="decimal">58.58592628020922</value>
  </variableValue>
  <variableValue variable="MFQ[year]3F">
    <value valueType="decimal">18.04446477919249</value>
  </variableValue>
  <variableValue variable="MFQ[year]3G">
    <value valueType="decimal">91.97238228036242</value>
  </variableValue>
  <variableValue variable="MFQ[year]3H">
    <value valueType="decimal">54.50583288977554</value>
  </variableValue>
  <variableValue variable="MFQ[year]3I">
    <value valueType="decimal">39.06985053932529</value>
  </variableValue>
  <variableValue variable="MFQ[year]3J">
    <value valueType="decimal">26.28576608261325</value>
  </variableValue>
  <variableValue variable="MFQ[year]3K">
    <value valueType="decimal">41.75944679969395</value>
  </variableValue>
  <variableValue variable="MFQ[year]3L">
    <value valueType="decimal">4.0993667454998555</value>
  </variableValue>
  <variableValue variable="MFQ[year]3M">
    <value valueType="decimal">92.09849574940664</value>
  </variableValue>
  <variableValue variable="MFQ[year]3N">
    <value valueType="decimal">0.5971527339487581</value>
  </variableValue>
  <variableValue variable="MFQ[year]3O">
    <value valueType="decimal">5.655308073733389</value>
  </variableValue>
  <variableValue variable="MFQ[year]3P">
    <value valueType="decimal">43.31199280502289</value>
  </variableValue>
  <variableValue variable="MFQ[year]3Q">
    <value valueType="decimal">77.98455618406325</value>
  </variableValue>
  <variableValue variable="MFQ[year]3R">
    <value valueType="decimal">39.135604346399</value>
  </variableValue>
  <variableValue variable="MFQ[year]4A">
    <value valueType="decimal">64.33866856922442</value>
  </variableValue>
  <variableValue variable="MFQ[year]4B">
    <value valueType="decimal">34.69490701232362</value>
  </variableValue>
  <variableValue variable="MFQ[year]4C">
    <value valueType="decimal">79.29527374287913</value>
  </variableValue>
  <variableValue variable="MFQ[year]4D">
    <value valueType="decimal">74.82136755416718</value>
  </variableValue>
  <variableValue variable="MFQ[year]4E">
    <value valueType="decimal">11.148442521448631</value>
  </variableValue>
  <variableValue variable="MFQ[year]5A">
    <value valueType="decimal">78.49598109056797</value>
  </variableValue>
  <variableValue variable="MFQ[year]5B">
    <value valueType="decimal">55.68216663075233</value>
  </variableValue>
  <variableValue variable="MFQ[year]5C">
    <value valueType="decimal">90.259086354621</value>
  </variableValue>
  <variableValue variable="MFQ[year]5D">
    <value valueType="decimal">60.64981132626966</value>
  </variableValue>
  <variableValue variable="MFQ[year]5E">
    <value valueType="decimal">34.961437394366726</value>
  </variableValue>
  <variableValue variable="MFQ[year]6A">
    <value valueType="decimal">21.56809785129744</value>
  </variableValue>
  <variableValue variable="MFQ[year]6B">
    <value valueType="decimal">47.57640358482297</value>
  </variableValue>
  <variableValue variable="MFQ[year]6C">
    <value valueType="decimal">12.25523726804899</value>
  </variableValue>
  <variableValue variable="MFQ[year]6D">
    <value valueType="decimal">68.08116069579391</value>
  </variableValue>
  <variableValue variable="MFQ[year]7A">
    <value valueType="decimal">71.1699065632925</value>
  </variableValue>
  <variableValue variable="MFQ[year]7B">
    <value valueType="decimal">67.44822120686335</value>
  </variableValue>
  <variableValue variable="MFQ[year]7C">
    <value valueType="decimal">93.62271136457467</value>
  </variableValue>
  <variableValue variable="MFQ[year]7D">
    <value valueType="decimal">95.68062246875725</value>
  </variableValue>
  <variableValue variable="MFQ[year]7E">
    <value valueType="decimal">17.229222734628646</value>
  </variableValue>
  <variableValue variable="MFQ[year]7F">
    <value valueType="decimal">40.500583601422534</value>
  </variableValue>
  <variableValue variable="MFQ[year]7G">
    <value valueType="decimal">95.76058044105167</value>
  </variableValue>
  <variableValue variable="MFQ[year]7H">
    <value valueType="decimal">37.50065339331105</value>
  </variableValue>
  <variableValue variable="MFQ[year]7I">
    <value valueType="decimal">67.34372733930726</value>
  </variableValue>
  <variableValue variable="MFQ[year]7J">
    <value valueType="decimal">43.83894140435531</value>
  </variableValue>
  <variableValue variable="MFQ[year]7K">
    <value valueType="decimal">64.60025392879186</value>
  </variableValue>
  <variableValue variable="MFQ[year]7L">
    <value valueType="decimal">50.269567083118524</value>
  </variableValue>
  <variableValue variable="MFQ[year]7M">
    <value valueType="decimal">34.93555805477369</value>
  </variableValue>
  <variableValue variable="MFQ[year]7N">
    <value valueType="decimal">65.62132482380811</value>
  </variableValue>
  <variableValue variable="MFQ[year]7O">
    <value valueType="decimal">32.25525269548084</value>
  </variableValue>
  <variableValue variable="MFQ[year]7P">
    <value valueType="decimal">26.76044820829182</value>
  </variableValue>
  <variableValue variable="MFQ[year]7Q">
    <value valueType="decimal">70.66316804842397</value>
  </variableValue>
  <variableValue variable="MFQ[year]7R">
    <value valueType="decimal">11.397743588472252</value>
  </variableValue>
  <variableValue variable="MFQ[year]8A">
    <value valueType="decimal">55.26693722435033</value>
  </variableValue>
  <variableValue variable="MFQ[year]8B">
    <value valueType="decimal">14.439665444018779</value>
  </variableValue>
  <variableValue variable="MFQ[year]8C">
    <value valueType="decimal">4.4774219900169605</value>
  </variableValue>
  <variableValue variable="MFQ[year]8D">
    <value valueType="decimal">77.36290291848515</value>
  </variableValue>
  <variableValue variable="MFQ[year]8E">
    <value valueType="decimal">76.84440989360718</value>
  </variableValue>
  <variableValue variable="MFQ[year]8F">
    <value valueType="decimal">78.55099409364264</value>
  </variableValue>
  <variableValue variable="MFQ[year]8G">
    <value valueType="decimal">8.542274957804386</value>
  </variableValue>
  <variableValue variable="MFQ[year]8H">
    <value valueType="decimal">27.720115451889406</value>
  </variableValue>
  <variableValue variable="MFQ1[year]">
    <value valueType="integer">11</value>
  </variableValue>
  <variableValue variable="mfq1[year]">
    <value valueType="decimal">59.34994212304006</value>
  </variableValue>
  <variableValue variable="MFQ2[year]">
    <value valueType="integer">67</value>
  </variableValue>
  <variableValue variable="mfq2[year]">
    <value valueType="decimal">26.884907211167107</value>
  </variableValue>
  <variableValue variable="MFQ3[year]">
    <value valueType="integer">58</value>
  </variableValue>
  <variableValue variable="mfq3[year]">
    <value valueType="decimal">19.974835260856537</value>
  </variableValue>
  <variableValue variable="MFQ4[year]">
    <value valueType="integer">45</value>
  </variableValue>
  <variableValue variable="mfq4[year]">
    <value valueType="decimal">3.6353960360672843</value>
  </variableValue>
  <variableValue variable="MLIVE[year]">
    <value valueType="integer">2</value>
  </variableValue>
  <variableValue variable="MOMWK[year]">
    <value valueType="integer">0</value>
  </variableValue>
  <variableValue variable="movie[year]">
    <value valueType="decimal">68.90970025292678</value>
  </variableValue>
  <variableValue variable="MSTA84[year]">
    <value valueType="integer">5</value>
  </variableValue>
  <variableValue variable="MSTAT[year]">
    <value valueType="integer">4</value>
  </variableValue>
  <variableValue variable="NBKS[year]">
    <value valueType="integer">67</value>
  </variableValue>
  <variableValue variable="NCONF[year]">
    <value valueType="integer">16</value>
  </variableValue>
  <variableValue variable="NEEDCATA[year]">
    <value valueType="integer">1</value>
  </variableValue>
  <variableValue variable="NEMP[year]">
    <value valueType="integer">99</value>
  </variableValue>
  <variableValue variable="NEUROTIC[year]">
    <value valueType="integer">82</value>
  </variableValue>
  <variableValue variable="NEWPRNT[year]">
    <value valueType="integer">1</value>
  </variableValue>
  <variableValue variable="nfr[year]">
    <value valueType="integer">51</value>
  </variableValue>
  <variableValue variable="NFRN[year]">
    <value valueType="integer">32</value>
  </variableValue>
  <variableValue variable="NGRNKD[year]">
    <value valueType="integer">30</value>
  </variableValue>
  <variableValue variable="NJOB[year]">
    <value valueType="integer">42</value>
  </variableValue>
  <variableValue variable="NKDHM[year]">
    <value valueType="integer">94</value>
  </variableValue>
  <variableValue variable="NKIDS[year]">
    <value valueType="integer">89</value>
  </variableValue>
  <variableValue variable="NMAG[year]">
    <value valueType="integer">2</value>
  </variableValue>
  <variableValue variable="NMOV[year]">
    <value valueType="integer">80</value>
  </variableValue>
  <variableValue variable="NMTG[year]">
    <value valueType="integer">41</value>
  </variableValue>
  <variableValue variable="NNEIG[year]">
    <value valueType="integer">2</value>
  </variableValue>
  <variableValue variable="NOBR[year]">
    <value valueType="integer">5</value>
  </variableValue>
  <variableValue variable="NOISE[year]">
    <value valueType="integer">2</value>
  </variableValue>
  <variableValue variable="NONFIC[year]">
    <value valueType="integer">50</value>
  </variableValue>
  <variableValue variable="nor[year]">
    <value valueType="integer">16</value>
  </variableValue>
  <variableValue variable="norcr[year]">
    <value valueType="integer">27</value>
  </variableValue>
  <variableValue variable="NOSIS[year]">
    <value valueType="integer">48</value>
  </variableValue>
  <variableValue variable="NOWRK[year]">
    <value valueType="integer">2</value>
  </variableValue>
  <variableValue variable="NRMS[year]">
    <value valueType="integer">6</value>
  </variableValue>
  <variableValue variable="nsp08">
    <value valueType="integer">85</value>
  </variableValue>
  <variableValue variable="NSTATE[year]">
    <value valueType="integer">79</value>
  </variableValue>
  <variableValue variable="NTRAD[year]">
    <value valueType="integer">73</value>
  </variableValue>
  <variableValue variable="NTRIPS[year]">
    <value valueType="integer">69</value>
  </variableValue>
  <variableValue variable="numtot[year]">
    <value valueType="integer">100</value>
  </variableValue>
  <variableValue variable="NVISIT[year]">
    <value valueType="integer">2</value>
  </variableValue>
  <variableValue variable="NWED[year]">
    <value valueType="integer">22</value>
  </variableValue>
  <variableValue variable="NYBR[year]">
    <value valueType="integer">15</value>
  </variableValue>
  <variableValue variable="NYSIS[year]">
    <value valueType="integer">93</value>
  </variableValue>
  <variableValue variable="OBGYN[year]">
    <value valueType="integer">4</value>
  </variableValue>
  <variableValue variable="OCC[year]">
    <value valueType="integer">1</value>
  </variableValue>
  <variableValue variable="OCC84[year]">
    <value valueType="integer">6</value>
  </variableValue>
  <variableValue variable="OPEN[year]">
    <value valueType="integer">20</value>
  </variableValue>
  <variableValue variable="or[year]">
    <value valueType="integer">93</value>
  </variableValue>
  <variableValue variable="oratt[year]">
    <value valueType="integer">60</value>
  </variableValue>
  <variableValue variable="ORGAN[year]">
    <value valueType="integer">1</value>
  </variableValue>
  <variableValue variable="oromt[year]">
    <value valueType="integer">17</value>
  </variableValue>
  <variableValue variable="orwg[year]">
    <value valueType="integer">55</value>
  </variableValue>
  <variableValue variable="OTJ[year]">
    <value valueType="integer">0</value>
  </variableValue>
  <variableValue variable="outhob[year]">
    <value valueType="decimal">42.96716796130872</value>
  </variableValue>
  <variableValue variable="OWNHM[year]">
    <value valueType="integer">1</value>
  </variableValue>
  <variableValue variable="PAINREL[year]">
    <value valueType="integer">3</value>
  </variableValue>
  <variableValue variable="PAP[year]">
    <value valueType="integer">4</value>
  </variableValue>
  <variableValue variable="party[year]">
    <value valueType="decimal">51.074727436846636</value>
  </variableValue>
  <variableValue variable="pase1">
    <value valueType="integer">2</value>
  </variableValue>
  <variableValue variable="pase10">
    <value valueType="integer">1</value>
  </variableValue>
  <variableValue variable="pase10a">
    <value valueType="decimal">18.120431406996364</value>
  </variableValue>
  <variableValue variable="pase10b">
    <value valueType="integer">4</value>
  </variableValue>
  <variableValue variable="pase1b">
    <value valueType="integer">2</value>
  </variableValue>
  <variableValue variable="pase2">
    <value valueType="integer">2</value>
  </variableValue>
  <variableValue variable="pase2a">
    <value valueType="integer">1</value>
  </variableValue>
  <variableValue variable="pase3">
    <value valueType="integer">2</value>
  </variableValue>
  <variableValue variable="pase3b">
    <value valueType="integer">2</value>
  </variableValue>
  <variableValue variable="pase4">
    <value valueType="integer">3</value>
  </variableValue>
  <variableValue variable="pase4b">
    <value valueType="integer">1</value>
  </variableValue>
  <variableValue variable="pase5">
    <value valueType="integer">2</value>
  </variableValue>
  <variableValue variable="pase5b">
    <value valueType="integer">2</value>
  </variableValue>
  <variableValue variable="pase6">
    <value valueType="integer">1</value>
  </variableValue>
  <variableValue variable="pase6b">
    <value valueType="integer">3</value>
  </variableValue>
  <variableValue variable="pase7">
    <value valueType="integer">1</value>
  </variableValue>
  <variableValue variable="pase8">
    <value valueType="integer">0</value>
  </variableValue>
  <variableValue variable="pase9a - pase9d">
    <value valueType="integer">1</value>
  </variableValue>
  <variableValue variable="pattot[year]">
    <value valueType="integer">91</value>
  </variableValue>
  <variableValue variable="PDEMP[year]">
    <value valueType="integer">0</value>
  </variableValue>
  <variableValue variable="PEOP[year]">
    <value valueType="decimal">3.457348452966391</value>
  </variableValue>
  <variableValue variable="pets[year]">
    <value valueType="decimal">75.12218111099386</value>
  </variableValue>
  <variableValue variable="phone[year]">
    <value valueType="decimal">7.8314619821696185</value>
  </variableValue>
  <variableValue variable="picnic[year]">
    <value valueType="decimal">79.39326388775885</value>
  </variableValue>
  <variableValue variable="PIPEDAY[year]">
    <value valueType="integer">3</value>
  </variableValue>
  <variableValue variable="PIPES[year]">
    <value valueType="integer">4</value>
  </variableValue>
  <variableValue variable="pirr1[year]">
    <value valueType="integer">60</value>
  </variableValue>
  <variableValue variable="pirr2[year]">
    <value valueType="integer">35</value>
  </variableValue>
  <variableValue variable="PORK[year]">
    <value valueType="integer">1</value>
  </variableValue>
  <variableValue variable="ppr1[year]">
    <value valueType="integer">6</value>
  </variableValue>
  <variableValue variable="ppr2[year]">
    <value valueType="integer">86</value>
  </variableValue>
  <variableValue variable="ppr3[year]">
    <value valueType="integer">80</value>
  </variableValue>
  <variableValue variable="pray[year]">
    <value valueType="decimal">53.27890009829137</value>
  </variableValue>
  <variableValue variable="PRESR[year]">
    <value valueType="integer">3</value>
  </variableValue>
  <variableValue variable="PRO2YR[year]">
    <value valueType="integer">2</value>
  </variableValue>
  <variableValue variable="PROAGE[year]">
    <value valueType="integer">4</value>
  </variableValue>
  <variableValue variable="PROENLAR[year]">
    <value valueType="integer">2</value>
  </variableValue>
  <variableValue variable="PROEXAM[year]">
    <value valueType="integer">77</value>
  </variableValue>
  <variableValue variable="PROS[year]">
    <value valueType="integer">1</value>
  </variableValue>
  <variableValue variable="PROSUC[year]">
    <value valueType="integer">4</value>
  </variableValue>
  <variableValue variable="PRSC84[year]">
    <value valueType="integer">3</value>
  </variableValue>
  <variableValue variable="radio[year]">
    <value valueType="decimal">5.291895704021665</value>
  </variableValue>
  <variableValue variable="RDPAPR[year]">
    <value valueType="integer">1</value>
  </variableValue>
  <variableValue variable="RDWRIT[year]">
    <value valueType="decimal">12.841456239566861</value>
  </variableValue>
  <variableValue variable="read[year]">
    <value valueType="decimal">72.06652621727544</value>
  </variableValue>
  <variableValue variable="REGULAR[year]">
    <value valueType="integer">2</value>
  </variableValue>
  <variableValue variable="REMAR[year]">
    <value valueType="integer">34</value>
  </variableValue>
  <variableValue variable="rv[year]">
    <value valueType="integer">70</value>
  </variableValue>
  <variableValue variable="SAFE[year]">
    <value valueType="integer">1</value>
  </variableValue>
  <variableValue variable="SBHWY[year]">
    <value valueType="integer">3</value>
  </variableValue>
  <variableValue variable="SBTOWN[year]">
    <value valueType="integer">2</value>
  </variableValue>
  <variableValue variable="SELFBLOO[year]">
    <value valueType="integer">5</value>
  </variableValue>
  <variableValue variable="selfim[year]">
    <value valueType="decimal">68.5101602720917</value>
  </variableValue>
  <variableValue variable="SELFMAM[year]">
    <value valueType="integer">2</value>
  </variableValue>
  <variableValue variable="sex">
    <value valueType="integer">1</value>
  </variableValue>
  <variableValue variable="shop[year]">
    <value valueType="decimal">30.74331219836558</value>
  </variableValue>
  <variableValue variable="SIBS[year]">
    <value valueType="integer">57</value>
  </variableValue>
  <variableValue variable="SLEEP[year]">
    <value valueType="integer">2</value>
  </variableValue>
  <variableValue variable="smdvh[year]">
    <value valueType="integer">30</value>
  </variableValue>
  <variableValue variable="smdvl[year]">
    <value valueType="integer">84</value>
  </variableValue>
  <variableValue variable="SMK[year]">
    <value valueType="integer">0</value>
  </variableValue>
  <variableValue variable="SMOKE[year]">
    <value valueType="integer">1</value>
  </variableValue>
  <variableValue variable="SMOKEPAS[year]">
    <value valueType="decimal">91.75403051357233</value>
  </variableValue>
  <variableValue variable="SODA[year]">
    <value valueType="integer">4</value>
  </variableValue>
  <variableValue variable="SODIUM[year]">
    <value valueType="integer">4</value>
  </variableValue>
  <variableValue variable="SPBRN[year]">
    <value valueType="integer">30</value>
  </variableValue>
  <variableValue variable="spec[year]">
    <value valueType="decimal">45.89997391545598</value>
  </variableValue>
  <variableValue variable="SPEED[year]">
    <value valueType="integer">4</value>
  </variableValue>
  <variableValue variable="SPOCC[year]">
    <value valueType="integer">9</value>
  </variableValue>
  <variableValue variable="sport[year]">
    <value valueType="decimal">0.5433932846789613</value>
  </variableValue>
  <variableValue variable="SPRVIS[year]">
    <value valueType="integer">4</value>
  </variableValue>
  <variableValue variable="SREYE[year]">
    <value valueType="integer">2</value>
  </variableValue>
  <variableValue variable="srh[year]">
    <value valueType="integer">2</value>
  </variableValue>
  <variableValue variable="SRHEALTH">
    <value valueType="integer">2</value>
  </variableValue>
  <variableValue variable="SRHEAR[year]">
    <value valueType="integer">3</value>
  </variableValue>
  <variableValue variable="sstot[year]">
    <value valueType="integer">74</value>
  </variableValue>
  <variableValue variable="STAIRS[year]">
    <value valueType="integer">1</value>
  </variableValue>
  <variableValue variable="TEA[year]">
    <value valueType="integer">4</value>
  </variableValue>
  <variableValue variable="TRAF[year]">
    <value valueType="integer">0</value>
  </variableValue>
  <variableValue variable="travel[year]">
    <value valueType="decimal">63.42016584281118</value>
  </variableValue>
  <variableValue variable="TREES[year]">
    <value valueType="integer">3</value>
  </variableValue>
  <variableValue variable="TRYSTOP[year]">
    <value valueType="integer">1</value>
  </variableValue>
  <variableValue variable="tv[year]">
    <value valueType="decimal">24.76871032322062</value>
  </variableValue>
  <variableValue variable="TYPBLD[year]">
    <value valueType="integer">4</value>
  </variableValue>
  <variableValue variable="UNIVEX[year]">
    <value valueType="integer">0</value>
  </variableValue>
  <variableValue variable="VEAL[year]">
    <value valueType="integer">3</value>
  </variableValue>
  <variableValue variable="vis[year]">
    <value valueType="decimal">76.78535111560082</value>
  </variableValue>
  <variableValue variable="vocab1[year]">
    <value valueType="integer">42</value>
  </variableValue>
  <variableValue variable="vocab2[year]">
    <value valueType="integer">97</value>
  </variableValue>
  <variableValue variable="VOCAT[year]">
    <value valueType="integer">1</value>
  </variableValue>
  <variableValue variable="vol[year]">
    <value valueType="decimal">53.04386866167097</value>
  </variableValue>
  <variableValue variable="walk[year]">
    <value valueType="decimal">21.22470683149991</value>
  </variableValue>
  <variableValue variable="WALK[year]">
    <value valueType="integer">1</value>
  </variableValue>
  <variableValue variable="wdflu[year]">
    <value valueType="integer">44</value>
  </variableValue>
  <variableValue variable="WEIGHT[year]">
    <value valueType="integer">66</value>
  </variableValue>
  <variableValue variable="WELL[year]">
    <value valueType="integer">3</value>
  </variableValue>
  <variableValue variable="WINE[year]">
    <value valueType="integer">98</value>
  </variableValue>
  <variableValue variable="write[year]">
    <value valueType="decimal">65.40266804406116</value>
  </variableValue>
  <variableValue variable="WRKPLC[year]">
    <value valueType="integer">2</value>
  </variableValue>
  <variableValue variable="WRKTYP[year]">
    <value valueType="integer">3</value>
  </variableValue>
  <variableValue variable="ws[year]">
    <value valueType="integer">84</value>
  </variableValue>
  <variableValue variable="YEAROP[year]">
    <value valueType="integer">5</value>
  </variableValue>
  <variableValue variable="YRQUIT[year]">
    <value valueType="integer">18</value>
  </variableValue>
  <variableValue variable="YRRET[year]">
    <value valueType="integer">47</value>
  </variableValue>
  <variableValue variable="YRSMOKE[year]">
    <value valueType="decimal">13.693075898110852</value>
  </variableValue>
</valueSet>