<valueSet valueTable="2008" entityType="Participant" entityIdentifier="14521351">
  <variableValue variable="ADLTED[year]">
    <value valueType="integer">0</value>
  </variableValue>
  <variableValue variable="ADVDIR[year]">
    <value valueType="integer">2</value>
  </variableValue>
  <variableValue variable="age[year]">
    <value valueType="integer">38</value>
  </variableValue>
  <variableValue variable="AGEKID[year]">
    <value valueType="integer">55</value>
  </variableValue>
  <variableValue variable="AGENB[year]">
    <value valueType="integer">1</value>
  </variableValue>
  <variableValue variable="AGEWED[year]">
    <value valueType="integer">34</value>
  </variableValue>
  <variableValue variable="AGFRN[year]">
    <value valueType="integer">4</value>
  </variableValue>
  <variableValue variable="AGREE[year]">
    <value valueType="integer">43</value>
  </variableValue>
  <variableValue variable="ALCOHOL[year]">
    <value valueType="integer">2</value>
  </variableValue>
  <variableValue variable="Apdemp[year]">
    <value valueType="decimal">10.97752688067921</value>
  </variableValue>
  <variableValue variable="ART[year]">
    <value valueType="integer">2</value>
  </variableValue>
  <variableValue variable="BDATE_DY">
    <value valueType="integer">50</value>
  </variableValue>
  <variableValue variable="BDATE_MO">
    <value valueType="integer">75</value>
  </variableValue>
  <variableValue variable="BDATE_YR">
    <value valueType="integer">45</value>
  </variableValue>
  <variableValue variable="BEEF[year]">
    <value valueType="integer">2</value>
  </variableValue>
  <variableValue variable="BEER[year]">
    <value valueType="integer">16</value>
  </variableValue>
  <variableValue variable="BLDLK[year]">
    <value valueType="integer">4</value>
  </variableValue>
  <variableValue variable="BLOODPRE[year]">
    <value valueType="integer">3</value>
  </variableValue>
  <variableValue variable="BOOK[year]">
    <value valueType="integer">3</value>
  </variableValue>
  <variableValue variable="BRUSH[year]">
    <value valueType="integer">87</value>
  </variableValue>
  <variableValue variable="BUTTER[year]">
    <value valueType="integer">2</value>
  </variableValue>
  <variableValue variable="BUYFAT[year]">
    <value valueType="integer">3</value>
  </variableValue>
  <variableValue variable="BUYSALT[year]">
    <value valueType="integer">4</value>
  </variableValue>
  <variableValue variable="CANCHK[year]">
    <value valueType="integer">2</value>
  </variableValue>
  <variableValue variable="cards[year]">
    <value valueType="decimal">9.728178254143138</value>
  </variableValue>
  <variableValue variable="CATARACT[year]">
    <value valueType="integer">2</value>
  </variableValue>
  <variableValue variable="CHKFAT[year]">
    <value valueType="integer">2</value>
  </variableValue>
  <variableValue variable="CHOLES[year]">
    <value valueType="integer">2</value>
  </variableValue>
  <variableValue variable="chur[year]">
    <value valueType="decimal">3.5133602643528383</value>
  </variableValue>
  <variableValue variable="CIGARDAY[year]">
    <value valueType="integer">2</value>
  </variableValue>
  <variableValue variable="CIGARS[year]">
    <value valueType="integer">6</value>
  </variableValue>
  <variableValue variable="CIGDAY[year]">
    <value valueType="integer">6</value>
  </variableValue>
  <variableValue variable="CIGS[year]">
    <value valueType="integer">6</value>
  </variableValue>
  <variableValue variable="CLNAIR[year]">
    <value valueType="integer">1</value>
  </variableValue>
  <variableValue variable="COFFEE[year]">
    <value valueType="integer">5</value>
  </variableValue>
  <variableValue variable="CONSCIEN[year]">
    <value valueType="integer">64</value>
  </variableValue>
  <variableValue variable="cook[year]">
    <value valueType="decimal">47.14711905157621</value>
  </variableValue>
  <variableValue variable="COOKBUT[year]">
    <value valueType="integer">2</value>
  </variableValue>
  <variableValue variable="CORS[year]">
    <value valueType="integer">0</value>
  </variableValue>
  <variableValue variable="crafts[year]">
    <value valueType="decimal">17.430146190882134</value>
  </variableValue>
  <variableValue variable="crdp1[year]">
    <value valueType="integer">78</value>
  </variableValue>
  <variableValue variable="crdp2[year]">
    <value valueType="integer">38</value>
  </variableValue>
  <variableValue variable="cult[year]">
    <value valueType="decimal">67.82866706363481</value>
  </variableValue>
  <variableValue variable="dance[year]">
    <value valueType="decimal">34.12631069330712</value>
  </variableValue>
  <variableValue variable="DENTIST[year]">
    <value valueType="integer">3</value>
  </variableValue>
  <variableValue variable="DENTURE[year]">
    <value valueType="integer">2</value>
  </variableValue>
  <variableValue variable="DIABET[year]">
    <value valueType="integer">1</value>
  </variableValue>
  <variableValue variable="DRMAM[year]">
    <value valueType="integer">5</value>
  </variableValue>
  <variableValue variable="DRVISIT[year]">
    <value valueType="integer">14</value>
  </variableValue>
  <variableValue variable="dydrm[year]">
    <value valueType="decimal">96.71083104295367</value>
  </variableValue>
  <variableValue variable="EARCHK[year]">
    <value valueType="integer">0</value>
  </variableValue>
  <variableValue variable="eatout[year]">
    <value valueType="decimal">2.6998693591068768</value>
  </variableValue>
  <variableValue variable="EATSALT[year]">
    <value valueType="integer">5</value>
  </variableValue>
  <variableValue variable="edact[year]">
    <value valueType="decimal">31.505871770479377</value>
  </variableValue>
  <variableValue variable="educ">
    <value valueType="integer">42</value>
  </variableValue>
  <variableValue variable="EDUC[year]">
    <value valueType="integer">56</value>
  </variableValue>
  <variableValue variable="EGG[year]">
    <value valueType="integer">3</value>
  </variableValue>
  <variableValue variable="eldcar[year]">
    <value valueType="decimal">75.03492734708928</value>
  </variableValue>
  <variableValue variable="ELDCAR[year]">
    <value valueType="decimal">47.097237156634094</value>
  </variableValue>
  <variableValue variable="ENT1[year]">
    <value valueType="integer">3</value>
  </variableValue>
  <variableValue variable="ENT2[year]">
    <value valueType="integer">3</value>
  </variableValue>
  <variableValue variable="ENT3[year]">
    <value valueType="integer">3</value>
  </variableValue>
  <variableValue variable="eth[year]">
    <value valueType="integer">44</value>
  </variableValue>
  <variableValue variable="EXCERTOT[year]">
    <value valueType="decimal">98.98718169680647</value>
  </variableValue>
  <variableValue variable="EXCERWK[year]">
    <value valueType="integer">55</value>
  </variableValue>
  <variableValue variable="EXTRAVER[year]">
    <value valueType="integer">41</value>
  </variableValue>
  <variableValue variable="EYECHG[year]">
    <value valueType="integer">6</value>
  </variableValue>
  <variableValue variable="EYECHK[year]">
    <value valueType="integer">0</value>
  </variableValue>
  <variableValue variable="EYEGLAS[year]">
    <value valueType="integer">3</value>
  </variableValue>
  <variableValue variable="FAGE[year]">
    <value valueType="integer">62</value>
  </variableValue>
  <variableValue variable="FAITH[year]">
    <value valueType="integer">5</value>
  </variableValue>
  <variableValue variable="FALLS[year]">
    <value valueType="integer">6</value>
  </variableValue>
  <variableValue variable="FCAUSE[year]">
    <value valueType="integer">10</value>
  </variableValue>
  <variableValue variable="FDIE[year]">
    <value valueType="integer">6</value>
  </variableValue>
  <variableValue variable="FIC[year]">
    <value valueType="integer">69</value>
  </variableValue>
  <variableValue variable="fit[year]">
    <value valueType="decimal">71.82274099065397</value>
  </variableValue>
  <variableValue variable="FLIVE[year]">
    <value valueType="integer">3</value>
  </variableValue>
  <variableValue variable="FLOSS[year]">
    <value valueType="integer">2</value>
  </variableValue>
  <variableValue variable="FLUSHOT[year]">
    <value valueType="integer">3</value>
  </variableValue>
  <variableValue variable="fr[year]">
    <value valueType="integer">0</value>
  </variableValue>
  <variableValue variable="fratt[year]">
    <value valueType="integer">100</value>
  </variableValue>
  <variableValue variable="frcr[year]">
    <value valueType="integer">26</value>
  </variableValue>
  <variableValue variable="fromt[year]">
    <value valueType="integer">44</value>
  </variableValue>
  <variableValue variable="frwg[year]">
    <value valueType="integer">84</value>
  </variableValue>
  <variableValue variable="game[year]">
    <value valueType="decimal">66.712842930408</value>
  </variableValue>
  <variableValue variable="gds[year]1 –  gds[year]30">
    <value valueType="integer">0</value>
  </variableValue>
  <variableValue variable="gdstot[year]">
    <value valueType="integer">83</value>
  </variableValue>
  <variableValue variable="HANDS[year]">
    <value valueType="decimal">39.30442348512078</value>
  </variableValue>
  <variableValue variable="HARDLIQ[year]">
    <value valueType="integer">96</value>
  </variableValue>
  <variableValue variable="HEALTHCH[year]">
    <value valueType="integer">3</value>
  </variableValue>
  <variableValue variable="HEARAID[year]">
    <value valueType="integer">1</value>
  </variableValue>
  <variableValue variable="HEARCHG[year]">
    <value valueType="integer">7</value>
  </variableValue>
  <variableValue variable="HEARSPEC[year]">
    <value valueType="integer">4</value>
  </variableValue>
  <variableValue variable="HEART[year]">
    <value valueType="integer">3</value>
  </variableValue>
  <variableValue variable="HEIGHT[year]">
    <value valueType="integer">46</value>
  </variableValue>
  <variableValue variable="HHEIGHT[year]">
    <value valueType="integer">33</value>
  </variableValue>
  <variableValue variable="HIGHBLOO[year]">
    <value valueType="integer">2</value>
  </variableValue>
  <variableValue variable="HJOBTP[year]">
    <value valueType="integer">0</value>
  </variableValue>
  <variableValue variable="HMKHD[year]">
    <value valueType="decimal">36.76768588720789</value>
  </variableValue>
  <variableValue variable="HMKJB[year]">
    <value valueType="integer">63</value>
  </variableValue>
  <variableValue variable="HMKPE[year]">
    <value valueType="decimal">22.216231586712087</value>
  </variableValue>
  <variableValue variable="HMKPRS[year]">
    <value valueType="integer">1</value>
  </variableValue>
  <variableValue variable="HMKR[year]">
    <value valueType="integer">46</value>
  </variableValue>
  <variableValue variable="HMKRD[year]">
    <value valueType="decimal">0.2989160682521197</value>
  </variableValue>
  <variableValue variable="HOSDAYS[year]">
    <value valueType="integer">56</value>
  </variableValue>
  <variableValue variable="HOSVISIT[year]">
    <value valueType="integer">1</value>
  </variableValue>
  <variableValue variable="HWEIGHT[year]">
    <value valueType="integer">18</value>
  </variableValue>
  <variableValue variable="INC[year]">
    <value valueType="integer">13</value>
  </variableValue>
  <variableValue variable="INC84[year]">
    <value valueType="integer">9</value>
  </variableValue>
  <variableValue variable="instr[year]">
    <value valueType="decimal">87.26848755024041</value>
  </variableValue>
  <variableValue variable="ir[year]a1 - ir[year]a20">
    <value valueType="integer">0</value>
  </variableValue>
  <variableValue variable="ir[year]b1 - ir[year]b20">
    <value valueType="integer">1</value>
  </variableValue>
  <variableValue variable="JOBLEN[year]">
    <value valueType="integer">3</value>
  </variableValue>
  <variableValue variable="JOBTYP[year]">
    <value valueType="integer">4</value>
  </variableValue>
  <variableValue variable="kidcar[year]">
    <value valueType="decimal">32.40267800701729</value>
  </variableValue>
  <variableValue variable="LAMB[year]">
    <value valueType="integer">1</value>
  </variableValue>
  <variableValue variable="lettot[year]">
    <value valueType="integer">49</value>
  </variableValue>
  <variableValue variable="LFST84[year]">
    <value valueType="integer">1</value>
  </variableValue>
  <variableValue variable="LIFSAT[year]">
    <value valueType="integer">2</value>
  </variableValue>
  <variableValue variable="LIVESMOK[year]">
    <value valueType="integer">3</value>
  </variableValue>
  <variableValue variable="ls[year]">
    <value valueType="integer">75</value>
  </variableValue>
  <variableValue variable="LSTJOB[year]">
    <value valueType="integer">6</value>
  </variableValue>
  <variableValue variable="LVNGWILL[year]">
    <value valueType="integer">2</value>
  </variableValue>
  <variableValue variable="MAGE[year]">
    <value valueType="integer">21</value>
  </variableValue>
  <variableValue variable="MAM[year]">
    <value valueType="integer">1</value>
  </variableValue>
  <variableValue variable="MAM2YR[year]">
    <value valueType="integer">2</value>
  </variableValue>
  <variableValue variable="MAMAGE[year]">
    <value valueType="integer">34</value>
  </variableValue>
  <variableValue variable="MAMEXAM[year]">
    <value valueType="integer">95</value>
  </variableValue>
  <variableValue variable="MASTECT[year]">
    <value valueType="integer">3</value>
  </variableValue>
  <variableValue variable="MCAUSE[year]">
    <value valueType="integer">6</value>
  </variableValue>
  <variableValue variable="MDIE[year]">
    <value valueType="integer">59</value>
  </variableValue>
  <variableValue variable="MED[year]">
    <value valueType="integer">2</value>
  </variableValue>
  <variableValue variable="MENAGE[year]">
    <value valueType="integer">95</value>
  </variableValue>
  <variableValue variable="MENHIST[year]">
    <value valueType="integer">42</value>
  </variableValue>
  <variableValue variable="MENSIT[year]">
    <value valueType="integer">3</value>
  </variableValue>
  <variableValue variable="MFQ[year]1">
    <value valueType="decimal">57.8326997296483</value>
  </variableValue>
  <variableValue variable="MFQ[year]2A">
    <value valueType="decimal">28.53885964092704</value>
  </variableValue>
  <variableValue variable="MFQ[year]2B">
    <value valueType="decimal">96.68862039094051</value>
  </variableValue>
  <variableValue variable="MFQ[year]2C">
    <value valueType="decimal">55.31688606983379</value>
  </variableValue>
  <variableValue variable="MFQ[year]2D">
    <value valueType="decimal">12.878937809925183</value>
  </variableValue>
  <variableValue variable="MFQ[year]2E">
    <value valueType="decimal">13.622018459882312</value>
  </variableValue>
  <variableValue variable="MFQ[year]3A">
    <value valueType="decimal">93.12562432786575</value>
  </variableValue>
  <variableValue variable="MFQ[year]3B">
    <value valueType="decimal">91.55635256139735</value>
  </variableValue>
  <variableValue variable="MFQ[year]3C">
    <value valueType="decimal">32.47498462098445</value>
  </variableValue>
  <variableValue variable="MFQ[year]3D">
    <value valueType="decimal">74.42410277286034</value>
  </variableValue>
  <variableValue variable="MFQ[year]3E">
    <value valueType="decimal">90.59646971669841</value>
  </variableValue>
  <variableValue variable="MFQ[year]3F">
    <value valueType="decimal">90.28947683506325</value>
  </variableValue>
  <variableValue variable="MFQ[year]3G">
    <value valueType="decimal">67.40437147797734</value>
  </variableValue>
  <variableValue variable="MFQ[year]3H">
    <value valueType="decimal">47.820195426148594</value>
  </variableValue>
  <variableValue variable="MFQ[year]3I">
    <value valueType="decimal">91.75476392797796</value>
  </variableValue>
  <variableValue variable="MFQ[year]3J">
    <value valueType="decimal">66.58401410432563</value>
  </variableValue>
  <variableValue variable="MFQ[year]3K">
    <value valueType="decimal">19.32188761426483</value>
  </variableValue>
  <variableValue variable="MFQ[year]3L">
    <value valueType="decimal">67.40838544470174</value>
  </variableValue>
  <variableValue variable="MFQ[year]3M">
    <value valueType="decimal">70.56228883825281</value>
  </variableValue>
  <variableValue variable="MFQ[year]3N">
    <value valueType="decimal">43.48224244361979</value>
  </variableValue>
  <variableValue variable="MFQ[year]3O">
    <value valueType="decimal">68.35735197881739</value>
  </variableValue>
  <variableValue variable="MFQ[year]3P">
    <value valueType="decimal">71.28113327163001</value>
  </variableValue>
  <variableValue variable="MFQ[year]3Q">
    <value valueType="decimal">76.7236822692603</value>
  </variableValue>
  <variableValue variable="MFQ[year]3R">
    <value valueType="decimal">14.151840106383172</value>
  </variableValue>
  <variableValue variable="MFQ[year]4A">
    <value valueType="decimal">98.94676840022719</value>
  </variableValue>
  <variableValue variable="MFQ[year]4B">
    <value valueType="decimal">85.83242391733233</value>
  </variableValue>
  <variableValue variable="MFQ[year]4C">
    <value valueType="decimal">75.48992475451047</value>
  </variableValue>
  <variableValue variable="MFQ[year]4D">
    <value valueType="decimal">61.95273621394273</value>
  </variableValue>
  <variableValue variable="MFQ[year]4E">
    <value valueType="decimal">71.73331419605732</value>
  </variableValue>
  <variableValue variable="MFQ[year]5A">
    <value valueType="decimal">85.61595339779208</value>
  </variableValue>
  <variableValue variable="MFQ[year]5B">
    <value valueType="decimal">63.495332325970146</value>
  </variableValue>
  <variableValue variable="MFQ[year]5C">
    <value valueType="decimal">9.773073067290472</value>
  </variableValue>
  <variableValue variable="MFQ[year]5D">
    <value valueType="decimal">97.68131092611185</value>
  </variableValue>
  <variableValue variable="MFQ[year]5E">
    <value valueType="decimal">50.85166685118481</value>
  </variableValue>
  <variableValue variable="MFQ[year]6A">
    <value valueType="decimal">17.406013516272612</value>
  </variableValue>
  <variableValue variable="MFQ[year]6B">
    <value valueType="decimal">11.881994533219354</value>
  </variableValue>
  <variableValue variable="MFQ[year]6C">
    <value valueType="decimal">19.472184469590147</value>
  </variableValue>
  <variableValue variable="MFQ[year]6D">
    <value valueType="decimal">31.384928764493537</value>
  </variableValue>
  <variableValue variable="MFQ[year]7A">
    <value valueType="decimal">38.89598061667099</value>
  </variableValue>
  <variableValue variable="MFQ[year]7B">
    <value valueType="decimal">59.06642156216657</value>
  </variableValue>
  <variableValue variable="MFQ[year]7C">
    <value valueType="decimal">94.80213000483607</value>
  </variableValue>
  <variableValue variable="MFQ[year]7D">
    <value valueType="decimal">78.73473397888692</value>
  </variableValue>
  <variableValue variable="MFQ[year]7E">
    <value valueType="decimal">56.83049619220806</value>
  </variableValue>
  <variableValue variable="MFQ[year]7F">
    <value valueType="decimal">40.963617752763795</value>
  </variableValue>
  <variableValue variable="MFQ[year]7G">
    <value valueType="decimal">6.37704188880096</value>
  </variableValue>
  <variableValue variable="MFQ[year]7H">
    <value valueType="decimal">26.324276634114074</value>
  </variableValue>
  <variableValue variable="MFQ[year]7I">
    <value valueType="decimal">35.52439999321649</value>
  </variableValue>
  <variableValue variable="MFQ[year]7J">
    <value valueType="decimal">98.27075881431385</value>
  </variableValue>
  <variableValue variable="MFQ[year]7K">
    <value valueType="decimal">94.20101492318005</value>
  </variableValue>
  <variableValue variable="MFQ[year]7L">
    <value valueType="decimal">82.06935085456803</value>
  </variableValue>
  <variableValue variable="MFQ[year]7M">
    <value valueType="decimal">16.55653234008272</value>
  </variableValue>
  <variableValue variable="MFQ[year]7N">
    <value valueType="decimal">1.9073632193144618</value>
  </variableValue>
  <variableValue variable="MFQ[year]7O">
    <value valueType="decimal">17.180483814161708</value>
  </variableValue>
  <variableValue variable="MFQ[year]7P">
    <value valueType="decimal">47.2069923863908</value>
  </variableValue>
  <variableValue variable="MFQ[year]7Q">
    <value valueType="decimal">90.85956930671</value>
  </variableValue>
  <variableValue variable="MFQ[year]7R">
    <value valueType="decimal">16.225883659939953</value>
  </variableValue>
  <variableValue variable="MFQ[year]8A">
    <value valueType="decimal">3.1169431107456735</value>
  </variableValue>
  <variableValue variable="MFQ[year]8B">
    <value valueType="decimal">90.57885560494941</value>
  </variableValue>
  <variableValue variable="MFQ[year]8C">
    <value valueType="decimal">57.66798064598391</value>
  </variableValue>
  <variableValue variable="MFQ[year]8D">
    <value valueType="decimal">39.01035626282601</value>
  </variableValue>
  <variableValue variable="MFQ[year]8E">
    <value valueType="decimal">38.83681695430694</value>
  </variableValue>
  <variableValue variable="MFQ[year]8F">
    <value valueType="decimal">88.54083031767176</value>
  </variableValue>
  <variableValue variable="MFQ[year]8G">
    <value valueType="decimal">77.39495443201054</value>
  </variableValue>
  <variableValue variable="MFQ[year]8H">
    <value valueType="decimal">62.27247822386338</value>
  </variableValue>
  <variableValue variable="MFQ1[year]">
    <value valueType="integer">19</value>
  </variableValue>
  <variableValue variable="mfq1[year]">
    <value valueType="decimal">61.985017169303255</value>
  </variableValue>
  <variableValue variable="MFQ2[year]">
    <value valueType="integer">47</value>
  </variableValue>
  <variableValue variable="mfq2[year]">
    <value valueType="decimal">66.62255120169738</value>
  </variableValue>
  <variableValue variable="MFQ3[year]">
    <value valueType="integer">78</value>
  </variableValue>
  <variableValue variable="mfq3[year]">
    <value valueType="decimal">35.26257988986683</value>
  </variableValue>
  <variableValue variable="MFQ4[year]">
    <value valueType="integer">82</value>
  </variableValue>
  <variableValue variable="mfq4[year]">
    <value valueType="decimal">56.30657645384238</value>
  </variableValue>
  <variableValue variable="MLIVE[year]">
    <value valueType="integer">2</value>
  </variableValue>
  <variableValue variable="MOMWK[year]">
    <value valueType="integer">1</value>
  </variableValue>
  <variableValue variable="movie[year]">
    <value valueType="decimal">15.12754981301394</value>
  </variableValue>
  <variableValue variable="MSTA84[year]">
    <value valueType="integer">4</value>
  </variableValue>
  <variableValue variable="MSTAT[year]">
    <value valueType="integer">6</value>
  </variableValue>
  <variableValue variable="NBKS[year]">
    <value valueType="integer">29</value>
  </variableValue>
  <variableValue variable="NCONF[year]">
    <value valueType="integer">23</value>
  </variableValue>
  <variableValue variable="NEEDCATA[year]">
    <value valueType="integer">3</value>
  </variableValue>
  <variableValue variable="NEMP[year]">
    <value valueType="integer">73</value>
  </variableValue>
  <variableValue variable="NEUROTIC[year]">
    <value valueType="integer">66</value>
  </variableValue>
  <variableValue variable="NEWPRNT[year]">
    <value valueType="integer">1</value>
  </variableValue>
  <variableValue variable="nfr[year]">
    <value valueType="integer">19</value>
  </variableValue>
  <variableValue variable="NFRN[year]">
    <value valueType="integer">18</value>
  </variableValue>
  <variableValue variable="NGRNKD[year]">
    <value valueType="integer">25</value>
  </variableValue>
  <variableValue variable="NJOB[year]">
    <value valueType="integer">32</value>
  </variableValue>
  <variableValue variable="NKDHM[year]">
    <value valueType="integer">71</value>
  </variableValue>
  <variableValue variable="NKIDS[year]">
    <value valueType="integer">69</value>
  </variableValue>
  <variableValue variable="NMAG[year]">
    <value valueType="integer">58</value>
  </variableValue>
  <variableValue variable="NMOV[year]">
    <value valueType="integer">56</value>
  </variableValue>
  <variableValue variable="NMTG[year]">
    <value valueType="integer">84</value>
  </variableValue>
  <variableValue variable="NNEIG[year]">
    <value valueType="integer">1</value>
  </variableValue>
  <variableValue variable="NOBR[year]">
    <value valueType="integer">41</value>
  </variableValue>
  <variableValue variable="NOISE[year]">
    <value valueType="integer">4</value>
  </variableValue>
  <variableValue variable="NONFIC[year]">
    <value valueType="integer">58</value>
  </variableValue>
  <variableValue variable="nor[year]">
    <value valueType="integer">3</value>
  </variableValue>
  <variableValue variable="norcr[year]">
    <value valueType="integer">93</value>
  </variableValue>
  <variableValue variable="NOSIS[year]">
    <value valueType="integer">43</value>
  </variableValue>
  <variableValue variable="NOWRK[year]">
    <value valueType="integer">6</value>
  </variableValue>
  <variableValue variable="NRMS[year]">
    <value valueType="integer">35</value>
  </variableValue>
  <variableValue variable="nsp08">
    <value valueType="integer">73</value>
  </variableValue>
  <variableValue variable="NSTATE[year]">
    <value valueType="integer">78</value>
  </variableValue>
  <variableValue variable="NTRAD[year]">
    <value valueType="integer">41</value>
  </variableValue>
  <variableValue variable="NTRIPS[year]">
    <value valueType="integer">18</value>
  </variableValue>
  <variableValue variable="numtot[year]">
    <value valueType="integer">62</value>
  </variableValue>
  <variableValue variable="NVISIT[year]">
    <value valueType="integer">2</value>
  </variableValue>
  <variableValue variable="NWED[year]">
    <value valueType="integer">33</value>
  </variableValue>
  <variableValue variable="NYBR[year]">
    <value valueType="integer">3</value>
  </variableValue>
  <variableValue variable="NYSIS[year]">
    <value valueType="integer">75</value>
  </variableValue>
  <variableValue variable="OBGYN[year]">
    <value valueType="integer">2</value>
  </variableValue>
  <variableValue variable="OCC[year]">
    <value valueType="integer">8</value>
  </variableValue>
  <variableValue variable="OCC84[year]">
    <value valueType="integer">3</value>
  </variableValue>
  <variableValue variable="OPEN[year]">
    <value valueType="integer">31</value>
  </variableValue>
  <variableValue variable="or[year]">
    <value valueType="integer">71</value>
  </variableValue>
  <variableValue variable="oratt[year]">
    <value valueType="integer">75</value>
  </variableValue>
  <variableValue variable="ORGAN[year]">
    <value valueType="integer">1</value>
  </variableValue>
  <variableValue variable="oromt[year]">
    <value valueType="integer">29</value>
  </variableValue>
  <variableValue variable="orwg[year]">
    <value valueType="integer">96</value>
  </variableValue>
  <variableValue variable="OTJ[year]">
    <value valueType="integer">1</value>
  </variableValue>
  <variableValue variable="outhob[year]">
    <value valueType="decimal">86.82986666073366</value>
  </variableValue>
  <variableValue variable="OWNHM[year]">
    <value valueType="integer">0</value>
  </variableValue>
  <variableValue variable="PAINREL[year]">
    <value valueType="integer">3</value>
  </variableValue>
  <variableValue variable="PAP[year]">
    <value valueType="integer">5</value>
  </variableValue>
  <variableValue variable="party[year]">
    <value valueType="decimal">32.43860337364608</value>
  </variableValue>
  <variableValue variable="pase1">
    <value valueType="integer">0</value>
  </variableValue>
  <variableValue variable="pase10">
    <value valueType="integer">0</value>
  </variableValue>
  <variableValue variable="pase10a">
    <value valueType="decimal">92.96902295127396</value>
  </variableValue>
  <variableValue variable="pase10b">
    <value valueType="integer">4</value>
  </variableValue>
  <variableValue variable="pase1b">
    <value valueType="integer">3</value>
  </variableValue>
  <variableValue variable="pase2">
    <value valueType="integer">3</value>
  </variableValue>
  <variableValue variable="pase2a">
    <value valueType="integer">4</value>
  </variableValue>
  <variableValue variable="pase3">
    <value valueType="integer">2</value>
  </variableValue>
  <variableValue variable="pase3b">
    <value valueType="integer">2</value>
  </variableValue>
  <variableValue variable="pase4">
    <value valueType="integer">1</value>
  </variableValue>
  <variableValue variable="pase4b">
    <value valueType="integer">3</value>
  </variableValue>
  <variableValue variable="pase5">
    <value valueType="integer">0</value>
  </variableValue>
  <variableValue variable="pase5b">
    <value valueType="integer">4</value>
  </variableValue>
  <variableValue variable="pase6">
    <value valueType="integer">2</value>
  </variableValue>
  <variableValue variable="pase6b">
    <value valueType="integer">2</value>
  </variableValue>
  <variableValue variable="pase7">
    <value valueType="integer">0</value>
  </variableValue>
  <variableValue variable="pase8">
    <value valueType="integer">1</value>
  </variableValue>
  <variableValue variable="pase9a - pase9d">
    <value valueType="integer">1</value>
  </variableValue>
  <variableValue variable="pattot[year]">
    <value valueType="integer">54</value>
  </variableValue>
  <variableValue variable="PDEMP[year]">
    <value valueType="integer">0</value>
  </variableValue>
  <variableValue variable="PEOP[year]">
    <value valueType="decimal">9.098834478247309</value>
  </variableValue>
  <variableValue variable="pets[year]">
    <value valueType="decimal">18.572303541670664</value>
  </variableValue>
  <variableValue variable="phone[year]">
    <value valueType="decimal">54.35902059141833</value>
  </variableValue>
  <variableValue variable="picnic[year]">
    <value valueType="decimal">60.950107113216035</value>
  </variableValue>
  <variableValue variable="PIPEDAY[year]">
    <value valueType="integer">4</value>
  </variableValue>
  <variableValue variable="PIPES[year]">
    <value valueType="integer">6</value>
  </variableValue>
  <variableValue variable="pirr1[year]">
    <value valueType="integer">28</value>
  </variableValue>
  <variableValue variable="pirr2[year]">
    <value valueType="integer">12</value>
  </variableValue>
  <variableValue variable="PORK[year]">
    <value valueType="integer">4</value>
  </variableValue>
  <variableValue variable="ppr1[year]">
    <value valueType="integer">66</value>
  </variableValue>
  <variableValue variable="ppr2[year]">
    <value valueType="integer">56</value>
  </variableValue>
  <variableValue variable="ppr3[year]">
    <value valueType="integer">49</value>
  </variableValue>
  <variableValue variable="pray[year]">
    <value valueType="decimal">98.69706384667406</value>
  </variableValue>
  <variableValue variable="PRESR[year]">
    <value valueType="integer">1</value>
  </variableValue>
  <variableValue variable="PRO2YR[year]">
    <value valueType="integer">2</value>
  </variableValue>
  <variableValue variable="PROAGE[year]">
    <value valueType="integer">63</value>
  </variableValue>
  <variableValue variable="PROENLAR[year]">
    <value valueType="integer">1</value>
  </variableValue>
  <variableValue variable="PROEXAM[year]">
    <value valueType="integer">76</value>
  </variableValue>
  <variableValue variable="PROS[year]">
    <value valueType="integer">1</value>
  </variableValue>
  <variableValue variable="PROSUC[year]">
    <value valueType="integer">4</value>
  </variableValue>
  <variableValue variable="PRSC84[year]">
    <value valueType="integer">4</value>
  </variableValue>
  <variableValue variable="radio[year]">
    <value valueType="decimal">0.13580673004167654</value>
  </variableValue>
  <variableValue variable="RDPAPR[year]">
    <value valueType="integer">1</value>
  </variableValue>
  <variableValue variable="RDWRIT[year]">
    <value valueType="decimal">5.854420072622868</value>
  </variableValue>
  <variableValue variable="read[year]">
    <value valueType="decimal">14.962366166021933</value>
  </variableValue>
  <variableValue variable="REGULAR[year]">
    <value valueType="integer">1</value>
  </variableValue>
  <variableValue variable="REMAR[year]">
    <value valueType="integer">65</value>
  </variableValue>
  <variableValue variable="rv[year]">
    <value valueType="integer">18</value>
  </variableValue>
  <variableValue variable="SAFE[year]">
    <value valueType="integer">0</value>
  </variableValue>
  <variableValue variable="SBHWY[year]">
    <value valueType="integer">2</value>
  </variableValue>
  <variableValue variable="SBTOWN[year]">
    <value valueType="integer">5</value>
  </variableValue>
  <variableValue variable="SELFBLOO[year]">
    <value valueType="integer">6</value>
  </variableValue>
  <variableValue variable="selfim[year]">
    <value valueType="decimal">58.8178477569693</value>
  </variableValue>
  <variableValue variable="SELFMAM[year]">
    <value valueType="integer">2</value>
  </variableValue>
  <variableValue variable="sex">
    <value valueType="integer">0</value>
  </variableValue>
  <variableValue variable="shop[year]">
    <value valueType="decimal">83.47834185510763</value>
  </variableValue>
  <variableValue variable="SIBS[year]">
    <value valueType="integer">23</value>
  </variableValue>
  <variableValue variable="SLEEP[year]">
    <value valueType="integer">3</value>
  </variableValue>
  <variableValue variable="smdvh[year]">
    <value valueType="integer">59</value>
  </variableValue>
  <variableValue variable="smdvl[year]">
    <value valueType="integer">8</value>
  </variableValue>
  <variableValue variable="SMK[year]">
    <value valueType="integer">0</value>
  </variableValue>
  <variableValue variable="SMOKE[year]">
    <value valueType="integer">1</value>
  </variableValue>
  <variableValue variable="SMOKEPAS[year]">
    <value valueType="decimal">34.107225487915606</value>
  </variableValue>
  <variableValue variable="SODA[year]">
    <value valueType="integer">4</value>
  </variableValue>
  <variableValue variable="SODIUM[year]">
    <value valueType="integer">3</value>
  </variableValue>
  <variableValue variable="SPBRN[year]">
    <value valueType="integer">17</value>
  </variableValue>
  <variableValue variable="spec[year]">
    <value valueType="decimal">94.90378198211873</value>
  </variableValue>
  <variableValue variable="SPEED[year]">
    <value valueType="integer">4</value>
  </variableValue>
  <variableValue variable="SPOCC[year]">
    <value valueType="integer">7</value>
  </variableValue>
  <variableValue variable="sport[year]">
    <value valueType="decimal">55.56636598384602</value>
  </variableValue>
  <variableValue variable="SPRVIS[year]">
    <value valueType="integer">3</value>
  </variableValue>
  <variableValue variable="SREYE[year]">
    <value valueType="integer">5</value>
  </variableValue>
  <variableValue variable="srh[year]">
    <value valueType="integer">5</value>
  </variableValue>
  <variableValue variable="SRHEALTH">
    <value valueType="integer">3</value>
  </variableValue>
  <variableValue variable="SRHEAR[year]">
    <value valueType="integer">4</value>
  </variableValue>
  <variableValue variable="sstot[year]">
    <value valueType="integer">6</value>
  </variableValue>
  <variableValue variable="STAIRS[year]">
    <value valueType="integer">2</value>
  </variableValue>
  <variableValue variable="TEA[year]">
    <value valueType="integer">1</value>
  </variableValue>
  <variableValue variable="TRAF[year]">
    <value valueType="integer">1</value>
  </variableValue>
  <variableValue variable="travel[year]">
    <value valueType="decimal">43.61749026164765</value>
  </variableValue>
  <variableValue variable="TREES[year]">
    <value valueType="integer">1</value>
  </variableValue>
  <variableValue variable="TRYSTOP[year]">
    <value valueType="integer">1</value>
  </variableValue>
  <variableValue variable="tv[year]">
    <value valueType="decimal">7.824957092344231</value>
  </variableValue>
  <variableValue variable="TYPBLD[year]">
    <value valueType="integer">8</value>
  </variableValue>
  <variableValue variable="UNIVEX[year]">
    <value valueType="integer">0</value>
  </variableValue>
  <variableValue variable="VEAL[year]">
    <value valueType="integer">1</value>
  </variableValue>
  <variableValue variable="vis[year]">
    <value valueType="decimal">74.90809156396375</value>
  </variableValue>
  <variableValue variable="vocab1[year]">
    <value valueType="integer">80</value>
  </variableValue>
  <variableValue variable="vocab2[year]">
    <value valueType="integer">84</value>
  </variableValue>
  <variableValue variable="VOCAT[year]">
    <value valueType="integer">1</value>
  </variableValue>
  <variableValue variable="vol[year]">
    <value valueType="decimal">1.572426892058365</value>
  </variableValue>
  <variableValue variable="walk[year]">
    <value valueType="decimal">27.188125874943804</value>
  </variableValue>
  <variableValue variable="WALK[year]">
    <value valueType="integer">1</value>
  </variableValue>
  <variableValue variable="wdflu[year]">
    <value valueType="integer">86</value>
  </variableValue>
  <variableValue variable="WEIGHT[year]">
    <value valueType="integer">46</value>
  </variableValue>
  <variableValue variable="WELL[year]">
    <value valueType="integer">3</value>
  </variableValue>
  <variableValue variable="WINE[year]">
    <value valueType="integer">99</value>
  </variableValue>
  <variableValue variable="write[year]">
    <value valueType="decimal">63.94002012156644</value>
  </variableValue>
  <variableValue variable="WRKPLC[year]">
    <value valueType="integer">4</value>
  </variableValue>
  <variableValue variable="WRKTYP[year]">
    <value valueType="integer">5</value>
  </variableValue>
  <variableValue variable="ws[year]">
    <value valueType="integer">62</value>
  </variableValue>
  <variableValue variable="YEAROP[year]">
    <value valueType="integer">75</value>
  </variableValue>
  <variableValue variable="YRQUIT[year]">
    <value valueType="integer">32</value>
  </variableValue>
  <variableValue variable="YRRET[year]">
    <value valueType="integer">31</value>
  </variableValue>
  <variableValue variable="YRSMOKE[year]">
    <value valueType="decimal">33.093091617769865</value>
  </variableValue>
</valueSet>