<valueSet valueTable="2008" entityType="Participant" entityIdentifier="10044894">
  <variableValue variable="ADLTED[year]">
    <value valueType="integer">0</value>
  </variableValue>
  <variableValue variable="ADVDIR[year]">
    <value valueType="integer">2</value>
  </variableValue>
  <variableValue variable="age[year]">
    <value valueType="integer">41</value>
  </variableValue>
  <variableValue variable="AGEKID[year]">
    <value valueType="integer">17</value>
  </variableValue>
  <variableValue variable="AGENB[year]">
    <value valueType="integer">2</value>
  </variableValue>
  <variableValue variable="AGEWED[year]">
    <value valueType="integer">16</value>
  </variableValue>
  <variableValue variable="AGFRN[year]">
    <value valueType="integer">2</value>
  </variableValue>
  <variableValue variable="AGREE[year]">
    <value valueType="integer">49</value>
  </variableValue>
  <variableValue variable="ALCOHOL[year]">
    <value valueType="integer">4</value>
  </variableValue>
  <variableValue variable="Apdemp[year]">
    <value valueType="decimal">86.38494369374024</value>
  </variableValue>
  <variableValue variable="ART[year]">
    <value valueType="integer">3</value>
  </variableValue>
  <variableValue variable="BDATE_DY">
    <value valueType="integer">10</value>
  </variableValue>
  <variableValue variable="BDATE_MO">
    <value valueType="integer">40</value>
  </variableValue>
  <variableValue variable="BDATE_YR">
    <value valueType="integer">43</value>
  </variableValue>
  <variableValue variable="BEEF[year]">
    <value valueType="integer">3</value>
  </variableValue>
  <variableValue variable="BEER[year]">
    <value valueType="integer">1</value>
  </variableValue>
  <variableValue variable="BLDLK[year]">
    <value valueType="integer">1</value>
  </variableValue>
  <variableValue variable="BLOODPRE[year]">
    <value valueType="integer">3</value>
  </variableValue>
  <variableValue variable="BOOK[year]">
    <value valueType="integer">2</value>
  </variableValue>
  <variableValue variable="BRUSH[year]">
    <value valueType="integer">64</value>
  </variableValue>
  <variableValue variable="BUTTER[year]">
    <value valueType="integer">2</value>
  </variableValue>
  <variableValue variable="BUYFAT[year]">
    <value valueType="integer">5</value>
  </variableValue>
  <variableValue variable="BUYSALT[year]">
    <value valueType="integer">5</value>
  </variableValue>
  <variableValue variable="CANCHK[year]">
    <value valueType="integer">2</value>
  </variableValue>
  <variableValue variable="cards[year]">
    <value valueType="decimal">23.556010402693172</value>
  </variableValue>
  <variableValue variable="CATARACT[year]">
    <value valueType="integer">1</value>
  </variableValue>
  <variableValue variable="CHKFAT[year]">
    <value valueType="integer">3</value>
  </variableValue>
  <variableValue variable="CHOLES[year]">
    <value valueType="integer">5</value>
  </variableValue>
  <variableValue variable="chur[year]">
    <value valueType="decimal">97.91813414054823</value>
  </variableValue>
  <variableValue variable="CIGARDAY[year]">
    <value valueType="integer">2</value>
  </variableValue>
  <variableValue variable="CIGARS[year]">
    <value valueType="integer">6</value>
  </variableValue>
  <variableValue variable="CIGDAY[year]">
    <value valueType="integer">1</value>
  </variableValue>
  <variableValue variable="CIGS[year]">
    <value valueType="integer">5</value>
  </variableValue>
  <variableValue variable="CLNAIR[year]">
    <value valueType="integer">4</value>
  </variableValue>
  <variableValue variable="COFFEE[year]">
    <value valueType="integer">3</value>
  </variableValue>
  <variableValue variable="CONSCIEN[year]">
    <value valueType="integer">15</value>
  </variableValue>
  <variableValue variable="cook[year]">
    <value valueType="decimal">65.28381457925181</value>
  </variableValue>
  <variableValue variable="COOKBUT[year]">
    <value valueType="integer">2</value>
  </variableValue>
  <variableValue variable="CORS[year]">
    <value valueType="integer">0</value>
  </variableValue>
  <variableValue variable="crafts[year]">
    <value valueType="decimal">93.53047121764834</value>
  </variableValue>
  <variableValue variable="crdp1[year]">
    <value valueType="integer">4</value>
  </variableValue>
  <variableValue variable="crdp2[year]">
    <value valueType="integer">36</value>
  </variableValue>
  <variableValue variable="cult[year]">
    <value valueType="decimal">71.03074895354771</value>
  </variableValue>
  <variableValue variable="dance[year]">
    <value valueType="decimal">65.40640718000311</value>
  </variableValue>
  <variableValue variable="DENTIST[year]">
    <value valueType="integer">1</value>
  </variableValue>
  <variableValue variable="DENTURE[year]">
    <value valueType="integer">1</value>
  </variableValue>
  <variableValue variable="DIABET[year]">
    <value valueType="integer">1</value>
  </variableValue>
  <variableValue variable="DRMAM[year]">
    <value valueType="integer">2</value>
  </variableValue>
  <variableValue variable="DRVISIT[year]">
    <value valueType="integer">84</value>
  </variableValue>
  <variableValue variable="dydrm[year]">
    <value valueType="decimal">81.9700987919499</value>
  </variableValue>
  <variableValue variable="EARCHK[year]">
    <value valueType="integer">0</value>
  </variableValue>
  <variableValue variable="eatout[year]">
    <value valueType="decimal">2.72805416130113</value>
  </variableValue>
  <variableValue variable="EATSALT[year]">
    <value valueType="integer">2</value>
  </variableValue>
  <variableValue variable="edact[year]">
    <value valueType="decimal">77.79598816489252</value>
  </variableValue>
  <variableValue variable="educ">
    <value valueType="integer">52</value>
  </variableValue>
  <variableValue variable="EDUC[year]">
    <value valueType="integer">51</value>
  </variableValue>
  <variableValue variable="EGG[year]">
    <value valueType="integer">3</value>
  </variableValue>
  <variableValue variable="eldcar[year]">
    <value valueType="decimal">11.635251025466875</value>
  </variableValue>
  <variableValue variable="ELDCAR[year]">
    <value valueType="decimal">72.07924780341366</value>
  </variableValue>
  <variableValue variable="ENT1[year]">
    <value valueType="integer">12</value>
  </variableValue>
  <variableValue variable="ENT2[year]">
    <value valueType="integer">3</value>
  </variableValue>
  <variableValue variable="ENT3[year]">
    <value valueType="integer">11</value>
  </variableValue>
  <variableValue variable="eth[year]">
    <value valueType="integer">55</value>
  </variableValue>
  <variableValue variable="EXCERTOT[year]">
    <value valueType="decimal">79.32733242206766</value>
  </variableValue>
  <variableValue variable="EXCERWK[year]">
    <value valueType="integer">69</value>
  </variableValue>
  <variableValue variable="EXTRAVER[year]">
    <value valueType="integer">13</value>
  </variableValue>
  <variableValue variable="EYECHG[year]">
    <value valueType="integer">5</value>
  </variableValue>
  <variableValue variable="EYECHK[year]">
    <value valueType="integer">1</value>
  </variableValue>
  <variableValue variable="EYEGLAS[year]">
    <value valueType="integer">2</value>
  </variableValue>
  <variableValue variable="FAGE[year]">
    <value valueType="integer">16</value>
  </variableValue>
  <variableValue variable="FAITH[year]">
    <value valueType="integer">4</value>
  </variableValue>
  <variableValue variable="FALLS[year]">
    <value valueType="integer">4</value>
  </variableValue>
  <variableValue variable="FCAUSE[year]">
    <value valueType="integer">7</value>
  </variableValue>
  <variableValue variable="FDIE[year]">
    <value valueType="integer">32</value>
  </variableValue>
  <variableValue variable="FIC[year]">
    <value valueType="integer">92</value>
  </variableValue>
  <variableValue variable="fit[year]">
    <value valueType="decimal">24.664366769360768</value>
  </variableValue>
  <variableValue variable="FLIVE[year]">
    <value valueType="integer">2</value>
  </variableValue>
  <variableValue variable="FLOSS[year]">
    <value valueType="integer">6</value>
  </variableValue>
  <variableValue variable="FLUSHOT[year]">
    <value valueType="integer">1</value>
  </variableValue>
  <variableValue variable="fr[year]">
    <value valueType="integer">55</value>
  </variableValue>
  <variableValue variable="fratt[year]">
    <value valueType="integer">7</value>
  </variableValue>
  <variableValue variable="frcr[year]">
    <value valueType="integer">54</value>
  </variableValue>
  <variableValue variable="fromt[year]">
    <value valueType="integer">60</value>
  </variableValue>
  <variableValue variable="frwg[year]">
    <value valueType="integer">99</value>
  </variableValue>
  <variableValue variable="game[year]">
    <value valueType="decimal">42.52858235794006</value>
  </variableValue>
  <variableValue variable="gds[year]1 –  gds[year]30">
    <value valueType="integer">1</value>
  </variableValue>
  <variableValue variable="gdstot[year]">
    <value valueType="integer">61</value>
  </variableValue>
  <variableValue variable="HANDS[year]">
    <value valueType="decimal">68.62011756736116</value>
  </variableValue>
  <variableValue variable="HARDLIQ[year]">
    <value valueType="integer">89</value>
  </variableValue>
  <variableValue variable="HEALTHCH[year]">
    <value valueType="integer">3</value>
  </variableValue>
  <variableValue variable="HEARAID[year]">
    <value valueType="integer">0</value>
  </variableValue>
  <variableValue variable="HEARCHG[year]">
    <value valueType="integer">1</value>
  </variableValue>
  <variableValue variable="HEARSPEC[year]">
    <value valueType="integer">4</value>
  </variableValue>
  <variableValue variable="HEART[year]">
    <value valueType="integer">1</value>
  </variableValue>
  <variableValue variable="HEIGHT[year]">
    <value valueType="integer">97</value>
  </variableValue>
  <variableValue variable="HHEIGHT[year]">
    <value valueType="integer">0</value>
  </variableValue>
  <variableValue variable="HIGHBLOO[year]">
    <value valueType="integer">1</value>
  </variableValue>
  <variableValue variable="HJOBTP[year]">
    <value valueType="integer">6</value>
  </variableValue>
  <variableValue variable="HMKHD[year]">
    <value valueType="decimal">23.860419126462475</value>
  </variableValue>
  <variableValue variable="HMKJB[year]">
    <value valueType="integer">33</value>
  </variableValue>
  <variableValue variable="HMKPE[year]">
    <value valueType="decimal">75.7044610333437</value>
  </variableValue>
  <variableValue variable="HMKPRS[year]">
    <value valueType="integer">3</value>
  </variableValue>
  <variableValue variable="HMKR[year]">
    <value valueType="integer">43</value>
  </variableValue>
  <variableValue variable="HMKRD[year]">
    <value valueType="decimal">94.25675705097764</value>
  </variableValue>
  <variableValue variable="HOSDAYS[year]">
    <value valueType="integer">34</value>
  </variableValue>
  <variableValue variable="HOSVISIT[year]">
    <value valueType="integer">1</value>
  </variableValue>
  <variableValue variable="HWEIGHT[year]">
    <value valueType="integer">71</value>
  </variableValue>
  <variableValue variable="INC[year]">
    <value valueType="integer">6</value>
  </variableValue>
  <variableValue variable="INC84[year]">
    <value valueType="integer">13</value>
  </variableValue>
  <variableValue variable="instr[year]">
    <value valueType="decimal">98.19844012975997</value>
  </variableValue>
  <variableValue variable="ir[year]a1 - ir[year]a20">
    <value valueType="integer">0</value>
  </variableValue>
  <variableValue variable="ir[year]b1 - ir[year]b20">
    <value valueType="integer">1</value>
  </variableValue>
  <variableValue variable="JOBLEN[year]">
    <value valueType="integer">3</value>
  </variableValue>
  <variableValue variable="JOBTYP[year]">
    <value valueType="integer">6</value>
  </variableValue>
  <variableValue variable="kidcar[year]">
    <value valueType="decimal">69.16504174783151</value>
  </variableValue>
  <variableValue variable="LAMB[year]">
    <value valueType="integer">1</value>
  </variableValue>
  <variableValue variable="lettot[year]">
    <value valueType="integer">83</value>
  </variableValue>
  <variableValue variable="LFST84[year]">
    <value valueType="integer">4</value>
  </variableValue>
  <variableValue variable="LIFSAT[year]">
    <value valueType="integer">3</value>
  </variableValue>
  <variableValue variable="LIVESMOK[year]">
    <value valueType="integer">2</value>
  </variableValue>
  <variableValue variable="ls[year]">
    <value valueType="integer">0</value>
  </variableValue>
  <variableValue variable="LSTJOB[year]">
    <value valueType="integer">0</value>
  </variableValue>
  <variableValue variable="LVNGWILL[year]">
    <value valueType="integer">1</value>
  </variableValue>
  <variableValue variable="MAGE[year]">
    <value valueType="integer">42</value>
  </variableValue>
  <variableValue variable="MAM[year]">
    <value valueType="integer">1</value>
  </variableValue>
  <variableValue variable="MAM2YR[year]">
    <value valueType="integer">2</value>
  </variableValue>
  <variableValue variable="MAMAGE[year]">
    <value valueType="integer">30</value>
  </variableValue>
  <variableValue variable="MAMEXAM[year]">
    <value valueType="integer">8</value>
  </variableValue>
  <variableValue variable="MASTECT[year]">
    <value valueType="integer">3</value>
  </variableValue>
  <variableValue variable="MCAUSE[year]">
    <value valueType="integer">10</value>
  </variableValue>
  <variableValue variable="MDIE[year]">
    <value valueType="integer">33</value>
  </variableValue>
  <variableValue variable="MED[year]">
    <value valueType="integer">2</value>
  </variableValue>
  <variableValue variable="MENAGE[year]">
    <value valueType="integer">4</value>
  </variableValue>
  <variableValue variable="MENHIST[year]">
    <value valueType="integer">38</value>
  </variableValue>
  <variableValue variable="MENSIT[year]">
    <value valueType="integer">3</value>
  </variableValue>
  <variableValue variable="MFQ[year]1">
    <value valueType="decimal">31.28809668810273</value>
  </variableValue>
  <variableValue variable="MFQ[year]2A">
    <value valueType="decimal">87.90635491835282</value>
  </variableValue>
  <variableValue variable="MFQ[year]2B">
    <value valueType="decimal">89.40859721317106</value>
  </variableValue>
  <variableValue variable="MFQ[year]2C">
    <value valueType="decimal">79.70417077222439</value>
  </variableValue>
  <variableValue variable="MFQ[year]2D">
    <value valueType="decimal">14.734628354486945</value>
  </variableValue>
  <variableValue variable="MFQ[year]2E">
    <value valueType="decimal">79.00418965042964</value>
  </variableValue>
  <variableValue variable="MFQ[year]3A">
    <value valueType="decimal">12.03979583933542</value>
  </variableValue>
  <variableValue variable="MFQ[year]3B">
    <value valueType="decimal">97.31316627076623</value>
  </variableValue>
  <variableValue variable="MFQ[year]3C">
    <value valueType="decimal">2.7876332587562502</value>
  </variableValue>
  <variableValue variable="MFQ[year]3D">
    <value valueType="decimal">66.53112957222368</value>
  </variableValue>
  <variableValue variable="MFQ[year]3E">
    <value valueType="decimal">82.52630303047745</value>
  </variableValue>
  <variableValue variable="MFQ[year]3F">
    <value valueType="decimal">79.23483470177804</value>
  </variableValue>
  <variableValue variable="MFQ[year]3G">
    <value valueType="decimal">33.128267350681625</value>
  </variableValue>
  <variableValue variable="MFQ[year]3H">
    <value valueType="decimal">75.16804915641278</value>
  </variableValue>
  <variableValue variable="MFQ[year]3I">
    <value valueType="decimal">35.61602439137388</value>
  </variableValue>
  <variableValue variable="MFQ[year]3J">
    <value valueType="decimal">23.98370849407018</value>
  </variableValue>
  <variableValue variable="MFQ[year]3K">
    <value valueType="decimal">3.5982530784849143</value>
  </variableValue>
  <variableValue variable="MFQ[year]3L">
    <value valueType="decimal">19.059985173705606</value>
  </variableValue>
  <variableValue variable="MFQ[year]3M">
    <value valueType="decimal">88.0264478878366</value>
  </variableValue>
  <variableValue variable="MFQ[year]3N">
    <value valueType="decimal">74.88598317170653</value>
  </variableValue>
  <variableValue variable="MFQ[year]3O">
    <value valueType="decimal">4.449547187822677</value>
  </variableValue>
  <variableValue variable="MFQ[year]3P">
    <value valueType="decimal">65.86847070785517</value>
  </variableValue>
  <variableValue variable="MFQ[year]3Q">
    <value valueType="decimal">6.634112273455795</value>
  </variableValue>
  <variableValue variable="MFQ[year]3R">
    <value valueType="decimal">63.79611082655756</value>
  </variableValue>
  <variableValue variable="MFQ[year]4A">
    <value valueType="decimal">91.834754718086</value>
  </variableValue>
  <variableValue variable="MFQ[year]4B">
    <value valueType="decimal">7.522555425239707</value>
  </variableValue>
  <variableValue variable="MFQ[year]4C">
    <value valueType="decimal">28.709626296722178</value>
  </variableValue>
  <variableValue variable="MFQ[year]4D">
    <value valueType="decimal">56.1669587407332</value>
  </variableValue>
  <variableValue variable="MFQ[year]4E">
    <value valueType="decimal">68.50820630563987</value>
  </variableValue>
  <variableValue variable="MFQ[year]5A">
    <value valueType="decimal">47.31514154676366</value>
  </variableValue>
  <variableValue variable="MFQ[year]5B">
    <value valueType="decimal">42.40440463049286</value>
  </variableValue>
  <variableValue variable="MFQ[year]5C">
    <value valueType="decimal">66.93456200961474</value>
  </variableValue>
  <variableValue variable="MFQ[year]5D">
    <value valueType="decimal">85.46140674675175</value>
  </variableValue>
  <variableValue variable="MFQ[year]5E">
    <value valueType="decimal">77.15139206506838</value>
  </variableValue>
  <variableValue variable="MFQ[year]6A">
    <value valueType="decimal">22.511680988377925</value>
  </variableValue>
  <variableValue variable="MFQ[year]6B">
    <value valueType="decimal">82.40121507603206</value>
  </variableValue>
  <variableValue variable="MFQ[year]6C">
    <value valueType="decimal">29.09556581793288</value>
  </variableValue>
  <variableValue variable="MFQ[year]6D">
    <value valueType="decimal">11.041139036537084</value>
  </variableValue>
  <variableValue variable="MFQ[year]7A">
    <value valueType="decimal">56.46583374180766</value>
  </variableValue>
  <variableValue variable="MFQ[year]7B">
    <value valueType="decimal">67.14825012996421</value>
  </variableValue>
  <variableValue variable="MFQ[year]7C">
    <value valueType="decimal">12.537706954681605</value>
  </variableValue>
  <variableValue variable="MFQ[year]7D">
    <value valueType="decimal">61.33734137801265</value>
  </variableValue>
  <variableValue variable="MFQ[year]7E">
    <value valueType="decimal">88.61036567790441</value>
  </variableValue>
  <variableValue variable="MFQ[year]7F">
    <value valueType="decimal">56.98254599200432</value>
  </variableValue>
  <variableValue variable="MFQ[year]7G">
    <value valueType="decimal">46.835904309258694</value>
  </variableValue>
  <variableValue variable="MFQ[year]7H">
    <value valueType="decimal">92.75786401425027</value>
  </variableValue>
  <variableValue variable="MFQ[year]7I">
    <value valueType="decimal">56.95638093015977</value>
  </variableValue>
  <variableValue variable="MFQ[year]7J">
    <value valueType="decimal">39.01845335134231</value>
  </variableValue>
  <variableValue variable="MFQ[year]7K">
    <value valueType="decimal">28.02297707152893</value>
  </variableValue>
  <variableValue variable="MFQ[year]7L">
    <value valueType="decimal">65.88791715392694</value>
  </variableValue>
  <variableValue variable="MFQ[year]7M">
    <value valueType="decimal">95.96975286436862</value>
  </variableValue>
  <variableValue variable="MFQ[year]7N">
    <value valueType="decimal">98.21945428354924</value>
  </variableValue>
  <variableValue variable="MFQ[year]7O">
    <value valueType="decimal">39.416944110877616</value>
  </variableValue>
  <variableValue variable="MFQ[year]7P">
    <value valueType="decimal">86.64575162646429</value>
  </variableValue>
  <variableValue variable="MFQ[year]7Q">
    <value valueType="decimal">31.366585427552007</value>
  </variableValue>
  <variableValue variable="MFQ[year]7R">
    <value valueType="decimal">66.07158523696323</value>
  </variableValue>
  <variableValue variable="MFQ[year]8A">
    <value valueType="decimal">35.03043333004232</value>
  </variableValue>
  <variableValue variable="MFQ[year]8B">
    <value valueType="decimal">11.10426466868658</value>
  </variableValue>
  <variableValue variable="MFQ[year]8C">
    <value valueType="decimal">98.46301183573811</value>
  </variableValue>
  <variableValue variable="MFQ[year]8D">
    <value valueType="decimal">41.53326284492628</value>
  </variableValue>
  <variableValue variable="MFQ[year]8E">
    <value valueType="decimal">39.5901380203561</value>
  </variableValue>
  <variableValue variable="MFQ[year]8F">
    <value valueType="decimal">16.096401348340716</value>
  </variableValue>
  <variableValue variable="MFQ[year]8G">
    <value valueType="decimal">74.31673970898683</value>
  </variableValue>
  <variableValue variable="MFQ[year]8H">
    <value valueType="decimal">67.00380404565374</value>
  </variableValue>
  <variableValue variable="MFQ1[year]">
    <value valueType="integer">43</value>
  </variableValue>
  <variableValue variable="mfq1[year]">
    <value valueType="decimal">75.4002382634932</value>
  </variableValue>
  <variableValue variable="MFQ2[year]">
    <value valueType="integer">43</value>
  </variableValue>
  <variableValue variable="mfq2[year]">
    <value valueType="decimal">25.7141764595068</value>
  </variableValue>
  <variableValue variable="MFQ3[year]">
    <value valueType="integer">77</value>
  </variableValue>
  <variableValue variable="mfq3[year]">
    <value valueType="decimal">32.58956799404833</value>
  </variableValue>
  <variableValue variable="MFQ4[year]">
    <value valueType="integer">25</value>
  </variableValue>
  <variableValue variable="mfq4[year]">
    <value valueType="decimal">76.92175335720583</value>
  </variableValue>
  <variableValue variable="MLIVE[year]">
    <value valueType="integer">2</value>
  </variableValue>
  <variableValue variable="MOMWK[year]">
    <value valueType="integer">0</value>
  </variableValue>
  <variableValue variable="movie[year]">
    <value valueType="decimal">39.99839031624576</value>
  </variableValue>
  <variableValue variable="MSTA84[year]">
    <value valueType="integer">3</value>
  </variableValue>
  <variableValue variable="MSTAT[year]">
    <value valueType="integer">3</value>
  </variableValue>
  <variableValue variable="NBKS[year]">
    <value valueType="integer">83</value>
  </variableValue>
  <variableValue variable="NCONF[year]">
    <value valueType="integer">71</value>
  </variableValue>
  <variableValue variable="NEEDCATA[year]">
    <value valueType="integer">1</value>
  </variableValue>
  <variableValue variable="NEMP[year]">
    <value valueType="integer">44</value>
  </variableValue>
  <variableValue variable="NEUROTIC[year]">
    <value valueType="integer">44</value>
  </variableValue>
  <variableValue variable="NEWPRNT[year]">
    <value valueType="integer">2</value>
  </variableValue>
  <variableValue variable="nfr[year]">
    <value valueType="integer">87</value>
  </variableValue>
  <variableValue variable="NFRN[year]">
    <value valueType="integer">43</value>
  </variableValue>
  <variableValue variable="NGRNKD[year]">
    <value valueType="integer">81</value>
  </variableValue>
  <variableValue variable="NJOB[year]">
    <value valueType="integer">67</value>
  </variableValue>
  <variableValue variable="NKDHM[year]">
    <value valueType="integer">83</value>
  </variableValue>
  <variableValue variable="NKIDS[year]">
    <value valueType="integer">86</value>
  </variableValue>
  <variableValue variable="NMAG[year]">
    <value valueType="integer">46</value>
  </variableValue>
  <variableValue variable="NMOV[year]">
    <value valueType="integer">57</value>
  </variableValue>
  <variableValue variable="NMTG[year]">
    <value valueType="integer">44</value>
  </variableValue>
  <variableValue variable="NNEIG[year]">
    <value valueType="integer">2</value>
  </variableValue>
  <variableValue variable="NOBR[year]">
    <value valueType="integer">6</value>
  </variableValue>
  <variableValue variable="NOISE[year]">
    <value valueType="integer">2</value>
  </variableValue>
  <variableValue variable="NONFIC[year]">
    <value valueType="integer">73</value>
  </variableValue>
  <variableValue variable="nor[year]">
    <value valueType="integer">100</value>
  </variableValue>
  <variableValue variable="norcr[year]">
    <value valueType="integer">35</value>
  </variableValue>
  <variableValue variable="NOSIS[year]">
    <value valueType="integer">54</value>
  </variableValue>
  <variableValue variable="NOWRK[year]">
    <value valueType="integer">8</value>
  </variableValue>
  <variableValue variable="NRMS[year]">
    <value valueType="integer">100</value>
  </variableValue>
  <variableValue variable="nsp08">
    <value valueType="integer">35</value>
  </variableValue>
  <variableValue variable="NSTATE[year]">
    <value valueType="integer">64</value>
  </variableValue>
  <variableValue variable="NTRAD[year]">
    <value valueType="integer">65</value>
  </variableValue>
  <variableValue variable="NTRIPS[year]">
    <value valueType="integer">64</value>
  </variableValue>
  <variableValue variable="numtot[year]">
    <value valueType="integer">30</value>
  </variableValue>
  <variableValue variable="NVISIT[year]">
    <value valueType="integer">3</value>
  </variableValue>
  <variableValue variable="NWED[year]">
    <value valueType="integer">50</value>
  </variableValue>
  <variableValue variable="NYBR[year]">
    <value valueType="integer">2</value>
  </variableValue>
  <variableValue variable="NYSIS[year]">
    <value valueType="integer">69</value>
  </variableValue>
  <variableValue variable="OBGYN[year]">
    <value valueType="integer">4</value>
  </variableValue>
  <variableValue variable="OCC[year]">
    <value valueType="integer">6</value>
  </variableValue>
  <variableValue variable="OCC84[year]">
    <value valueType="integer">2</value>
  </variableValue>
  <variableValue variable="OPEN[year]">
    <value valueType="integer">34</value>
  </variableValue>
  <variableValue variable="or[year]">
    <value valueType="integer">97</value>
  </variableValue>
  <variableValue variable="oratt[year]">
    <value valueType="integer">23</value>
  </variableValue>
  <variableValue variable="ORGAN[year]">
    <value valueType="integer">3</value>
  </variableValue>
  <variableValue variable="oromt[year]">
    <value valueType="integer">81</value>
  </variableValue>
  <variableValue variable="orwg[year]">
    <value valueType="integer">25</value>
  </variableValue>
  <variableValue variable="OTJ[year]">
    <value valueType="integer">1</value>
  </variableValue>
  <variableValue variable="outhob[year]">
    <value valueType="decimal">31.9861492699123</value>
  </variableValue>
  <variableValue variable="OWNHM[year]">
    <value valueType="integer">0</value>
  </variableValue>
  <variableValue variable="PAINREL[year]">
    <value valueType="integer">2</value>
  </variableValue>
  <variableValue variable="PAP[year]">
    <value valueType="integer">2</value>
  </variableValue>
  <variableValue variable="party[year]">
    <value valueType="decimal">61.78996744349001</value>
  </variableValue>
  <variableValue variable="pase1">
    <value valueType="integer">0</value>
  </variableValue>
  <variableValue variable="pase10">
    <value valueType="integer">1</value>
  </variableValue>
  <variableValue variable="pase10a">
    <value valueType="decimal">71.87544806436185</value>
  </variableValue>
  <variableValue variable="pase10b">
    <value valueType="integer">4</value>
  </variableValue>
  <variableValue variable="pase1b">
    <value valueType="integer">3</value>
  </variableValue>
  <variableValue variable="pase2">
    <value valueType="integer">2</value>
  </variableValue>
  <variableValue variable="pase2a">
    <value valueType="integer">3</value>
  </variableValue>
  <variableValue variable="pase3">
    <value valueType="integer">3</value>
  </variableValue>
  <variableValue variable="pase3b">
    <value valueType="integer">3</value>
  </variableValue>
  <variableValue variable="pase4">
    <value valueType="integer">3</value>
  </variableValue>
  <variableValue variable="pase4b">
    <value valueType="integer">3</value>
  </variableValue>
  <variableValue variable="pase5">
    <value valueType="integer">3</value>
  </variableValue>
  <variableValue variable="pase5b">
    <value valueType="integer">4</value>
  </variableValue>
  <variableValue variable="pase6">
    <value valueType="integer">3</value>
  </variableValue>
  <variableValue variable="pase6b">
    <value valueType="integer">1</value>
  </variableValue>
  <variableValue variable="pase7">
    <value valueType="integer">0</value>
  </variableValue>
  <variableValue variable="pase8">
    <value valueType="integer">0</value>
  </variableValue>
  <variableValue variable="pase9a - pase9d">
    <value valueType="integer">1</value>
  </variableValue>
  <variableValue variable="pattot[year]">
    <value valueType="integer">39</value>
  </variableValue>
  <variableValue variable="PDEMP[year]">
    <value valueType="integer">1</value>
  </variableValue>
  <variableValue variable="PEOP[year]">
    <value valueType="decimal">39.91262460677111</value>
  </variableValue>
  <variableValue variable="pets[year]">
    <value valueType="decimal">87.70385490381278</value>
  </variableValue>
  <variableValue variable="phone[year]">
    <value valueType="decimal">6.717958004812219</value>
  </variableValue>
  <variableValue variable="picnic[year]">
    <value valueType="decimal">98.4731296427739</value>
  </variableValue>
  <variableValue variable="PIPEDAY[year]">
    <value valueType="integer">5</value>
  </variableValue>
  <variableValue variable="PIPES[year]">
    <value valueType="integer">6</value>
  </variableValue>
  <variableValue variable="pirr1[year]">
    <value valueType="integer">66</value>
  </variableValue>
  <variableValue variable="pirr2[year]">
    <value valueType="integer">87</value>
  </variableValue>
  <variableValue variable="PORK[year]">
    <value valueType="integer">2</value>
  </variableValue>
  <variableValue variable="ppr1[year]">
    <value valueType="integer">29</value>
  </variableValue>
  <variableValue variable="ppr2[year]">
    <value valueType="integer">36</value>
  </variableValue>
  <variableValue variable="ppr3[year]">
    <value valueType="integer">22</value>
  </variableValue>
  <variableValue variable="pray[year]">
    <value valueType="decimal">1.028165041427609</value>
  </variableValue>
  <variableValue variable="PRESR[year]">
    <value valueType="integer">3</value>
  </variableValue>
  <variableValue variable="PRO2YR[year]">
    <value valueType="integer">2</value>
  </variableValue>
  <variableValue variable="PROAGE[year]">
    <value valueType="integer">38</value>
  </variableValue>
  <variableValue variable="PROENLAR[year]">
    <value valueType="integer">1</value>
  </variableValue>
  <variableValue variable="PROEXAM[year]">
    <value valueType="integer">100</value>
  </variableValue>
  <variableValue variable="PROS[year]">
    <value valueType="integer">2</value>
  </variableValue>
  <variableValue variable="PROSUC[year]">
    <value valueType="integer">3</value>
  </variableValue>
  <variableValue variable="PRSC84[year]">
    <value valueType="integer">4</value>
  </variableValue>
  <variableValue variable="radio[year]">
    <value valueType="decimal">35.80976425954054</value>
  </variableValue>
  <variableValue variable="RDPAPR[year]">
    <value valueType="integer">1</value>
  </variableValue>
  <variableValue variable="RDWRIT[year]">
    <value valueType="decimal">98.69438497865774</value>
  </variableValue>
  <variableValue variable="read[year]">
    <value valueType="decimal">38.74068484012233</value>
  </variableValue>
  <variableValue variable="REGULAR[year]">
    <value valueType="integer">1</value>
  </variableValue>
  <variableValue variable="REMAR[year]">
    <value valueType="integer">47</value>
  </variableValue>
  <variableValue variable="rv[year]">
    <value valueType="integer">96</value>
  </variableValue>
  <variableValue variable="SAFE[year]">
    <value valueType="integer">0</value>
  </variableValue>
  <variableValue variable="SBHWY[year]">
    <value valueType="integer">2</value>
  </variableValue>
  <variableValue variable="SBTOWN[year]">
    <value valueType="integer">5</value>
  </variableValue>
  <variableValue variable="SELFBLOO[year]">
    <value valueType="integer">4</value>
  </variableValue>
  <variableValue variable="selfim[year]">
    <value valueType="decimal">76.48663544186135</value>
  </variableValue>
  <variableValue variable="SELFMAM[year]">
    <value valueType="integer">1</value>
  </variableValue>
  <variableValue variable="sex">
    <value valueType="integer">1</value>
  </variableValue>
  <variableValue variable="shop[year]">
    <value valueType="decimal">36.82195058336093</value>
  </variableValue>
  <variableValue variable="SIBS[year]">
    <value valueType="integer">72</value>
  </variableValue>
  <variableValue variable="SLEEP[year]">
    <value valueType="integer">5</value>
  </variableValue>
  <variableValue variable="smdvh[year]">
    <value valueType="integer">16</value>
  </variableValue>
  <variableValue variable="smdvl[year]">
    <value valueType="integer">58</value>
  </variableValue>
  <variableValue variable="SMK[year]">
    <value valueType="integer">0</value>
  </variableValue>
  <variableValue variable="SMOKE[year]">
    <value valueType="integer">2</value>
  </variableValue>
  <variableValue variable="SMOKEPAS[year]">
    <value valueType="decimal">1.198073231892549</value>
  </variableValue>
  <variableValue variable="SODA[year]">
    <value valueType="integer">2</value>
  </variableValue>
  <variableValue variable="SODIUM[year]">
    <value valueType="integer">1</value>
  </variableValue>
  <variableValue variable="SPBRN[year]">
    <value valueType="integer">55</value>
  </variableValue>
  <variableValue variable="spec[year]">
    <value valueType="decimal">22.25701860463086</value>
  </variableValue>
  <variableValue variable="SPEED[year]">
    <value valueType="integer">3</value>
  </variableValue>
  <variableValue variable="SPOCC[year]">
    <value valueType="integer">0</value>
  </variableValue>
  <variableValue variable="sport[year]">
    <value valueType="decimal">97.10075985223911</value>
  </variableValue>
  <variableValue variable="SPRVIS[year]">
    <value valueType="integer">1</value>
  </variableValue>
  <variableValue variable="SREYE[year]">
    <value valueType="integer">6</value>
  </variableValue>
  <variableValue variable="srh[year]">
    <value valueType="integer">4</value>
  </variableValue>
  <variableValue variable="SRHEALTH">
    <value valueType="integer">2</value>
  </variableValue>
  <variableValue variable="SRHEAR[year]">
    <value valueType="integer">3</value>
  </variableValue>
  <variableValue variable="sstot[year]">
    <value valueType="integer">81</value>
  </variableValue>
  <variableValue variable="STAIRS[year]">
    <value valueType="integer">5</value>
  </variableValue>
  <variableValue variable="TEA[year]">
    <value valueType="integer">5</value>
  </variableValue>
  <variableValue variable="TRAF[year]">
    <value valueType="integer">1</value>
  </variableValue>
  <variableValue variable="travel[year]">
    <value valueType="decimal">81.40672844580848</value>
  </variableValue>
  <variableValue variable="TREES[year]">
    <value valueType="integer">4</value>
  </variableValue>
  <variableValue variable="TRYSTOP[year]">
    <value valueType="integer">2</value>
  </variableValue>
  <variableValue variable="tv[year]">
    <value valueType="decimal">39.15266761964625</value>
  </variableValue>
  <variableValue variable="TYPBLD[year]">
    <value valueType="integer">4</value>
  </variableValue>
  <variableValue variable="UNIVEX[year]">
    <value valueType="integer">1</value>
  </variableValue>
  <variableValue variable="VEAL[year]">
    <value valueType="integer">5</value>
  </variableValue>
  <variableValue variable="vis[year]">
    <value valueType="decimal">76.02001856240013</value>
  </variableValue>
  <variableValue variable="vocab1[year]">
    <value valueType="integer">40</value>
  </variableValue>
  <variableValue variable="vocab2[year]">
    <value valueType="integer">71</value>
  </variableValue>
  <variableValue variable="VOCAT[year]">
    <value valueType="integer">0</value>
  </variableValue>
  <variableValue variable="vol[year]">
    <value valueType="decimal">60.114674138852784</value>
  </variableValue>
  <variableValue variable="walk[year]">
    <value valueType="decimal">42.852815815826375</value>
  </variableValue>
  <variableValue variable="WALK[year]">
    <value valueType="integer">2</value>
  </variableValue>
  <variableValue variable="wdflu[year]">
    <value valueType="integer">76</value>
  </variableValue>
  <variableValue variable="WEIGHT[year]">
    <value valueType="integer">40</value>
  </variableValue>
  <variableValue variable="WELL[year]">
    <value valueType="integer">1</value>
  </variableValue>
  <variableValue variable="WINE[year]">
    <value valueType="integer">73</value>
  </variableValue>
  <variableValue variable="write[year]">
    <value valueType="decimal">96.6978022951684</value>
  </variableValue>
  <variableValue variable="WRKPLC[year]">
    <value valueType="integer">2</value>
  </variableValue>
  <variableValue variable="WRKTYP[year]">
    <value valueType="integer">3</value>
  </variableValue>
  <variableValue variable="ws[year]">
    <value valueType="integer">93</value>
  </variableValue>
  <variableValue variable="YEAROP[year]">
    <value valueType="integer">11</value>
  </variableValue>
  <variableValue variable="YRQUIT[year]">
    <value valueType="integer">95</value>
  </variableValue>
  <variableValue variable="YRRET[year]">
    <value valueType="integer">91</value>
  </variableValue>
  <variableValue variable="YRSMOKE[year]">
    <value valueType="decimal">38.14773270328048</value>
  </variableValue>
</valueSet>