<valueSet valueTable="2008" entityType="Participant" entityIdentifier="14975170">
  <variableValue variable="ADLTED[year]">
    <value valueType="integer">1</value>
  </variableValue>
  <variableValue variable="ADVDIR[year]">
    <value valueType="integer">1</value>
  </variableValue>
  <variableValue variable="age[year]">
    <value valueType="integer">23</value>
  </variableValue>
  <variableValue variable="AGEKID[year]">
    <value valueType="integer">25</value>
  </variableValue>
  <variableValue variable="AGENB[year]">
    <value valueType="integer">6</value>
  </variableValue>
  <variableValue variable="AGEWED[year]">
    <value valueType="integer">76</value>
  </variableValue>
  <variableValue variable="AGFRN[year]">
    <value valueType="integer">4</value>
  </variableValue>
  <variableValue variable="AGREE[year]">
    <value valueType="integer">13</value>
  </variableValue>
  <variableValue variable="ALCOHOL[year]">
    <value valueType="integer">6</value>
  </variableValue>
  <variableValue variable="Apdemp[year]">
    <value valueType="decimal">19.731020132070697</value>
  </variableValue>
  <variableValue variable="ART[year]">
    <value valueType="integer">2</value>
  </variableValue>
  <variableValue variable="BDATE_DY">
    <value valueType="integer">62</value>
  </variableValue>
  <variableValue variable="BDATE_MO">
    <value valueType="integer">15</value>
  </variableValue>
  <variableValue variable="BDATE_YR">
    <value valueType="integer">94</value>
  </variableValue>
  <variableValue variable="BEEF[year]">
    <value valueType="integer">5</value>
  </variableValue>
  <variableValue variable="BEER[year]">
    <value valueType="integer">62</value>
  </variableValue>
  <variableValue variable="BLDLK[year]">
    <value valueType="integer">3</value>
  </variableValue>
  <variableValue variable="BLOODPRE[year]">
    <value valueType="integer">5</value>
  </variableValue>
  <variableValue variable="BOOK[year]">
    <value valueType="integer">1</value>
  </variableValue>
  <variableValue variable="BRUSH[year]">
    <value valueType="integer">75</value>
  </variableValue>
  <variableValue variable="BUTTER[year]">
    <value valueType="integer">2</value>
  </variableValue>
  <variableValue variable="BUYFAT[year]">
    <value valueType="integer">1</value>
  </variableValue>
  <variableValue variable="BUYSALT[year]">
    <value valueType="integer">5</value>
  </variableValue>
  <variableValue variable="CANCHK[year]">
    <value valueType="integer">1</value>
  </variableValue>
  <variableValue variable="cards[year]">
    <value valueType="decimal">67.29523658044971</value>
  </variableValue>
  <variableValue variable="CATARACT[year]">
    <value valueType="integer">1</value>
  </variableValue>
  <variableValue variable="CHKFAT[year]">
    <value valueType="integer">2</value>
  </variableValue>
  <variableValue variable="CHOLES[year]">
    <value valueType="integer">4</value>
  </variableValue>
  <variableValue variable="chur[year]">
    <value valueType="decimal">33.99316859143444</value>
  </variableValue>
  <variableValue variable="CIGARDAY[year]">
    <value valueType="integer">4</value>
  </variableValue>
  <variableValue variable="CIGARS[year]">
    <value valueType="integer">3</value>
  </variableValue>
  <variableValue variable="CIGDAY[year]">
    <value valueType="integer">3</value>
  </variableValue>
  <variableValue variable="CIGS[year]">
    <value valueType="integer">3</value>
  </variableValue>
  <variableValue variable="CLNAIR[year]">
    <value valueType="integer">5</value>
  </variableValue>
  <variableValue variable="COFFEE[year]">
    <value valueType="integer">6</value>
  </variableValue>
  <variableValue variable="CONSCIEN[year]">
    <value valueType="integer">34</value>
  </variableValue>
  <variableValue variable="cook[year]">
    <value valueType="decimal">38.85130584384503</value>
  </variableValue>
  <variableValue variable="COOKBUT[year]">
    <value valueType="integer">4</value>
  </variableValue>
  <variableValue variable="CORS[year]">
    <value valueType="integer">0</value>
  </variableValue>
  <variableValue variable="crafts[year]">
    <value valueType="decimal">93.12001170378014</value>
  </variableValue>
  <variableValue variable="crdp1[year]">
    <value valueType="integer">40</value>
  </variableValue>
  <variableValue variable="crdp2[year]">
    <value valueType="integer">59</value>
  </variableValue>
  <variableValue variable="cult[year]">
    <value valueType="decimal">28.1475170122355</value>
  </variableValue>
  <variableValue variable="dance[year]">
    <value valueType="decimal">22.25456427724759</value>
  </variableValue>
  <variableValue variable="DENTIST[year]">
    <value valueType="integer">1</value>
  </variableValue>
  <variableValue variable="DENTURE[year]">
    <value valueType="integer">2</value>
  </variableValue>
  <variableValue variable="DIABET[year]">
    <value valueType="integer">2</value>
  </variableValue>
  <variableValue variable="DRMAM[year]">
    <value valueType="integer">4</value>
  </variableValue>
  <variableValue variable="DRVISIT[year]">
    <value valueType="integer">5</value>
  </variableValue>
  <variableValue variable="dydrm[year]">
    <value valueType="decimal">12.727461240712978</value>
  </variableValue>
  <variableValue variable="EARCHK[year]">
    <value valueType="integer">1</value>
  </variableValue>
  <variableValue variable="eatout[year]">
    <value valueType="decimal">52.40717472841755</value>
  </variableValue>
  <variableValue variable="EATSALT[year]">
    <value valueType="integer">3</value>
  </variableValue>
  <variableValue variable="edact[year]">
    <value valueType="decimal">8.888222899740416</value>
  </variableValue>
  <variableValue variable="educ">
    <value valueType="integer">37</value>
  </variableValue>
  <variableValue variable="EDUC[year]">
    <value valueType="integer">16</value>
  </variableValue>
  <variableValue variable="EGG[year]">
    <value valueType="integer">4</value>
  </variableValue>
  <variableValue variable="eldcar[year]">
    <value valueType="decimal">80.57427514666418</value>
  </variableValue>
  <variableValue variable="ELDCAR[year]">
    <value valueType="decimal">96.93115319006111</value>
  </variableValue>
  <variableValue variable="ENT1[year]">
    <value valueType="integer">2</value>
  </variableValue>
  <variableValue variable="ENT2[year]">
    <value valueType="integer">13</value>
  </variableValue>
  <variableValue variable="ENT3[year]">
    <value valueType="integer">14</value>
  </variableValue>
  <variableValue variable="eth[year]">
    <value valueType="integer">48</value>
  </variableValue>
  <variableValue variable="EXCERTOT[year]">
    <value valueType="decimal">99.10449801706814</value>
  </variableValue>
  <variableValue variable="EXCERWK[year]">
    <value valueType="integer">78</value>
  </variableValue>
  <variableValue variable="EXTRAVER[year]">
    <value valueType="integer">51</value>
  </variableValue>
  <variableValue variable="EYECHG[year]">
    <value valueType="integer">5</value>
  </variableValue>
  <variableValue variable="EYECHK[year]">
    <value valueType="integer">0</value>
  </variableValue>
  <variableValue variable="EYEGLAS[year]">
    <value valueType="integer">3</value>
  </variableValue>
  <variableValue variable="FAGE[year]">
    <value valueType="integer">3</value>
  </variableValue>
  <variableValue variable="FAITH[year]">
    <value valueType="integer">1</value>
  </variableValue>
  <variableValue variable="FALLS[year]">
    <value valueType="integer">3</value>
  </variableValue>
  <variableValue variable="FCAUSE[year]">
    <value valueType="integer">12</value>
  </variableValue>
  <variableValue variable="FDIE[year]">
    <value valueType="integer">31</value>
  </variableValue>
  <variableValue variable="FIC[year]">
    <value valueType="integer">1</value>
  </variableValue>
  <variableValue variable="fit[year]">
    <value valueType="decimal">49.844637834049536</value>
  </variableValue>
  <variableValue variable="FLIVE[year]">
    <value valueType="integer">3</value>
  </variableValue>
  <variableValue variable="FLOSS[year]">
    <value valueType="integer">5</value>
  </variableValue>
  <variableValue variable="FLUSHOT[year]">
    <value valueType="integer">3</value>
  </variableValue>
  <variableValue variable="fr[year]">
    <value valueType="integer">27</value>
  </variableValue>
  <variableValue variable="fratt[year]">
    <value valueType="integer">71</value>
  </variableValue>
  <variableValue variable="frcr[year]">
    <value valueType="integer">44</value>
  </variableValue>
  <variableValue variable="fromt[year]">
    <value valueType="integer">41</value>
  </variableValue>
  <variableValue variable="frwg[year]">
    <value valueType="integer">23</value>
  </variableValue>
  <variableValue variable="game[year]">
    <value valueType="decimal">38.935726418303304</value>
  </variableValue>
  <variableValue variable="gds[year]1 –  gds[year]30">
    <value valueType="integer">1</value>
  </variableValue>
  <variableValue variable="gdstot[year]">
    <value valueType="integer">9</value>
  </variableValue>
  <variableValue variable="HANDS[year]">
    <value valueType="decimal">79.76892761600783</value>
  </variableValue>
  <variableValue variable="HARDLIQ[year]">
    <value valueType="integer">3</value>
  </variableValue>
  <variableValue variable="HEALTHCH[year]">
    <value valueType="integer">4</value>
  </variableValue>
  <variableValue variable="HEARAID[year]">
    <value valueType="integer">1</value>
  </variableValue>
  <variableValue variable="HEARCHG[year]">
    <value valueType="integer">5</value>
  </variableValue>
  <variableValue variable="HEARSPEC[year]">
    <value valueType="integer">3</value>
  </variableValue>
  <variableValue variable="HEART[year]">
    <value valueType="integer">1</value>
  </variableValue>
  <variableValue variable="HEIGHT[year]">
    <value valueType="integer">63</value>
  </variableValue>
  <variableValue variable="HHEIGHT[year]">
    <value valueType="integer">0</value>
  </variableValue>
  <variableValue variable="HIGHBLOO[year]">
    <value valueType="integer">1</value>
  </variableValue>
  <variableValue variable="HJOBTP[year]">
    <value valueType="integer">7</value>
  </variableValue>
  <variableValue variable="HMKHD[year]">
    <value valueType="decimal">11.397967449901202</value>
  </variableValue>
  <variableValue variable="HMKJB[year]">
    <value valueType="integer">15</value>
  </variableValue>
  <variableValue variable="HMKPE[year]">
    <value valueType="decimal">52.100577885043606</value>
  </variableValue>
  <variableValue variable="HMKPRS[year]">
    <value valueType="integer">1</value>
  </variableValue>
  <variableValue variable="HMKR[year]">
    <value valueType="integer">63</value>
  </variableValue>
  <variableValue variable="HMKRD[year]">
    <value valueType="decimal">96.77866913743064</value>
  </variableValue>
  <variableValue variable="HOSDAYS[year]">
    <value valueType="integer">85</value>
  </variableValue>
  <variableValue variable="HOSVISIT[year]">
    <value valueType="integer">1</value>
  </variableValue>
  <variableValue variable="HWEIGHT[year]">
    <value valueType="integer">23</value>
  </variableValue>
  <variableValue variable="INC[year]">
    <value valueType="integer">12</value>
  </variableValue>
  <variableValue variable="INC84[year]">
    <value valueType="integer">3</value>
  </variableValue>
  <variableValue variable="instr[year]">
    <value valueType="decimal">95.39747094518826</value>
  </variableValue>
  <variableValue variable="ir[year]a1 - ir[year]a20">
    <value valueType="integer">1</value>
  </variableValue>
  <variableValue variable="ir[year]b1 - ir[year]b20">
    <value valueType="integer">1</value>
  </variableValue>
  <variableValue variable="JOBLEN[year]">
    <value valueType="integer">3</value>
  </variableValue>
  <variableValue variable="JOBTYP[year]">
    <value valueType="integer">9</value>
  </variableValue>
  <variableValue variable="kidcar[year]">
    <value valueType="decimal">53.75838129776073</value>
  </variableValue>
  <variableValue variable="LAMB[year]">
    <value valueType="integer">4</value>
  </variableValue>
  <variableValue variable="lettot[year]">
    <value valueType="integer">44</value>
  </variableValue>
  <variableValue variable="LFST84[year]">
    <value valueType="integer">5</value>
  </variableValue>
  <variableValue variable="LIFSAT[year]">
    <value valueType="integer">1</value>
  </variableValue>
  <variableValue variable="LIVESMOK[year]">
    <value valueType="integer">3</value>
  </variableValue>
  <variableValue variable="ls[year]">
    <value valueType="integer">84</value>
  </variableValue>
  <variableValue variable="LSTJOB[year]">
    <value valueType="integer">3</value>
  </variableValue>
  <variableValue variable="LVNGWILL[year]">
    <value valueType="integer">2</value>
  </variableValue>
  <variableValue variable="MAGE[year]">
    <value valueType="integer">65</value>
  </variableValue>
  <variableValue variable="MAM[year]">
    <value valueType="integer">1</value>
  </variableValue>
  <variableValue variable="MAM2YR[year]">
    <value valueType="integer">2</value>
  </variableValue>
  <variableValue variable="MAMAGE[year]">
    <value valueType="integer">38</value>
  </variableValue>
  <variableValue variable="MAMEXAM[year]">
    <value valueType="integer">96</value>
  </variableValue>
  <variableValue variable="MASTECT[year]">
    <value valueType="integer">3</value>
  </variableValue>
  <variableValue variable="MCAUSE[year]">
    <value valueType="integer">3</value>
  </variableValue>
  <variableValue variable="MDIE[year]">
    <value valueType="integer">58</value>
  </variableValue>
  <variableValue variable="MED[year]">
    <value valueType="integer">4</value>
  </variableValue>
  <variableValue variable="MENAGE[year]">
    <value valueType="integer">9</value>
  </variableValue>
  <variableValue variable="MENHIST[year]">
    <value valueType="integer">75</value>
  </variableValue>
  <variableValue variable="MENSIT[year]">
    <value valueType="integer">7</value>
  </variableValue>
  <variableValue variable="MFQ[year]1">
    <value valueType="decimal">11.567077393149173</value>
  </variableValue>
  <variableValue variable="MFQ[year]2A">
    <value valueType="decimal">88.33995563216067</value>
  </variableValue>
  <variableValue variable="MFQ[year]2B">
    <value valueType="decimal">87.80681117662351</value>
  </variableValue>
  <variableValue variable="MFQ[year]2C">
    <value valueType="decimal">26.906406552288352</value>
  </variableValue>
  <variableValue variable="MFQ[year]2D">
    <value valueType="decimal">13.140966957897437</value>
  </variableValue>
  <variableValue variable="MFQ[year]2E">
    <value valueType="decimal">11.268491752788867</value>
  </variableValue>
  <variableValue variable="MFQ[year]3A">
    <value valueType="decimal">92.17861922748739</value>
  </variableValue>
  <variableValue variable="MFQ[year]3B">
    <value valueType="decimal">26.87472299117466</value>
  </variableValue>
  <variableValue variable="MFQ[year]3C">
    <value valueType="decimal">85.94065318147979</value>
  </variableValue>
  <variableValue variable="MFQ[year]3D">
    <value valueType="decimal">58.8918900753958</value>
  </variableValue>
  <variableValue variable="MFQ[year]3E">
    <value valueType="decimal">83.98313539335393</value>
  </variableValue>
  <variableValue variable="MFQ[year]3F">
    <value valueType="decimal">62.518580826169625</value>
  </variableValue>
  <variableValue variable="MFQ[year]3G">
    <value valueType="decimal">49.91507617092657</value>
  </variableValue>
  <variableValue variable="MFQ[year]3H">
    <value valueType="decimal">63.70572132702483</value>
  </variableValue>
  <variableValue variable="MFQ[year]3I">
    <value valueType="decimal">10.949052648055114</value>
  </variableValue>
  <variableValue variable="MFQ[year]3J">
    <value valueType="decimal">91.85921576979504</value>
  </variableValue>
  <variableValue variable="MFQ[year]3K">
    <value valueType="decimal">39.159114332159305</value>
  </variableValue>
  <variableValue variable="MFQ[year]3L">
    <value valueType="decimal">46.78379774800224</value>
  </variableValue>
  <variableValue variable="MFQ[year]3M">
    <value valueType="decimal">94.91429070983284</value>
  </variableValue>
  <variableValue variable="MFQ[year]3N">
    <value valueType="decimal">48.03207496538142</value>
  </variableValue>
  <variableValue variable="MFQ[year]3O">
    <value valueType="decimal">39.57451973494054</value>
  </variableValue>
  <variableValue variable="MFQ[year]3P">
    <value valueType="decimal">2.921340057677624</value>
  </variableValue>
  <variableValue variable="MFQ[year]3Q">
    <value valueType="decimal">7.10752558902451</value>
  </variableValue>
  <variableValue variable="MFQ[year]3R">
    <value valueType="decimal">83.30795112279718</value>
  </variableValue>
  <variableValue variable="MFQ[year]4A">
    <value valueType="decimal">74.00181258887748</value>
  </variableValue>
  <variableValue variable="MFQ[year]4B">
    <value valueType="decimal">95.86277731133572</value>
  </variableValue>
  <variableValue variable="MFQ[year]4C">
    <value valueType="decimal">18.966156381438214</value>
  </variableValue>
  <variableValue variable="MFQ[year]4D">
    <value valueType="decimal">17.731565566737007</value>
  </variableValue>
  <variableValue variable="MFQ[year]4E">
    <value valueType="decimal">92.73631515531974</value>
  </variableValue>
  <variableValue variable="MFQ[year]5A">
    <value valueType="decimal">2.313491194004025</value>
  </variableValue>
  <variableValue variable="MFQ[year]5B">
    <value valueType="decimal">62.23400710345357</value>
  </variableValue>
  <variableValue variable="MFQ[year]5C">
    <value valueType="decimal">18.235066815686796</value>
  </variableValue>
  <variableValue variable="MFQ[year]5D">
    <value valueType="decimal">79.78297822026518</value>
  </variableValue>
  <variableValue variable="MFQ[year]5E">
    <value valueType="decimal">99.78256928364763</value>
  </variableValue>
  <variableValue variable="MFQ[year]6A">
    <value valueType="decimal">98.58593928667104</value>
  </variableValue>
  <variableValue variable="MFQ[year]6B">
    <value valueType="decimal">66.99418732340011</value>
  </variableValue>
  <variableValue variable="MFQ[year]6C">
    <value valueType="decimal">90.77099180351263</value>
  </variableValue>
  <variableValue variable="MFQ[year]6D">
    <value valueType="decimal">27.77613618644811</value>
  </variableValue>
  <variableValue variable="MFQ[year]7A">
    <value valueType="decimal">68.65548620149126</value>
  </variableValue>
  <variableValue variable="MFQ[year]7B">
    <value valueType="decimal">38.829918563902986</value>
  </variableValue>
  <variableValue variable="MFQ[year]7C">
    <value valueType="decimal">97.14062194843582</value>
  </variableValue>
  <variableValue variable="MFQ[year]7D">
    <value valueType="decimal">64.45864301381981</value>
  </variableValue>
  <variableValue variable="MFQ[year]7E">
    <value valueType="decimal">63.09552404348614</value>
  </variableValue>
  <variableValue variable="MFQ[year]7F">
    <value valueType="decimal">96.61868614834563</value>
  </variableValue>
  <variableValue variable="MFQ[year]7G">
    <value valueType="decimal">23.03108798015132</value>
  </variableValue>
  <variableValue variable="MFQ[year]7H">
    <value valueType="decimal">51.62204073981983</value>
  </variableValue>
  <variableValue variable="MFQ[year]7I">
    <value valueType="decimal">34.18085876301132</value>
  </variableValue>
  <variableValue variable="MFQ[year]7J">
    <value valueType="decimal">30.959220044294568</value>
  </variableValue>
  <variableValue variable="MFQ[year]7K">
    <value valueType="decimal">26.239757920637174</value>
  </variableValue>
  <variableValue variable="MFQ[year]7L">
    <value valueType="decimal">69.6504721922127</value>
  </variableValue>
  <variableValue variable="MFQ[year]7M">
    <value valueType="decimal">45.46557696870281</value>
  </variableValue>
  <variableValue variable="MFQ[year]7N">
    <value valueType="decimal">15.754441411370411</value>
  </variableValue>
  <variableValue variable="MFQ[year]7O">
    <value valueType="decimal">92.68925240871596</value>
  </variableValue>
  <variableValue variable="MFQ[year]7P">
    <value valueType="decimal">11.140761312779068</value>
  </variableValue>
  <variableValue variable="MFQ[year]7Q">
    <value valueType="decimal">39.13686644222694</value>
  </variableValue>
  <variableValue variable="MFQ[year]7R">
    <value valueType="decimal">24.90183883019531</value>
  </variableValue>
  <variableValue variable="MFQ[year]8A">
    <value valueType="decimal">85.03056264826729</value>
  </variableValue>
  <variableValue variable="MFQ[year]8B">
    <value valueType="decimal">26.93663584865982</value>
  </variableValue>
  <variableValue variable="MFQ[year]8C">
    <value valueType="decimal">85.96094998001051</value>
  </variableValue>
  <variableValue variable="MFQ[year]8D">
    <value valueType="decimal">56.945972353606386</value>
  </variableValue>
  <variableValue variable="MFQ[year]8E">
    <value valueType="decimal">10.326598797878695</value>
  </variableValue>
  <variableValue variable="MFQ[year]8F">
    <value valueType="decimal">21.557265474632402</value>
  </variableValue>
  <variableValue variable="MFQ[year]8G">
    <value valueType="decimal">71.09565694686609</value>
  </variableValue>
  <variableValue variable="MFQ[year]8H">
    <value valueType="decimal">44.33190894885666</value>
  </variableValue>
  <variableValue variable="MFQ1[year]">
    <value valueType="integer">34</value>
  </variableValue>
  <variableValue variable="mfq1[year]">
    <value valueType="decimal">44.876814728205936</value>
  </variableValue>
  <variableValue variable="MFQ2[year]">
    <value valueType="integer">49</value>
  </variableValue>
  <variableValue variable="mfq2[year]">
    <value valueType="decimal">60.548073963761894</value>
  </variableValue>
  <variableValue variable="MFQ3[year]">
    <value valueType="integer">53</value>
  </variableValue>
  <variableValue variable="mfq3[year]">
    <value valueType="decimal">61.1198100360026</value>
  </variableValue>
  <variableValue variable="MFQ4[year]">
    <value valueType="integer">47</value>
  </variableValue>
  <variableValue variable="mfq4[year]">
    <value valueType="decimal">78.1568094721657</value>
  </variableValue>
  <variableValue variable="MLIVE[year]">
    <value valueType="integer">1</value>
  </variableValue>
  <variableValue variable="MOMWK[year]">
    <value valueType="integer">1</value>
  </variableValue>
  <variableValue variable="movie[year]">
    <value valueType="decimal">87.68464124526128</value>
  </variableValue>
  <variableValue variable="MSTA84[year]">
    <value valueType="integer">3</value>
  </variableValue>
  <variableValue variable="MSTAT[year]">
    <value valueType="integer">2</value>
  </variableValue>
  <variableValue variable="NBKS[year]">
    <value valueType="integer">93</value>
  </variableValue>
  <variableValue variable="NCONF[year]">
    <value valueType="integer">50</value>
  </variableValue>
  <variableValue variable="NEEDCATA[year]">
    <value valueType="integer">2</value>
  </variableValue>
  <variableValue variable="NEMP[year]">
    <value valueType="integer">83</value>
  </variableValue>
  <variableValue variable="NEUROTIC[year]">
    <value valueType="integer">48</value>
  </variableValue>
  <variableValue variable="NEWPRNT[year]">
    <value valueType="integer">4</value>
  </variableValue>
  <variableValue variable="nfr[year]">
    <value valueType="integer">3</value>
  </variableValue>
  <variableValue variable="NFRN[year]">
    <value valueType="integer">55</value>
  </variableValue>
  <variableValue variable="NGRNKD[year]">
    <value valueType="integer">5</value>
  </variableValue>
  <variableValue variable="NJOB[year]">
    <value valueType="integer">41</value>
  </variableValue>
  <variableValue variable="NKDHM[year]">
    <value valueType="integer">12</value>
  </variableValue>
  <variableValue variable="NKIDS[year]">
    <value valueType="integer">6</value>
  </variableValue>
  <variableValue variable="NMAG[year]">
    <value valueType="integer">63</value>
  </variableValue>
  <variableValue variable="NMOV[year]">
    <value valueType="integer">46</value>
  </variableValue>
  <variableValue variable="NMTG[year]">
    <value valueType="integer">39</value>
  </variableValue>
  <variableValue variable="NNEIG[year]">
    <value valueType="integer">1</value>
  </variableValue>
  <variableValue variable="NOBR[year]">
    <value valueType="integer">66</value>
  </variableValue>
  <variableValue variable="NOISE[year]">
    <value valueType="integer">4</value>
  </variableValue>
  <variableValue variable="NONFIC[year]">
    <value valueType="integer">7</value>
  </variableValue>
  <variableValue variable="nor[year]">
    <value valueType="integer">8</value>
  </variableValue>
  <variableValue variable="norcr[year]">
    <value valueType="integer">22</value>
  </variableValue>
  <variableValue variable="NOSIS[year]">
    <value valueType="integer">1</value>
  </variableValue>
  <variableValue variable="NOWRK[year]">
    <value valueType="integer">8</value>
  </variableValue>
  <variableValue variable="NRMS[year]">
    <value valueType="integer">41</value>
  </variableValue>
  <variableValue variable="nsp08">
    <value valueType="integer">89</value>
  </variableValue>
  <variableValue variable="NSTATE[year]">
    <value valueType="integer">25</value>
  </variableValue>
  <variableValue variable="NTRAD[year]">
    <value valueType="integer">46</value>
  </variableValue>
  <variableValue variable="NTRIPS[year]">
    <value valueType="integer">88</value>
  </variableValue>
  <variableValue variable="numtot[year]">
    <value valueType="integer">44</value>
  </variableValue>
  <variableValue variable="NVISIT[year]">
    <value valueType="integer">2</value>
  </variableValue>
  <variableValue variable="NWED[year]">
    <value valueType="integer">83</value>
  </variableValue>
  <variableValue variable="NYBR[year]">
    <value valueType="integer">84</value>
  </variableValue>
  <variableValue variable="NYSIS[year]">
    <value valueType="integer">0</value>
  </variableValue>
  <variableValue variable="OBGYN[year]">
    <value valueType="integer">2</value>
  </variableValue>
  <variableValue variable="OCC[year]">
    <value valueType="integer">3</value>
  </variableValue>
  <variableValue variable="OCC84[year]">
    <value valueType="integer">0</value>
  </variableValue>
  <variableValue variable="OPEN[year]">
    <value valueType="integer">89</value>
  </variableValue>
  <variableValue variable="or[year]">
    <value valueType="integer">24</value>
  </variableValue>
  <variableValue variable="oratt[year]">
    <value valueType="integer">43</value>
  </variableValue>
  <variableValue variable="ORGAN[year]">
    <value valueType="integer">2</value>
  </variableValue>
  <variableValue variable="oromt[year]">
    <value valueType="integer">23</value>
  </variableValue>
  <variableValue variable="orwg[year]">
    <value valueType="integer">7</value>
  </variableValue>
  <variableValue variable="OTJ[year]">
    <value valueType="integer">1</value>
  </variableValue>
  <variableValue variable="outhob[year]">
    <value valueType="decimal">74.37669203880542</value>
  </variableValue>
  <variableValue variable="OWNHM[year]">
    <value valueType="integer">1</value>
  </variableValue>
  <variableValue variable="PAINREL[year]">
    <value valueType="integer">3</value>
  </variableValue>
  <variableValue variable="PAP[year]">
    <value valueType="integer">3</value>
  </variableValue>
  <variableValue variable="party[year]">
    <value valueType="decimal">87.54020680926021</value>
  </variableValue>
  <variableValue variable="pase1">
    <value valueType="integer">0</value>
  </variableValue>
  <variableValue variable="pase10">
    <value valueType="integer">1</value>
  </variableValue>
  <variableValue variable="pase10a">
    <value valueType="decimal">62.742720121887416</value>
  </variableValue>
  <variableValue variable="pase10b">
    <value valueType="integer">4</value>
  </variableValue>
  <variableValue variable="pase1b">
    <value valueType="integer">3</value>
  </variableValue>
  <variableValue variable="pase2">
    <value valueType="integer">2</value>
  </variableValue>
  <variableValue variable="pase2a">
    <value valueType="integer">1</value>
  </variableValue>
  <variableValue variable="pase3">
    <value valueType="integer">1</value>
  </variableValue>
  <variableValue variable="pase3b">
    <value valueType="integer">3</value>
  </variableValue>
  <variableValue variable="pase4">
    <value valueType="integer">0</value>
  </variableValue>
  <variableValue variable="pase4b">
    <value valueType="integer">2</value>
  </variableValue>
  <variableValue variable="pase5">
    <value valueType="integer">1</value>
  </variableValue>
  <variableValue variable="pase5b">
    <value valueType="integer">1</value>
  </variableValue>
  <variableValue variable="pase6">
    <value valueType="integer">3</value>
  </variableValue>
  <variableValue variable="pase6b">
    <value valueType="integer">3</value>
  </variableValue>
  <variableValue variable="pase7">
    <value valueType="integer">1</value>
  </variableValue>
  <variableValue variable="pase8">
    <value valueType="integer">0</value>
  </variableValue>
  <variableValue variable="pase9a - pase9d">
    <value valueType="integer">0</value>
  </variableValue>
  <variableValue variable="pattot[year]">
    <value valueType="integer">94</value>
  </variableValue>
  <variableValue variable="PDEMP[year]">
    <value valueType="integer">1</value>
  </variableValue>
  <variableValue variable="PEOP[year]">
    <value valueType="decimal">24.302877769723597</value>
  </variableValue>
  <variableValue variable="pets[year]">
    <value valueType="decimal">2.1872157667526038</value>
  </variableValue>
  <variableValue variable="phone[year]">
    <value valueType="decimal">20.306609521075437</value>
  </variableValue>
  <variableValue variable="picnic[year]">
    <value valueType="decimal">88.3977177248711</value>
  </variableValue>
  <variableValue variable="PIPEDAY[year]">
    <value valueType="integer">5</value>
  </variableValue>
  <variableValue variable="PIPES[year]">
    <value valueType="integer">4</value>
  </variableValue>
  <variableValue variable="pirr1[year]">
    <value valueType="integer">12</value>
  </variableValue>
  <variableValue variable="pirr2[year]">
    <value valueType="integer">27</value>
  </variableValue>
  <variableValue variable="PORK[year]">
    <value valueType="integer">3</value>
  </variableValue>
  <variableValue variable="ppr1[year]">
    <value valueType="integer">11</value>
  </variableValue>
  <variableValue variable="ppr2[year]">
    <value valueType="integer">61</value>
  </variableValue>
  <variableValue variable="ppr3[year]">
    <value valueType="integer">63</value>
  </variableValue>
  <variableValue variable="pray[year]">
    <value valueType="decimal">47.381944729471</value>
  </variableValue>
  <variableValue variable="PRESR[year]">
    <value valueType="integer">2</value>
  </variableValue>
  <variableValue variable="PRO2YR[year]">
    <value valueType="integer">1</value>
  </variableValue>
  <variableValue variable="PROAGE[year]">
    <value valueType="integer">58</value>
  </variableValue>
  <variableValue variable="PROENLAR[year]">
    <value valueType="integer">1</value>
  </variableValue>
  <variableValue variable="PROEXAM[year]">
    <value valueType="integer">15</value>
  </variableValue>
  <variableValue variable="PROS[year]">
    <value valueType="integer">2</value>
  </variableValue>
  <variableValue variable="PROSUC[year]">
    <value valueType="integer">5</value>
  </variableValue>
  <variableValue variable="PRSC84[year]">
    <value valueType="integer">1</value>
  </variableValue>
  <variableValue variable="radio[year]">
    <value valueType="decimal">45.47130877067366</value>
  </variableValue>
  <variableValue variable="RDPAPR[year]">
    <value valueType="integer">1</value>
  </variableValue>
  <variableValue variable="RDWRIT[year]">
    <value valueType="decimal">18.222608740905255</value>
  </variableValue>
  <variableValue variable="read[year]">
    <value valueType="decimal">80.03501838807622</value>
  </variableValue>
  <variableValue variable="REGULAR[year]">
    <value valueType="integer">2</value>
  </variableValue>
  <variableValue variable="REMAR[year]">
    <value valueType="integer">75</value>
  </variableValue>
  <variableValue variable="rv[year]">
    <value valueType="integer">39</value>
  </variableValue>
  <variableValue variable="SAFE[year]">
    <value valueType="integer">1</value>
  </variableValue>
  <variableValue variable="SBHWY[year]">
    <value valueType="integer">1</value>
  </variableValue>
  <variableValue variable="SBTOWN[year]">
    <value valueType="integer">1</value>
  </variableValue>
  <variableValue variable="SELFBLOO[year]">
    <value valueType="integer">5</value>
  </variableValue>
  <variableValue variable="selfim[year]">
    <value valueType="decimal">54.22427772816631</value>
  </variableValue>
  <variableValue variable="SELFMAM[year]">
    <value valueType="integer">3</value>
  </variableValue>
  <variableValue variable="sex">
    <value valueType="integer">1</value>
  </variableValue>
  <variableValue variable="shop[year]">
    <value valueType="decimal">48.247684916455</value>
  </variableValue>
  <variableValue variable="SIBS[year]">
    <value valueType="integer">34</value>
  </variableValue>
  <variableValue variable="SLEEP[year]">
    <value valueType="integer">2</value>
  </variableValue>
  <variableValue variable="smdvh[year]">
    <value valueType="integer">23</value>
  </variableValue>
  <variableValue variable="smdvl[year]">
    <value valueType="integer">0</value>
  </variableValue>
  <variableValue variable="SMK[year]">
    <value valueType="integer">1</value>
  </variableValue>
  <variableValue variable="SMOKE[year]">
    <value valueType="integer">1</value>
  </variableValue>
  <variableValue variable="SMOKEPAS[year]">
    <value valueType="decimal">28.79211582967668</value>
  </variableValue>
  <variableValue variable="SODA[year]">
    <value valueType="integer">4</value>
  </variableValue>
  <variableValue variable="SODIUM[year]">
    <value valueType="integer">2</value>
  </variableValue>
  <variableValue variable="SPBRN[year]">
    <value valueType="integer">84</value>
  </variableValue>
  <variableValue variable="spec[year]">
    <value valueType="decimal">8.975195291702686</value>
  </variableValue>
  <variableValue variable="SPEED[year]">
    <value valueType="integer">4</value>
  </variableValue>
  <variableValue variable="SPOCC[year]">
    <value valueType="integer">0</value>
  </variableValue>
  <variableValue variable="sport[year]">
    <value valueType="decimal">33.410602306943524</value>
  </variableValue>
  <variableValue variable="SPRVIS[year]">
    <value valueType="integer">2</value>
  </variableValue>
  <variableValue variable="SREYE[year]">
    <value valueType="integer">4</value>
  </variableValue>
  <variableValue variable="srh[year]">
    <value valueType="integer">6</value>
  </variableValue>
  <variableValue variable="SRHEALTH">
    <value valueType="integer">5</value>
  </variableValue>
  <variableValue variable="SRHEAR[year]">
    <value valueType="integer">2</value>
  </variableValue>
  <variableValue variable="sstot[year]">
    <value valueType="integer">83</value>
  </variableValue>
  <variableValue variable="STAIRS[year]">
    <value valueType="integer">4</value>
  </variableValue>
  <variableValue variable="TEA[year]">
    <value valueType="integer">6</value>
  </variableValue>
  <variableValue variable="TRAF[year]">
    <value valueType="integer">0</value>
  </variableValue>
  <variableValue variable="travel[year]">
    <value valueType="decimal">75.24525796664634</value>
  </variableValue>
  <variableValue variable="TREES[year]">
    <value valueType="integer">5</value>
  </variableValue>
  <variableValue variable="TRYSTOP[year]">
    <value valueType="integer">1</value>
  </variableValue>
  <variableValue variable="tv[year]">
    <value valueType="decimal">7.3262185896349035</value>
  </variableValue>
  <variableValue variable="TYPBLD[year]">
    <value valueType="integer">7</value>
  </variableValue>
  <variableValue variable="UNIVEX[year]">
    <value valueType="integer">0</value>
  </variableValue>
  <variableValue variable="VEAL[year]">
    <value valueType="integer">2</value>
  </variableValue>
  <variableValue variable="vis[year]">
    <value valueType="decimal">83.28423761533804</value>
  </variableValue>
  <variableValue variable="vocab1[year]">
    <value valueType="integer">90</value>
  </variableValue>
  <variableValue variable="vocab2[year]">
    <value valueType="integer">55</value>
  </variableValue>
  <variableValue variable="VOCAT[year]">
    <value valueType="integer">1</value>
  </variableValue>
  <variableValue variable="vol[year]">
    <value valueType="decimal">30.572717825159412</value>
  </variableValue>
  <variableValue variable="walk[year]">
    <value valueType="decimal">26.73595489790157</value>
  </variableValue>
  <variableValue variable="WALK[year]">
    <value valueType="integer">5</value>
  </variableValue>
  <variableValue variable="wdflu[year]">
    <value valueType="integer">8</value>
  </variableValue>
  <variableValue variable="WEIGHT[year]">
    <value valueType="integer">37</value>
  </variableValue>
  <variableValue variable="WELL[year]">
    <value valueType="integer">2</value>
  </variableValue>
  <variableValue variable="WINE[year]">
    <value valueType="integer">62</value>
  </variableValue>
  <variableValue variable="write[year]">
    <value valueType="decimal">5.01833410683642</value>
  </variableValue>
  <variableValue variable="WRKPLC[year]">
    <value valueType="integer">4</value>
  </variableValue>
  <variableValue variable="WRKTYP[year]">
    <value valueType="integer">5</value>
  </variableValue>
  <variableValue variable="ws[year]">
    <value valueType="integer">31</value>
  </variableValue>
  <variableValue variable="YEAROP[year]">
    <value valueType="integer">25</value>
  </variableValue>
  <variableValue variable="YRQUIT[year]">
    <value valueType="integer">54</value>
  </variableValue>
  <variableValue variable="YRRET[year]">
    <value valueType="integer">77</value>
  </variableValue>
  <variableValue variable="YRSMOKE[year]">
    <value valueType="decimal">67.34513560454842</value>
  </variableValue>
</valueSet>