<valueSet valueTable="2008" entityType="Participant" entityIdentifier="49250178">
  <variableValue variable="ADLTED[year]">
    <value valueType="integer">0</value>
  </variableValue>
  <variableValue variable="ADVDIR[year]">
    <value valueType="integer">1</value>
  </variableValue>
  <variableValue variable="age[year]">
    <value valueType="integer">43</value>
  </variableValue>
  <variableValue variable="AGEKID[year]">
    <value valueType="integer">33</value>
  </variableValue>
  <variableValue variable="AGENB[year]">
    <value valueType="integer">2</value>
  </variableValue>
  <variableValue variable="AGEWED[year]">
    <value valueType="integer">48</value>
  </variableValue>
  <variableValue variable="AGFRN[year]">
    <value valueType="integer">1</value>
  </variableValue>
  <variableValue variable="AGREE[year]">
    <value valueType="integer">70</value>
  </variableValue>
  <variableValue variable="ALCOHOL[year]">
    <value valueType="integer">4</value>
  </variableValue>
  <variableValue variable="Apdemp[year]">
    <value valueType="decimal">0.30317477314912855</value>
  </variableValue>
  <variableValue variable="ART[year]">
    <value valueType="integer">2</value>
  </variableValue>
  <variableValue variable="BDATE_DY">
    <value valueType="integer">85</value>
  </variableValue>
  <variableValue variable="BDATE_MO">
    <value valueType="integer">75</value>
  </variableValue>
  <variableValue variable="BDATE_YR">
    <value valueType="integer">94</value>
  </variableValue>
  <variableValue variable="BEEF[year]">
    <value valueType="integer">4</value>
  </variableValue>
  <variableValue variable="BEER[year]">
    <value valueType="integer">11</value>
  </variableValue>
  <variableValue variable="BLDLK[year]">
    <value valueType="integer">1</value>
  </variableValue>
  <variableValue variable="BLOODPRE[year]">
    <value valueType="integer">3</value>
  </variableValue>
  <variableValue variable="BOOK[year]">
    <value valueType="integer">1</value>
  </variableValue>
  <variableValue variable="BRUSH[year]">
    <value valueType="integer">70</value>
  </variableValue>
  <variableValue variable="BUTTER[year]">
    <value valueType="integer">1</value>
  </variableValue>
  <variableValue variable="BUYFAT[year]">
    <value valueType="integer">1</value>
  </variableValue>
  <variableValue variable="BUYSALT[year]">
    <value valueType="integer">1</value>
  </variableValue>
  <variableValue variable="CANCHK[year]">
    <value valueType="integer">2</value>
  </variableValue>
  <variableValue variable="cards[year]">
    <value valueType="decimal">65.54493882115462</value>
  </variableValue>
  <variableValue variable="CATARACT[year]">
    <value valueType="integer">3</value>
  </variableValue>
  <variableValue variable="CHKFAT[year]">
    <value valueType="integer">2</value>
  </variableValue>
  <variableValue variable="CHOLES[year]">
    <value valueType="integer">5</value>
  </variableValue>
  <variableValue variable="chur[year]">
    <value valueType="decimal">6.568595207966011</value>
  </variableValue>
  <variableValue variable="CIGARDAY[year]">
    <value valueType="integer">3</value>
  </variableValue>
  <variableValue variable="CIGARS[year]">
    <value valueType="integer">6</value>
  </variableValue>
  <variableValue variable="CIGDAY[year]">
    <value valueType="integer">6</value>
  </variableValue>
  <variableValue variable="CIGS[year]">
    <value valueType="integer">4</value>
  </variableValue>
  <variableValue variable="CLNAIR[year]">
    <value valueType="integer">2</value>
  </variableValue>
  <variableValue variable="COFFEE[year]">
    <value valueType="integer">1</value>
  </variableValue>
  <variableValue variable="CONSCIEN[year]">
    <value valueType="integer">78</value>
  </variableValue>
  <variableValue variable="cook[year]">
    <value valueType="decimal">68.5320882064895</value>
  </variableValue>
  <variableValue variable="COOKBUT[year]">
    <value valueType="integer">2</value>
  </variableValue>
  <variableValue variable="CORS[year]">
    <value valueType="integer">1</value>
  </variableValue>
  <variableValue variable="crafts[year]">
    <value valueType="decimal">57.479641629782726</value>
  </variableValue>
  <variableValue variable="crdp1[year]">
    <value valueType="integer">78</value>
  </variableValue>
  <variableValue variable="crdp2[year]">
    <value valueType="integer">70</value>
  </variableValue>
  <variableValue variable="cult[year]">
    <value valueType="decimal">45.75196177924754</value>
  </variableValue>
  <variableValue variable="dance[year]">
    <value valueType="decimal">37.92042544842258</value>
  </variableValue>
  <variableValue variable="DENTIST[year]">
    <value valueType="integer">3</value>
  </variableValue>
  <variableValue variable="DENTURE[year]">
    <value valueType="integer">1</value>
  </variableValue>
  <variableValue variable="DIABET[year]">
    <value valueType="integer">1</value>
  </variableValue>
  <variableValue variable="DRMAM[year]">
    <value valueType="integer">1</value>
  </variableValue>
  <variableValue variable="DRVISIT[year]">
    <value valueType="integer">25</value>
  </variableValue>
  <variableValue variable="dydrm[year]">
    <value valueType="decimal">90.29011235042252</value>
  </variableValue>
  <variableValue variable="EARCHK[year]">
    <value valueType="integer">1</value>
  </variableValue>
  <variableValue variable="eatout[year]">
    <value valueType="decimal">12.397659862777765</value>
  </variableValue>
  <variableValue variable="EATSALT[year]">
    <value valueType="integer">5</value>
  </variableValue>
  <variableValue variable="edact[year]">
    <value valueType="decimal">57.06564352369527</value>
  </variableValue>
  <variableValue variable="educ">
    <value valueType="integer">5</value>
  </variableValue>
  <variableValue variable="EDUC[year]">
    <value valueType="integer">94</value>
  </variableValue>
  <variableValue variable="EGG[year]">
    <value valueType="integer">4</value>
  </variableValue>
  <variableValue variable="eldcar[year]">
    <value valueType="decimal">93.86136266893665</value>
  </variableValue>
  <variableValue variable="ELDCAR[year]">
    <value valueType="decimal">79.29417993484998</value>
  </variableValue>
  <variableValue variable="ENT1[year]">
    <value valueType="integer">9</value>
  </variableValue>
  <variableValue variable="ENT2[year]">
    <value valueType="integer">1</value>
  </variableValue>
  <variableValue variable="ENT3[year]">
    <value valueType="integer">2</value>
  </variableValue>
  <variableValue variable="eth[year]">
    <value valueType="integer">12</value>
  </variableValue>
  <variableValue variable="EXCERTOT[year]">
    <value valueType="decimal">67.9995386417928</value>
  </variableValue>
  <variableValue variable="EXCERWK[year]">
    <value valueType="integer">63</value>
  </variableValue>
  <variableValue variable="EXTRAVER[year]">
    <value valueType="integer">82</value>
  </variableValue>
  <variableValue variable="EYECHG[year]">
    <value valueType="integer">2</value>
  </variableValue>
  <variableValue variable="EYECHK[year]">
    <value valueType="integer">1</value>
  </variableValue>
  <variableValue variable="EYEGLAS[year]">
    <value valueType="integer">3</value>
  </variableValue>
  <variableValue variable="FAGE[year]">
    <value valueType="integer">46</value>
  </variableValue>
  <variableValue variable="FAITH[year]">
    <value valueType="integer">4</value>
  </variableValue>
  <variableValue variable="FALLS[year]">
    <value valueType="integer">4</value>
  </variableValue>
  <variableValue variable="FCAUSE[year]">
    <value valueType="integer">9</value>
  </variableValue>
  <variableValue variable="FDIE[year]">
    <value valueType="integer">19</value>
  </variableValue>
  <variableValue variable="FIC[year]">
    <value valueType="integer">63</value>
  </variableValue>
  <variableValue variable="fit[year]">
    <value valueType="decimal">27.359906313307413</value>
  </variableValue>
  <variableValue variable="FLIVE[year]">
    <value valueType="integer">3</value>
  </variableValue>
  <variableValue variable="FLOSS[year]">
    <value valueType="integer">2</value>
  </variableValue>
  <variableValue variable="FLUSHOT[year]">
    <value valueType="integer">4</value>
  </variableValue>
  <variableValue variable="fr[year]">
    <value valueType="integer">34</value>
  </variableValue>
  <variableValue variable="fratt[year]">
    <value valueType="integer">43</value>
  </variableValue>
  <variableValue variable="frcr[year]">
    <value valueType="integer">88</value>
  </variableValue>
  <variableValue variable="fromt[year]">
    <value valueType="integer">48</value>
  </variableValue>
  <variableValue variable="frwg[year]">
    <value valueType="integer">69</value>
  </variableValue>
  <variableValue variable="game[year]">
    <value valueType="decimal">75.7750511768836</value>
  </variableValue>
  <variableValue variable="gds[year]1 –  gds[year]30">
    <value valueType="integer">1</value>
  </variableValue>
  <variableValue variable="gdstot[year]">
    <value valueType="integer">89</value>
  </variableValue>
  <variableValue variable="HANDS[year]">
    <value valueType="decimal">91.16086648282385</value>
  </variableValue>
  <variableValue variable="HARDLIQ[year]">
    <value valueType="integer">12</value>
  </variableValue>
  <variableValue variable="HEALTHCH[year]">
    <value valueType="integer">5</value>
  </variableValue>
  <variableValue variable="HEARAID[year]">
    <value valueType="integer">1</value>
  </variableValue>
  <variableValue variable="HEARCHG[year]">
    <value valueType="integer">3</value>
  </variableValue>
  <variableValue variable="HEARSPEC[year]">
    <value valueType="integer">3</value>
  </variableValue>
  <variableValue variable="HEART[year]">
    <value valueType="integer">3</value>
  </variableValue>
  <variableValue variable="HEIGHT[year]">
    <value valueType="integer">49</value>
  </variableValue>
  <variableValue variable="HHEIGHT[year]">
    <value valueType="integer">35</value>
  </variableValue>
  <variableValue variable="HIGHBLOO[year]">
    <value valueType="integer">1</value>
  </variableValue>
  <variableValue variable="HJOBTP[year]">
    <value valueType="integer">1</value>
  </variableValue>
  <variableValue variable="HMKHD[year]">
    <value valueType="decimal">0.6813022882260489</value>
  </variableValue>
  <variableValue variable="HMKJB[year]">
    <value valueType="integer">21</value>
  </variableValue>
  <variableValue variable="HMKPE[year]">
    <value valueType="decimal">6.420771361221722</value>
  </variableValue>
  <variableValue variable="HMKPRS[year]">
    <value valueType="integer">2</value>
  </variableValue>
  <variableValue variable="HMKR[year]">
    <value valueType="integer">73</value>
  </variableValue>
  <variableValue variable="HMKRD[year]">
    <value valueType="decimal">19.26488658809433</value>
  </variableValue>
  <variableValue variable="HOSDAYS[year]">
    <value valueType="integer">33</value>
  </variableValue>
  <variableValue variable="HOSVISIT[year]">
    <value valueType="integer">1</value>
  </variableValue>
  <variableValue variable="HWEIGHT[year]">
    <value valueType="integer">92</value>
  </variableValue>
  <variableValue variable="INC[year]">
    <value valueType="integer">15</value>
  </variableValue>
  <variableValue variable="INC84[year]">
    <value valueType="integer">14</value>
  </variableValue>
  <variableValue variable="instr[year]">
    <value valueType="decimal">52.509175662692954</value>
  </variableValue>
  <variableValue variable="ir[year]a1 - ir[year]a20">
    <value valueType="integer">0</value>
  </variableValue>
  <variableValue variable="ir[year]b1 - ir[year]b20">
    <value valueType="integer">0</value>
  </variableValue>
  <variableValue variable="JOBLEN[year]">
    <value valueType="integer">1</value>
  </variableValue>
  <variableValue variable="JOBTYP[year]">
    <value valueType="integer">8</value>
  </variableValue>
  <variableValue variable="kidcar[year]">
    <value valueType="decimal">4.176499478077911</value>
  </variableValue>
  <variableValue variable="LAMB[year]">
    <value valueType="integer">5</value>
  </variableValue>
  <variableValue variable="lettot[year]">
    <value valueType="integer">90</value>
  </variableValue>
  <variableValue variable="LFST84[year]">
    <value valueType="integer">5</value>
  </variableValue>
  <variableValue variable="LIFSAT[year]">
    <value valueType="integer">4</value>
  </variableValue>
  <variableValue variable="LIVESMOK[year]">
    <value valueType="integer">1</value>
  </variableValue>
  <variableValue variable="ls[year]">
    <value valueType="integer">80</value>
  </variableValue>
  <variableValue variable="LSTJOB[year]">
    <value valueType="integer">6</value>
  </variableValue>
  <variableValue variable="LVNGWILL[year]">
    <value valueType="integer">2</value>
  </variableValue>
  <variableValue variable="MAGE[year]">
    <value valueType="integer">41</value>
  </variableValue>
  <variableValue variable="MAM[year]">
    <value valueType="integer">2</value>
  </variableValue>
  <variableValue variable="MAM2YR[year]">
    <value valueType="integer">2</value>
  </variableValue>
  <variableValue variable="MAMAGE[year]">
    <value valueType="integer">36</value>
  </variableValue>
  <variableValue variable="MAMEXAM[year]">
    <value valueType="integer">19</value>
  </variableValue>
  <variableValue variable="MASTECT[year]">
    <value valueType="integer">3</value>
  </variableValue>
  <variableValue variable="MCAUSE[year]">
    <value valueType="integer">9</value>
  </variableValue>
  <variableValue variable="MDIE[year]">
    <value valueType="integer">16</value>
  </variableValue>
  <variableValue variable="MED[year]">
    <value valueType="integer">3</value>
  </variableValue>
  <variableValue variable="MENAGE[year]">
    <value valueType="integer">4</value>
  </variableValue>
  <variableValue variable="MENHIST[year]">
    <value valueType="integer">87</value>
  </variableValue>
  <variableValue variable="MENSIT[year]">
    <value valueType="integer">7</value>
  </variableValue>
  <variableValue variable="MFQ[year]1">
    <value valueType="decimal">85.73862076356238</value>
  </variableValue>
  <variableValue variable="MFQ[year]2A">
    <value valueType="decimal">25.21706443631977</value>
  </variableValue>
  <variableValue variable="MFQ[year]2B">
    <value valueType="decimal">51.388476594382205</value>
  </variableValue>
  <variableValue variable="MFQ[year]2C">
    <value valueType="decimal">98.4422303540277</value>
  </variableValue>
  <variableValue variable="MFQ[year]2D">
    <value valueType="decimal">9.427886230654481</value>
  </variableValue>
  <variableValue variable="MFQ[year]2E">
    <value valueType="decimal">0.6894487824593676</value>
  </variableValue>
  <variableValue variable="MFQ[year]3A">
    <value valueType="decimal">41.48424426447418</value>
  </variableValue>
  <variableValue variable="MFQ[year]3B">
    <value valueType="decimal">63.99925461979294</value>
  </variableValue>
  <variableValue variable="MFQ[year]3C">
    <value valueType="decimal">17.529527698603843</value>
  </variableValue>
  <variableValue variable="MFQ[year]3D">
    <value valueType="decimal">55.34469161355502</value>
  </variableValue>
  <variableValue variable="MFQ[year]3E">
    <value valueType="decimal">91.38187006549536</value>
  </variableValue>
  <variableValue variable="MFQ[year]3F">
    <value valueType="decimal">99.86196554858876</value>
  </variableValue>
  <variableValue variable="MFQ[year]3G">
    <value valueType="decimal">20.355699399770277</value>
  </variableValue>
  <variableValue variable="MFQ[year]3H">
    <value valueType="decimal">94.33955221460366</value>
  </variableValue>
  <variableValue variable="MFQ[year]3I">
    <value valueType="decimal">33.074142112473545</value>
  </variableValue>
  <variableValue variable="MFQ[year]3J">
    <value valueType="decimal">57.56651471564251</value>
  </variableValue>
  <variableValue variable="MFQ[year]3K">
    <value valueType="decimal">86.4347672017262</value>
  </variableValue>
  <variableValue variable="MFQ[year]3L">
    <value valueType="decimal">8.672396430482044</value>
  </variableValue>
  <variableValue variable="MFQ[year]3M">
    <value valueType="decimal">29.517549908400277</value>
  </variableValue>
  <variableValue variable="MFQ[year]3N">
    <value valueType="decimal">30.906153446472786</value>
  </variableValue>
  <variableValue variable="MFQ[year]3O">
    <value valueType="decimal">21.908840801823082</value>
  </variableValue>
  <variableValue variable="MFQ[year]3P">
    <value valueType="decimal">88.3727753561705</value>
  </variableValue>
  <variableValue variable="MFQ[year]3Q">
    <value valueType="decimal">93.61572685281489</value>
  </variableValue>
  <variableValue variable="MFQ[year]3R">
    <value valueType="decimal">65.60865638603002</value>
  </variableValue>
  <variableValue variable="MFQ[year]4A">
    <value valueType="decimal">29.65324089281809</value>
  </variableValue>
  <variableValue variable="MFQ[year]4B">
    <value valueType="decimal">94.62817542076291</value>
  </variableValue>
  <variableValue variable="MFQ[year]4C">
    <value valueType="decimal">74.75596534412345</value>
  </variableValue>
  <variableValue variable="MFQ[year]4D">
    <value valueType="decimal">97.87433688332034</value>
  </variableValue>
  <variableValue variable="MFQ[year]4E">
    <value valueType="decimal">81.81235338242482</value>
  </variableValue>
  <variableValue variable="MFQ[year]5A">
    <value valueType="decimal">86.57852698743419</value>
  </variableValue>
  <variableValue variable="MFQ[year]5B">
    <value valueType="decimal">34.92330641569358</value>
  </variableValue>
  <variableValue variable="MFQ[year]5C">
    <value valueType="decimal">17.16341519879189</value>
  </variableValue>
  <variableValue variable="MFQ[year]5D">
    <value valueType="decimal">16.88772588699704</value>
  </variableValue>
  <variableValue variable="MFQ[year]5E">
    <value valueType="decimal">79.85671658339939</value>
  </variableValue>
  <variableValue variable="MFQ[year]6A">
    <value valueType="decimal">27.920636294145705</value>
  </variableValue>
  <variableValue variable="MFQ[year]6B">
    <value valueType="decimal">6.531693481507461</value>
  </variableValue>
  <variableValue variable="MFQ[year]6C">
    <value valueType="decimal">3.080696009640138</value>
  </variableValue>
  <variableValue variable="MFQ[year]6D">
    <value valueType="decimal">73.4260165294077</value>
  </variableValue>
  <variableValue variable="MFQ[year]7A">
    <value valueType="decimal">89.85217120339456</value>
  </variableValue>
  <variableValue variable="MFQ[year]7B">
    <value valueType="decimal">99.84866898948235</value>
  </variableValue>
  <variableValue variable="MFQ[year]7C">
    <value valueType="decimal">93.28320800820656</value>
  </variableValue>
  <variableValue variable="MFQ[year]7D">
    <value valueType="decimal">18.862965452819957</value>
  </variableValue>
  <variableValue variable="MFQ[year]7E">
    <value valueType="decimal">46.78156144070699</value>
  </variableValue>
  <variableValue variable="MFQ[year]7F">
    <value valueType="decimal">9.392304633726823</value>
  </variableValue>
  <variableValue variable="MFQ[year]7G">
    <value valueType="decimal">33.92690995943619</value>
  </variableValue>
  <variableValue variable="MFQ[year]7H">
    <value valueType="decimal">21.956957423784296</value>
  </variableValue>
  <variableValue variable="MFQ[year]7I">
    <value valueType="decimal">46.35477652538517</value>
  </variableValue>
  <variableValue variable="MFQ[year]7J">
    <value valueType="decimal">19.599920973774843</value>
  </variableValue>
  <variableValue variable="MFQ[year]7K">
    <value valueType="decimal">79.84202014359033</value>
  </variableValue>
  <variableValue variable="MFQ[year]7L">
    <value valueType="decimal">60.34536846036021</value>
  </variableValue>
  <variableValue variable="MFQ[year]7M">
    <value valueType="decimal">24.181849699225488</value>
  </variableValue>
  <variableValue variable="MFQ[year]7N">
    <value valueType="decimal">13.16476484553456</value>
  </variableValue>
  <variableValue variable="MFQ[year]7O">
    <value valueType="decimal">10.343870204057904</value>
  </variableValue>
  <variableValue variable="MFQ[year]7P">
    <value valueType="decimal">72.87578132014855</value>
  </variableValue>
  <variableValue variable="MFQ[year]7Q">
    <value valueType="decimal">22.90045031971384</value>
  </variableValue>
  <variableValue variable="MFQ[year]7R">
    <value valueType="decimal">94.20296590823241</value>
  </variableValue>
  <variableValue variable="MFQ[year]8A">
    <value valueType="decimal">37.95639619254943</value>
  </variableValue>
  <variableValue variable="MFQ[year]8B">
    <value valueType="decimal">26.48446331972393</value>
  </variableValue>
  <variableValue variable="MFQ[year]8C">
    <value valueType="decimal">92.09816590583063</value>
  </variableValue>
  <variableValue variable="MFQ[year]8D">
    <value valueType="decimal">99.87580759557584</value>
  </variableValue>
  <variableValue variable="MFQ[year]8E">
    <value valueType="decimal">50.49831931529152</value>
  </variableValue>
  <variableValue variable="MFQ[year]8F">
    <value valueType="decimal">94.60298158030238</value>
  </variableValue>
  <variableValue variable="MFQ[year]8G">
    <value valueType="decimal">10.64926259852027</value>
  </variableValue>
  <variableValue variable="MFQ[year]8H">
    <value valueType="decimal">46.637329962747806</value>
  </variableValue>
  <variableValue variable="MFQ1[year]">
    <value valueType="integer">15</value>
  </variableValue>
  <variableValue variable="mfq1[year]">
    <value valueType="decimal">3.8090480484425315</value>
  </variableValue>
  <variableValue variable="MFQ2[year]">
    <value valueType="integer">57</value>
  </variableValue>
  <variableValue variable="mfq2[year]">
    <value valueType="decimal">89.52566087169205</value>
  </variableValue>
  <variableValue variable="MFQ3[year]">
    <value valueType="integer">14</value>
  </variableValue>
  <variableValue variable="mfq3[year]">
    <value valueType="decimal">9.922777788016946</value>
  </variableValue>
  <variableValue variable="MFQ4[year]">
    <value valueType="integer">77</value>
  </variableValue>
  <variableValue variable="mfq4[year]">
    <value valueType="decimal">59.057231804171174</value>
  </variableValue>
  <variableValue variable="MLIVE[year]">
    <value valueType="integer">3</value>
  </variableValue>
  <variableValue variable="MOMWK[year]">
    <value valueType="integer">0</value>
  </variableValue>
  <variableValue variable="movie[year]">
    <value valueType="decimal">32.77065766520434</value>
  </variableValue>
  <variableValue variable="MSTA84[year]">
    <value valueType="integer">1</value>
  </variableValue>
  <variableValue variable="MSTAT[year]">
    <value valueType="integer">1</value>
  </variableValue>
  <variableValue variable="NBKS[year]">
    <value valueType="integer">11</value>
  </variableValue>
  <variableValue variable="NCONF[year]">
    <value valueType="integer">19</value>
  </variableValue>
  <variableValue variable="NEEDCATA[year]">
    <value valueType="integer">1</value>
  </variableValue>
  <variableValue variable="NEMP[year]">
    <value valueType="integer">8</value>
  </variableValue>
  <variableValue variable="NEUROTIC[year]">
    <value valueType="integer">88</value>
  </variableValue>
  <variableValue variable="NEWPRNT[year]">
    <value valueType="integer">4</value>
  </variableValue>
  <variableValue variable="nfr[year]">
    <value valueType="integer">11</value>
  </variableValue>
  <variableValue variable="NFRN[year]">
    <value valueType="integer">34</value>
  </variableValue>
  <variableValue variable="NGRNKD[year]">
    <value valueType="integer">46</value>
  </variableValue>
  <variableValue variable="NJOB[year]">
    <value valueType="integer">42</value>
  </variableValue>
  <variableValue variable="NKDHM[year]">
    <value valueType="integer">15</value>
  </variableValue>
  <variableValue variable="NKIDS[year]">
    <value valueType="integer">53</value>
  </variableValue>
  <variableValue variable="NMAG[year]">
    <value valueType="integer">92</value>
  </variableValue>
  <variableValue variable="NMOV[year]">
    <value valueType="integer">91</value>
  </variableValue>
  <variableValue variable="NMTG[year]">
    <value valueType="integer">36</value>
  </variableValue>
  <variableValue variable="NNEIG[year]">
    <value valueType="integer">2</value>
  </variableValue>
  <variableValue variable="NOBR[year]">
    <value valueType="integer">22</value>
  </variableValue>
  <variableValue variable="NOISE[year]">
    <value valueType="integer">3</value>
  </variableValue>
  <variableValue variable="NONFIC[year]">
    <value valueType="integer">35</value>
  </variableValue>
  <variableValue variable="nor[year]">
    <value valueType="integer">3</value>
  </variableValue>
  <variableValue variable="norcr[year]">
    <value valueType="integer">18</value>
  </variableValue>
  <variableValue variable="NOSIS[year]">
    <value valueType="integer">63</value>
  </variableValue>
  <variableValue variable="NOWRK[year]">
    <value valueType="integer">1</value>
  </variableValue>
  <variableValue variable="NRMS[year]">
    <value valueType="integer">92</value>
  </variableValue>
  <variableValue variable="nsp08">
    <value valueType="integer">92</value>
  </variableValue>
  <variableValue variable="NSTATE[year]">
    <value valueType="integer">98</value>
  </variableValue>
  <variableValue variable="NTRAD[year]">
    <value valueType="integer">5</value>
  </variableValue>
  <variableValue variable="NTRIPS[year]">
    <value valueType="integer">94</value>
  </variableValue>
  <variableValue variable="numtot[year]">
    <value valueType="integer">92</value>
  </variableValue>
  <variableValue variable="NVISIT[year]">
    <value valueType="integer">2</value>
  </variableValue>
  <variableValue variable="NWED[year]">
    <value valueType="integer">18</value>
  </variableValue>
  <variableValue variable="NYBR[year]">
    <value valueType="integer">17</value>
  </variableValue>
  <variableValue variable="NYSIS[year]">
    <value valueType="integer">3</value>
  </variableValue>
  <variableValue variable="OBGYN[year]">
    <value valueType="integer">1</value>
  </variableValue>
  <variableValue variable="OCC[year]">
    <value valueType="integer">6</value>
  </variableValue>
  <variableValue variable="OCC84[year]">
    <value valueType="integer">0</value>
  </variableValue>
  <variableValue variable="OPEN[year]">
    <value valueType="integer">57</value>
  </variableValue>
  <variableValue variable="or[year]">
    <value valueType="integer">7</value>
  </variableValue>
  <variableValue variable="oratt[year]">
    <value valueType="integer">66</value>
  </variableValue>
  <variableValue variable="ORGAN[year]">
    <value valueType="integer">3</value>
  </variableValue>
  <variableValue variable="oromt[year]">
    <value valueType="integer">6</value>
  </variableValue>
  <variableValue variable="orwg[year]">
    <value valueType="integer">25</value>
  </variableValue>
  <variableValue variable="OTJ[year]">
    <value valueType="integer">0</value>
  </variableValue>
  <variableValue variable="outhob[year]">
    <value valueType="decimal">35.106724549887694</value>
  </variableValue>
  <variableValue variable="OWNHM[year]">
    <value valueType="integer">0</value>
  </variableValue>
  <variableValue variable="PAINREL[year]">
    <value valueType="integer">3</value>
  </variableValue>
  <variableValue variable="PAP[year]">
    <value valueType="integer">4</value>
  </variableValue>
  <variableValue variable="party[year]">
    <value valueType="decimal">49.02409779700383</value>
  </variableValue>
  <variableValue variable="pase1">
    <value valueType="integer">1</value>
  </variableValue>
  <variableValue variable="pase10">
    <value valueType="integer">1</value>
  </variableValue>
  <variableValue variable="pase10a">
    <value valueType="decimal">18.37390394207471</value>
  </variableValue>
  <variableValue variable="pase10b">
    <value valueType="integer">3</value>
  </variableValue>
  <variableValue variable="pase1b">
    <value valueType="integer">4</value>
  </variableValue>
  <variableValue variable="pase2">
    <value valueType="integer">3</value>
  </variableValue>
  <variableValue variable="pase2a">
    <value valueType="integer">1</value>
  </variableValue>
  <variableValue variable="pase3">
    <value valueType="integer">2</value>
  </variableValue>
  <variableValue variable="pase3b">
    <value valueType="integer">3</value>
  </variableValue>
  <variableValue variable="pase4">
    <value valueType="integer">1</value>
  </variableValue>
  <variableValue variable="pase4b">
    <value valueType="integer">1</value>
  </variableValue>
  <variableValue variable="pase5">
    <value valueType="integer">1</value>
  </variableValue>
  <variableValue variable="pase5b">
    <value valueType="integer">3</value>
  </variableValue>
  <variableValue variable="pase6">
    <value valueType="integer">3</value>
  </variableValue>
  <variableValue variable="pase6b">
    <value valueType="integer">1</value>
  </variableValue>
  <variableValue variable="pase7">
    <value valueType="integer">0</value>
  </variableValue>
  <variableValue variable="pase8">
    <value valueType="integer">1</value>
  </variableValue>
  <variableValue variable="pase9a - pase9d">
    <value valueType="integer">1</value>
  </variableValue>
  <variableValue variable="pattot[year]">
    <value valueType="integer">35</value>
  </variableValue>
  <variableValue variable="PDEMP[year]">
    <value valueType="integer">1</value>
  </variableValue>
  <variableValue variable="PEOP[year]">
    <value valueType="decimal">30.314749948999097</value>
  </variableValue>
  <variableValue variable="pets[year]">
    <value valueType="decimal">48.89166426839593</value>
  </variableValue>
  <variableValue variable="phone[year]">
    <value valueType="decimal">83.3269668941743</value>
  </variableValue>
  <variableValue variable="picnic[year]">
    <value valueType="decimal">83.67233994622607</value>
  </variableValue>
  <variableValue variable="PIPEDAY[year]">
    <value valueType="integer">3</value>
  </variableValue>
  <variableValue variable="PIPES[year]">
    <value valueType="integer">4</value>
  </variableValue>
  <variableValue variable="pirr1[year]">
    <value valueType="integer">46</value>
  </variableValue>
  <variableValue variable="pirr2[year]">
    <value valueType="integer">47</value>
  </variableValue>
  <variableValue variable="PORK[year]">
    <value valueType="integer">1</value>
  </variableValue>
  <variableValue variable="ppr1[year]">
    <value valueType="integer">61</value>
  </variableValue>
  <variableValue variable="ppr2[year]">
    <value valueType="integer">2</value>
  </variableValue>
  <variableValue variable="ppr3[year]">
    <value valueType="integer">53</value>
  </variableValue>
  <variableValue variable="pray[year]">
    <value valueType="decimal">30.729806010741157</value>
  </variableValue>
  <variableValue variable="PRESR[year]">
    <value valueType="integer">3</value>
  </variableValue>
  <variableValue variable="PRO2YR[year]">
    <value valueType="integer">2</value>
  </variableValue>
  <variableValue variable="PROAGE[year]">
    <value valueType="integer">24</value>
  </variableValue>
  <variableValue variable="PROENLAR[year]">
    <value valueType="integer">1</value>
  </variableValue>
  <variableValue variable="PROEXAM[year]">
    <value valueType="integer">65</value>
  </variableValue>
  <variableValue variable="PROS[year]">
    <value valueType="integer">2</value>
  </variableValue>
  <variableValue variable="PROSUC[year]">
    <value valueType="integer">2</value>
  </variableValue>
  <variableValue variable="PRSC84[year]">
    <value valueType="integer">5</value>
  </variableValue>
  <variableValue variable="radio[year]">
    <value valueType="decimal">89.81906938923024</value>
  </variableValue>
  <variableValue variable="RDPAPR[year]">
    <value valueType="integer">1</value>
  </variableValue>
  <variableValue variable="RDWRIT[year]">
    <value valueType="decimal">61.06778226724965</value>
  </variableValue>
  <variableValue variable="read[year]">
    <value valueType="decimal">66.84312344191677</value>
  </variableValue>
  <variableValue variable="REGULAR[year]">
    <value valueType="integer">2</value>
  </variableValue>
  <variableValue variable="REMAR[year]">
    <value valueType="integer">70</value>
  </variableValue>
  <variableValue variable="rv[year]">
    <value valueType="integer">37</value>
  </variableValue>
  <variableValue variable="SAFE[year]">
    <value valueType="integer">1</value>
  </variableValue>
  <variableValue variable="SBHWY[year]">
    <value valueType="integer">1</value>
  </variableValue>
  <variableValue variable="SBTOWN[year]">
    <value valueType="integer">5</value>
  </variableValue>
  <variableValue variable="SELFBLOO[year]">
    <value valueType="integer">2</value>
  </variableValue>
  <variableValue variable="selfim[year]">
    <value valueType="decimal">25.820811281277233</value>
  </variableValue>
  <variableValue variable="SELFMAM[year]">
    <value valueType="integer">1</value>
  </variableValue>
  <variableValue variable="sex">
    <value valueType="integer">1</value>
  </variableValue>
  <variableValue variable="shop[year]">
    <value valueType="decimal">35.23847373244706</value>
  </variableValue>
  <variableValue variable="SIBS[year]">
    <value valueType="integer">61</value>
  </variableValue>
  <variableValue variable="SLEEP[year]">
    <value valueType="integer">2</value>
  </variableValue>
  <variableValue variable="smdvh[year]">
    <value valueType="integer">86</value>
  </variableValue>
  <variableValue variable="smdvl[year]">
    <value valueType="integer">87</value>
  </variableValue>
  <variableValue variable="SMK[year]">
    <value valueType="integer">1</value>
  </variableValue>
  <variableValue variable="SMOKE[year]">
    <value valueType="integer">2</value>
  </variableValue>
  <variableValue variable="SMOKEPAS[year]">
    <value valueType="decimal">98.9908657547931</value>
  </variableValue>
  <variableValue variable="SODA[year]">
    <value valueType="integer">2</value>
  </variableValue>
  <variableValue variable="SODIUM[year]">
    <value valueType="integer">3</value>
  </variableValue>
  <variableValue variable="SPBRN[year]">
    <value valueType="integer">32</value>
  </variableValue>
  <variableValue variable="spec[year]">
    <value valueType="decimal">60.31132996364133</value>
  </variableValue>
  <variableValue variable="SPEED[year]">
    <value valueType="integer">4</value>
  </variableValue>
  <variableValue variable="SPOCC[year]">
    <value valueType="integer">4</value>
  </variableValue>
  <variableValue variable="sport[year]">
    <value valueType="decimal">83.50133759809815</value>
  </variableValue>
  <variableValue variable="SPRVIS[year]">
    <value valueType="integer">1</value>
  </variableValue>
  <variableValue variable="SREYE[year]">
    <value valueType="integer">6</value>
  </variableValue>
  <variableValue variable="srh[year]">
    <value valueType="integer">5</value>
  </variableValue>
  <variableValue variable="SRHEALTH">
    <value valueType="integer">3</value>
  </variableValue>
  <variableValue variable="SRHEAR[year]">
    <value valueType="integer">6</value>
  </variableValue>
  <variableValue variable="sstot[year]">
    <value valueType="integer">52</value>
  </variableValue>
  <variableValue variable="STAIRS[year]">
    <value valueType="integer">4</value>
  </variableValue>
  <variableValue variable="TEA[year]">
    <value valueType="integer">2</value>
  </variableValue>
  <variableValue variable="TRAF[year]">
    <value valueType="integer">1</value>
  </variableValue>
  <variableValue variable="travel[year]">
    <value valueType="decimal">62.26670937947916</value>
  </variableValue>
  <variableValue variable="TREES[year]">
    <value valueType="integer">2</value>
  </variableValue>
  <variableValue variable="TRYSTOP[year]">
    <value valueType="integer">1</value>
  </variableValue>
  <variableValue variable="tv[year]">
    <value valueType="decimal">1.6472893358263851</value>
  </variableValue>
  <variableValue variable="TYPBLD[year]">
    <value valueType="integer">8</value>
  </variableValue>
  <variableValue variable="UNIVEX[year]">
    <value valueType="integer">0</value>
  </variableValue>
  <variableValue variable="VEAL[year]">
    <value valueType="integer">2</value>
  </variableValue>
  <variableValue variable="vis[year]">
    <value valueType="decimal">75.2093911037116</value>
  </variableValue>
  <variableValue variable="vocab1[year]">
    <value valueType="integer">93</value>
  </variableValue>
  <variableValue variable="vocab2[year]">
    <value valueType="integer">92</value>
  </variableValue>
  <variableValue variable="VOCAT[year]">
    <value valueType="integer">0</value>
  </variableValue>
  <variableValue variable="vol[year]">
    <value valueType="decimal">45.64027252125765</value>
  </variableValue>
  <variableValue variable="walk[year]">
    <value valueType="decimal">57.53433561429488</value>
  </variableValue>
  <variableValue variable="WALK[year]">
    <value valueType="integer">5</value>
  </variableValue>
  <variableValue variable="wdflu[year]">
    <value valueType="integer">11</value>
  </variableValue>
  <variableValue variable="WEIGHT[year]">
    <value valueType="integer">67</value>
  </variableValue>
  <variableValue variable="WELL[year]">
    <value valueType="integer">1</value>
  </variableValue>
  <variableValue variable="WINE[year]">
    <value valueType="integer">83</value>
  </variableValue>
  <variableValue variable="write[year]">
    <value valueType="decimal">71.55163452910857</value>
  </variableValue>
  <variableValue variable="WRKPLC[year]">
    <value valueType="integer">5</value>
  </variableValue>
  <variableValue variable="WRKTYP[year]">
    <value valueType="integer">5</value>
  </variableValue>
  <variableValue variable="ws[year]">
    <value valueType="integer">34</value>
  </variableValue>
  <variableValue variable="YEAROP[year]">
    <value valueType="integer">12</value>
  </variableValue>
  <variableValue variable="YRQUIT[year]">
    <value valueType="integer">90</value>
  </variableValue>
  <variableValue variable="YRRET[year]">
    <value valueType="integer">62</value>
  </variableValue>
  <variableValue variable="YRSMOKE[year]">
    <value valueType="decimal">32.502468048116825</value>
  </variableValue>
</valueSet>