<valueSet valueTable="2008" entityType="Participant" entityIdentifier="23806825">
  <variableValue variable="ADLTED[year]">
    <value valueType="integer">1</value>
  </variableValue>
  <variableValue variable="ADVDIR[year]">
    <value valueType="integer">1</value>
  </variableValue>
  <variableValue variable="age[year]">
    <value valueType="integer">91</value>
  </variableValue>
  <variableValue variable="AGEKID[year]">
    <value valueType="integer">88</value>
  </variableValue>
  <variableValue variable="AGENB[year]">
    <value valueType="integer">2</value>
  </variableValue>
  <variableValue variable="AGEWED[year]">
    <value valueType="integer">5</value>
  </variableValue>
  <variableValue variable="AGFRN[year]">
    <value valueType="integer">3</value>
  </variableValue>
  <variableValue variable="AGREE[year]">
    <value valueType="integer">11</value>
  </variableValue>
  <variableValue variable="ALCOHOL[year]">
    <value valueType="integer">5</value>
  </variableValue>
  <variableValue variable="Apdemp[year]">
    <value valueType="decimal">43.65541114473813</value>
  </variableValue>
  <variableValue variable="ART[year]">
    <value valueType="integer">2</value>
  </variableValue>
  <variableValue variable="BDATE_DY">
    <value valueType="integer">50</value>
  </variableValue>
  <variableValue variable="BDATE_MO">
    <value valueType="integer">22</value>
  </variableValue>
  <variableValue variable="BDATE_YR">
    <value valueType="integer">62</value>
  </variableValue>
  <variableValue variable="BEEF[year]">
    <value valueType="integer">4</value>
  </variableValue>
  <variableValue variable="BEER[year]">
    <value valueType="integer">64</value>
  </variableValue>
  <variableValue variable="BLDLK[year]">
    <value valueType="integer">2</value>
  </variableValue>
  <variableValue variable="BLOODPRE[year]">
    <value valueType="integer">2</value>
  </variableValue>
  <variableValue variable="BOOK[year]">
    <value valueType="integer">2</value>
  </variableValue>
  <variableValue variable="BRUSH[year]">
    <value valueType="integer">85</value>
  </variableValue>
  <variableValue variable="BUTTER[year]">
    <value valueType="integer">4</value>
  </variableValue>
  <variableValue variable="BUYFAT[year]">
    <value valueType="integer">1</value>
  </variableValue>
  <variableValue variable="BUYSALT[year]">
    <value valueType="integer">3</value>
  </variableValue>
  <variableValue variable="CANCHK[year]">
    <value valueType="integer">2</value>
  </variableValue>
  <variableValue variable="cards[year]">
    <value valueType="decimal">12.406169823830881</value>
  </variableValue>
  <variableValue variable="CATARACT[year]">
    <value valueType="integer">1</value>
  </variableValue>
  <variableValue variable="CHKFAT[year]">
    <value valueType="integer">1</value>
  </variableValue>
  <variableValue variable="CHOLES[year]">
    <value valueType="integer">3</value>
  </variableValue>
  <variableValue variable="chur[year]">
    <value valueType="decimal">7.521280834238587</value>
  </variableValue>
  <variableValue variable="CIGARDAY[year]">
    <value valueType="integer">1</value>
  </variableValue>
  <variableValue variable="CIGARS[year]">
    <value valueType="integer">5</value>
  </variableValue>
  <variableValue variable="CIGDAY[year]">
    <value valueType="integer">4</value>
  </variableValue>
  <variableValue variable="CIGS[year]">
    <value valueType="integer">3</value>
  </variableValue>
  <variableValue variable="CLNAIR[year]">
    <value valueType="integer">5</value>
  </variableValue>
  <variableValue variable="COFFEE[year]">
    <value valueType="integer">2</value>
  </variableValue>
  <variableValue variable="CONSCIEN[year]">
    <value valueType="integer">25</value>
  </variableValue>
  <variableValue variable="cook[year]">
    <value valueType="decimal">38.69594142950841</value>
  </variableValue>
  <variableValue variable="COOKBUT[year]">
    <value valueType="integer">2</value>
  </variableValue>
  <variableValue variable="CORS[year]">
    <value valueType="integer">1</value>
  </variableValue>
  <variableValue variable="crafts[year]">
    <value valueType="decimal">26.349192306667447</value>
  </variableValue>
  <variableValue variable="crdp1[year]">
    <value valueType="integer">15</value>
  </variableValue>
  <variableValue variable="crdp2[year]">
    <value valueType="integer">24</value>
  </variableValue>
  <variableValue variable="cult[year]">
    <value valueType="decimal">44.492943673603236</value>
  </variableValue>
  <variableValue variable="dance[year]">
    <value valueType="decimal">71.91854953320146</value>
  </variableValue>
  <variableValue variable="DENTIST[year]">
    <value valueType="integer">1</value>
  </variableValue>
  <variableValue variable="DENTURE[year]">
    <value valueType="integer">1</value>
  </variableValue>
  <variableValue variable="DIABET[year]">
    <value valueType="integer">1</value>
  </variableValue>
  <variableValue variable="DRMAM[year]">
    <value valueType="integer">2</value>
  </variableValue>
  <variableValue variable="DRVISIT[year]">
    <value valueType="integer">85</value>
  </variableValue>
  <variableValue variable="dydrm[year]">
    <value valueType="decimal">97.01369770397159</value>
  </variableValue>
  <variableValue variable="EARCHK[year]">
    <value valueType="integer">1</value>
  </variableValue>
  <variableValue variable="eatout[year]">
    <value valueType="decimal">48.11856410632949</value>
  </variableValue>
  <variableValue variable="EATSALT[year]">
    <value valueType="integer">3</value>
  </variableValue>
  <variableValue variable="edact[year]">
    <value valueType="decimal">9.609157034958049</value>
  </variableValue>
  <variableValue variable="educ">
    <value valueType="integer">37</value>
  </variableValue>
  <variableValue variable="EDUC[year]">
    <value valueType="integer">48</value>
  </variableValue>
  <variableValue variable="EGG[year]">
    <value valueType="integer">4</value>
  </variableValue>
  <variableValue variable="eldcar[year]">
    <value valueType="decimal">28.842128447528182</value>
  </variableValue>
  <variableValue variable="ELDCAR[year]">
    <value valueType="decimal">97.14682182616772</value>
  </variableValue>
  <variableValue variable="ENT1[year]">
    <value valueType="integer">10</value>
  </variableValue>
  <variableValue variable="ENT2[year]">
    <value valueType="integer">10</value>
  </variableValue>
  <variableValue variable="ENT3[year]">
    <value valueType="integer">14</value>
  </variableValue>
  <variableValue variable="eth[year]">
    <value valueType="integer">34</value>
  </variableValue>
  <variableValue variable="EXCERTOT[year]">
    <value valueType="decimal">31.490887467167962</value>
  </variableValue>
  <variableValue variable="EXCERWK[year]">
    <value valueType="integer">86</value>
  </variableValue>
  <variableValue variable="EXTRAVER[year]">
    <value valueType="integer">42</value>
  </variableValue>
  <variableValue variable="EYECHG[year]">
    <value valueType="integer">6</value>
  </variableValue>
  <variableValue variable="EYECHK[year]">
    <value valueType="integer">0</value>
  </variableValue>
  <variableValue variable="EYEGLAS[year]">
    <value valueType="integer">2</value>
  </variableValue>
  <variableValue variable="FAGE[year]">
    <value valueType="integer">86</value>
  </variableValue>
  <variableValue variable="FAITH[year]">
    <value valueType="integer">2</value>
  </variableValue>
  <variableValue variable="FALLS[year]">
    <value valueType="integer">1</value>
  </variableValue>
  <variableValue variable="FCAUSE[year]">
    <value valueType="integer">7</value>
  </variableValue>
  <variableValue variable="FDIE[year]">
    <value valueType="integer">25</value>
  </variableValue>
  <variableValue variable="FIC[year]">
    <value valueType="integer">44</value>
  </variableValue>
  <variableValue variable="fit[year]">
    <value valueType="decimal">2.578542327634692</value>
  </variableValue>
  <variableValue variable="FLIVE[year]">
    <value valueType="integer">1</value>
  </variableValue>
  <variableValue variable="FLOSS[year]">
    <value valueType="integer">6</value>
  </variableValue>
  <variableValue variable="FLUSHOT[year]">
    <value valueType="integer">4</value>
  </variableValue>
  <variableValue variable="fr[year]">
    <value valueType="integer">37</value>
  </variableValue>
  <variableValue variable="fratt[year]">
    <value valueType="integer">7</value>
  </variableValue>
  <variableValue variable="frcr[year]">
    <value valueType="integer">43</value>
  </variableValue>
  <variableValue variable="fromt[year]">
    <value valueType="integer">0</value>
  </variableValue>
  <variableValue variable="frwg[year]">
    <value valueType="integer">93</value>
  </variableValue>
  <variableValue variable="game[year]">
    <value valueType="decimal">72.1787377710066</value>
  </variableValue>
  <variableValue variable="gds[year]1 –  gds[year]30">
    <value valueType="integer">0</value>
  </variableValue>
  <variableValue variable="gdstot[year]">
    <value valueType="integer">29</value>
  </variableValue>
  <variableValue variable="HANDS[year]">
    <value valueType="decimal">90.75380967540896</value>
  </variableValue>
  <variableValue variable="HARDLIQ[year]">
    <value valueType="integer">46</value>
  </variableValue>
  <variableValue variable="HEALTHCH[year]">
    <value valueType="integer">3</value>
  </variableValue>
  <variableValue variable="HEARAID[year]">
    <value valueType="integer">0</value>
  </variableValue>
  <variableValue variable="HEARCHG[year]">
    <value valueType="integer">7</value>
  </variableValue>
  <variableValue variable="HEARSPEC[year]">
    <value valueType="integer">2</value>
  </variableValue>
  <variableValue variable="HEART[year]">
    <value valueType="integer">2</value>
  </variableValue>
  <variableValue variable="HEIGHT[year]">
    <value valueType="integer">84</value>
  </variableValue>
  <variableValue variable="HHEIGHT[year]">
    <value valueType="integer">11</value>
  </variableValue>
  <variableValue variable="HIGHBLOO[year]">
    <value valueType="integer">2</value>
  </variableValue>
  <variableValue variable="HJOBTP[year]">
    <value valueType="integer">8</value>
  </variableValue>
  <variableValue variable="HMKHD[year]">
    <value valueType="decimal">65.22979037275736</value>
  </variableValue>
  <variableValue variable="HMKJB[year]">
    <value valueType="integer">63</value>
  </variableValue>
  <variableValue variable="HMKPE[year]">
    <value valueType="decimal">94.75300731092273</value>
  </variableValue>
  <variableValue variable="HMKPRS[year]">
    <value valueType="integer">2</value>
  </variableValue>
  <variableValue variable="HMKR[year]">
    <value valueType="integer">67</value>
  </variableValue>
  <variableValue variable="HMKRD[year]">
    <value valueType="decimal">3.3044482316245682</value>
  </variableValue>
  <variableValue variable="HOSDAYS[year]">
    <value valueType="integer">38</value>
  </variableValue>
  <variableValue variable="HOSVISIT[year]">
    <value valueType="integer">0</value>
  </variableValue>
  <variableValue variable="HWEIGHT[year]">
    <value valueType="integer">98</value>
  </variableValue>
  <variableValue variable="INC[year]">
    <value valueType="integer">14</value>
  </variableValue>
  <variableValue variable="INC84[year]">
    <value valueType="integer">4</value>
  </variableValue>
  <variableValue variable="instr[year]">
    <value valueType="decimal">46.53688759268444</value>
  </variableValue>
  <variableValue variable="ir[year]a1 - ir[year]a20">
    <value valueType="integer">0</value>
  </variableValue>
  <variableValue variable="ir[year]b1 - ir[year]b20">
    <value valueType="integer">1</value>
  </variableValue>
  <variableValue variable="JOBLEN[year]">
    <value valueType="integer">3</value>
  </variableValue>
  <variableValue variable="JOBTYP[year]">
    <value valueType="integer">1</value>
  </variableValue>
  <variableValue variable="kidcar[year]">
    <value valueType="decimal">57.209660369682645</value>
  </variableValue>
  <variableValue variable="LAMB[year]">
    <value valueType="integer">1</value>
  </variableValue>
  <variableValue variable="lettot[year]">
    <value valueType="integer">79</value>
  </variableValue>
  <variableValue variable="LFST84[year]">
    <value valueType="integer">5</value>
  </variableValue>
  <variableValue variable="LIFSAT[year]">
    <value valueType="integer">5</value>
  </variableValue>
  <variableValue variable="LIVESMOK[year]">
    <value valueType="integer">3</value>
  </variableValue>
  <variableValue variable="ls[year]">
    <value valueType="integer">6</value>
  </variableValue>
  <variableValue variable="LSTJOB[year]">
    <value valueType="integer">4</value>
  </variableValue>
  <variableValue variable="LVNGWILL[year]">
    <value valueType="integer">2</value>
  </variableValue>
  <variableValue variable="MAGE[year]">
    <value valueType="integer">91</value>
  </variableValue>
  <variableValue variable="MAM[year]">
    <value valueType="integer">2</value>
  </variableValue>
  <variableValue variable="MAM2YR[year]">
    <value valueType="integer">1</value>
  </variableValue>
  <variableValue variable="MAMAGE[year]">
    <value valueType="integer">92</value>
  </variableValue>
  <variableValue variable="MAMEXAM[year]">
    <value valueType="integer">6</value>
  </variableValue>
  <variableValue variable="MASTECT[year]">
    <value valueType="integer">1</value>
  </variableValue>
  <variableValue variable="MCAUSE[year]">
    <value valueType="integer">11</value>
  </variableValue>
  <variableValue variable="MDIE[year]">
    <value valueType="integer">78</value>
  </variableValue>
  <variableValue variable="MED[year]">
    <value valueType="integer">1</value>
  </variableValue>
  <variableValue variable="MENAGE[year]">
    <value valueType="integer">96</value>
  </variableValue>
  <variableValue variable="MENHIST[year]">
    <value valueType="integer">82</value>
  </variableValue>
  <variableValue variable="MENSIT[year]">
    <value valueType="integer">3</value>
  </variableValue>
  <variableValue variable="MFQ[year]1">
    <value valueType="decimal">7.429801571935057</value>
  </variableValue>
  <variableValue variable="MFQ[year]2A">
    <value valueType="decimal">50.37643218137093</value>
  </variableValue>
  <variableValue variable="MFQ[year]2B">
    <value valueType="decimal">20.048928811395296</value>
  </variableValue>
  <variableValue variable="MFQ[year]2C">
    <value valueType="decimal">41.11911477569112</value>
  </variableValue>
  <variableValue variable="MFQ[year]2D">
    <value valueType="decimal">31.219468248998417</value>
  </variableValue>
  <variableValue variable="MFQ[year]2E">
    <value valueType="decimal">17.684850651681515</value>
  </variableValue>
  <variableValue variable="MFQ[year]3A">
    <value valueType="decimal">64.76818494795266</value>
  </variableValue>
  <variableValue variable="MFQ[year]3B">
    <value valueType="decimal">29.548668777411702</value>
  </variableValue>
  <variableValue variable="MFQ[year]3C">
    <value valueType="decimal">93.85903017981153</value>
  </variableValue>
  <variableValue variable="MFQ[year]3D">
    <value valueType="decimal">64.36812609907402</value>
  </variableValue>
  <variableValue variable="MFQ[year]3E">
    <value valueType="decimal">97.50726517184935</value>
  </variableValue>
  <variableValue variable="MFQ[year]3F">
    <value valueType="decimal">59.49968963052835</value>
  </variableValue>
  <variableValue variable="MFQ[year]3G">
    <value valueType="decimal">95.26112700283925</value>
  </variableValue>
  <variableValue variable="MFQ[year]3H">
    <value valueType="decimal">1.855954998497833</value>
  </variableValue>
  <variableValue variable="MFQ[year]3I">
    <value valueType="decimal">57.155966301890345</value>
  </variableValue>
  <variableValue variable="MFQ[year]3J">
    <value valueType="decimal">50.80807994891088</value>
  </variableValue>
  <variableValue variable="MFQ[year]3K">
    <value valueType="decimal">25.973878706268426</value>
  </variableValue>
  <variableValue variable="MFQ[year]3L">
    <value valueType="decimal">27.103783562479144</value>
  </variableValue>
  <variableValue variable="MFQ[year]3M">
    <value valueType="decimal">17.911743671111523</value>
  </variableValue>
  <variableValue variable="MFQ[year]3N">
    <value valueType="decimal">82.05620608907806</value>
  </variableValue>
  <variableValue variable="MFQ[year]3O">
    <value valueType="decimal">41.92935635536421</value>
  </variableValue>
  <variableValue variable="MFQ[year]3P">
    <value valueType="decimal">21.050806156787306</value>
  </variableValue>
  <variableValue variable="MFQ[year]3Q">
    <value valueType="decimal">23.586519403220173</value>
  </variableValue>
  <variableValue variable="MFQ[year]3R">
    <value valueType="decimal">12.017347890284302</value>
  </variableValue>
  <variableValue variable="MFQ[year]4A">
    <value valueType="decimal">57.665602156771136</value>
  </variableValue>
  <variableValue variable="MFQ[year]4B">
    <value valueType="decimal">79.0349118182317</value>
  </variableValue>
  <variableValue variable="MFQ[year]4C">
    <value valueType="decimal">87.20864557457811</value>
  </variableValue>
  <variableValue variable="MFQ[year]4D">
    <value valueType="decimal">12.60577275451431</value>
  </variableValue>
  <variableValue variable="MFQ[year]4E">
    <value valueType="decimal">1.9827387094535576</value>
  </variableValue>
  <variableValue variable="MFQ[year]5A">
    <value valueType="decimal">28.087094363577194</value>
  </variableValue>
  <variableValue variable="MFQ[year]5B">
    <value valueType="decimal">24.343433982641795</value>
  </variableValue>
  <variableValue variable="MFQ[year]5C">
    <value valueType="decimal">61.858382892931616</value>
  </variableValue>
  <variableValue variable="MFQ[year]5D">
    <value valueType="decimal">57.8257897079601</value>
  </variableValue>
  <variableValue variable="MFQ[year]5E">
    <value valueType="decimal">8.391052608299498</value>
  </variableValue>
  <variableValue variable="MFQ[year]6A">
    <value valueType="decimal">86.70027815974912</value>
  </variableValue>
  <variableValue variable="MFQ[year]6B">
    <value valueType="decimal">0.6497785300961012</value>
  </variableValue>
  <variableValue variable="MFQ[year]6C">
    <value valueType="decimal">51.64383859515509</value>
  </variableValue>
  <variableValue variable="MFQ[year]6D">
    <value valueType="decimal">9.182062458935436</value>
  </variableValue>
  <variableValue variable="MFQ[year]7A">
    <value valueType="decimal">76.36386567465247</value>
  </variableValue>
  <variableValue variable="MFQ[year]7B">
    <value valueType="decimal">52.64324625336461</value>
  </variableValue>
  <variableValue variable="MFQ[year]7C">
    <value valueType="decimal">66.55717754626936</value>
  </variableValue>
  <variableValue variable="MFQ[year]7D">
    <value valueType="decimal">52.97242196128716</value>
  </variableValue>
  <variableValue variable="MFQ[year]7E">
    <value valueType="decimal">50.38156595321496</value>
  </variableValue>
  <variableValue variable="MFQ[year]7F">
    <value valueType="decimal">43.40606606703599</value>
  </variableValue>
  <variableValue variable="MFQ[year]7G">
    <value valueType="decimal">28.371172036054915</value>
  </variableValue>
  <variableValue variable="MFQ[year]7H">
    <value valueType="decimal">16.22911603915046</value>
  </variableValue>
  <variableValue variable="MFQ[year]7I">
    <value valueType="decimal">70.45855283644507</value>
  </variableValue>
  <variableValue variable="MFQ[year]7J">
    <value valueType="decimal">31.668223277064854</value>
  </variableValue>
  <variableValue variable="MFQ[year]7K">
    <value valueType="decimal">53.80754155472183</value>
  </variableValue>
  <variableValue variable="MFQ[year]7L">
    <value valueType="decimal">59.49255738411896</value>
  </variableValue>
  <variableValue variable="MFQ[year]7M">
    <value valueType="decimal">13.156789004685221</value>
  </variableValue>
  <variableValue variable="MFQ[year]7N">
    <value valueType="decimal">83.37945332913854</value>
  </variableValue>
  <variableValue variable="MFQ[year]7O">
    <value valueType="decimal">56.28082404093529</value>
  </variableValue>
  <variableValue variable="MFQ[year]7P">
    <value valueType="decimal">15.413582605759423</value>
  </variableValue>
  <variableValue variable="MFQ[year]7Q">
    <value valueType="decimal">32.26353457142104</value>
  </variableValue>
  <variableValue variable="MFQ[year]7R">
    <value valueType="decimal">77.52030520235813</value>
  </variableValue>
  <variableValue variable="MFQ[year]8A">
    <value valueType="decimal">76.12982065135736</value>
  </variableValue>
  <variableValue variable="MFQ[year]8B">
    <value valueType="decimal">49.29918421260866</value>
  </variableValue>
  <variableValue variable="MFQ[year]8C">
    <value valueType="decimal">56.88954607895741</value>
  </variableValue>
  <variableValue variable="MFQ[year]8D">
    <value valueType="decimal">31.54869815174457</value>
  </variableValue>
  <variableValue variable="MFQ[year]8E">
    <value valueType="decimal">39.42084285869839</value>
  </variableValue>
  <variableValue variable="MFQ[year]8F">
    <value valueType="decimal">63.49567668313173</value>
  </variableValue>
  <variableValue variable="MFQ[year]8G">
    <value valueType="decimal">16.376671866339464</value>
  </variableValue>
  <variableValue variable="MFQ[year]8H">
    <value valueType="decimal">73.91418851915064</value>
  </variableValue>
  <variableValue variable="MFQ1[year]">
    <value valueType="integer">34</value>
  </variableValue>
  <variableValue variable="mfq1[year]">
    <value valueType="decimal">68.85621345492221</value>
  </variableValue>
  <variableValue variable="MFQ2[year]">
    <value valueType="integer">85</value>
  </variableValue>
  <variableValue variable="mfq2[year]">
    <value valueType="decimal">6.239116386685262</value>
  </variableValue>
  <variableValue variable="MFQ3[year]">
    <value valueType="integer">41</value>
  </variableValue>
  <variableValue variable="mfq3[year]">
    <value valueType="decimal">12.403796704136749</value>
  </variableValue>
  <variableValue variable="MFQ4[year]">
    <value valueType="integer">96</value>
  </variableValue>
  <variableValue variable="mfq4[year]">
    <value valueType="decimal">48.088845969016894</value>
  </variableValue>
  <variableValue variable="MLIVE[year]">
    <value valueType="integer">3</value>
  </variableValue>
  <variableValue variable="MOMWK[year]">
    <value valueType="integer">0</value>
  </variableValue>
  <variableValue variable="movie[year]">
    <value valueType="decimal">48.13210839632279</value>
  </variableValue>
  <variableValue variable="MSTA84[year]">
    <value valueType="integer">2</value>
  </variableValue>
  <variableValue variable="MSTAT[year]">
    <value valueType="integer">1</value>
  </variableValue>
  <variableValue variable="NBKS[year]">
    <value valueType="integer">20</value>
  </variableValue>
  <variableValue variable="NCONF[year]">
    <value valueType="integer">6</value>
  </variableValue>
  <variableValue variable="NEEDCATA[year]">
    <value valueType="integer">3</value>
  </variableValue>
  <variableValue variable="NEMP[year]">
    <value valueType="integer">16</value>
  </variableValue>
  <variableValue variable="NEUROTIC[year]">
    <value valueType="integer">79</value>
  </variableValue>
  <variableValue variable="NEWPRNT[year]">
    <value valueType="integer">1</value>
  </variableValue>
  <variableValue variable="nfr[year]">
    <value valueType="integer">77</value>
  </variableValue>
  <variableValue variable="NFRN[year]">
    <value valueType="integer">32</value>
  </variableValue>
  <variableValue variable="NGRNKD[year]">
    <value valueType="integer">51</value>
  </variableValue>
  <variableValue variable="NJOB[year]">
    <value valueType="integer">89</value>
  </variableValue>
  <variableValue variable="NKDHM[year]">
    <value valueType="integer">47</value>
  </variableValue>
  <variableValue variable="NKIDS[year]">
    <value valueType="integer">13</value>
  </variableValue>
  <variableValue variable="NMAG[year]">
    <value valueType="integer">73</value>
  </variableValue>
  <variableValue variable="NMOV[year]">
    <value valueType="integer">74</value>
  </variableValue>
  <variableValue variable="NMTG[year]">
    <value valueType="integer">7</value>
  </variableValue>
  <variableValue variable="NNEIG[year]">
    <value valueType="integer">1</value>
  </variableValue>
  <variableValue variable="NOBR[year]">
    <value valueType="integer">77</value>
  </variableValue>
  <variableValue variable="NOISE[year]">
    <value valueType="integer">1</value>
  </variableValue>
  <variableValue variable="NONFIC[year]">
    <value valueType="integer">74</value>
  </variableValue>
  <variableValue variable="nor[year]">
    <value valueType="integer">33</value>
  </variableValue>
  <variableValue variable="norcr[year]">
    <value valueType="integer">0</value>
  </variableValue>
  <variableValue variable="NOSIS[year]">
    <value valueType="integer">64</value>
  </variableValue>
  <variableValue variable="NOWRK[year]">
    <value valueType="integer">5</value>
  </variableValue>
  <variableValue variable="NRMS[year]">
    <value valueType="integer">83</value>
  </variableValue>
  <variableValue variable="nsp08">
    <value valueType="integer">58</value>
  </variableValue>
  <variableValue variable="NSTATE[year]">
    <value valueType="integer">12</value>
  </variableValue>
  <variableValue variable="NTRAD[year]">
    <value valueType="integer">16</value>
  </variableValue>
  <variableValue variable="NTRIPS[year]">
    <value valueType="integer">52</value>
  </variableValue>
  <variableValue variable="numtot[year]">
    <value valueType="integer">92</value>
  </variableValue>
  <variableValue variable="NVISIT[year]">
    <value valueType="integer">3</value>
  </variableValue>
  <variableValue variable="NWED[year]">
    <value valueType="integer">10</value>
  </variableValue>
  <variableValue variable="NYBR[year]">
    <value valueType="integer">5</value>
  </variableValue>
  <variableValue variable="NYSIS[year]">
    <value valueType="integer">40</value>
  </variableValue>
  <variableValue variable="OBGYN[year]">
    <value valueType="integer">5</value>
  </variableValue>
  <variableValue variable="OCC[year]">
    <value valueType="integer">9</value>
  </variableValue>
  <variableValue variable="OCC84[year]">
    <value valueType="integer">7</value>
  </variableValue>
  <variableValue variable="OPEN[year]">
    <value valueType="integer">72</value>
  </variableValue>
  <variableValue variable="or[year]">
    <value valueType="integer">44</value>
  </variableValue>
  <variableValue variable="oratt[year]">
    <value valueType="integer">11</value>
  </variableValue>
  <variableValue variable="ORGAN[year]">
    <value valueType="integer">2</value>
  </variableValue>
  <variableValue variable="oromt[year]">
    <value valueType="integer">36</value>
  </variableValue>
  <variableValue variable="orwg[year]">
    <value valueType="integer">62</value>
  </variableValue>
  <variableValue variable="OTJ[year]">
    <value valueType="integer">1</value>
  </variableValue>
  <variableValue variable="outhob[year]">
    <value valueType="decimal">39.652926335703306</value>
  </variableValue>
  <variableValue variable="OWNHM[year]">
    <value valueType="integer">0</value>
  </variableValue>
  <variableValue variable="PAINREL[year]">
    <value valueType="integer">3</value>
  </variableValue>
  <variableValue variable="PAP[year]">
    <value valueType="integer">3</value>
  </variableValue>
  <variableValue variable="party[year]">
    <value valueType="decimal">8.921869554453698</value>
  </variableValue>
  <variableValue variable="pase1">
    <value valueType="integer">1</value>
  </variableValue>
  <variableValue variable="pase10">
    <value valueType="integer">1</value>
  </variableValue>
  <variableValue variable="pase10a">
    <value valueType="decimal">81.05014102614454</value>
  </variableValue>
  <variableValue variable="pase10b">
    <value valueType="integer">1</value>
  </variableValue>
  <variableValue variable="pase1b">
    <value valueType="integer">4</value>
  </variableValue>
  <variableValue variable="pase2">
    <value valueType="integer">0</value>
  </variableValue>
  <variableValue variable="pase2a">
    <value valueType="integer">3</value>
  </variableValue>
  <variableValue variable="pase3">
    <value valueType="integer">0</value>
  </variableValue>
  <variableValue variable="pase3b">
    <value valueType="integer">3</value>
  </variableValue>
  <variableValue variable="pase4">
    <value valueType="integer">3</value>
  </variableValue>
  <variableValue variable="pase4b">
    <value valueType="integer">2</value>
  </variableValue>
  <variableValue variable="pase5">
    <value valueType="integer">2</value>
  </variableValue>
  <variableValue variable="pase5b">
    <value valueType="integer">2</value>
  </variableValue>
  <variableValue variable="pase6">
    <value valueType="integer">3</value>
  </variableValue>
  <variableValue variable="pase6b">
    <value valueType="integer">3</value>
  </variableValue>
  <variableValue variable="pase7">
    <value valueType="integer">1</value>
  </variableValue>
  <variableValue variable="pase8">
    <value valueType="integer">0</value>
  </variableValue>
  <variableValue variable="pase9a - pase9d">
    <value valueType="integer">1</value>
  </variableValue>
  <variableValue variable="pattot[year]">
    <value valueType="integer">36</value>
  </variableValue>
  <variableValue variable="PDEMP[year]">
    <value valueType="integer">1</value>
  </variableValue>
  <variableValue variable="PEOP[year]">
    <value valueType="decimal">11.5905211415137</value>
  </variableValue>
  <variableValue variable="pets[year]">
    <value valueType="decimal">62.852924097179255</value>
  </variableValue>
  <variableValue variable="phone[year]">
    <value valueType="decimal">34.91780803196848</value>
  </variableValue>
  <variableValue variable="picnic[year]">
    <value valueType="decimal">19.02099251861057</value>
  </variableValue>
  <variableValue variable="PIPEDAY[year]">
    <value valueType="integer">1</value>
  </variableValue>
  <variableValue variable="PIPES[year]">
    <value valueType="integer">6</value>
  </variableValue>
  <variableValue variable="pirr1[year]">
    <value valueType="integer">88</value>
  </variableValue>
  <variableValue variable="pirr2[year]">
    <value valueType="integer">8</value>
  </variableValue>
  <variableValue variable="PORK[year]">
    <value valueType="integer">4</value>
  </variableValue>
  <variableValue variable="ppr1[year]">
    <value valueType="integer">65</value>
  </variableValue>
  <variableValue variable="ppr2[year]">
    <value valueType="integer">8</value>
  </variableValue>
  <variableValue variable="ppr3[year]">
    <value valueType="integer">97</value>
  </variableValue>
  <variableValue variable="pray[year]">
    <value valueType="decimal">27.71652569801395</value>
  </variableValue>
  <variableValue variable="PRESR[year]">
    <value valueType="integer">2</value>
  </variableValue>
  <variableValue variable="PRO2YR[year]">
    <value valueType="integer">1</value>
  </variableValue>
  <variableValue variable="PROAGE[year]">
    <value valueType="integer">1</value>
  </variableValue>
  <variableValue variable="PROENLAR[year]">
    <value valueType="integer">2</value>
  </variableValue>
  <variableValue variable="PROEXAM[year]">
    <value valueType="integer">63</value>
  </variableValue>
  <variableValue variable="PROS[year]">
    <value valueType="integer">1</value>
  </variableValue>
  <variableValue variable="PROSUC[year]">
    <value valueType="integer">2</value>
  </variableValue>
  <variableValue variable="PRSC84[year]">
    <value valueType="integer">4</value>
  </variableValue>
  <variableValue variable="radio[year]">
    <value valueType="decimal">74.56035758507203</value>
  </variableValue>
  <variableValue variable="RDPAPR[year]">
    <value valueType="integer">1</value>
  </variableValue>
  <variableValue variable="RDWRIT[year]">
    <value valueType="decimal">4.186632580130356</value>
  </variableValue>
  <variableValue variable="read[year]">
    <value valueType="decimal">99.27665348828249</value>
  </variableValue>
  <variableValue variable="REGULAR[year]">
    <value valueType="integer">1</value>
  </variableValue>
  <variableValue variable="REMAR[year]">
    <value valueType="integer">45</value>
  </variableValue>
  <variableValue variable="rv[year]">
    <value valueType="integer">79</value>
  </variableValue>
  <variableValue variable="SAFE[year]">
    <value valueType="integer">1</value>
  </variableValue>
  <variableValue variable="SBHWY[year]">
    <value valueType="integer">1</value>
  </variableValue>
  <variableValue variable="SBTOWN[year]">
    <value valueType="integer">3</value>
  </variableValue>
  <variableValue variable="SELFBLOO[year]">
    <value valueType="integer">2</value>
  </variableValue>
  <variableValue variable="selfim[year]">
    <value valueType="decimal">13.615022695227408</value>
  </variableValue>
  <variableValue variable="SELFMAM[year]">
    <value valueType="integer">1</value>
  </variableValue>
  <variableValue variable="sex">
    <value valueType="integer">1</value>
  </variableValue>
  <variableValue variable="shop[year]">
    <value valueType="decimal">35.52817492267641</value>
  </variableValue>
  <variableValue variable="SIBS[year]">
    <value valueType="integer">77</value>
  </variableValue>
  <variableValue variable="SLEEP[year]">
    <value valueType="integer">2</value>
  </variableValue>
  <variableValue variable="smdvh[year]">
    <value valueType="integer">100</value>
  </variableValue>
  <variableValue variable="smdvl[year]">
    <value valueType="integer">20</value>
  </variableValue>
  <variableValue variable="SMK[year]">
    <value valueType="integer">0</value>
  </variableValue>
  <variableValue variable="SMOKE[year]">
    <value valueType="integer">3</value>
  </variableValue>
  <variableValue variable="SMOKEPAS[year]">
    <value valueType="decimal">98.31206813451799</value>
  </variableValue>
  <variableValue variable="SODA[year]">
    <value valueType="integer">1</value>
  </variableValue>
  <variableValue variable="SODIUM[year]">
    <value valueType="integer">4</value>
  </variableValue>
  <variableValue variable="SPBRN[year]">
    <value valueType="integer">25</value>
  </variableValue>
  <variableValue variable="spec[year]">
    <value valueType="decimal">21.228119962357294</value>
  </variableValue>
  <variableValue variable="SPEED[year]">
    <value valueType="integer">1</value>
  </variableValue>
  <variableValue variable="SPOCC[year]">
    <value valueType="integer">8</value>
  </variableValue>
  <variableValue variable="sport[year]">
    <value valueType="decimal">22.295526217896423</value>
  </variableValue>
  <variableValue variable="SPRVIS[year]">
    <value valueType="integer">2</value>
  </variableValue>
  <variableValue variable="SREYE[year]">
    <value valueType="integer">2</value>
  </variableValue>
  <variableValue variable="srh[year]">
    <value valueType="integer">1</value>
  </variableValue>
  <variableValue variable="SRHEALTH">
    <value valueType="integer">6</value>
  </variableValue>
  <variableValue variable="SRHEAR[year]">
    <value valueType="integer">2</value>
  </variableValue>
  <variableValue variable="sstot[year]">
    <value valueType="integer">27</value>
  </variableValue>
  <variableValue variable="STAIRS[year]">
    <value valueType="integer">3</value>
  </variableValue>
  <variableValue variable="TEA[year]">
    <value valueType="integer">4</value>
  </variableValue>
  <variableValue variable="TRAF[year]">
    <value valueType="integer">0</value>
  </variableValue>
  <variableValue variable="travel[year]">
    <value valueType="decimal">88.52594182885997</value>
  </variableValue>
  <variableValue variable="TREES[year]">
    <value valueType="integer">3</value>
  </variableValue>
  <variableValue variable="TRYSTOP[year]">
    <value valueType="integer">1</value>
  </variableValue>
  <variableValue variable="tv[year]">
    <value valueType="decimal">20.874573965320053</value>
  </variableValue>
  <variableValue variable="TYPBLD[year]">
    <value valueType="integer">5</value>
  </variableValue>
  <variableValue variable="UNIVEX[year]">
    <value valueType="integer">1</value>
  </variableValue>
  <variableValue variable="VEAL[year]">
    <value valueType="integer">5</value>
  </variableValue>
  <variableValue variable="vis[year]">
    <value valueType="decimal">1.0843619239102265</value>
  </variableValue>
  <variableValue variable="vocab1[year]">
    <value valueType="integer">22</value>
  </variableValue>
  <variableValue variable="vocab2[year]">
    <value valueType="integer">17</value>
  </variableValue>
  <variableValue variable="VOCAT[year]">
    <value valueType="integer">1</value>
  </variableValue>
  <variableValue variable="vol[year]">
    <value valueType="decimal">51.3617272825269</value>
  </variableValue>
  <variableValue variable="walk[year]">
    <value valueType="decimal">8.8968013809553</value>
  </variableValue>
  <variableValue variable="WALK[year]">
    <value valueType="integer">1</value>
  </variableValue>
  <variableValue variable="wdflu[year]">
    <value valueType="integer">73</value>
  </variableValue>
  <variableValue variable="WEIGHT[year]">
    <value valueType="integer">72</value>
  </variableValue>
  <variableValue variable="WELL[year]">
    <value valueType="integer">1</value>
  </variableValue>
  <variableValue variable="WINE[year]">
    <value valueType="integer">56</value>
  </variableValue>
  <variableValue variable="write[year]">
    <value valueType="decimal">28.404764167009876</value>
  </variableValue>
  <variableValue variable="WRKPLC[year]">
    <value valueType="integer">3</value>
  </variableValue>
  <variableValue variable="WRKTYP[year]">
    <value valueType="integer">1</value>
  </variableValue>
  <variableValue variable="ws[year]">
    <value valueType="integer">99</value>
  </variableValue>
  <variableValue variable="YEAROP[year]">
    <value valueType="integer">65</value>
  </variableValue>
  <variableValue variable="YRQUIT[year]">
    <value valueType="integer">95</value>
  </variableValue>
  <variableValue variable="YRRET[year]">
    <value valueType="integer">12</value>
  </variableValue>
  <variableValue variable="YRSMOKE[year]">
    <value valueType="decimal">6.051139102562264</value>
  </variableValue>
</valueSet>