<valueSet valueTable="2008" entityType="Participant" entityIdentifier="12261245">
  <variableValue variable="ADLTED[year]">
    <value valueType="integer">1</value>
  </variableValue>
  <variableValue variable="ADVDIR[year]">
    <value valueType="integer">1</value>
  </variableValue>
  <variableValue variable="age[year]">
    <value valueType="integer">3</value>
  </variableValue>
  <variableValue variable="AGEKID[year]">
    <value valueType="integer">65</value>
  </variableValue>
  <variableValue variable="AGENB[year]">
    <value valueType="integer">5</value>
  </variableValue>
  <variableValue variable="AGEWED[year]">
    <value valueType="integer">85</value>
  </variableValue>
  <variableValue variable="AGFRN[year]">
    <value valueType="integer">1</value>
  </variableValue>
  <variableValue variable="AGREE[year]">
    <value valueType="integer">58</value>
  </variableValue>
  <variableValue variable="ALCOHOL[year]">
    <value valueType="integer">3</value>
  </variableValue>
  <variableValue variable="Apdemp[year]">
    <value valueType="decimal">47.78401107433303</value>
  </variableValue>
  <variableValue variable="ART[year]">
    <value valueType="integer">3</value>
  </variableValue>
  <variableValue variable="BDATE_DY">
    <value valueType="integer">53</value>
  </variableValue>
  <variableValue variable="BDATE_MO">
    <value valueType="integer">49</value>
  </variableValue>
  <variableValue variable="BDATE_YR">
    <value valueType="integer">5</value>
  </variableValue>
  <variableValue variable="BEEF[year]">
    <value valueType="integer">2</value>
  </variableValue>
  <variableValue variable="BEER[year]">
    <value valueType="integer">45</value>
  </variableValue>
  <variableValue variable="BLDLK[year]">
    <value valueType="integer">4</value>
  </variableValue>
  <variableValue variable="BLOODPRE[year]">
    <value valueType="integer">1</value>
  </variableValue>
  <variableValue variable="BOOK[year]">
    <value valueType="integer">3</value>
  </variableValue>
  <variableValue variable="BRUSH[year]">
    <value valueType="integer">20</value>
  </variableValue>
  <variableValue variable="BUTTER[year]">
    <value valueType="integer">4</value>
  </variableValue>
  <variableValue variable="BUYFAT[year]">
    <value valueType="integer">2</value>
  </variableValue>
  <variableValue variable="BUYSALT[year]">
    <value valueType="integer">1</value>
  </variableValue>
  <variableValue variable="CANCHK[year]">
    <value valueType="integer">2</value>
  </variableValue>
  <variableValue variable="cards[year]">
    <value valueType="decimal">93.87021136580198</value>
  </variableValue>
  <variableValue variable="CATARACT[year]">
    <value valueType="integer">1</value>
  </variableValue>
  <variableValue variable="CHKFAT[year]">
    <value valueType="integer">5</value>
  </variableValue>
  <variableValue variable="CHOLES[year]">
    <value valueType="integer">3</value>
  </variableValue>
  <variableValue variable="chur[year]">
    <value valueType="decimal">59.06310607112534</value>
  </variableValue>
  <variableValue variable="CIGARDAY[year]">
    <value valueType="integer">3</value>
  </variableValue>
  <variableValue variable="CIGARS[year]">
    <value valueType="integer">6</value>
  </variableValue>
  <variableValue variable="CIGDAY[year]">
    <value valueType="integer">6</value>
  </variableValue>
  <variableValue variable="CIGS[year]">
    <value valueType="integer">1</value>
  </variableValue>
  <variableValue variable="CLNAIR[year]">
    <value valueType="integer">3</value>
  </variableValue>
  <variableValue variable="COFFEE[year]">
    <value valueType="integer">1</value>
  </variableValue>
  <variableValue variable="CONSCIEN[year]">
    <value valueType="integer">90</value>
  </variableValue>
  <variableValue variable="cook[year]">
    <value valueType="decimal">47.89080452559404</value>
  </variableValue>
  <variableValue variable="COOKBUT[year]">
    <value valueType="integer">4</value>
  </variableValue>
  <variableValue variable="CORS[year]">
    <value valueType="integer">0</value>
  </variableValue>
  <variableValue variable="crafts[year]">
    <value valueType="decimal">73.45867523408648</value>
  </variableValue>
  <variableValue variable="crdp1[year]">
    <value valueType="integer">66</value>
  </variableValue>
  <variableValue variable="crdp2[year]">
    <value valueType="integer">66</value>
  </variableValue>
  <variableValue variable="cult[year]">
    <value valueType="decimal">8.308425955745601</value>
  </variableValue>
  <variableValue variable="dance[year]">
    <value valueType="decimal">37.7858255718964</value>
  </variableValue>
  <variableValue variable="DENTIST[year]">
    <value valueType="integer">3</value>
  </variableValue>
  <variableValue variable="DENTURE[year]">
    <value valueType="integer">1</value>
  </variableValue>
  <variableValue variable="DIABET[year]">
    <value valueType="integer">2</value>
  </variableValue>
  <variableValue variable="DRMAM[year]">
    <value valueType="integer">1</value>
  </variableValue>
  <variableValue variable="DRVISIT[year]">
    <value valueType="integer">62</value>
  </variableValue>
  <variableValue variable="dydrm[year]">
    <value valueType="decimal">67.28101231152368</value>
  </variableValue>
  <variableValue variable="EARCHK[year]">
    <value valueType="integer">1</value>
  </variableValue>
  <variableValue variable="eatout[year]">
    <value valueType="decimal">51.90850679423159</value>
  </variableValue>
  <variableValue variable="EATSALT[year]">
    <value valueType="integer">2</value>
  </variableValue>
  <variableValue variable="edact[year]">
    <value valueType="decimal">89.30817390681369</value>
  </variableValue>
  <variableValue variable="educ">
    <value valueType="integer">89</value>
  </variableValue>
  <variableValue variable="EDUC[year]">
    <value valueType="integer">69</value>
  </variableValue>
  <variableValue variable="EGG[year]">
    <value valueType="integer">3</value>
  </variableValue>
  <variableValue variable="eldcar[year]">
    <value valueType="decimal">18.9734095018254</value>
  </variableValue>
  <variableValue variable="ELDCAR[year]">
    <value valueType="decimal">67.4100694104427</value>
  </variableValue>
  <variableValue variable="ENT1[year]">
    <value valueType="integer">1</value>
  </variableValue>
  <variableValue variable="ENT2[year]">
    <value valueType="integer">2</value>
  </variableValue>
  <variableValue variable="ENT3[year]">
    <value valueType="integer">14</value>
  </variableValue>
  <variableValue variable="eth[year]">
    <value valueType="integer">62</value>
  </variableValue>
  <variableValue variable="EXCERTOT[year]">
    <value valueType="decimal">69.5779723172324</value>
  </variableValue>
  <variableValue variable="EXCERWK[year]">
    <value valueType="integer">16</value>
  </variableValue>
  <variableValue variable="EXTRAVER[year]">
    <value valueType="integer">36</value>
  </variableValue>
  <variableValue variable="EYECHG[year]">
    <value valueType="integer">4</value>
  </variableValue>
  <variableValue variable="EYECHK[year]">
    <value valueType="integer">0</value>
  </variableValue>
  <variableValue variable="EYEGLAS[year]">
    <value valueType="integer">3</value>
  </variableValue>
  <variableValue variable="FAGE[year]">
    <value valueType="integer">61</value>
  </variableValue>
  <variableValue variable="FAITH[year]">
    <value valueType="integer">5</value>
  </variableValue>
  <variableValue variable="FALLS[year]">
    <value valueType="integer">7</value>
  </variableValue>
  <variableValue variable="FCAUSE[year]">
    <value valueType="integer">4</value>
  </variableValue>
  <variableValue variable="FDIE[year]">
    <value valueType="integer">95</value>
  </variableValue>
  <variableValue variable="FIC[year]">
    <value valueType="integer">10</value>
  </variableValue>
  <variableValue variable="fit[year]">
    <value valueType="decimal">71.46435062465932</value>
  </variableValue>
  <variableValue variable="FLIVE[year]">
    <value valueType="integer">2</value>
  </variableValue>
  <variableValue variable="FLOSS[year]">
    <value valueType="integer">2</value>
  </variableValue>
  <variableValue variable="FLUSHOT[year]">
    <value valueType="integer">3</value>
  </variableValue>
  <variableValue variable="fr[year]">
    <value valueType="integer">24</value>
  </variableValue>
  <variableValue variable="fratt[year]">
    <value valueType="integer">16</value>
  </variableValue>
  <variableValue variable="frcr[year]">
    <value valueType="integer">91</value>
  </variableValue>
  <variableValue variable="fromt[year]">
    <value valueType="integer">58</value>
  </variableValue>
  <variableValue variable="frwg[year]">
    <value valueType="integer">92</value>
  </variableValue>
  <variableValue variable="game[year]">
    <value valueType="decimal">59.865368723587764</value>
  </variableValue>
  <variableValue variable="gds[year]1 –  gds[year]30">
    <value valueType="integer">1</value>
  </variableValue>
  <variableValue variable="gdstot[year]">
    <value valueType="integer">74</value>
  </variableValue>
  <variableValue variable="HANDS[year]">
    <value valueType="decimal">41.0315949167815</value>
  </variableValue>
  <variableValue variable="HARDLIQ[year]">
    <value valueType="integer">90</value>
  </variableValue>
  <variableValue variable="HEALTHCH[year]">
    <value valueType="integer">6</value>
  </variableValue>
  <variableValue variable="HEARAID[year]">
    <value valueType="integer">0</value>
  </variableValue>
  <variableValue variable="HEARCHG[year]">
    <value valueType="integer">3</value>
  </variableValue>
  <variableValue variable="HEARSPEC[year]">
    <value valueType="integer">2</value>
  </variableValue>
  <variableValue variable="HEART[year]">
    <value valueType="integer">1</value>
  </variableValue>
  <variableValue variable="HEIGHT[year]">
    <value valueType="integer">24</value>
  </variableValue>
  <variableValue variable="HHEIGHT[year]">
    <value valueType="integer">45</value>
  </variableValue>
  <variableValue variable="HIGHBLOO[year]">
    <value valueType="integer">1</value>
  </variableValue>
  <variableValue variable="HJOBTP[year]">
    <value valueType="integer">2</value>
  </variableValue>
  <variableValue variable="HMKHD[year]">
    <value valueType="decimal">45.27677551488818</value>
  </variableValue>
  <variableValue variable="HMKJB[year]">
    <value valueType="integer">77</value>
  </variableValue>
  <variableValue variable="HMKPE[year]">
    <value valueType="decimal">19.65508479641035</value>
  </variableValue>
  <variableValue variable="HMKPRS[year]">
    <value valueType="integer">3</value>
  </variableValue>
  <variableValue variable="HMKR[year]">
    <value valueType="integer">41</value>
  </variableValue>
  <variableValue variable="HMKRD[year]">
    <value valueType="decimal">39.374630088033456</value>
  </variableValue>
  <variableValue variable="HOSDAYS[year]">
    <value valueType="integer">25</value>
  </variableValue>
  <variableValue variable="HOSVISIT[year]">
    <value valueType="integer">1</value>
  </variableValue>
  <variableValue variable="HWEIGHT[year]">
    <value valueType="integer">75</value>
  </variableValue>
  <variableValue variable="INC[year]">
    <value valueType="integer">6</value>
  </variableValue>
  <variableValue variable="INC84[year]">
    <value valueType="integer">10</value>
  </variableValue>
  <variableValue variable="instr[year]">
    <value valueType="decimal">39.4576984545008</value>
  </variableValue>
  <variableValue variable="ir[year]a1 - ir[year]a20">
    <value valueType="integer">1</value>
  </variableValue>
  <variableValue variable="ir[year]b1 - ir[year]b20">
    <value valueType="integer">0</value>
  </variableValue>
  <variableValue variable="JOBLEN[year]">
    <value valueType="integer">2</value>
  </variableValue>
  <variableValue variable="JOBTYP[year]">
    <value valueType="integer">3</value>
  </variableValue>
  <variableValue variable="kidcar[year]">
    <value valueType="decimal">70.32050268570188</value>
  </variableValue>
  <variableValue variable="LAMB[year]">
    <value valueType="integer">3</value>
  </variableValue>
  <variableValue variable="lettot[year]">
    <value valueType="integer">90</value>
  </variableValue>
  <variableValue variable="LFST84[year]">
    <value valueType="integer">4</value>
  </variableValue>
  <variableValue variable="LIFSAT[year]">
    <value valueType="integer">3</value>
  </variableValue>
  <variableValue variable="LIVESMOK[year]">
    <value valueType="integer">3</value>
  </variableValue>
  <variableValue variable="ls[year]">
    <value valueType="integer">36</value>
  </variableValue>
  <variableValue variable="LSTJOB[year]">
    <value valueType="integer">4</value>
  </variableValue>
  <variableValue variable="LVNGWILL[year]">
    <value valueType="integer">1</value>
  </variableValue>
  <variableValue variable="MAGE[year]">
    <value valueType="integer">35</value>
  </variableValue>
  <variableValue variable="MAM[year]">
    <value valueType="integer">2</value>
  </variableValue>
  <variableValue variable="MAM2YR[year]">
    <value valueType="integer">1</value>
  </variableValue>
  <variableValue variable="MAMAGE[year]">
    <value valueType="integer">52</value>
  </variableValue>
  <variableValue variable="MAMEXAM[year]">
    <value valueType="integer">26</value>
  </variableValue>
  <variableValue variable="MASTECT[year]">
    <value valueType="integer">3</value>
  </variableValue>
  <variableValue variable="MCAUSE[year]">
    <value valueType="integer">11</value>
  </variableValue>
  <variableValue variable="MDIE[year]">
    <value valueType="integer">22</value>
  </variableValue>
  <variableValue variable="MED[year]">
    <value valueType="integer">1</value>
  </variableValue>
  <variableValue variable="MENAGE[year]">
    <value valueType="integer">37</value>
  </variableValue>
  <variableValue variable="MENHIST[year]">
    <value valueType="integer">69</value>
  </variableValue>
  <variableValue variable="MENSIT[year]">
    <value valueType="integer">2</value>
  </variableValue>
  <variableValue variable="MFQ[year]1">
    <value valueType="decimal">17.238535298501645</value>
  </variableValue>
  <variableValue variable="MFQ[year]2A">
    <value valueType="decimal">69.89241481349559</value>
  </variableValue>
  <variableValue variable="MFQ[year]2B">
    <value valueType="decimal">97.10146420169194</value>
  </variableValue>
  <variableValue variable="MFQ[year]2C">
    <value valueType="decimal">80.29078857231605</value>
  </variableValue>
  <variableValue variable="MFQ[year]2D">
    <value valueType="decimal">59.34749835671713</value>
  </variableValue>
  <variableValue variable="MFQ[year]2E">
    <value valueType="decimal">31.158681837000245</value>
  </variableValue>
  <variableValue variable="MFQ[year]3A">
    <value valueType="decimal">84.25016346599682</value>
  </variableValue>
  <variableValue variable="MFQ[year]3B">
    <value valueType="decimal">30.201513780051236</value>
  </variableValue>
  <variableValue variable="MFQ[year]3C">
    <value valueType="decimal">83.23796385090459</value>
  </variableValue>
  <variableValue variable="MFQ[year]3D">
    <value valueType="decimal">43.68628379486983</value>
  </variableValue>
  <variableValue variable="MFQ[year]3E">
    <value valueType="decimal">61.282097858124665</value>
  </variableValue>
  <variableValue variable="MFQ[year]3F">
    <value valueType="decimal">26.71408945087328</value>
  </variableValue>
  <variableValue variable="MFQ[year]3G">
    <value valueType="decimal">27.342094498614145</value>
  </variableValue>
  <variableValue variable="MFQ[year]3H">
    <value valueType="decimal">49.69595387409371</value>
  </variableValue>
  <variableValue variable="MFQ[year]3I">
    <value valueType="decimal">83.50969532700266</value>
  </variableValue>
  <variableValue variable="MFQ[year]3J">
    <value valueType="decimal">27.537675549960838</value>
  </variableValue>
  <variableValue variable="MFQ[year]3K">
    <value valueType="decimal">80.55193841055124</value>
  </variableValue>
  <variableValue variable="MFQ[year]3L">
    <value valueType="decimal">24.600132734035483</value>
  </variableValue>
  <variableValue variable="MFQ[year]3M">
    <value valueType="decimal">11.940497378250381</value>
  </variableValue>
  <variableValue variable="MFQ[year]3N">
    <value valueType="decimal">97.35839792304178</value>
  </variableValue>
  <variableValue variable="MFQ[year]3O">
    <value valueType="decimal">22.060314425003135</value>
  </variableValue>
  <variableValue variable="MFQ[year]3P">
    <value valueType="decimal">46.76179728294473</value>
  </variableValue>
  <variableValue variable="MFQ[year]3Q">
    <value valueType="decimal">64.3236012560444</value>
  </variableValue>
  <variableValue variable="MFQ[year]3R">
    <value valueType="decimal">40.3360805655436</value>
  </variableValue>
  <variableValue variable="MFQ[year]4A">
    <value valueType="decimal">68.89493136290052</value>
  </variableValue>
  <variableValue variable="MFQ[year]4B">
    <value valueType="decimal">69.61888632611156</value>
  </variableValue>
  <variableValue variable="MFQ[year]4C">
    <value valueType="decimal">70.49114631575371</value>
  </variableValue>
  <variableValue variable="MFQ[year]4D">
    <value valueType="decimal">78.94391850519877</value>
  </variableValue>
  <variableValue variable="MFQ[year]4E">
    <value valueType="decimal">27.401161579669886</value>
  </variableValue>
  <variableValue variable="MFQ[year]5A">
    <value valueType="decimal">17.06360289628983</value>
  </variableValue>
  <variableValue variable="MFQ[year]5B">
    <value valueType="decimal">1.9320129707215972</value>
  </variableValue>
  <variableValue variable="MFQ[year]5C">
    <value valueType="decimal">61.612648451661414</value>
  </variableValue>
  <variableValue variable="MFQ[year]5D">
    <value valueType="decimal">8.698548603115054</value>
  </variableValue>
  <variableValue variable="MFQ[year]5E">
    <value valueType="decimal">68.76664154606841</value>
  </variableValue>
  <variableValue variable="MFQ[year]6A">
    <value valueType="decimal">4.616880052505445</value>
  </variableValue>
  <variableValue variable="MFQ[year]6B">
    <value valueType="decimal">35.25403764362053</value>
  </variableValue>
  <variableValue variable="MFQ[year]6C">
    <value valueType="decimal">47.53057501961091</value>
  </variableValue>
  <variableValue variable="MFQ[year]6D">
    <value valueType="decimal">88.56218757233987</value>
  </variableValue>
  <variableValue variable="MFQ[year]7A">
    <value valueType="decimal">88.80083768713408</value>
  </variableValue>
  <variableValue variable="MFQ[year]7B">
    <value valueType="decimal">62.976805567300396</value>
  </variableValue>
  <variableValue variable="MFQ[year]7C">
    <value valueType="decimal">58.946785380023435</value>
  </variableValue>
  <variableValue variable="MFQ[year]7D">
    <value valueType="decimal">76.06035660432345</value>
  </variableValue>
  <variableValue variable="MFQ[year]7E">
    <value valueType="decimal">19.861786963422723</value>
  </variableValue>
  <variableValue variable="MFQ[year]7F">
    <value valueType="decimal">2.171363295823081</value>
  </variableValue>
  <variableValue variable="MFQ[year]7G">
    <value valueType="decimal">77.90088731933396</value>
  </variableValue>
  <variableValue variable="MFQ[year]7H">
    <value valueType="decimal">89.3293994641125</value>
  </variableValue>
  <variableValue variable="MFQ[year]7I">
    <value valueType="decimal">10.189880713560306</value>
  </variableValue>
  <variableValue variable="MFQ[year]7J">
    <value valueType="decimal">83.62807114212909</value>
  </variableValue>
  <variableValue variable="MFQ[year]7K">
    <value valueType="decimal">53.11797063214478</value>
  </variableValue>
  <variableValue variable="MFQ[year]7L">
    <value valueType="decimal">94.79094765820041</value>
  </variableValue>
  <variableValue variable="MFQ[year]7M">
    <value valueType="decimal">33.72530889395713</value>
  </variableValue>
  <variableValue variable="MFQ[year]7N">
    <value valueType="decimal">48.466917686585184</value>
  </variableValue>
  <variableValue variable="MFQ[year]7O">
    <value valueType="decimal">8.478533423564771</value>
  </variableValue>
  <variableValue variable="MFQ[year]7P">
    <value valueType="decimal">49.39720684216844</value>
  </variableValue>
  <variableValue variable="MFQ[year]7Q">
    <value valueType="decimal">71.94872240909356</value>
  </variableValue>
  <variableValue variable="MFQ[year]7R">
    <value valueType="decimal">6.394908567161417</value>
  </variableValue>
  <variableValue variable="MFQ[year]8A">
    <value valueType="decimal">42.68652407653766</value>
  </variableValue>
  <variableValue variable="MFQ[year]8B">
    <value valueType="decimal">9.7098808924716</value>
  </variableValue>
  <variableValue variable="MFQ[year]8C">
    <value valueType="decimal">52.96068765584787</value>
  </variableValue>
  <variableValue variable="MFQ[year]8D">
    <value valueType="decimal">76.1706476859861</value>
  </variableValue>
  <variableValue variable="MFQ[year]8E">
    <value valueType="decimal">11.13313936573549</value>
  </variableValue>
  <variableValue variable="MFQ[year]8F">
    <value valueType="decimal">92.67635379988675</value>
  </variableValue>
  <variableValue variable="MFQ[year]8G">
    <value valueType="decimal">63.743509810182545</value>
  </variableValue>
  <variableValue variable="MFQ[year]8H">
    <value valueType="decimal">57.14392004638591</value>
  </variableValue>
  <variableValue variable="MFQ1[year]">
    <value valueType="integer">54</value>
  </variableValue>
  <variableValue variable="mfq1[year]">
    <value valueType="decimal">21.01633226423599</value>
  </variableValue>
  <variableValue variable="MFQ2[year]">
    <value valueType="integer">27</value>
  </variableValue>
  <variableValue variable="mfq2[year]">
    <value valueType="decimal">99.7808882280283</value>
  </variableValue>
  <variableValue variable="MFQ3[year]">
    <value valueType="integer">67</value>
  </variableValue>
  <variableValue variable="mfq3[year]">
    <value valueType="decimal">13.893133225159538</value>
  </variableValue>
  <variableValue variable="MFQ4[year]">
    <value valueType="integer">6</value>
  </variableValue>
  <variableValue variable="mfq4[year]">
    <value valueType="decimal">99.02272912782118</value>
  </variableValue>
  <variableValue variable="MLIVE[year]">
    <value valueType="integer">2</value>
  </variableValue>
  <variableValue variable="MOMWK[year]">
    <value valueType="integer">0</value>
  </variableValue>
  <variableValue variable="movie[year]">
    <value valueType="decimal">65.91779528834527</value>
  </variableValue>
  <variableValue variable="MSTA84[year]">
    <value valueType="integer">2</value>
  </variableValue>
  <variableValue variable="MSTAT[year]">
    <value valueType="integer">1</value>
  </variableValue>
  <variableValue variable="NBKS[year]">
    <value valueType="integer">79</value>
  </variableValue>
  <variableValue variable="NCONF[year]">
    <value valueType="integer">30</value>
  </variableValue>
  <variableValue variable="NEEDCATA[year]">
    <value valueType="integer">4</value>
  </variableValue>
  <variableValue variable="NEMP[year]">
    <value valueType="integer">91</value>
  </variableValue>
  <variableValue variable="NEUROTIC[year]">
    <value valueType="integer">89</value>
  </variableValue>
  <variableValue variable="NEWPRNT[year]">
    <value valueType="integer">1</value>
  </variableValue>
  <variableValue variable="nfr[year]">
    <value valueType="integer">71</value>
  </variableValue>
  <variableValue variable="NFRN[year]">
    <value valueType="integer">97</value>
  </variableValue>
  <variableValue variable="NGRNKD[year]">
    <value valueType="integer">23</value>
  </variableValue>
  <variableValue variable="NJOB[year]">
    <value valueType="integer">80</value>
  </variableValue>
  <variableValue variable="NKDHM[year]">
    <value valueType="integer">16</value>
  </variableValue>
  <variableValue variable="NKIDS[year]">
    <value valueType="integer">88</value>
  </variableValue>
  <variableValue variable="NMAG[year]">
    <value valueType="integer">20</value>
  </variableValue>
  <variableValue variable="NMOV[year]">
    <value valueType="integer">42</value>
  </variableValue>
  <variableValue variable="NMTG[year]">
    <value valueType="integer">81</value>
  </variableValue>
  <variableValue variable="NNEIG[year]">
    <value valueType="integer">3</value>
  </variableValue>
  <variableValue variable="NOBR[year]">
    <value valueType="integer">23</value>
  </variableValue>
  <variableValue variable="NOISE[year]">
    <value valueType="integer">3</value>
  </variableValue>
  <variableValue variable="NONFIC[year]">
    <value valueType="integer">35</value>
  </variableValue>
  <variableValue variable="nor[year]">
    <value valueType="integer">11</value>
  </variableValue>
  <variableValue variable="norcr[year]">
    <value valueType="integer">86</value>
  </variableValue>
  <variableValue variable="NOSIS[year]">
    <value valueType="integer">68</value>
  </variableValue>
  <variableValue variable="NOWRK[year]">
    <value valueType="integer">5</value>
  </variableValue>
  <variableValue variable="NRMS[year]">
    <value valueType="integer">2</value>
  </variableValue>
  <variableValue variable="nsp08">
    <value valueType="integer">53</value>
  </variableValue>
  <variableValue variable="NSTATE[year]">
    <value valueType="integer">99</value>
  </variableValue>
  <variableValue variable="NTRAD[year]">
    <value valueType="integer">56</value>
  </variableValue>
  <variableValue variable="NTRIPS[year]">
    <value valueType="integer">43</value>
  </variableValue>
  <variableValue variable="numtot[year]">
    <value valueType="integer">14</value>
  </variableValue>
  <variableValue variable="NVISIT[year]">
    <value valueType="integer">1</value>
  </variableValue>
  <variableValue variable="NWED[year]">
    <value valueType="integer">85</value>
  </variableValue>
  <variableValue variable="NYBR[year]">
    <value valueType="integer">75</value>
  </variableValue>
  <variableValue variable="NYSIS[year]">
    <value valueType="integer">32</value>
  </variableValue>
  <variableValue variable="OBGYN[year]">
    <value valueType="integer">5</value>
  </variableValue>
  <variableValue variable="OCC[year]">
    <value valueType="integer">7</value>
  </variableValue>
  <variableValue variable="OCC84[year]">
    <value valueType="integer">7</value>
  </variableValue>
  <variableValue variable="OPEN[year]">
    <value valueType="integer">20</value>
  </variableValue>
  <variableValue variable="or[year]">
    <value valueType="integer">35</value>
  </variableValue>
  <variableValue variable="oratt[year]">
    <value valueType="integer">87</value>
  </variableValue>
  <variableValue variable="ORGAN[year]">
    <value valueType="integer">5</value>
  </variableValue>
  <variableValue variable="oromt[year]">
    <value valueType="integer">47</value>
  </variableValue>
  <variableValue variable="orwg[year]">
    <value valueType="integer">65</value>
  </variableValue>
  <variableValue variable="OTJ[year]">
    <value valueType="integer">1</value>
  </variableValue>
  <variableValue variable="outhob[year]">
    <value valueType="decimal">56.29782453626381</value>
  </variableValue>
  <variableValue variable="OWNHM[year]">
    <value valueType="integer">1</value>
  </variableValue>
  <variableValue variable="PAINREL[year]">
    <value valueType="integer">3</value>
  </variableValue>
  <variableValue variable="PAP[year]">
    <value valueType="integer">3</value>
  </variableValue>
  <variableValue variable="party[year]">
    <value valueType="decimal">84.78396612452168</value>
  </variableValue>
  <variableValue variable="pase1">
    <value valueType="integer">1</value>
  </variableValue>
  <variableValue variable="pase10">
    <value valueType="integer">1</value>
  </variableValue>
  <variableValue variable="pase10a">
    <value valueType="decimal">54.306090512801894</value>
  </variableValue>
  <variableValue variable="pase10b">
    <value valueType="integer">1</value>
  </variableValue>
  <variableValue variable="pase1b">
    <value valueType="integer">2</value>
  </variableValue>
  <variableValue variable="pase2">
    <value valueType="integer">1</value>
  </variableValue>
  <variableValue variable="pase2a">
    <value valueType="integer">2</value>
  </variableValue>
  <variableValue variable="pase3">
    <value valueType="integer">1</value>
  </variableValue>
  <variableValue variable="pase3b">
    <value valueType="integer">2</value>
  </variableValue>
  <variableValue variable="pase4">
    <value valueType="integer">2</value>
  </variableValue>
  <variableValue variable="pase4b">
    <value valueType="integer">3</value>
  </variableValue>
  <variableValue variable="pase5">
    <value valueType="integer">0</value>
  </variableValue>
  <variableValue variable="pase5b">
    <value valueType="integer">2</value>
  </variableValue>
  <variableValue variable="pase6">
    <value valueType="integer">0</value>
  </variableValue>
  <variableValue variable="pase6b">
    <value valueType="integer">3</value>
  </variableValue>
  <variableValue variable="pase7">
    <value valueType="integer">1</value>
  </variableValue>
  <variableValue variable="pase8">
    <value valueType="integer">1</value>
  </variableValue>
  <variableValue variable="pase9a - pase9d">
    <value valueType="integer">0</value>
  </variableValue>
  <variableValue variable="pattot[year]">
    <value valueType="integer">14</value>
  </variableValue>
  <variableValue variable="PDEMP[year]">
    <value valueType="integer">0</value>
  </variableValue>
  <variableValue variable="PEOP[year]">
    <value valueType="decimal">58.41523909093148</value>
  </variableValue>
  <variableValue variable="pets[year]">
    <value valueType="decimal">85.30570073790759</value>
  </variableValue>
  <variableValue variable="phone[year]">
    <value valueType="decimal">52.10163607512575</value>
  </variableValue>
  <variableValue variable="picnic[year]">
    <value valueType="decimal">14.066968626632715</value>
  </variableValue>
  <variableValue variable="PIPEDAY[year]">
    <value valueType="integer">2</value>
  </variableValue>
  <variableValue variable="PIPES[year]">
    <value valueType="integer">3</value>
  </variableValue>
  <variableValue variable="pirr1[year]">
    <value valueType="integer">54</value>
  </variableValue>
  <variableValue variable="pirr2[year]">
    <value valueType="integer">98</value>
  </variableValue>
  <variableValue variable="PORK[year]">
    <value valueType="integer">3</value>
  </variableValue>
  <variableValue variable="ppr1[year]">
    <value valueType="integer">21</value>
  </variableValue>
  <variableValue variable="ppr2[year]">
    <value valueType="integer">77</value>
  </variableValue>
  <variableValue variable="ppr3[year]">
    <value valueType="integer">51</value>
  </variableValue>
  <variableValue variable="pray[year]">
    <value valueType="decimal">27.121885302334526</value>
  </variableValue>
  <variableValue variable="PRESR[year]">
    <value valueType="integer">1</value>
  </variableValue>
  <variableValue variable="PRO2YR[year]">
    <value valueType="integer">2</value>
  </variableValue>
  <variableValue variable="PROAGE[year]">
    <value valueType="integer">28</value>
  </variableValue>
  <variableValue variable="PROENLAR[year]">
    <value valueType="integer">2</value>
  </variableValue>
  <variableValue variable="PROEXAM[year]">
    <value valueType="integer">95</value>
  </variableValue>
  <variableValue variable="PROS[year]">
    <value valueType="integer">2</value>
  </variableValue>
  <variableValue variable="PROSUC[year]">
    <value valueType="integer">5</value>
  </variableValue>
  <variableValue variable="PRSC84[year]">
    <value valueType="integer">5</value>
  </variableValue>
  <variableValue variable="radio[year]">
    <value valueType="decimal">32.02198590966545</value>
  </variableValue>
  <variableValue variable="RDPAPR[year]">
    <value valueType="integer">1</value>
  </variableValue>
  <variableValue variable="RDWRIT[year]">
    <value valueType="decimal">58.666300800970106</value>
  </variableValue>
  <variableValue variable="read[year]">
    <value valueType="decimal">12.77683192448329</value>
  </variableValue>
  <variableValue variable="REGULAR[year]">
    <value valueType="integer">1</value>
  </variableValue>
  <variableValue variable="REMAR[year]">
    <value valueType="integer">98</value>
  </variableValue>
  <variableValue variable="rv[year]">
    <value valueType="integer">57</value>
  </variableValue>
  <variableValue variable="SAFE[year]">
    <value valueType="integer">1</value>
  </variableValue>
  <variableValue variable="SBHWY[year]">
    <value valueType="integer">4</value>
  </variableValue>
  <variableValue variable="SBTOWN[year]">
    <value valueType="integer">5</value>
  </variableValue>
  <variableValue variable="SELFBLOO[year]">
    <value valueType="integer">3</value>
  </variableValue>
  <variableValue variable="selfim[year]">
    <value valueType="decimal">45.2383053713883</value>
  </variableValue>
  <variableValue variable="SELFMAM[year]">
    <value valueType="integer">2</value>
  </variableValue>
  <variableValue variable="sex">
    <value valueType="integer">0</value>
  </variableValue>
  <variableValue variable="shop[year]">
    <value valueType="decimal">30.47021111417162</value>
  </variableValue>
  <variableValue variable="SIBS[year]">
    <value valueType="integer">72</value>
  </variableValue>
  <variableValue variable="SLEEP[year]">
    <value valueType="integer">2</value>
  </variableValue>
  <variableValue variable="smdvh[year]">
    <value valueType="integer">31</value>
  </variableValue>
  <variableValue variable="smdvl[year]">
    <value valueType="integer">68</value>
  </variableValue>
  <variableValue variable="SMK[year]">
    <value valueType="integer">1</value>
  </variableValue>
  <variableValue variable="SMOKE[year]">
    <value valueType="integer">3</value>
  </variableValue>
  <variableValue variable="SMOKEPAS[year]">
    <value valueType="decimal">68.4906197051359</value>
  </variableValue>
  <variableValue variable="SODA[year]">
    <value valueType="integer">3</value>
  </variableValue>
  <variableValue variable="SODIUM[year]">
    <value valueType="integer">3</value>
  </variableValue>
  <variableValue variable="SPBRN[year]">
    <value valueType="integer">42</value>
  </variableValue>
  <variableValue variable="spec[year]">
    <value valueType="decimal">11.65929427536324</value>
  </variableValue>
  <variableValue variable="SPEED[year]">
    <value valueType="integer">3</value>
  </variableValue>
  <variableValue variable="SPOCC[year]">
    <value valueType="integer">8</value>
  </variableValue>
  <variableValue variable="sport[year]">
    <value valueType="decimal">40.040198247278134</value>
  </variableValue>
  <variableValue variable="SPRVIS[year]">
    <value valueType="integer">1</value>
  </variableValue>
  <variableValue variable="SREYE[year]">
    <value valueType="integer">3</value>
  </variableValue>
  <variableValue variable="srh[year]">
    <value valueType="integer">2</value>
  </variableValue>
  <variableValue variable="SRHEALTH">
    <value valueType="integer">2</value>
  </variableValue>
  <variableValue variable="SRHEAR[year]">
    <value valueType="integer">2</value>
  </variableValue>
  <variableValue variable="sstot[year]">
    <value valueType="integer">81</value>
  </variableValue>
  <variableValue variable="STAIRS[year]">
    <value valueType="integer">3</value>
  </variableValue>
  <variableValue variable="TEA[year]">
    <value valueType="integer">5</value>
  </variableValue>
  <variableValue variable="TRAF[year]">
    <value valueType="integer">1</value>
  </variableValue>
  <variableValue variable="travel[year]">
    <value valueType="decimal">34.95243513134817</value>
  </variableValue>
  <variableValue variable="TREES[year]">
    <value valueType="integer">4</value>
  </variableValue>
  <variableValue variable="TRYSTOP[year]">
    <value valueType="integer">1</value>
  </variableValue>
  <variableValue variable="tv[year]">
    <value valueType="decimal">9.729546956225477</value>
  </variableValue>
  <variableValue variable="TYPBLD[year]">
    <value valueType="integer">3</value>
  </variableValue>
  <variableValue variable="UNIVEX[year]">
    <value valueType="integer">0</value>
  </variableValue>
  <variableValue variable="VEAL[year]">
    <value valueType="integer">5</value>
  </variableValue>
  <variableValue variable="vis[year]">
    <value valueType="decimal">0.3470045809060407</value>
  </variableValue>
  <variableValue variable="vocab1[year]">
    <value valueType="integer">86</value>
  </variableValue>
  <variableValue variable="vocab2[year]">
    <value valueType="integer">95</value>
  </variableValue>
  <variableValue variable="VOCAT[year]">
    <value valueType="integer">1</value>
  </variableValue>
  <variableValue variable="vol[year]">
    <value valueType="decimal">34.83694512798981</value>
  </variableValue>
  <variableValue variable="walk[year]">
    <value valueType="decimal">16.286677867505674</value>
  </variableValue>
  <variableValue variable="WALK[year]">
    <value valueType="integer">4</value>
  </variableValue>
  <variableValue variable="wdflu[year]">
    <value valueType="integer">38</value>
  </variableValue>
  <variableValue variable="WEIGHT[year]">
    <value valueType="integer">67</value>
  </variableValue>
  <variableValue variable="WELL[year]">
    <value valueType="integer">3</value>
  </variableValue>
  <variableValue variable="WINE[year]">
    <value valueType="integer">36</value>
  </variableValue>
  <variableValue variable="write[year]">
    <value valueType="decimal">81.25124892461325</value>
  </variableValue>
  <variableValue variable="WRKPLC[year]">
    <value valueType="integer">1</value>
  </variableValue>
  <variableValue variable="WRKTYP[year]">
    <value valueType="integer">5</value>
  </variableValue>
  <variableValue variable="ws[year]">
    <value valueType="integer">44</value>
  </variableValue>
  <variableValue variable="YEAROP[year]">
    <value valueType="integer">63</value>
  </variableValue>
  <variableValue variable="YRQUIT[year]">
    <value valueType="integer">64</value>
  </variableValue>
  <variableValue variable="YRRET[year]">
    <value valueType="integer">60</value>
  </variableValue>
  <variableValue variable="YRSMOKE[year]">
    <value valueType="decimal">28.78409176050213</value>
  </variableValue>
</valueSet>