<valueSet valueTable="2008" entityType="Participant" entityIdentifier="29056387">
  <variableValue variable="ADLTED[year]">
    <value valueType="integer">0</value>
  </variableValue>
  <variableValue variable="ADVDIR[year]">
    <value valueType="integer">2</value>
  </variableValue>
  <variableValue variable="age[year]">
    <value valueType="integer">81</value>
  </variableValue>
  <variableValue variable="AGEKID[year]">
    <value valueType="integer">41</value>
  </variableValue>
  <variableValue variable="AGENB[year]">
    <value valueType="integer">3</value>
  </variableValue>
  <variableValue variable="AGEWED[year]">
    <value valueType="integer">4</value>
  </variableValue>
  <variableValue variable="AGFRN[year]">
    <value valueType="integer">2</value>
  </variableValue>
  <variableValue variable="AGREE[year]">
    <value valueType="integer">42</value>
  </variableValue>
  <variableValue variable="ALCOHOL[year]">
    <value valueType="integer">1</value>
  </variableValue>
  <variableValue variable="Apdemp[year]">
    <value valueType="decimal">63.89566728650228</value>
  </variableValue>
  <variableValue variable="ART[year]">
    <value valueType="integer">2</value>
  </variableValue>
  <variableValue variable="BDATE_DY">
    <value valueType="integer">2</value>
  </variableValue>
  <variableValue variable="BDATE_MO">
    <value valueType="integer">41</value>
  </variableValue>
  <variableValue variable="BDATE_YR">
    <value valueType="integer">0</value>
  </variableValue>
  <variableValue variable="BEEF[year]">
    <value valueType="integer">5</value>
  </variableValue>
  <variableValue variable="BEER[year]">
    <value valueType="integer">59</value>
  </variableValue>
  <variableValue variable="BLDLK[year]">
    <value valueType="integer">4</value>
  </variableValue>
  <variableValue variable="BLOODPRE[year]">
    <value valueType="integer">3</value>
  </variableValue>
  <variableValue variable="BOOK[year]">
    <value valueType="integer">2</value>
  </variableValue>
  <variableValue variable="BRUSH[year]">
    <value valueType="integer">17</value>
  </variableValue>
  <variableValue variable="BUTTER[year]">
    <value valueType="integer">4</value>
  </variableValue>
  <variableValue variable="BUYFAT[year]">
    <value valueType="integer">3</value>
  </variableValue>
  <variableValue variable="BUYSALT[year]">
    <value valueType="integer">2</value>
  </variableValue>
  <variableValue variable="CANCHK[year]">
    <value valueType="integer">1</value>
  </variableValue>
  <variableValue variable="cards[year]">
    <value valueType="decimal">41.692724615886554</value>
  </variableValue>
  <variableValue variable="CATARACT[year]">
    <value valueType="integer">3</value>
  </variableValue>
  <variableValue variable="CHKFAT[year]">
    <value valueType="integer">1</value>
  </variableValue>
  <variableValue variable="CHOLES[year]">
    <value valueType="integer">3</value>
  </variableValue>
  <variableValue variable="chur[year]">
    <value valueType="decimal">46.8756738920342</value>
  </variableValue>
  <variableValue variable="CIGARDAY[year]">
    <value valueType="integer">4</value>
  </variableValue>
  <variableValue variable="CIGARS[year]">
    <value valueType="integer">2</value>
  </variableValue>
  <variableValue variable="CIGDAY[year]">
    <value valueType="integer">3</value>
  </variableValue>
  <variableValue variable="CIGS[year]">
    <value valueType="integer">3</value>
  </variableValue>
  <variableValue variable="CLNAIR[year]">
    <value valueType="integer">5</value>
  </variableValue>
  <variableValue variable="COFFEE[year]">
    <value valueType="integer">6</value>
  </variableValue>
  <variableValue variable="CONSCIEN[year]">
    <value valueType="integer">3</value>
  </variableValue>
  <variableValue variable="cook[year]">
    <value valueType="decimal">92.47613506258917</value>
  </variableValue>
  <variableValue variable="COOKBUT[year]">
    <value valueType="integer">3</value>
  </variableValue>
  <variableValue variable="CORS[year]">
    <value valueType="integer">0</value>
  </variableValue>
  <variableValue variable="crafts[year]">
    <value valueType="decimal">34.110343302872614</value>
  </variableValue>
  <variableValue variable="crdp1[year]">
    <value valueType="integer">28</value>
  </variableValue>
  <variableValue variable="crdp2[year]">
    <value valueType="integer">12</value>
  </variableValue>
  <variableValue variable="cult[year]">
    <value valueType="decimal">86.99951045832265</value>
  </variableValue>
  <variableValue variable="dance[year]">
    <value valueType="decimal">27.013275448451125</value>
  </variableValue>
  <variableValue variable="DENTIST[year]">
    <value valueType="integer">4</value>
  </variableValue>
  <variableValue variable="DENTURE[year]">
    <value valueType="integer">2</value>
  </variableValue>
  <variableValue variable="DIABET[year]">
    <value valueType="integer">2</value>
  </variableValue>
  <variableValue variable="DRMAM[year]">
    <value valueType="integer">5</value>
  </variableValue>
  <variableValue variable="DRVISIT[year]">
    <value valueType="integer">1</value>
  </variableValue>
  <variableValue variable="dydrm[year]">
    <value valueType="decimal">49.16927476433166</value>
  </variableValue>
  <variableValue variable="EARCHK[year]">
    <value valueType="integer">1</value>
  </variableValue>
  <variableValue variable="eatout[year]">
    <value valueType="decimal">62.683019724636466</value>
  </variableValue>
  <variableValue variable="EATSALT[year]">
    <value valueType="integer">3</value>
  </variableValue>
  <variableValue variable="edact[year]">
    <value valueType="decimal">35.662039866954565</value>
  </variableValue>
  <variableValue variable="educ">
    <value valueType="integer">47</value>
  </variableValue>
  <variableValue variable="EDUC[year]">
    <value valueType="integer">49</value>
  </variableValue>
  <variableValue variable="EGG[year]">
    <value valueType="integer">3</value>
  </variableValue>
  <variableValue variable="eldcar[year]">
    <value valueType="decimal">13.633898757757413</value>
  </variableValue>
  <variableValue variable="ELDCAR[year]">
    <value valueType="decimal">66.86380599671415</value>
  </variableValue>
  <variableValue variable="ENT1[year]">
    <value valueType="integer">8</value>
  </variableValue>
  <variableValue variable="ENT2[year]">
    <value valueType="integer">9</value>
  </variableValue>
  <variableValue variable="ENT3[year]">
    <value valueType="integer">2</value>
  </variableValue>
  <variableValue variable="eth[year]">
    <value valueType="integer">0</value>
  </variableValue>
  <variableValue variable="EXCERTOT[year]">
    <value valueType="decimal">26.205176247391936</value>
  </variableValue>
  <variableValue variable="EXCERWK[year]">
    <value valueType="integer">82</value>
  </variableValue>
  <variableValue variable="EXTRAVER[year]">
    <value valueType="integer">80</value>
  </variableValue>
  <variableValue variable="EYECHG[year]">
    <value valueType="integer">3</value>
  </variableValue>
  <variableValue variable="EYECHK[year]">
    <value valueType="integer">0</value>
  </variableValue>
  <variableValue variable="EYEGLAS[year]">
    <value valueType="integer">1</value>
  </variableValue>
  <variableValue variable="FAGE[year]">
    <value valueType="integer">57</value>
  </variableValue>
  <variableValue variable="FAITH[year]">
    <value valueType="integer">3</value>
  </variableValue>
  <variableValue variable="FALLS[year]">
    <value valueType="integer">6</value>
  </variableValue>
  <variableValue variable="FCAUSE[year]">
    <value valueType="integer">1</value>
  </variableValue>
  <variableValue variable="FDIE[year]">
    <value valueType="integer">71</value>
  </variableValue>
  <variableValue variable="FIC[year]">
    <value valueType="integer">35</value>
  </variableValue>
  <variableValue variable="fit[year]">
    <value valueType="decimal">44.99098809631228</value>
  </variableValue>
  <variableValue variable="FLIVE[year]">
    <value valueType="integer">2</value>
  </variableValue>
  <variableValue variable="FLOSS[year]">
    <value valueType="integer">6</value>
  </variableValue>
  <variableValue variable="FLUSHOT[year]">
    <value valueType="integer">4</value>
  </variableValue>
  <variableValue variable="fr[year]">
    <value valueType="integer">74</value>
  </variableValue>
  <variableValue variable="fratt[year]">
    <value valueType="integer">14</value>
  </variableValue>
  <variableValue variable="frcr[year]">
    <value valueType="integer">33</value>
  </variableValue>
  <variableValue variable="fromt[year]">
    <value valueType="integer">16</value>
  </variableValue>
  <variableValue variable="frwg[year]">
    <value valueType="integer">88</value>
  </variableValue>
  <variableValue variable="game[year]">
    <value valueType="decimal">86.49460408280117</value>
  </variableValue>
  <variableValue variable="gds[year]1 –  gds[year]30">
    <value valueType="integer">1</value>
  </variableValue>
  <variableValue variable="gdstot[year]">
    <value valueType="integer">16</value>
  </variableValue>
  <variableValue variable="HANDS[year]">
    <value valueType="decimal">98.6014388771202</value>
  </variableValue>
  <variableValue variable="HARDLIQ[year]">
    <value valueType="integer">71</value>
  </variableValue>
  <variableValue variable="HEALTHCH[year]">
    <value valueType="integer">5</value>
  </variableValue>
  <variableValue variable="HEARAID[year]">
    <value valueType="integer">0</value>
  </variableValue>
  <variableValue variable="HEARCHG[year]">
    <value valueType="integer">4</value>
  </variableValue>
  <variableValue variable="HEARSPEC[year]">
    <value valueType="integer">1</value>
  </variableValue>
  <variableValue variable="HEART[year]">
    <value valueType="integer">1</value>
  </variableValue>
  <variableValue variable="HEIGHT[year]">
    <value valueType="integer">59</value>
  </variableValue>
  <variableValue variable="HHEIGHT[year]">
    <value valueType="integer">91</value>
  </variableValue>
  <variableValue variable="HIGHBLOO[year]">
    <value valueType="integer">2</value>
  </variableValue>
  <variableValue variable="HJOBTP[year]">
    <value valueType="integer">2</value>
  </variableValue>
  <variableValue variable="HMKHD[year]">
    <value valueType="decimal">79.6233920483497</value>
  </variableValue>
  <variableValue variable="HMKJB[year]">
    <value valueType="integer">91</value>
  </variableValue>
  <variableValue variable="HMKPE[year]">
    <value valueType="decimal">59.91445386597195</value>
  </variableValue>
  <variableValue variable="HMKPRS[year]">
    <value valueType="integer">2</value>
  </variableValue>
  <variableValue variable="HMKR[year]">
    <value valueType="integer">39</value>
  </variableValue>
  <variableValue variable="HMKRD[year]">
    <value valueType="decimal">99.01620233687225</value>
  </variableValue>
  <variableValue variable="HOSDAYS[year]">
    <value valueType="integer">26</value>
  </variableValue>
  <variableValue variable="HOSVISIT[year]">
    <value valueType="integer">1</value>
  </variableValue>
  <variableValue variable="HWEIGHT[year]">
    <value valueType="integer">0</value>
  </variableValue>
  <variableValue variable="INC[year]">
    <value valueType="integer">1</value>
  </variableValue>
  <variableValue variable="INC84[year]">
    <value valueType="integer">12</value>
  </variableValue>
  <variableValue variable="instr[year]">
    <value valueType="decimal">3.793685990400708</value>
  </variableValue>
  <variableValue variable="ir[year]a1 - ir[year]a20">
    <value valueType="integer">1</value>
  </variableValue>
  <variableValue variable="ir[year]b1 - ir[year]b20">
    <value valueType="integer">1</value>
  </variableValue>
  <variableValue variable="JOBLEN[year]">
    <value valueType="integer">2</value>
  </variableValue>
  <variableValue variable="JOBTYP[year]">
    <value valueType="integer">3</value>
  </variableValue>
  <variableValue variable="kidcar[year]">
    <value valueType="decimal">68.825794195209</value>
  </variableValue>
  <variableValue variable="LAMB[year]">
    <value valueType="integer">4</value>
  </variableValue>
  <variableValue variable="lettot[year]">
    <value valueType="integer">70</value>
  </variableValue>
  <variableValue variable="LFST84[year]">
    <value valueType="integer">1</value>
  </variableValue>
  <variableValue variable="LIFSAT[year]">
    <value valueType="integer">3</value>
  </variableValue>
  <variableValue variable="LIVESMOK[year]">
    <value valueType="integer">1</value>
  </variableValue>
  <variableValue variable="ls[year]">
    <value valueType="integer">2</value>
  </variableValue>
  <variableValue variable="LSTJOB[year]">
    <value valueType="integer">7</value>
  </variableValue>
  <variableValue variable="LVNGWILL[year]">
    <value valueType="integer">2</value>
  </variableValue>
  <variableValue variable="MAGE[year]">
    <value valueType="integer">58</value>
  </variableValue>
  <variableValue variable="MAM[year]">
    <value valueType="integer">2</value>
  </variableValue>
  <variableValue variable="MAM2YR[year]">
    <value valueType="integer">2</value>
  </variableValue>
  <variableValue variable="MAMAGE[year]">
    <value valueType="integer">81</value>
  </variableValue>
  <variableValue variable="MAMEXAM[year]">
    <value valueType="integer">69</value>
  </variableValue>
  <variableValue variable="MASTECT[year]">
    <value valueType="integer">1</value>
  </variableValue>
  <variableValue variable="MCAUSE[year]">
    <value valueType="integer">4</value>
  </variableValue>
  <variableValue variable="MDIE[year]">
    <value valueType="integer">94</value>
  </variableValue>
  <variableValue variable="MED[year]">
    <value valueType="integer">2</value>
  </variableValue>
  <variableValue variable="MENAGE[year]">
    <value valueType="integer">95</value>
  </variableValue>
  <variableValue variable="MENHIST[year]">
    <value valueType="integer">51</value>
  </variableValue>
  <variableValue variable="MENSIT[year]">
    <value valueType="integer">3</value>
  </variableValue>
  <variableValue variable="MFQ[year]1">
    <value valueType="decimal">60.391750320210406</value>
  </variableValue>
  <variableValue variable="MFQ[year]2A">
    <value valueType="decimal">6.464710081845649</value>
  </variableValue>
  <variableValue variable="MFQ[year]2B">
    <value valueType="decimal">23.74663109822135</value>
  </variableValue>
  <variableValue variable="MFQ[year]2C">
    <value valueType="decimal">34.589513681384865</value>
  </variableValue>
  <variableValue variable="MFQ[year]2D">
    <value valueType="decimal">92.0704048080387</value>
  </variableValue>
  <variableValue variable="MFQ[year]2E">
    <value valueType="decimal">47.470007865330885</value>
  </variableValue>
  <variableValue variable="MFQ[year]3A">
    <value valueType="decimal">14.307991689469468</value>
  </variableValue>
  <variableValue variable="MFQ[year]3B">
    <value valueType="decimal">38.29911086835833</value>
  </variableValue>
  <variableValue variable="MFQ[year]3C">
    <value valueType="decimal">70.50443046476231</value>
  </variableValue>
  <variableValue variable="MFQ[year]3D">
    <value valueType="decimal">68.20979115757373</value>
  </variableValue>
  <variableValue variable="MFQ[year]3E">
    <value valueType="decimal">12.34531433151015</value>
  </variableValue>
  <variableValue variable="MFQ[year]3F">
    <value valueType="decimal">37.57283327522713</value>
  </variableValue>
  <variableValue variable="MFQ[year]3G">
    <value valueType="decimal">32.46518090709697</value>
  </variableValue>
  <variableValue variable="MFQ[year]3H">
    <value valueType="decimal">70.82212925216663</value>
  </variableValue>
  <variableValue variable="MFQ[year]3I">
    <value valueType="decimal">6.439965450086982</value>
  </variableValue>
  <variableValue variable="MFQ[year]3J">
    <value valueType="decimal">1.1034729622519501</value>
  </variableValue>
  <variableValue variable="MFQ[year]3K">
    <value valueType="decimal">36.330149064636096</value>
  </variableValue>
  <variableValue variable="MFQ[year]3L">
    <value valueType="decimal">34.49266891519912</value>
  </variableValue>
  <variableValue variable="MFQ[year]3M">
    <value valueType="decimal">68.31393085109183</value>
  </variableValue>
  <variableValue variable="MFQ[year]3N">
    <value valueType="decimal">60.905536903334635</value>
  </variableValue>
  <variableValue variable="MFQ[year]3O">
    <value valueType="decimal">16.082380852127333</value>
  </variableValue>
  <variableValue variable="MFQ[year]3P">
    <value valueType="decimal">67.64569896927154</value>
  </variableValue>
  <variableValue variable="MFQ[year]3Q">
    <value valueType="decimal">35.81240478009538</value>
  </variableValue>
  <variableValue variable="MFQ[year]3R">
    <value valueType="decimal">4.6379387635896325</value>
  </variableValue>
  <variableValue variable="MFQ[year]4A">
    <value valueType="decimal">15.051283948930806</value>
  </variableValue>
  <variableValue variable="MFQ[year]4B">
    <value valueType="decimal">70.91987440182339</value>
  </variableValue>
  <variableValue variable="MFQ[year]4C">
    <value valueType="decimal">36.91467583863635</value>
  </variableValue>
  <variableValue variable="MFQ[year]4D">
    <value valueType="decimal">8.369839514149435</value>
  </variableValue>
  <variableValue variable="MFQ[year]4E">
    <value valueType="decimal">0.6063418074251037</value>
  </variableValue>
  <variableValue variable="MFQ[year]5A">
    <value valueType="decimal">39.70356644505749</value>
  </variableValue>
  <variableValue variable="MFQ[year]5B">
    <value valueType="decimal">40.21337657026754</value>
  </variableValue>
  <variableValue variable="MFQ[year]5C">
    <value valueType="decimal">7.558773689685861</value>
  </variableValue>
  <variableValue variable="MFQ[year]5D">
    <value valueType="decimal">14.628613577416994</value>
  </variableValue>
  <variableValue variable="MFQ[year]5E">
    <value valueType="decimal">14.399421321022842</value>
  </variableValue>
  <variableValue variable="MFQ[year]6A">
    <value valueType="decimal">3.727978611104954</value>
  </variableValue>
  <variableValue variable="MFQ[year]6B">
    <value valueType="decimal">28.71727766958464</value>
  </variableValue>
  <variableValue variable="MFQ[year]6C">
    <value valueType="decimal">58.82308311830726</value>
  </variableValue>
  <variableValue variable="MFQ[year]6D">
    <value valueType="decimal">81.60723276095153</value>
  </variableValue>
  <variableValue variable="MFQ[year]7A">
    <value valueType="decimal">20.969098180134004</value>
  </variableValue>
  <variableValue variable="MFQ[year]7B">
    <value valueType="decimal">94.57624073486791</value>
  </variableValue>
  <variableValue variable="MFQ[year]7C">
    <value valueType="decimal">48.798279753316045</value>
  </variableValue>
  <variableValue variable="MFQ[year]7D">
    <value valueType="decimal">40.058694775282156</value>
  </variableValue>
  <variableValue variable="MFQ[year]7E">
    <value valueType="decimal">30.84606860038759</value>
  </variableValue>
  <variableValue variable="MFQ[year]7F">
    <value valueType="decimal">71.51023759829572</value>
  </variableValue>
  <variableValue variable="MFQ[year]7G">
    <value valueType="decimal">96.32783932783519</value>
  </variableValue>
  <variableValue variable="MFQ[year]7H">
    <value valueType="decimal">71.40723690829213</value>
  </variableValue>
  <variableValue variable="MFQ[year]7I">
    <value valueType="decimal">66.31095900382783</value>
  </variableValue>
  <variableValue variable="MFQ[year]7J">
    <value valueType="decimal">49.57213835192138</value>
  </variableValue>
  <variableValue variable="MFQ[year]7K">
    <value valueType="decimal">95.3219301465879</value>
  </variableValue>
  <variableValue variable="MFQ[year]7L">
    <value valueType="decimal">97.87060120138267</value>
  </variableValue>
  <variableValue variable="MFQ[year]7M">
    <value valueType="decimal">65.5579829768279</value>
  </variableValue>
  <variableValue variable="MFQ[year]7N">
    <value valueType="decimal">32.69129405205786</value>
  </variableValue>
  <variableValue variable="MFQ[year]7O">
    <value valueType="decimal">93.77483580963593</value>
  </variableValue>
  <variableValue variable="MFQ[year]7P">
    <value valueType="decimal">66.24335312166941</value>
  </variableValue>
  <variableValue variable="MFQ[year]7Q">
    <value valueType="decimal">59.14807596176708</value>
  </variableValue>
  <variableValue variable="MFQ[year]7R">
    <value valueType="decimal">69.421694596349</value>
  </variableValue>
  <variableValue variable="MFQ[year]8A">
    <value valueType="decimal">31.318154411110854</value>
  </variableValue>
  <variableValue variable="MFQ[year]8B">
    <value valueType="decimal">70.9411069260046</value>
  </variableValue>
  <variableValue variable="MFQ[year]8C">
    <value valueType="decimal">76.60416928122939</value>
  </variableValue>
  <variableValue variable="MFQ[year]8D">
    <value valueType="decimal">73.08342937111235</value>
  </variableValue>
  <variableValue variable="MFQ[year]8E">
    <value valueType="decimal">9.997434397515248</value>
  </variableValue>
  <variableValue variable="MFQ[year]8F">
    <value valueType="decimal">17.507714981304467</value>
  </variableValue>
  <variableValue variable="MFQ[year]8G">
    <value valueType="decimal">86.82345898299427</value>
  </variableValue>
  <variableValue variable="MFQ[year]8H">
    <value valueType="decimal">64.22292139824104</value>
  </variableValue>
  <variableValue variable="MFQ1[year]">
    <value valueType="integer">1</value>
  </variableValue>
  <variableValue variable="mfq1[year]">
    <value valueType="decimal">89.76663846390309</value>
  </variableValue>
  <variableValue variable="MFQ2[year]">
    <value valueType="integer">15</value>
  </variableValue>
  <variableValue variable="mfq2[year]">
    <value valueType="decimal">98.07878613851658</value>
  </variableValue>
  <variableValue variable="MFQ3[year]">
    <value valueType="integer">13</value>
  </variableValue>
  <variableValue variable="mfq3[year]">
    <value valueType="decimal">56.75553243349102</value>
  </variableValue>
  <variableValue variable="MFQ4[year]">
    <value valueType="integer">15</value>
  </variableValue>
  <variableValue variable="mfq4[year]">
    <value valueType="decimal">44.97403152342366</value>
  </variableValue>
  <variableValue variable="MLIVE[year]">
    <value valueType="integer">2</value>
  </variableValue>
  <variableValue variable="MOMWK[year]">
    <value valueType="integer">0</value>
  </variableValue>
  <variableValue variable="movie[year]">
    <value valueType="decimal">95.43197616434638</value>
  </variableValue>
  <variableValue variable="MSTA84[year]">
    <value valueType="integer">5</value>
  </variableValue>
  <variableValue variable="MSTAT[year]">
    <value valueType="integer">2</value>
  </variableValue>
  <variableValue variable="NBKS[year]">
    <value valueType="integer">74</value>
  </variableValue>
  <variableValue variable="NCONF[year]">
    <value valueType="integer">8</value>
  </variableValue>
  <variableValue variable="NEEDCATA[year]">
    <value valueType="integer">4</value>
  </variableValue>
  <variableValue variable="NEMP[year]">
    <value valueType="integer">71</value>
  </variableValue>
  <variableValue variable="NEUROTIC[year]">
    <value valueType="integer">54</value>
  </variableValue>
  <variableValue variable="NEWPRNT[year]">
    <value valueType="integer">2</value>
  </variableValue>
  <variableValue variable="nfr[year]">
    <value valueType="integer">72</value>
  </variableValue>
  <variableValue variable="NFRN[year]">
    <value valueType="integer">89</value>
  </variableValue>
  <variableValue variable="NGRNKD[year]">
    <value valueType="integer">52</value>
  </variableValue>
  <variableValue variable="NJOB[year]">
    <value valueType="integer">61</value>
  </variableValue>
  <variableValue variable="NKDHM[year]">
    <value valueType="integer">51</value>
  </variableValue>
  <variableValue variable="NKIDS[year]">
    <value valueType="integer">51</value>
  </variableValue>
  <variableValue variable="NMAG[year]">
    <value valueType="integer">96</value>
  </variableValue>
  <variableValue variable="NMOV[year]">
    <value valueType="integer">11</value>
  </variableValue>
  <variableValue variable="NMTG[year]">
    <value valueType="integer">33</value>
  </variableValue>
  <variableValue variable="NNEIG[year]">
    <value valueType="integer">2</value>
  </variableValue>
  <variableValue variable="NOBR[year]">
    <value valueType="integer">72</value>
  </variableValue>
  <variableValue variable="NOISE[year]">
    <value valueType="integer">5</value>
  </variableValue>
  <variableValue variable="NONFIC[year]">
    <value valueType="integer">83</value>
  </variableValue>
  <variableValue variable="nor[year]">
    <value valueType="integer">93</value>
  </variableValue>
  <variableValue variable="norcr[year]">
    <value valueType="integer">74</value>
  </variableValue>
  <variableValue variable="NOSIS[year]">
    <value valueType="integer">94</value>
  </variableValue>
  <variableValue variable="NOWRK[year]">
    <value valueType="integer">4</value>
  </variableValue>
  <variableValue variable="NRMS[year]">
    <value valueType="integer">51</value>
  </variableValue>
  <variableValue variable="nsp08">
    <value valueType="integer">2</value>
  </variableValue>
  <variableValue variable="NSTATE[year]">
    <value valueType="integer">65</value>
  </variableValue>
  <variableValue variable="NTRAD[year]">
    <value valueType="integer">6</value>
  </variableValue>
  <variableValue variable="NTRIPS[year]">
    <value valueType="integer">0</value>
  </variableValue>
  <variableValue variable="numtot[year]">
    <value valueType="integer">66</value>
  </variableValue>
  <variableValue variable="NVISIT[year]">
    <value valueType="integer">1</value>
  </variableValue>
  <variableValue variable="NWED[year]">
    <value valueType="integer">0</value>
  </variableValue>
  <variableValue variable="NYBR[year]">
    <value valueType="integer">62</value>
  </variableValue>
  <variableValue variable="NYSIS[year]">
    <value valueType="integer">69</value>
  </variableValue>
  <variableValue variable="OBGYN[year]">
    <value valueType="integer">1</value>
  </variableValue>
  <variableValue variable="OCC[year]">
    <value valueType="integer">9</value>
  </variableValue>
  <variableValue variable="OCC84[year]">
    <value valueType="integer">5</value>
  </variableValue>
  <variableValue variable="OPEN[year]">
    <value valueType="integer">85</value>
  </variableValue>
  <variableValue variable="or[year]">
    <value valueType="integer">10</value>
  </variableValue>
  <variableValue variable="oratt[year]">
    <value valueType="integer">9</value>
  </variableValue>
  <variableValue variable="ORGAN[year]">
    <value valueType="integer">3</value>
  </variableValue>
  <variableValue variable="oromt[year]">
    <value valueType="integer">46</value>
  </variableValue>
  <variableValue variable="orwg[year]">
    <value valueType="integer">30</value>
  </variableValue>
  <variableValue variable="OTJ[year]">
    <value valueType="integer">1</value>
  </variableValue>
  <variableValue variable="outhob[year]">
    <value valueType="decimal">92.19673807747458</value>
  </variableValue>
  <variableValue variable="OWNHM[year]">
    <value valueType="integer">1</value>
  </variableValue>
  <variableValue variable="PAINREL[year]">
    <value valueType="integer">1</value>
  </variableValue>
  <variableValue variable="PAP[year]">
    <value valueType="integer">2</value>
  </variableValue>
  <variableValue variable="party[year]">
    <value valueType="decimal">27.65842089992969</value>
  </variableValue>
  <variableValue variable="pase1">
    <value valueType="integer">2</value>
  </variableValue>
  <variableValue variable="pase10">
    <value valueType="integer">0</value>
  </variableValue>
  <variableValue variable="pase10a">
    <value valueType="decimal">80.61708032564175</value>
  </variableValue>
  <variableValue variable="pase10b">
    <value valueType="integer">3</value>
  </variableValue>
  <variableValue variable="pase1b">
    <value valueType="integer">2</value>
  </variableValue>
  <variableValue variable="pase2">
    <value valueType="integer">3</value>
  </variableValue>
  <variableValue variable="pase2a">
    <value valueType="integer">4</value>
  </variableValue>
  <variableValue variable="pase3">
    <value valueType="integer">2</value>
  </variableValue>
  <variableValue variable="pase3b">
    <value valueType="integer">3</value>
  </variableValue>
  <variableValue variable="pase4">
    <value valueType="integer">1</value>
  </variableValue>
  <variableValue variable="pase4b">
    <value valueType="integer">4</value>
  </variableValue>
  <variableValue variable="pase5">
    <value valueType="integer">1</value>
  </variableValue>
  <variableValue variable="pase5b">
    <value valueType="integer">1</value>
  </variableValue>
  <variableValue variable="pase6">
    <value valueType="integer">2</value>
  </variableValue>
  <variableValue variable="pase6b">
    <value valueType="integer">2</value>
  </variableValue>
  <variableValue variable="pase7">
    <value valueType="integer">1</value>
  </variableValue>
  <variableValue variable="pase8">
    <value valueType="integer">0</value>
  </variableValue>
  <variableValue variable="pase9a - pase9d">
    <value valueType="integer">0</value>
  </variableValue>
  <variableValue variable="pattot[year]">
    <value valueType="integer">89</value>
  </variableValue>
  <variableValue variable="PDEMP[year]">
    <value valueType="integer">0</value>
  </variableValue>
  <variableValue variable="PEOP[year]">
    <value valueType="decimal">82.36133434804259</value>
  </variableValue>
  <variableValue variable="pets[year]">
    <value valueType="decimal">79.67784624983987</value>
  </variableValue>
  <variableValue variable="phone[year]">
    <value valueType="decimal">0.3075847196693404</value>
  </variableValue>
  <variableValue variable="picnic[year]">
    <value valueType="decimal">10.723350872125593</value>
  </variableValue>
  <variableValue variable="PIPEDAY[year]">
    <value valueType="integer">1</value>
  </variableValue>
  <variableValue variable="PIPES[year]">
    <value valueType="integer">6</value>
  </variableValue>
  <variableValue variable="pirr1[year]">
    <value valueType="integer">45</value>
  </variableValue>
  <variableValue variable="pirr2[year]">
    <value valueType="integer">32</value>
  </variableValue>
  <variableValue variable="PORK[year]">
    <value valueType="integer">1</value>
  </variableValue>
  <variableValue variable="ppr1[year]">
    <value valueType="integer">38</value>
  </variableValue>
  <variableValue variable="ppr2[year]">
    <value valueType="integer">85</value>
  </variableValue>
  <variableValue variable="ppr3[year]">
    <value valueType="integer">66</value>
  </variableValue>
  <variableValue variable="pray[year]">
    <value valueType="decimal">5.8431956729803165</value>
  </variableValue>
  <variableValue variable="PRESR[year]">
    <value valueType="integer">3</value>
  </variableValue>
  <variableValue variable="PRO2YR[year]">
    <value valueType="integer">2</value>
  </variableValue>
  <variableValue variable="PROAGE[year]">
    <value valueType="integer">62</value>
  </variableValue>
  <variableValue variable="PROENLAR[year]">
    <value valueType="integer">2</value>
  </variableValue>
  <variableValue variable="PROEXAM[year]">
    <value valueType="integer">39</value>
  </variableValue>
  <variableValue variable="PROS[year]">
    <value valueType="integer">2</value>
  </variableValue>
  <variableValue variable="PROSUC[year]">
    <value valueType="integer">5</value>
  </variableValue>
  <variableValue variable="PRSC84[year]">
    <value valueType="integer">4</value>
  </variableValue>
  <variableValue variable="radio[year]">
    <value valueType="decimal">12.19512049666619</value>
  </variableValue>
  <variableValue variable="RDPAPR[year]">
    <value valueType="integer">0</value>
  </variableValue>
  <variableValue variable="RDWRIT[year]">
    <value valueType="decimal">43.64515924915128</value>
  </variableValue>
  <variableValue variable="read[year]">
    <value valueType="decimal">69.44740694517321</value>
  </variableValue>
  <variableValue variable="REGULAR[year]">
    <value valueType="integer">1</value>
  </variableValue>
  <variableValue variable="REMAR[year]">
    <value valueType="integer">85</value>
  </variableValue>
  <variableValue variable="rv[year]">
    <value valueType="integer">22</value>
  </variableValue>
  <variableValue variable="SAFE[year]">
    <value valueType="integer">1</value>
  </variableValue>
  <variableValue variable="SBHWY[year]">
    <value valueType="integer">5</value>
  </variableValue>
  <variableValue variable="SBTOWN[year]">
    <value valueType="integer">5</value>
  </variableValue>
  <variableValue variable="SELFBLOO[year]">
    <value valueType="integer">5</value>
  </variableValue>
  <variableValue variable="selfim[year]">
    <value valueType="decimal">73.0288027073238</value>
  </variableValue>
  <variableValue variable="SELFMAM[year]">
    <value valueType="integer">1</value>
  </variableValue>
  <variableValue variable="sex">
    <value valueType="integer">1</value>
  </variableValue>
  <variableValue variable="shop[year]">
    <value valueType="decimal">25.793638001304775</value>
  </variableValue>
  <variableValue variable="SIBS[year]">
    <value valueType="integer">58</value>
  </variableValue>
  <variableValue variable="SLEEP[year]">
    <value valueType="integer">5</value>
  </variableValue>
  <variableValue variable="smdvh[year]">
    <value valueType="integer">61</value>
  </variableValue>
  <variableValue variable="smdvl[year]">
    <value valueType="integer">14</value>
  </variableValue>
  <variableValue variable="SMK[year]">
    <value valueType="integer">0</value>
  </variableValue>
  <variableValue variable="SMOKE[year]">
    <value valueType="integer">2</value>
  </variableValue>
  <variableValue variable="SMOKEPAS[year]">
    <value valueType="decimal">79.45615482183665</value>
  </variableValue>
  <variableValue variable="SODA[year]">
    <value valueType="integer">6</value>
  </variableValue>
  <variableValue variable="SODIUM[year]">
    <value valueType="integer">3</value>
  </variableValue>
  <variableValue variable="SPBRN[year]">
    <value valueType="integer">37</value>
  </variableValue>
  <variableValue variable="spec[year]">
    <value valueType="decimal">2.1149976629023737</value>
  </variableValue>
  <variableValue variable="SPEED[year]">
    <value valueType="integer">4</value>
  </variableValue>
  <variableValue variable="SPOCC[year]">
    <value valueType="integer">1</value>
  </variableValue>
  <variableValue variable="sport[year]">
    <value valueType="decimal">21.808295938541445</value>
  </variableValue>
  <variableValue variable="SPRVIS[year]">
    <value valueType="integer">2</value>
  </variableValue>
  <variableValue variable="SREYE[year]">
    <value valueType="integer">1</value>
  </variableValue>
  <variableValue variable="srh[year]">
    <value valueType="integer">2</value>
  </variableValue>
  <variableValue variable="SRHEALTH">
    <value valueType="integer">6</value>
  </variableValue>
  <variableValue variable="SRHEAR[year]">
    <value valueType="integer">3</value>
  </variableValue>
  <variableValue variable="sstot[year]">
    <value valueType="integer">30</value>
  </variableValue>
  <variableValue variable="STAIRS[year]">
    <value valueType="integer">1</value>
  </variableValue>
  <variableValue variable="TEA[year]">
    <value valueType="integer">6</value>
  </variableValue>
  <variableValue variable="TRAF[year]">
    <value valueType="integer">1</value>
  </variableValue>
  <variableValue variable="travel[year]">
    <value valueType="decimal">6.883899696169005</value>
  </variableValue>
  <variableValue variable="TREES[year]">
    <value valueType="integer">1</value>
  </variableValue>
  <variableValue variable="TRYSTOP[year]">
    <value valueType="integer">1</value>
  </variableValue>
  <variableValue variable="tv[year]">
    <value valueType="decimal">37.41445603596796</value>
  </variableValue>
  <variableValue variable="TYPBLD[year]">
    <value valueType="integer">4</value>
  </variableValue>
  <variableValue variable="UNIVEX[year]">
    <value valueType="integer">0</value>
  </variableValue>
  <variableValue variable="VEAL[year]">
    <value valueType="integer">1</value>
  </variableValue>
  <variableValue variable="vis[year]">
    <value valueType="decimal">21.62769763213014</value>
  </variableValue>
  <variableValue variable="vocab1[year]">
    <value valueType="integer">75</value>
  </variableValue>
  <variableValue variable="vocab2[year]">
    <value valueType="integer">38</value>
  </variableValue>
  <variableValue variable="VOCAT[year]">
    <value valueType="integer">1</value>
  </variableValue>
  <variableValue variable="vol[year]">
    <value valueType="decimal">2.272425511265419</value>
  </variableValue>
  <variableValue variable="walk[year]">
    <value valueType="decimal">88.32308811948593</value>
  </variableValue>
  <variableValue variable="WALK[year]">
    <value valueType="integer">2</value>
  </variableValue>
  <variableValue variable="wdflu[year]">
    <value valueType="integer">89</value>
  </variableValue>
  <variableValue variable="WEIGHT[year]">
    <value valueType="integer">14</value>
  </variableValue>
  <variableValue variable="WELL[year]">
    <value valueType="integer">1</value>
  </variableValue>
  <variableValue variable="WINE[year]">
    <value valueType="integer">78</value>
  </variableValue>
  <variableValue variable="write[year]">
    <value valueType="decimal">3.2601941716722482</value>
  </variableValue>
  <variableValue variable="WRKPLC[year]">
    <value valueType="integer">5</value>
  </variableValue>
  <variableValue variable="WRKTYP[year]">
    <value valueType="integer">3</value>
  </variableValue>
  <variableValue variable="ws[year]">
    <value valueType="integer">95</value>
  </variableValue>
  <variableValue variable="YEAROP[year]">
    <value valueType="integer">45</value>
  </variableValue>
  <variableValue variable="YRQUIT[year]">
    <value valueType="integer">88</value>
  </variableValue>
  <variableValue variable="YRRET[year]">
    <value valueType="integer">72</value>
  </variableValue>
  <variableValue variable="YRSMOKE[year]">
    <value valueType="decimal">24.203844146421304</value>
  </variableValue>
</valueSet>