<valueSet valueTable="2008" entityType="Participant" entityIdentifier="16415681">
  <variableValue variable="ADLTED[year]">
    <value valueType="integer">1</value>
  </variableValue>
  <variableValue variable="ADVDIR[year]">
    <value valueType="integer">2</value>
  </variableValue>
  <variableValue variable="age[year]">
    <value valueType="integer">56</value>
  </variableValue>
  <variableValue variable="AGEKID[year]">
    <value valueType="integer">89</value>
  </variableValue>
  <variableValue variable="AGENB[year]">
    <value valueType="integer">7</value>
  </variableValue>
  <variableValue variable="AGEWED[year]">
    <value valueType="integer">77</value>
  </variableValue>
  <variableValue variable="AGFRN[year]">
    <value valueType="integer">1</value>
  </variableValue>
  <variableValue variable="AGREE[year]">
    <value valueType="integer">86</value>
  </variableValue>
  <variableValue variable="ALCOHOL[year]">
    <value valueType="integer">4</value>
  </variableValue>
  <variableValue variable="Apdemp[year]">
    <value valueType="decimal">95.51105932764872</value>
  </variableValue>
  <variableValue variable="ART[year]">
    <value valueType="integer">2</value>
  </variableValue>
  <variableValue variable="BDATE_DY">
    <value valueType="integer">60</value>
  </variableValue>
  <variableValue variable="BDATE_MO">
    <value valueType="integer">23</value>
  </variableValue>
  <variableValue variable="BDATE_YR">
    <value valueType="integer">75</value>
  </variableValue>
  <variableValue variable="BEEF[year]">
    <value valueType="integer">3</value>
  </variableValue>
  <variableValue variable="BEER[year]">
    <value valueType="integer">38</value>
  </variableValue>
  <variableValue variable="BLDLK[year]">
    <value valueType="integer">2</value>
  </variableValue>
  <variableValue variable="BLOODPRE[year]">
    <value valueType="integer">2</value>
  </variableValue>
  <variableValue variable="BOOK[year]">
    <value valueType="integer">1</value>
  </variableValue>
  <variableValue variable="BRUSH[year]">
    <value valueType="integer">20</value>
  </variableValue>
  <variableValue variable="BUTTER[year]">
    <value valueType="integer">4</value>
  </variableValue>
  <variableValue variable="BUYFAT[year]">
    <value valueType="integer">4</value>
  </variableValue>
  <variableValue variable="BUYSALT[year]">
    <value valueType="integer">5</value>
  </variableValue>
  <variableValue variable="CANCHK[year]">
    <value valueType="integer">2</value>
  </variableValue>
  <variableValue variable="cards[year]">
    <value valueType="decimal">1.0277384985848292</value>
  </variableValue>
  <variableValue variable="CATARACT[year]">
    <value valueType="integer">1</value>
  </variableValue>
  <variableValue variable="CHKFAT[year]">
    <value valueType="integer">2</value>
  </variableValue>
  <variableValue variable="CHOLES[year]">
    <value valueType="integer">6</value>
  </variableValue>
  <variableValue variable="chur[year]">
    <value valueType="decimal">91.9222417478742</value>
  </variableValue>
  <variableValue variable="CIGARDAY[year]">
    <value valueType="integer">1</value>
  </variableValue>
  <variableValue variable="CIGARS[year]">
    <value valueType="integer">5</value>
  </variableValue>
  <variableValue variable="CIGDAY[year]">
    <value valueType="integer">5</value>
  </variableValue>
  <variableValue variable="CIGS[year]">
    <value valueType="integer">3</value>
  </variableValue>
  <variableValue variable="CLNAIR[year]">
    <value valueType="integer">1</value>
  </variableValue>
  <variableValue variable="COFFEE[year]">
    <value valueType="integer">6</value>
  </variableValue>
  <variableValue variable="CONSCIEN[year]">
    <value valueType="integer">55</value>
  </variableValue>
  <variableValue variable="cook[year]">
    <value valueType="decimal">33.26134599048146</value>
  </variableValue>
  <variableValue variable="COOKBUT[year]">
    <value valueType="integer">4</value>
  </variableValue>
  <variableValue variable="CORS[year]">
    <value valueType="integer">1</value>
  </variableValue>
  <variableValue variable="crafts[year]">
    <value valueType="decimal">86.40693323626503</value>
  </variableValue>
  <variableValue variable="crdp1[year]">
    <value valueType="integer">40</value>
  </variableValue>
  <variableValue variable="crdp2[year]">
    <value valueType="integer">18</value>
  </variableValue>
  <variableValue variable="cult[year]">
    <value valueType="decimal">21.410403310663252</value>
  </variableValue>
  <variableValue variable="dance[year]">
    <value valueType="decimal">59.02347402021712</value>
  </variableValue>
  <variableValue variable="DENTIST[year]">
    <value valueType="integer">3</value>
  </variableValue>
  <variableValue variable="DENTURE[year]">
    <value valueType="integer">2</value>
  </variableValue>
  <variableValue variable="DIABET[year]">
    <value valueType="integer">2</value>
  </variableValue>
  <variableValue variable="DRMAM[year]">
    <value valueType="integer">3</value>
  </variableValue>
  <variableValue variable="DRVISIT[year]">
    <value valueType="integer">89</value>
  </variableValue>
  <variableValue variable="dydrm[year]">
    <value valueType="decimal">63.15644574897972</value>
  </variableValue>
  <variableValue variable="EARCHK[year]">
    <value valueType="integer">0</value>
  </variableValue>
  <variableValue variable="eatout[year]">
    <value valueType="decimal">16.95798286074449</value>
  </variableValue>
  <variableValue variable="EATSALT[year]">
    <value valueType="integer">3</value>
  </variableValue>
  <variableValue variable="edact[year]">
    <value valueType="decimal">95.69803542718275</value>
  </variableValue>
  <variableValue variable="educ">
    <value valueType="integer">67</value>
  </variableValue>
  <variableValue variable="EDUC[year]">
    <value valueType="integer">19</value>
  </variableValue>
  <variableValue variable="EGG[year]">
    <value valueType="integer">5</value>
  </variableValue>
  <variableValue variable="eldcar[year]">
    <value valueType="decimal">60.11417185031076</value>
  </variableValue>
  <variableValue variable="ELDCAR[year]">
    <value valueType="decimal">79.0329713869401</value>
  </variableValue>
  <variableValue variable="ENT1[year]">
    <value valueType="integer">12</value>
  </variableValue>
  <variableValue variable="ENT2[year]">
    <value valueType="integer">12</value>
  </variableValue>
  <variableValue variable="ENT3[year]">
    <value valueType="integer">4</value>
  </variableValue>
  <variableValue variable="eth[year]">
    <value valueType="integer">3</value>
  </variableValue>
  <variableValue variable="EXCERTOT[year]">
    <value valueType="decimal">17.434495810119486</value>
  </variableValue>
  <variableValue variable="EXCERWK[year]">
    <value valueType="integer">78</value>
  </variableValue>
  <variableValue variable="EXTRAVER[year]">
    <value valueType="integer">94</value>
  </variableValue>
  <variableValue variable="EYECHG[year]">
    <value valueType="integer">4</value>
  </variableValue>
  <variableValue variable="EYECHK[year]">
    <value valueType="integer">0</value>
  </variableValue>
  <variableValue variable="EYEGLAS[year]">
    <value valueType="integer">2</value>
  </variableValue>
  <variableValue variable="FAGE[year]">
    <value valueType="integer">3</value>
  </variableValue>
  <variableValue variable="FAITH[year]">
    <value valueType="integer">1</value>
  </variableValue>
  <variableValue variable="FALLS[year]">
    <value valueType="integer">4</value>
  </variableValue>
  <variableValue variable="FCAUSE[year]">
    <value valueType="integer">5</value>
  </variableValue>
  <variableValue variable="FDIE[year]">
    <value valueType="integer">24</value>
  </variableValue>
  <variableValue variable="FIC[year]">
    <value valueType="integer">87</value>
  </variableValue>
  <variableValue variable="fit[year]">
    <value valueType="decimal">80.64662045464509</value>
  </variableValue>
  <variableValue variable="FLIVE[year]">
    <value valueType="integer">3</value>
  </variableValue>
  <variableValue variable="FLOSS[year]">
    <value valueType="integer">2</value>
  </variableValue>
  <variableValue variable="FLUSHOT[year]">
    <value valueType="integer">5</value>
  </variableValue>
  <variableValue variable="fr[year]">
    <value valueType="integer">7</value>
  </variableValue>
  <variableValue variable="fratt[year]">
    <value valueType="integer">100</value>
  </variableValue>
  <variableValue variable="frcr[year]">
    <value valueType="integer">73</value>
  </variableValue>
  <variableValue variable="fromt[year]">
    <value valueType="integer">66</value>
  </variableValue>
  <variableValue variable="frwg[year]">
    <value valueType="integer">5</value>
  </variableValue>
  <variableValue variable="game[year]">
    <value valueType="decimal">87.94441213277148</value>
  </variableValue>
  <variableValue variable="gds[year]1 –  gds[year]30">
    <value valueType="integer">0</value>
  </variableValue>
  <variableValue variable="gdstot[year]">
    <value valueType="integer">41</value>
  </variableValue>
  <variableValue variable="HANDS[year]">
    <value valueType="decimal">37.17065442824515</value>
  </variableValue>
  <variableValue variable="HARDLIQ[year]">
    <value valueType="integer">40</value>
  </variableValue>
  <variableValue variable="HEALTHCH[year]">
    <value valueType="integer">2</value>
  </variableValue>
  <variableValue variable="HEARAID[year]">
    <value valueType="integer">0</value>
  </variableValue>
  <variableValue variable="HEARCHG[year]">
    <value valueType="integer">2</value>
  </variableValue>
  <variableValue variable="HEARSPEC[year]">
    <value valueType="integer">2</value>
  </variableValue>
  <variableValue variable="HEART[year]">
    <value valueType="integer">2</value>
  </variableValue>
  <variableValue variable="HEIGHT[year]">
    <value valueType="integer">22</value>
  </variableValue>
  <variableValue variable="HHEIGHT[year]">
    <value valueType="integer">41</value>
  </variableValue>
  <variableValue variable="HIGHBLOO[year]">
    <value valueType="integer">2</value>
  </variableValue>
  <variableValue variable="HJOBTP[year]">
    <value valueType="integer">8</value>
  </variableValue>
  <variableValue variable="HMKHD[year]">
    <value valueType="decimal">65.39877894239007</value>
  </variableValue>
  <variableValue variable="HMKJB[year]">
    <value valueType="integer">83</value>
  </variableValue>
  <variableValue variable="HMKPE[year]">
    <value valueType="decimal">28.44247885143161</value>
  </variableValue>
  <variableValue variable="HMKPRS[year]">
    <value valueType="integer">1</value>
  </variableValue>
  <variableValue variable="HMKR[year]">
    <value valueType="integer">38</value>
  </variableValue>
  <variableValue variable="HMKRD[year]">
    <value valueType="decimal">17.1478600702445</value>
  </variableValue>
  <variableValue variable="HOSDAYS[year]">
    <value valueType="integer">42</value>
  </variableValue>
  <variableValue variable="HOSVISIT[year]">
    <value valueType="integer">0</value>
  </variableValue>
  <variableValue variable="HWEIGHT[year]">
    <value valueType="integer">56</value>
  </variableValue>
  <variableValue variable="INC[year]">
    <value valueType="integer">3</value>
  </variableValue>
  <variableValue variable="INC84[year]">
    <value valueType="integer">1</value>
  </variableValue>
  <variableValue variable="instr[year]">
    <value valueType="decimal">16.115438793578264</value>
  </variableValue>
  <variableValue variable="ir[year]a1 - ir[year]a20">
    <value valueType="integer">0</value>
  </variableValue>
  <variableValue variable="ir[year]b1 - ir[year]b20">
    <value valueType="integer">0</value>
  </variableValue>
  <variableValue variable="JOBLEN[year]">
    <value valueType="integer">3</value>
  </variableValue>
  <variableValue variable="JOBTYP[year]">
    <value valueType="integer">8</value>
  </variableValue>
  <variableValue variable="kidcar[year]">
    <value valueType="decimal">47.5714299579453</value>
  </variableValue>
  <variableValue variable="LAMB[year]">
    <value valueType="integer">1</value>
  </variableValue>
  <variableValue variable="lettot[year]">
    <value valueType="integer">70</value>
  </variableValue>
  <variableValue variable="LFST84[year]">
    <value valueType="integer">4</value>
  </variableValue>
  <variableValue variable="LIFSAT[year]">
    <value valueType="integer">4</value>
  </variableValue>
  <variableValue variable="LIVESMOK[year]">
    <value valueType="integer">1</value>
  </variableValue>
  <variableValue variable="ls[year]">
    <value valueType="integer">40</value>
  </variableValue>
  <variableValue variable="LSTJOB[year]">
    <value valueType="integer">1</value>
  </variableValue>
  <variableValue variable="LVNGWILL[year]">
    <value valueType="integer">2</value>
  </variableValue>
  <variableValue variable="MAGE[year]">
    <value valueType="integer">10</value>
  </variableValue>
  <variableValue variable="MAM[year]">
    <value valueType="integer">2</value>
  </variableValue>
  <variableValue variable="MAM2YR[year]">
    <value valueType="integer">1</value>
  </variableValue>
  <variableValue variable="MAMAGE[year]">
    <value valueType="integer">83</value>
  </variableValue>
  <variableValue variable="MAMEXAM[year]">
    <value valueType="integer">20</value>
  </variableValue>
  <variableValue variable="MASTECT[year]">
    <value valueType="integer">1</value>
  </variableValue>
  <variableValue variable="MCAUSE[year]">
    <value valueType="integer">8</value>
  </variableValue>
  <variableValue variable="MDIE[year]">
    <value valueType="integer">32</value>
  </variableValue>
  <variableValue variable="MED[year]">
    <value valueType="integer">2</value>
  </variableValue>
  <variableValue variable="MENAGE[year]">
    <value valueType="integer">45</value>
  </variableValue>
  <variableValue variable="MENHIST[year]">
    <value valueType="integer">33</value>
  </variableValue>
  <variableValue variable="MENSIT[year]">
    <value valueType="integer">5</value>
  </variableValue>
  <variableValue variable="MFQ[year]1">
    <value valueType="decimal">95.21389202170928</value>
  </variableValue>
  <variableValue variable="MFQ[year]2A">
    <value valueType="decimal">9.051543002070627</value>
  </variableValue>
  <variableValue variable="MFQ[year]2B">
    <value valueType="decimal">8.320289644405376</value>
  </variableValue>
  <variableValue variable="MFQ[year]2C">
    <value valueType="decimal">99.22784925631842</value>
  </variableValue>
  <variableValue variable="MFQ[year]2D">
    <value valueType="decimal">0.2816826830067898</value>
  </variableValue>
  <variableValue variable="MFQ[year]2E">
    <value valueType="decimal">22.564565457513876</value>
  </variableValue>
  <variableValue variable="MFQ[year]3A">
    <value valueType="decimal">0.4059732756890089</value>
  </variableValue>
  <variableValue variable="MFQ[year]3B">
    <value valueType="decimal">59.66564056891506</value>
  </variableValue>
  <variableValue variable="MFQ[year]3C">
    <value valueType="decimal">37.57785922705832</value>
  </variableValue>
  <variableValue variable="MFQ[year]3D">
    <value valueType="decimal">81.5523686505633</value>
  </variableValue>
  <variableValue variable="MFQ[year]3E">
    <value valueType="decimal">37.85491515683197</value>
  </variableValue>
  <variableValue variable="MFQ[year]3F">
    <value valueType="decimal">63.34257890163243</value>
  </variableValue>
  <variableValue variable="MFQ[year]3G">
    <value valueType="decimal">91.80688745054786</value>
  </variableValue>
  <variableValue variable="MFQ[year]3H">
    <value valueType="decimal">35.43187441313793</value>
  </variableValue>
  <variableValue variable="MFQ[year]3I">
    <value valueType="decimal">11.714139035250815</value>
  </variableValue>
  <variableValue variable="MFQ[year]3J">
    <value valueType="decimal">31.241160132902955</value>
  </variableValue>
  <variableValue variable="MFQ[year]3K">
    <value valueType="decimal">34.77525607276297</value>
  </variableValue>
  <variableValue variable="MFQ[year]3L">
    <value valueType="decimal">21.236228238162813</value>
  </variableValue>
  <variableValue variable="MFQ[year]3M">
    <value valueType="decimal">88.21997735111488</value>
  </variableValue>
  <variableValue variable="MFQ[year]3N">
    <value valueType="decimal">46.468330084453726</value>
  </variableValue>
  <variableValue variable="MFQ[year]3O">
    <value valueType="decimal">74.76391767563696</value>
  </variableValue>
  <variableValue variable="MFQ[year]3P">
    <value valueType="decimal">34.94277507358567</value>
  </variableValue>
  <variableValue variable="MFQ[year]3Q">
    <value valueType="decimal">41.570727117755105</value>
  </variableValue>
  <variableValue variable="MFQ[year]3R">
    <value valueType="decimal">87.12124674264106</value>
  </variableValue>
  <variableValue variable="MFQ[year]4A">
    <value valueType="decimal">87.51208349951854</value>
  </variableValue>
  <variableValue variable="MFQ[year]4B">
    <value valueType="decimal">97.04130440646661</value>
  </variableValue>
  <variableValue variable="MFQ[year]4C">
    <value valueType="decimal">37.05606449314052</value>
  </variableValue>
  <variableValue variable="MFQ[year]4D">
    <value valueType="decimal">59.943902661009886</value>
  </variableValue>
  <variableValue variable="MFQ[year]4E">
    <value valueType="decimal">54.901856967942194</value>
  </variableValue>
  <variableValue variable="MFQ[year]5A">
    <value valueType="decimal">40.8002209583746</value>
  </variableValue>
  <variableValue variable="MFQ[year]5B">
    <value valueType="decimal">4.158100235304241</value>
  </variableValue>
  <variableValue variable="MFQ[year]5C">
    <value valueType="decimal">8.398324165418869</value>
  </variableValue>
  <variableValue variable="MFQ[year]5D">
    <value valueType="decimal">18.390175488357606</value>
  </variableValue>
  <variableValue variable="MFQ[year]5E">
    <value valueType="decimal">2.1765659453591324</value>
  </variableValue>
  <variableValue variable="MFQ[year]6A">
    <value valueType="decimal">90.50848707625897</value>
  </variableValue>
  <variableValue variable="MFQ[year]6B">
    <value valueType="decimal">2.0746959202367243</value>
  </variableValue>
  <variableValue variable="MFQ[year]6C">
    <value valueType="decimal">0.8166407108390894</value>
  </variableValue>
  <variableValue variable="MFQ[year]6D">
    <value valueType="decimal">31.42909408276576</value>
  </variableValue>
  <variableValue variable="MFQ[year]7A">
    <value valueType="decimal">54.48047125344998</value>
  </variableValue>
  <variableValue variable="MFQ[year]7B">
    <value valueType="decimal">88.29073002673162</value>
  </variableValue>
  <variableValue variable="MFQ[year]7C">
    <value valueType="decimal">62.42280517384625</value>
  </variableValue>
  <variableValue variable="MFQ[year]7D">
    <value valueType="decimal">78.23188694585335</value>
  </variableValue>
  <variableValue variable="MFQ[year]7E">
    <value valueType="decimal">36.71439579931931</value>
  </variableValue>
  <variableValue variable="MFQ[year]7F">
    <value valueType="decimal">1.2812122286204985</value>
  </variableValue>
  <variableValue variable="MFQ[year]7G">
    <value valueType="decimal">34.750476275128136</value>
  </variableValue>
  <variableValue variable="MFQ[year]7H">
    <value valueType="decimal">24.449258401896955</value>
  </variableValue>
  <variableValue variable="MFQ[year]7I">
    <value valueType="decimal">49.01960574417586</value>
  </variableValue>
  <variableValue variable="MFQ[year]7J">
    <value valueType="decimal">79.5545249424248</value>
  </variableValue>
  <variableValue variable="MFQ[year]7K">
    <value valueType="decimal">19.543726416960915</value>
  </variableValue>
  <variableValue variable="MFQ[year]7L">
    <value valueType="decimal">51.72103625240395</value>
  </variableValue>
  <variableValue variable="MFQ[year]7M">
    <value valueType="decimal">32.86532382245609</value>
  </variableValue>
  <variableValue variable="MFQ[year]7N">
    <value valueType="decimal">37.79373094555063</value>
  </variableValue>
  <variableValue variable="MFQ[year]7O">
    <value valueType="decimal">48.8612391229984</value>
  </variableValue>
  <variableValue variable="MFQ[year]7P">
    <value valueType="decimal">34.62050417106541</value>
  </variableValue>
  <variableValue variable="MFQ[year]7Q">
    <value valueType="decimal">69.06750493998153</value>
  </variableValue>
  <variableValue variable="MFQ[year]7R">
    <value valueType="decimal">76.1055264847345</value>
  </variableValue>
  <variableValue variable="MFQ[year]8A">
    <value valueType="decimal">77.31270571487705</value>
  </variableValue>
  <variableValue variable="MFQ[year]8B">
    <value valueType="decimal">44.38565155686949</value>
  </variableValue>
  <variableValue variable="MFQ[year]8C">
    <value valueType="decimal">65.29830214830558</value>
  </variableValue>
  <variableValue variable="MFQ[year]8D">
    <value valueType="decimal">86.47122904653163</value>
  </variableValue>
  <variableValue variable="MFQ[year]8E">
    <value valueType="decimal">17.664975861654796</value>
  </variableValue>
  <variableValue variable="MFQ[year]8F">
    <value valueType="decimal">33.08758417733636</value>
  </variableValue>
  <variableValue variable="MFQ[year]8G">
    <value valueType="decimal">8.68922408347661</value>
  </variableValue>
  <variableValue variable="MFQ[year]8H">
    <value valueType="decimal">33.929668447694795</value>
  </variableValue>
  <variableValue variable="MFQ1[year]">
    <value valueType="integer">10</value>
  </variableValue>
  <variableValue variable="mfq1[year]">
    <value valueType="decimal">90.29322033507113</value>
  </variableValue>
  <variableValue variable="MFQ2[year]">
    <value valueType="integer">93</value>
  </variableValue>
  <variableValue variable="mfq2[year]">
    <value valueType="decimal">47.06866307618892</value>
  </variableValue>
  <variableValue variable="MFQ3[year]">
    <value valueType="integer">15</value>
  </variableValue>
  <variableValue variable="mfq3[year]">
    <value valueType="decimal">86.9735777728946</value>
  </variableValue>
  <variableValue variable="MFQ4[year]">
    <value valueType="integer">10</value>
  </variableValue>
  <variableValue variable="mfq4[year]">
    <value valueType="decimal">56.753383727758546</value>
  </variableValue>
  <variableValue variable="MLIVE[year]">
    <value valueType="integer">1</value>
  </variableValue>
  <variableValue variable="MOMWK[year]">
    <value valueType="integer">1</value>
  </variableValue>
  <variableValue variable="movie[year]">
    <value valueType="decimal">54.268948756866195</value>
  </variableValue>
  <variableValue variable="MSTA84[year]">
    <value valueType="integer">5</value>
  </variableValue>
  <variableValue variable="MSTAT[year]">
    <value valueType="integer">4</value>
  </variableValue>
  <variableValue variable="NBKS[year]">
    <value valueType="integer">7</value>
  </variableValue>
  <variableValue variable="NCONF[year]">
    <value valueType="integer">90</value>
  </variableValue>
  <variableValue variable="NEEDCATA[year]">
    <value valueType="integer">2</value>
  </variableValue>
  <variableValue variable="NEMP[year]">
    <value valueType="integer">54</value>
  </variableValue>
  <variableValue variable="NEUROTIC[year]">
    <value valueType="integer">41</value>
  </variableValue>
  <variableValue variable="NEWPRNT[year]">
    <value valueType="integer">2</value>
  </variableValue>
  <variableValue variable="nfr[year]">
    <value valueType="integer">100</value>
  </variableValue>
  <variableValue variable="NFRN[year]">
    <value valueType="integer">88</value>
  </variableValue>
  <variableValue variable="NGRNKD[year]">
    <value valueType="integer">22</value>
  </variableValue>
  <variableValue variable="NJOB[year]">
    <value valueType="integer">36</value>
  </variableValue>
  <variableValue variable="NKDHM[year]">
    <value valueType="integer">75</value>
  </variableValue>
  <variableValue variable="NKIDS[year]">
    <value valueType="integer">16</value>
  </variableValue>
  <variableValue variable="NMAG[year]">
    <value valueType="integer">1</value>
  </variableValue>
  <variableValue variable="NMOV[year]">
    <value valueType="integer">49</value>
  </variableValue>
  <variableValue variable="NMTG[year]">
    <value valueType="integer">77</value>
  </variableValue>
  <variableValue variable="NNEIG[year]">
    <value valueType="integer">1</value>
  </variableValue>
  <variableValue variable="NOBR[year]">
    <value valueType="integer">2</value>
  </variableValue>
  <variableValue variable="NOISE[year]">
    <value valueType="integer">3</value>
  </variableValue>
  <variableValue variable="NONFIC[year]">
    <value valueType="integer">28</value>
  </variableValue>
  <variableValue variable="nor[year]">
    <value valueType="integer">61</value>
  </variableValue>
  <variableValue variable="norcr[year]">
    <value valueType="integer">100</value>
  </variableValue>
  <variableValue variable="NOSIS[year]">
    <value valueType="integer">73</value>
  </variableValue>
  <variableValue variable="NOWRK[year]">
    <value valueType="integer">6</value>
  </variableValue>
  <variableValue variable="NRMS[year]">
    <value valueType="integer">16</value>
  </variableValue>
  <variableValue variable="nsp08">
    <value valueType="integer">1</value>
  </variableValue>
  <variableValue variable="NSTATE[year]">
    <value valueType="integer">64</value>
  </variableValue>
  <variableValue variable="NTRAD[year]">
    <value valueType="integer">91</value>
  </variableValue>
  <variableValue variable="NTRIPS[year]">
    <value valueType="integer">12</value>
  </variableValue>
  <variableValue variable="numtot[year]">
    <value valueType="integer">51</value>
  </variableValue>
  <variableValue variable="NVISIT[year]">
    <value valueType="integer">4</value>
  </variableValue>
  <variableValue variable="NWED[year]">
    <value valueType="integer">48</value>
  </variableValue>
  <variableValue variable="NYBR[year]">
    <value valueType="integer">91</value>
  </variableValue>
  <variableValue variable="NYSIS[year]">
    <value valueType="integer">47</value>
  </variableValue>
  <variableValue variable="OBGYN[year]">
    <value valueType="integer">5</value>
  </variableValue>
  <variableValue variable="OCC[year]">
    <value valueType="integer">2</value>
  </variableValue>
  <variableValue variable="OCC84[year]">
    <value valueType="integer">2</value>
  </variableValue>
  <variableValue variable="OPEN[year]">
    <value valueType="integer">85</value>
  </variableValue>
  <variableValue variable="or[year]">
    <value valueType="integer">69</value>
  </variableValue>
  <variableValue variable="oratt[year]">
    <value valueType="integer">91</value>
  </variableValue>
  <variableValue variable="ORGAN[year]">
    <value valueType="integer">2</value>
  </variableValue>
  <variableValue variable="oromt[year]">
    <value valueType="integer">9</value>
  </variableValue>
  <variableValue variable="orwg[year]">
    <value valueType="integer">47</value>
  </variableValue>
  <variableValue variable="OTJ[year]">
    <value valueType="integer">1</value>
  </variableValue>
  <variableValue variable="outhob[year]">
    <value valueType="decimal">12.955262749045882</value>
  </variableValue>
  <variableValue variable="OWNHM[year]">
    <value valueType="integer">1</value>
  </variableValue>
  <variableValue variable="PAINREL[year]">
    <value valueType="integer">3</value>
  </variableValue>
  <variableValue variable="PAP[year]">
    <value valueType="integer">3</value>
  </variableValue>
  <variableValue variable="party[year]">
    <value valueType="decimal">10.370345460085172</value>
  </variableValue>
  <variableValue variable="pase1">
    <value valueType="integer">1</value>
  </variableValue>
  <variableValue variable="pase10">
    <value valueType="integer">1</value>
  </variableValue>
  <variableValue variable="pase10a">
    <value valueType="decimal">31.92732947446619</value>
  </variableValue>
  <variableValue variable="pase10b">
    <value valueType="integer">2</value>
  </variableValue>
  <variableValue variable="pase1b">
    <value valueType="integer">1</value>
  </variableValue>
  <variableValue variable="pase2">
    <value valueType="integer">1</value>
  </variableValue>
  <variableValue variable="pase2a">
    <value valueType="integer">2</value>
  </variableValue>
  <variableValue variable="pase3">
    <value valueType="integer">2</value>
  </variableValue>
  <variableValue variable="pase3b">
    <value valueType="integer">3</value>
  </variableValue>
  <variableValue variable="pase4">
    <value valueType="integer">3</value>
  </variableValue>
  <variableValue variable="pase4b">
    <value valueType="integer">2</value>
  </variableValue>
  <variableValue variable="pase5">
    <value valueType="integer">0</value>
  </variableValue>
  <variableValue variable="pase5b">
    <value valueType="integer">1</value>
  </variableValue>
  <variableValue variable="pase6">
    <value valueType="integer">2</value>
  </variableValue>
  <variableValue variable="pase6b">
    <value valueType="integer">1</value>
  </variableValue>
  <variableValue variable="pase7">
    <value valueType="integer">0</value>
  </variableValue>
  <variableValue variable="pase8">
    <value valueType="integer">0</value>
  </variableValue>
  <variableValue variable="pase9a - pase9d">
    <value valueType="integer">1</value>
  </variableValue>
  <variableValue variable="pattot[year]">
    <value valueType="integer">50</value>
  </variableValue>
  <variableValue variable="PDEMP[year]">
    <value valueType="integer">0</value>
  </variableValue>
  <variableValue variable="PEOP[year]">
    <value valueType="decimal">99.04509810639128</value>
  </variableValue>
  <variableValue variable="pets[year]">
    <value valueType="decimal">38.347920736088845</value>
  </variableValue>
  <variableValue variable="phone[year]">
    <value valueType="decimal">13.213534915185276</value>
  </variableValue>
  <variableValue variable="picnic[year]">
    <value valueType="decimal">53.187675855993035</value>
  </variableValue>
  <variableValue variable="PIPEDAY[year]">
    <value valueType="integer">4</value>
  </variableValue>
  <variableValue variable="PIPES[year]">
    <value valueType="integer">4</value>
  </variableValue>
  <variableValue variable="pirr1[year]">
    <value valueType="integer">87</value>
  </variableValue>
  <variableValue variable="pirr2[year]">
    <value valueType="integer">76</value>
  </variableValue>
  <variableValue variable="PORK[year]">
    <value valueType="integer">1</value>
  </variableValue>
  <variableValue variable="ppr1[year]">
    <value valueType="integer">10</value>
  </variableValue>
  <variableValue variable="ppr2[year]">
    <value valueType="integer">66</value>
  </variableValue>
  <variableValue variable="ppr3[year]">
    <value valueType="integer">23</value>
  </variableValue>
  <variableValue variable="pray[year]">
    <value valueType="decimal">23.63796507394602</value>
  </variableValue>
  <variableValue variable="PRESR[year]">
    <value valueType="integer">2</value>
  </variableValue>
  <variableValue variable="PRO2YR[year]">
    <value valueType="integer">2</value>
  </variableValue>
  <variableValue variable="PROAGE[year]">
    <value valueType="integer">40</value>
  </variableValue>
  <variableValue variable="PROENLAR[year]">
    <value valueType="integer">2</value>
  </variableValue>
  <variableValue variable="PROEXAM[year]">
    <value valueType="integer">62</value>
  </variableValue>
  <variableValue variable="PROS[year]">
    <value valueType="integer">1</value>
  </variableValue>
  <variableValue variable="PROSUC[year]">
    <value valueType="integer">3</value>
  </variableValue>
  <variableValue variable="PRSC84[year]">
    <value valueType="integer">5</value>
  </variableValue>
  <variableValue variable="radio[year]">
    <value valueType="decimal">13.46890552100205</value>
  </variableValue>
  <variableValue variable="RDPAPR[year]">
    <value valueType="integer">1</value>
  </variableValue>
  <variableValue variable="RDWRIT[year]">
    <value valueType="decimal">26.3468468742879</value>
  </variableValue>
  <variableValue variable="read[year]">
    <value valueType="decimal">63.03661512911313</value>
  </variableValue>
  <variableValue variable="REGULAR[year]">
    <value valueType="integer">1</value>
  </variableValue>
  <variableValue variable="REMAR[year]">
    <value valueType="integer">74</value>
  </variableValue>
  <variableValue variable="rv[year]">
    <value valueType="integer">98</value>
  </variableValue>
  <variableValue variable="SAFE[year]">
    <value valueType="integer">0</value>
  </variableValue>
  <variableValue variable="SBHWY[year]">
    <value valueType="integer">4</value>
  </variableValue>
  <variableValue variable="SBTOWN[year]">
    <value valueType="integer">2</value>
  </variableValue>
  <variableValue variable="SELFBLOO[year]">
    <value valueType="integer">3</value>
  </variableValue>
  <variableValue variable="selfim[year]">
    <value valueType="decimal">82.59891603254145</value>
  </variableValue>
  <variableValue variable="SELFMAM[year]">
    <value valueType="integer">1</value>
  </variableValue>
  <variableValue variable="sex">
    <value valueType="integer">1</value>
  </variableValue>
  <variableValue variable="shop[year]">
    <value valueType="decimal">6.2352034463618144</value>
  </variableValue>
  <variableValue variable="SIBS[year]">
    <value valueType="integer">99</value>
  </variableValue>
  <variableValue variable="SLEEP[year]">
    <value valueType="integer">1</value>
  </variableValue>
  <variableValue variable="smdvh[year]">
    <value valueType="integer">89</value>
  </variableValue>
  <variableValue variable="smdvl[year]">
    <value valueType="integer">67</value>
  </variableValue>
  <variableValue variable="SMK[year]">
    <value valueType="integer">0</value>
  </variableValue>
  <variableValue variable="SMOKE[year]">
    <value valueType="integer">3</value>
  </variableValue>
  <variableValue variable="SMOKEPAS[year]">
    <value valueType="decimal">42.267520665765325</value>
  </variableValue>
  <variableValue variable="SODA[year]">
    <value valueType="integer">6</value>
  </variableValue>
  <variableValue variable="SODIUM[year]">
    <value valueType="integer">5</value>
  </variableValue>
  <variableValue variable="SPBRN[year]">
    <value valueType="integer">99</value>
  </variableValue>
  <variableValue variable="spec[year]">
    <value valueType="decimal">68.42061848750667</value>
  </variableValue>
  <variableValue variable="SPEED[year]">
    <value valueType="integer">1</value>
  </variableValue>
  <variableValue variable="SPOCC[year]">
    <value valueType="integer">3</value>
  </variableValue>
  <variableValue variable="sport[year]">
    <value valueType="decimal">43.95358050519806</value>
  </variableValue>
  <variableValue variable="SPRVIS[year]">
    <value valueType="integer">3</value>
  </variableValue>
  <variableValue variable="SREYE[year]">
    <value valueType="integer">2</value>
  </variableValue>
  <variableValue variable="srh[year]">
    <value valueType="integer">2</value>
  </variableValue>
  <variableValue variable="SRHEALTH">
    <value valueType="integer">2</value>
  </variableValue>
  <variableValue variable="SRHEAR[year]">
    <value valueType="integer">5</value>
  </variableValue>
  <variableValue variable="sstot[year]">
    <value valueType="integer">39</value>
  </variableValue>
  <variableValue variable="STAIRS[year]">
    <value valueType="integer">1</value>
  </variableValue>
  <variableValue variable="TEA[year]">
    <value valueType="integer">4</value>
  </variableValue>
  <variableValue variable="TRAF[year]">
    <value valueType="integer">1</value>
  </variableValue>
  <variableValue variable="travel[year]">
    <value valueType="decimal">11.293520646557532</value>
  </variableValue>
  <variableValue variable="TREES[year]">
    <value valueType="integer">4</value>
  </variableValue>
  <variableValue variable="TRYSTOP[year]">
    <value valueType="integer">1</value>
  </variableValue>
  <variableValue variable="tv[year]">
    <value valueType="decimal">49.344136706777874</value>
  </variableValue>
  <variableValue variable="TYPBLD[year]">
    <value valueType="integer">8</value>
  </variableValue>
  <variableValue variable="UNIVEX[year]">
    <value valueType="integer">1</value>
  </variableValue>
  <variableValue variable="VEAL[year]">
    <value valueType="integer">5</value>
  </variableValue>
  <variableValue variable="vis[year]">
    <value valueType="decimal">26.7352623306353</value>
  </variableValue>
  <variableValue variable="vocab1[year]">
    <value valueType="integer">86</value>
  </variableValue>
  <variableValue variable="vocab2[year]">
    <value valueType="integer">29</value>
  </variableValue>
  <variableValue variable="VOCAT[year]">
    <value valueType="integer">1</value>
  </variableValue>
  <variableValue variable="vol[year]">
    <value valueType="decimal">97.69367975360801</value>
  </variableValue>
  <variableValue variable="walk[year]">
    <value valueType="decimal">39.960606384151966</value>
  </variableValue>
  <variableValue variable="WALK[year]">
    <value valueType="integer">2</value>
  </variableValue>
  <variableValue variable="wdflu[year]">
    <value valueType="integer">52</value>
  </variableValue>
  <variableValue variable="WEIGHT[year]">
    <value valueType="integer">37</value>
  </variableValue>
  <variableValue variable="WELL[year]">
    <value valueType="integer">1</value>
  </variableValue>
  <variableValue variable="WINE[year]">
    <value valueType="integer">34</value>
  </variableValue>
  <variableValue variable="write[year]">
    <value valueType="decimal">1.5367175406087896</value>
  </variableValue>
  <variableValue variable="WRKPLC[year]">
    <value valueType="integer">3</value>
  </variableValue>
  <variableValue variable="WRKTYP[year]">
    <value valueType="integer">3</value>
  </variableValue>
  <variableValue variable="ws[year]">
    <value valueType="integer">47</value>
  </variableValue>
  <variableValue variable="YEAROP[year]">
    <value valueType="integer">80</value>
  </variableValue>
  <variableValue variable="YRQUIT[year]">
    <value valueType="integer">42</value>
  </variableValue>
  <variableValue variable="YRRET[year]">
    <value valueType="integer">79</value>
  </variableValue>
  <variableValue variable="YRSMOKE[year]">
    <value valueType="decimal">97.93762118788389</value>
  </variableValue>
</valueSet>