<valueSet valueTable="2008" entityType="Participant" entityIdentifier="1804681018046810">
  <variableValue variable="ADLTED[year]">
    <value valueType="integer">0</value>
  </variableValue>
  <variableValue variable="ADVDIR[year]">
    <value valueType="integer">1</value>
  </variableValue>
  <variableValue variable="age[year]">
    <value valueType="integer">42</value>
  </variableValue>
  <variableValue variable="AGEKID[year]">
    <value valueType="integer">10</value>
  </variableValue>
  <variableValue variable="AGENB[year]">
    <value valueType="integer">3</value>
  </variableValue>
  <variableValue variable="AGEWED[year]">
    <value valueType="integer">48</value>
  </variableValue>
  <variableValue variable="AGFRN[year]">
    <value valueType="integer">2</value>
  </variableValue>
  <variableValue variable="AGREE[year]">
    <value valueType="integer">4</value>
  </variableValue>
  <variableValue variable="ALCOHOL[year]">
    <value valueType="integer">5</value>
  </variableValue>
  <variableValue variable="Apdemp[year]">
    <value valueType="decimal">69.41721761229616</value>
  </variableValue>
  <variableValue variable="ART[year]">
    <value valueType="integer">1</value>
  </variableValue>
  <variableValue variable="BDATE_DY">
    <value valueType="integer">9</value>
  </variableValue>
  <variableValue variable="BDATE_MO">
    <value valueType="integer">50</value>
  </variableValue>
  <variableValue variable="BDATE_YR">
    <value valueType="integer">100</value>
  </variableValue>
  <variableValue variable="BEEF[year]">
    <value valueType="integer">4</value>
  </variableValue>
  <variableValue variable="BEER[year]">
    <value valueType="integer">87</value>
  </variableValue>
  <variableValue variable="BLDLK[year]">
    <value valueType="integer">4</value>
  </variableValue>
  <variableValue variable="BLOODPRE[year]">
    <value valueType="integer">3</value>
  </variableValue>
  <variableValue variable="BOOK[year]">
    <value valueType="integer">3</value>
  </variableValue>
  <variableValue variable="BRUSH[year]">
    <value valueType="integer">42</value>
  </variableValue>
  <variableValue variable="BUTTER[year]">
    <value valueType="integer">3</value>
  </variableValue>
  <variableValue variable="BUYFAT[year]">
    <value valueType="integer">3</value>
  </variableValue>
  <variableValue variable="BUYSALT[year]">
    <value valueType="integer">1</value>
  </variableValue>
  <variableValue variable="CANCHK[year]">
    <value valueType="integer">1</value>
  </variableValue>
  <variableValue variable="cards[year]">
    <value valueType="decimal">3.5797729443938886</value>
  </variableValue>
  <variableValue variable="CATARACT[year]">
    <value valueType="integer">3</value>
  </variableValue>
  <variableValue variable="CHKFAT[year]">
    <value valueType="integer">3</value>
  </variableValue>
  <variableValue variable="CHOLES[year]">
    <value valueType="integer">6</value>
  </variableValue>
  <variableValue variable="chur[year]">
    <value valueType="decimal">99.78033329793621</value>
  </variableValue>
  <variableValue variable="CIGARDAY[year]">
    <value valueType="integer">4</value>
  </variableValue>
  <variableValue variable="CIGARS[year]">
    <value valueType="integer">4</value>
  </variableValue>
  <variableValue variable="CIGDAY[year]">
    <value valueType="integer">1</value>
  </variableValue>
  <variableValue variable="CIGS[year]">
    <value valueType="integer">4</value>
  </variableValue>
  <variableValue variable="CLNAIR[year]">
    <value valueType="integer">3</value>
  </variableValue>
  <variableValue variable="COFFEE[year]">
    <value valueType="integer">5</value>
  </variableValue>
  <variableValue variable="CONSCIEN[year]">
    <value valueType="integer">18</value>
  </variableValue>
  <variableValue variable="cook[year]">
    <value valueType="decimal">0.529372736954381</value>
  </variableValue>
  <variableValue variable="COOKBUT[year]">
    <value valueType="integer">2</value>
  </variableValue>
  <variableValue variable="CORS[year]">
    <value valueType="integer">1</value>
  </variableValue>
  <variableValue variable="crafts[year]">
    <value valueType="decimal">40.93156943556836</value>
  </variableValue>
  <variableValue variable="crdp1[year]">
    <value valueType="integer">90</value>
  </variableValue>
  <variableValue variable="crdp2[year]">
    <value valueType="integer">82</value>
  </variableValue>
  <variableValue variable="cult[year]">
    <value valueType="decimal">45.31348062624186</value>
  </variableValue>
  <variableValue variable="dance[year]">
    <value valueType="decimal">30.65738401480025</value>
  </variableValue>
  <variableValue variable="DENTIST[year]">
    <value valueType="integer">2</value>
  </variableValue>
  <variableValue variable="DENTURE[year]">
    <value valueType="integer">2</value>
  </variableValue>
  <variableValue variable="DIABET[year]">
    <value valueType="integer">2</value>
  </variableValue>
  <variableValue variable="DRMAM[year]">
    <value valueType="integer">3</value>
  </variableValue>
  <variableValue variable="DRVISIT[year]">
    <value valueType="integer">6</value>
  </variableValue>
  <variableValue variable="dydrm[year]">
    <value valueType="decimal">44.88874063041457</value>
  </variableValue>
  <variableValue variable="EARCHK[year]">
    <value valueType="integer">1</value>
  </variableValue>
  <variableValue variable="eatout[year]">
    <value valueType="decimal">95.28995463565603</value>
  </variableValue>
  <variableValue variable="EATSALT[year]">
    <value valueType="integer">4</value>
  </variableValue>
  <variableValue variable="edact[year]">
    <value valueType="decimal">45.23409889715578</value>
  </variableValue>
  <variableValue variable="educ">
    <value valueType="integer">82</value>
  </variableValue>
  <variableValue variable="EDUC[year]">
    <value valueType="integer">74</value>
  </variableValue>
  <variableValue variable="EGG[year]">
    <value valueType="integer">2</value>
  </variableValue>
  <variableValue variable="eldcar[year]">
    <value valueType="decimal">39.84601085915013</value>
  </variableValue>
  <variableValue variable="ELDCAR[year]">
    <value valueType="decimal">82.59161349663385</value>
  </variableValue>
  <variableValue variable="ENT1[year]">
    <value valueType="integer">8</value>
  </variableValue>
  <variableValue variable="ENT2[year]">
    <value valueType="integer">2</value>
  </variableValue>
  <variableValue variable="ENT3[year]">
    <value valueType="integer">1</value>
  </variableValue>
  <variableValue variable="eth[year]">
    <value valueType="integer">11</value>
  </variableValue>
  <variableValue variable="EXCERTOT[year]">
    <value valueType="decimal">37.35973864768759</value>
  </variableValue>
  <variableValue variable="EXCERWK[year]">
    <value valueType="integer">11</value>
  </variableValue>
  <variableValue variable="EXTRAVER[year]">
    <value valueType="integer">83</value>
  </variableValue>
  <variableValue variable="EYECHG[year]">
    <value valueType="integer">3</value>
  </variableValue>
  <variableValue variable="EYECHK[year]">
    <value valueType="integer">0</value>
  </variableValue>
  <variableValue variable="EYEGLAS[year]">
    <value valueType="integer">3</value>
  </variableValue>
  <variableValue variable="FAGE[year]">
    <value valueType="integer">14</value>
  </variableValue>
  <variableValue variable="FAITH[year]">
    <value valueType="integer">3</value>
  </variableValue>
  <variableValue variable="FALLS[year]">
    <value valueType="integer">2</value>
  </variableValue>
  <variableValue variable="FCAUSE[year]">
    <value valueType="integer">6</value>
  </variableValue>
  <variableValue variable="FDIE[year]">
    <value valueType="integer">51</value>
  </variableValue>
  <variableValue variable="FIC[year]">
    <value valueType="integer">31</value>
  </variableValue>
  <variableValue variable="fit[year]">
    <value valueType="decimal">36.562918807804145</value>
  </variableValue>
  <variableValue variable="FLIVE[year]">
    <value valueType="integer">1</value>
  </variableValue>
  <variableValue variable="FLOSS[year]">
    <value valueType="integer">1</value>
  </variableValue>
  <variableValue variable="FLUSHOT[year]">
    <value valueType="integer">5</value>
  </variableValue>
  <variableValue variable="fr[year]">
    <value valueType="integer">16</value>
  </variableValue>
  <variableValue variable="fratt[year]">
    <value valueType="integer">66</value>
  </variableValue>
  <variableValue variable="frcr[year]">
    <value valueType="integer">59</value>
  </variableValue>
  <variableValue variable="fromt[year]">
    <value valueType="integer">47</value>
  </variableValue>
  <variableValue variable="frwg[year]">
    <value valueType="integer">40</value>
  </variableValue>
  <variableValue variable="game[year]">
    <value valueType="decimal">64.29176733016855</value>
  </variableValue>
  <variableValue variable="gds[year]1 –  gds[year]30">
    <value valueType="integer">0</value>
  </variableValue>
  <variableValue variable="gdstot[year]">
    <value valueType="integer">54</value>
  </variableValue>
  <variableValue variable="HANDS[year]">
    <value valueType="decimal">69.39289385127071</value>
  </variableValue>
  <variableValue variable="HARDLIQ[year]">
    <value valueType="integer">57</value>
  </variableValue>
  <variableValue variable="HEALTHCH[year]">
    <value valueType="integer">2</value>
  </variableValue>
  <variableValue variable="HEARAID[year]">
    <value valueType="integer">1</value>
  </variableValue>
  <variableValue variable="HEARCHG[year]">
    <value valueType="integer">5</value>
  </variableValue>
  <variableValue variable="HEARSPEC[year]">
    <value valueType="integer">3</value>
  </variableValue>
  <variableValue variable="HEART[year]">
    <value valueType="integer">3</value>
  </variableValue>
  <variableValue variable="HEIGHT[year]">
    <value valueType="integer">61</value>
  </variableValue>
  <variableValue variable="HHEIGHT[year]">
    <value valueType="integer">0</value>
  </variableValue>
  <variableValue variable="HIGHBLOO[year]">
    <value valueType="integer">2</value>
  </variableValue>
  <variableValue variable="HJOBTP[year]">
    <value valueType="integer">0</value>
  </variableValue>
  <variableValue variable="HMKHD[year]">
    <value valueType="decimal">58.59445470823979</value>
  </variableValue>
  <variableValue variable="HMKJB[year]">
    <value valueType="integer">68</value>
  </variableValue>
  <variableValue variable="HMKPE[year]">
    <value valueType="decimal">43.017812766076915</value>
  </variableValue>
  <variableValue variable="HMKPRS[year]">
    <value valueType="integer">2</value>
  </variableValue>
  <variableValue variable="HMKR[year]">
    <value valueType="integer">86</value>
  </variableValue>
  <variableValue variable="HMKRD[year]">
    <value valueType="decimal">31.57464080635666</value>
  </variableValue>
  <variableValue variable="HOSDAYS[year]">
    <value valueType="integer">71</value>
  </variableValue>
  <variableValue variable="HOSVISIT[year]">
    <value valueType="integer">0</value>
  </variableValue>
  <variableValue variable="HWEIGHT[year]">
    <value valueType="integer">44</value>
  </variableValue>
  <variableValue variable="INC[year]">
    <value valueType="integer">1</value>
  </variableValue>
  <variableValue variable="INC84[year]">
    <value valueType="integer">10</value>
  </variableValue>
  <variableValue variable="instr[year]">
    <value valueType="decimal">81.54567290951529</value>
  </variableValue>
  <variableValue variable="ir[year]a1 - ir[year]a20">
    <value valueType="integer">1</value>
  </variableValue>
  <variableValue variable="ir[year]b1 - ir[year]b20">
    <value valueType="integer">1</value>
  </variableValue>
  <variableValue variable="JOBLEN[year]">
    <value valueType="integer">5</value>
  </variableValue>
  <variableValue variable="JOBTYP[year]">
    <value valueType="integer">9</value>
  </variableValue>
  <variableValue variable="kidcar[year]">
    <value valueType="decimal">37.88902286098399</value>
  </variableValue>
  <variableValue variable="LAMB[year]">
    <value valueType="integer">3</value>
  </variableValue>
  <variableValue variable="lettot[year]">
    <value valueType="integer">44</value>
  </variableValue>
  <variableValue variable="LFST84[year]">
    <value valueType="integer">1</value>
  </variableValue>
  <variableValue variable="LIFSAT[year]">
    <value valueType="integer">5</value>
  </variableValue>
  <variableValue variable="LIVESMOK[year]">
    <value valueType="integer">2</value>
  </variableValue>
  <variableValue variable="ls[year]">
    <value valueType="integer">97</value>
  </variableValue>
  <variableValue variable="LSTJOB[year]">
    <value valueType="integer">9</value>
  </variableValue>
  <variableValue variable="LVNGWILL[year]">
    <value valueType="integer">1</value>
  </variableValue>
  <variableValue variable="MAGE[year]">
    <value valueType="integer">17</value>
  </variableValue>
  <variableValue variable="MAM[year]">
    <value valueType="integer">1</value>
  </variableValue>
  <variableValue variable="MAM2YR[year]">
    <value valueType="integer">2</value>
  </variableValue>
  <variableValue variable="MAMAGE[year]">
    <value valueType="integer">86</value>
  </variableValue>
  <variableValue variable="MAMEXAM[year]">
    <value valueType="integer">46</value>
  </variableValue>
  <variableValue variable="MASTECT[year]">
    <value valueType="integer">1</value>
  </variableValue>
  <variableValue variable="MCAUSE[year]">
    <value valueType="integer">8</value>
  </variableValue>
  <variableValue variable="MDIE[year]">
    <value valueType="integer">64</value>
  </variableValue>
  <variableValue variable="MED[year]">
    <value valueType="integer">2</value>
  </variableValue>
  <variableValue variable="MENAGE[year]">
    <value valueType="integer">63</value>
  </variableValue>
  <variableValue variable="MENHIST[year]">
    <value valueType="integer">35</value>
  </variableValue>
  <variableValue variable="MENSIT[year]">
    <value valueType="integer">3</value>
  </variableValue>
  <variableValue variable="MFQ[year]1">
    <value valueType="decimal">16.714027884659345</value>
  </variableValue>
  <variableValue variable="MFQ[year]2A">
    <value valueType="decimal">88.19833010138403</value>
  </variableValue>
  <variableValue variable="MFQ[year]2B">
    <value valueType="decimal">94.71092884206496</value>
  </variableValue>
  <variableValue variable="MFQ[year]2C">
    <value valueType="decimal">42.004842427993424</value>
  </variableValue>
  <variableValue variable="MFQ[year]2D">
    <value valueType="decimal">47.35856792614318</value>
  </variableValue>
  <variableValue variable="MFQ[year]2E">
    <value valueType="decimal">55.10299754233624</value>
  </variableValue>
  <variableValue variable="MFQ[year]3A">
    <value valueType="decimal">94.3954976577444</value>
  </variableValue>
  <variableValue variable="MFQ[year]3B">
    <value valueType="decimal">74.9795133753361</value>
  </variableValue>
  <variableValue variable="MFQ[year]3C">
    <value valueType="decimal">72.77779351482776</value>
  </variableValue>
  <variableValue variable="MFQ[year]3D">
    <value valueType="decimal">23.776596849371167</value>
  </variableValue>
  <variableValue variable="MFQ[year]3E">
    <value valueType="decimal">67.78773236846418</value>
  </variableValue>
  <variableValue variable="MFQ[year]3F">
    <value valueType="decimal">8.232571712470637</value>
  </variableValue>
  <variableValue variable="MFQ[year]3G">
    <value valueType="decimal">58.496668813720596</value>
  </variableValue>
  <variableValue variable="MFQ[year]3H">
    <value valueType="decimal">17.86282299292101</value>
  </variableValue>
  <variableValue variable="MFQ[year]3I">
    <value valueType="decimal">33.105952234785185</value>
  </variableValue>
  <variableValue variable="MFQ[year]3J">
    <value valueType="decimal">32.56452584191998</value>
  </variableValue>
  <variableValue variable="MFQ[year]3K">
    <value valueType="decimal">77.97818276910402</value>
  </variableValue>
  <variableValue variable="MFQ[year]3L">
    <value valueType="decimal">49.2688615835203</value>
  </variableValue>
  <variableValue variable="MFQ[year]3M">
    <value valueType="decimal">37.631456150211804</value>
  </variableValue>
  <variableValue variable="MFQ[year]3N">
    <value valueType="decimal">9.402303201636686</value>
  </variableValue>
  <variableValue variable="MFQ[year]3O">
    <value valueType="decimal">90.29332660715544</value>
  </variableValue>
  <variableValue variable="MFQ[year]3P">
    <value valueType="decimal">27.35155776958179</value>
  </variableValue>
  <variableValue variable="MFQ[year]3Q">
    <value valueType="decimal">7.552608414502481</value>
  </variableValue>
  <variableValue variable="MFQ[year]3R">
    <value valueType="decimal">24.01505589464623</value>
  </variableValue>
  <variableValue variable="MFQ[year]4A">
    <value valueType="decimal">29.022365601198608</value>
  </variableValue>
  <variableValue variable="MFQ[year]4B">
    <value valueType="decimal">99.59016399361683</value>
  </variableValue>
  <variableValue variable="MFQ[year]4C">
    <value valueType="decimal">9.61549649050336</value>
  </variableValue>
  <variableValue variable="MFQ[year]4D">
    <value valueType="decimal">3.2747663412404093</value>
  </variableValue>
  <variableValue variable="MFQ[year]4E">
    <value valueType="decimal">2.9764397248543406</value>
  </variableValue>
  <variableValue variable="MFQ[year]5A">
    <value valueType="decimal">93.40207682019198</value>
  </variableValue>
  <variableValue variable="MFQ[year]5B">
    <value valueType="decimal">58.81273834844619</value>
  </variableValue>
  <variableValue variable="MFQ[year]5C">
    <value valueType="decimal">25.08867002017986</value>
  </variableValue>
  <variableValue variable="MFQ[year]5D">
    <value valueType="decimal">2.394886286786446</value>
  </variableValue>
  <variableValue variable="MFQ[year]5E">
    <value valueType="decimal">50.73058526627482</value>
  </variableValue>
  <variableValue variable="MFQ[year]6A">
    <value valueType="decimal">63.470922909681725</value>
  </variableValue>
  <variableValue variable="MFQ[year]6B">
    <value valueType="decimal">95.16578395530054</value>
  </variableValue>
  <variableValue variable="MFQ[year]6C">
    <value valueType="decimal">50.46505088463006</value>
  </variableValue>
  <variableValue variable="MFQ[year]6D">
    <value valueType="decimal">47.13130574794595</value>
  </variableValue>
  <variableValue variable="MFQ[year]7A">
    <value valueType="decimal">59.35104828323573</value>
  </variableValue>
  <variableValue variable="MFQ[year]7B">
    <value valueType="decimal">43.439886104905355</value>
  </variableValue>
  <variableValue variable="MFQ[year]7C">
    <value valueType="decimal">39.327849797519164</value>
  </variableValue>
  <variableValue variable="MFQ[year]7D">
    <value valueType="decimal">65.30664508465694</value>
  </variableValue>
  <variableValue variable="MFQ[year]7E">
    <value valueType="decimal">47.75525195906564</value>
  </variableValue>
  <variableValue variable="MFQ[year]7F">
    <value valueType="decimal">97.25651369308677</value>
  </variableValue>
  <variableValue variable="MFQ[year]7G">
    <value valueType="decimal">42.173645393318424</value>
  </variableValue>
  <variableValue variable="MFQ[year]7H">
    <value valueType="decimal">49.38530403259301</value>
  </variableValue>
  <variableValue variable="MFQ[year]7I">
    <value valueType="decimal">19.13702888554042</value>
  </variableValue>
  <variableValue variable="MFQ[year]7J">
    <value valueType="decimal">21.341671053883683</value>
  </variableValue>
  <variableValue variable="MFQ[year]7K">
    <value valueType="decimal">98.59948666863305</value>
  </variableValue>
  <variableValue variable="MFQ[year]7L">
    <value valueType="decimal">0.7164529278470555</value>
  </variableValue>
  <variableValue variable="MFQ[year]7M">
    <value valueType="decimal">13.34101486604492</value>
  </variableValue>
  <variableValue variable="MFQ[year]7N">
    <value valueType="decimal">75.6051087525373</value>
  </variableValue>
  <variableValue variable="MFQ[year]7O">
    <value valueType="decimal">29.090130782071355</value>
  </variableValue>
  <variableValue variable="MFQ[year]7P">
    <value valueType="decimal">88.545904867894</value>
  </variableValue>
  <variableValue variable="MFQ[year]7Q">
    <value valueType="decimal">40.35238124908289</value>
  </variableValue>
  <variableValue variable="MFQ[year]7R">
    <value valueType="decimal">30.991173646690896</value>
  </variableValue>
  <variableValue variable="MFQ[year]8A">
    <value valueType="decimal">46.301687628813106</value>
  </variableValue>
  <variableValue variable="MFQ[year]8B">
    <value valueType="decimal">39.66424633582471</value>
  </variableValue>
  <variableValue variable="MFQ[year]8C">
    <value valueType="decimal">61.314705529357774</value>
  </variableValue>
  <variableValue variable="MFQ[year]8D">
    <value valueType="decimal">0.8754250512584605</value>
  </variableValue>
  <variableValue variable="MFQ[year]8E">
    <value valueType="decimal">95.76811084893437</value>
  </variableValue>
  <variableValue variable="MFQ[year]8F">
    <value valueType="decimal">39.96455266315239</value>
  </variableValue>
  <variableValue variable="MFQ[year]8G">
    <value valueType="decimal">8.579167128664068</value>
  </variableValue>
  <variableValue variable="MFQ[year]8H">
    <value valueType="decimal">90.91530434132974</value>
  </variableValue>
  <variableValue variable="MFQ1[year]">
    <value valueType="integer">76</value>
  </variableValue>
  <variableValue variable="mfq1[year]">
    <value valueType="decimal">5.779190776049326</value>
  </variableValue>
  <variableValue variable="MFQ2[year]">
    <value valueType="integer">38</value>
  </variableValue>
  <variableValue variable="mfq2[year]">
    <value valueType="decimal">5.676779202497217</value>
  </variableValue>
  <variableValue variable="MFQ3[year]">
    <value valueType="integer">18</value>
  </variableValue>
  <variableValue variable="mfq3[year]">
    <value valueType="decimal">29.325985385091734</value>
  </variableValue>
  <variableValue variable="MFQ4[year]">
    <value valueType="integer">55</value>
  </variableValue>
  <variableValue variable="mfq4[year]">
    <value valueType="decimal">84.28897813908517</value>
  </variableValue>
  <variableValue variable="MLIVE[year]">
    <value valueType="integer">1</value>
  </variableValue>
  <variableValue variable="MOMWK[year]">
    <value valueType="integer">1</value>
  </variableValue>
  <variableValue variable="movie[year]">
    <value valueType="decimal">33.35929059548648</value>
  </variableValue>
  <variableValue variable="MSTA84[year]">
    <value valueType="integer">4</value>
  </variableValue>
  <variableValue variable="MSTAT[year]">
    <value valueType="integer">3</value>
  </variableValue>
  <variableValue variable="NBKS[year]">
    <value valueType="integer">16</value>
  </variableValue>
  <variableValue variable="NCONF[year]">
    <value valueType="integer">41</value>
  </variableValue>
  <variableValue variable="NEEDCATA[year]">
    <value valueType="integer">2</value>
  </variableValue>
  <variableValue variable="NEMP[year]">
    <value valueType="integer">73</value>
  </variableValue>
  <variableValue variable="NEUROTIC[year]">
    <value valueType="integer">72</value>
  </variableValue>
  <variableValue variable="NEWPRNT[year]">
    <value valueType="integer">1</value>
  </variableValue>
  <variableValue variable="nfr[year]">
    <value valueType="integer">7</value>
  </variableValue>
  <variableValue variable="NFRN[year]">
    <value valueType="integer">64</value>
  </variableValue>
  <variableValue variable="NGRNKD[year]">
    <value valueType="integer">15</value>
  </variableValue>
  <variableValue variable="NJOB[year]">
    <value valueType="integer">64</value>
  </variableValue>
  <variableValue variable="NKDHM[year]">
    <value valueType="integer">38</value>
  </variableValue>
  <variableValue variable="NKIDS[year]">
    <value valueType="integer">57</value>
  </variableValue>
  <variableValue variable="NMAG[year]">
    <value valueType="integer">44</value>
  </variableValue>
  <variableValue variable="NMOV[year]">
    <value valueType="integer">4</value>
  </variableValue>
  <variableValue variable="NMTG[year]">
    <value valueType="integer">53</value>
  </variableValue>
  <variableValue variable="NNEIG[year]">
    <value valueType="integer">3</value>
  </variableValue>
  <variableValue variable="NOBR[year]">
    <value valueType="integer">86</value>
  </variableValue>
  <variableValue variable="NOISE[year]">
    <value valueType="integer">2</value>
  </variableValue>
  <variableValue variable="NONFIC[year]">
    <value valueType="integer">42</value>
  </variableValue>
  <variableValue variable="nor[year]">
    <value valueType="integer">90</value>
  </variableValue>
  <variableValue variable="norcr[year]">
    <value valueType="integer">35</value>
  </variableValue>
  <variableValue variable="NOSIS[year]">
    <value valueType="integer">98</value>
  </variableValue>
  <variableValue variable="NOWRK[year]">
    <value valueType="integer">5</value>
  </variableValue>
  <variableValue variable="NRMS[year]">
    <value valueType="integer">86</value>
  </variableValue>
  <variableValue variable="nsp08">
    <value valueType="integer">23</value>
  </variableValue>
  <variableValue variable="NSTATE[year]">
    <value valueType="integer">87</value>
  </variableValue>
  <variableValue variable="NTRAD[year]">
    <value valueType="integer">64</value>
  </variableValue>
  <variableValue variable="NTRIPS[year]">
    <value valueType="integer">15</value>
  </variableValue>
  <variableValue variable="numtot[year]">
    <value valueType="integer">67</value>
  </variableValue>
  <variableValue variable="NVISIT[year]">
    <value valueType="integer">1</value>
  </variableValue>
  <variableValue variable="NWED[year]">
    <value valueType="integer">53</value>
  </variableValue>
  <variableValue variable="NYBR[year]">
    <value valueType="integer">10</value>
  </variableValue>
  <variableValue variable="NYSIS[year]">
    <value valueType="integer">61</value>
  </variableValue>
  <variableValue variable="OBGYN[year]">
    <value valueType="integer">5</value>
  </variableValue>
  <variableValue variable="OCC[year]">
    <value valueType="integer">2</value>
  </variableValue>
  <variableValue variable="OCC84[year]">
    <value valueType="integer">9</value>
  </variableValue>
  <variableValue variable="OPEN[year]">
    <value valueType="integer">97</value>
  </variableValue>
  <variableValue variable="or[year]">
    <value valueType="integer">63</value>
  </variableValue>
  <variableValue variable="oratt[year]">
    <value valueType="integer">44</value>
  </variableValue>
  <variableValue variable="ORGAN[year]">
    <value valueType="integer">2</value>
  </variableValue>
  <variableValue variable="oromt[year]">
    <value valueType="integer">85</value>
  </variableValue>
  <variableValue variable="orwg[year]">
    <value valueType="integer">54</value>
  </variableValue>
  <variableValue variable="OTJ[year]">
    <value valueType="integer">1</value>
  </variableValue>
  <variableValue variable="outhob[year]">
    <value valueType="decimal">39.426612021173014</value>
  </variableValue>
  <variableValue variable="OWNHM[year]">
    <value valueType="integer">1</value>
  </variableValue>
  <variableValue variable="PAINREL[year]">
    <value valueType="integer">3</value>
  </variableValue>
  <variableValue variable="PAP[year]">
    <value valueType="integer">4</value>
  </variableValue>
  <variableValue variable="party[year]">
    <value valueType="decimal">53.485906862841034</value>
  </variableValue>
  <variableValue variable="pase1">
    <value valueType="integer">3</value>
  </variableValue>
  <variableValue variable="pase10">
    <value valueType="integer">1</value>
  </variableValue>
  <variableValue variable="pase10a">
    <value valueType="decimal">55.91223486645631</value>
  </variableValue>
  <variableValue variable="pase10b">
    <value valueType="integer">1</value>
  </variableValue>
  <variableValue variable="pase1b">
    <value valueType="integer">4</value>
  </variableValue>
  <variableValue variable="pase2">
    <value valueType="integer">1</value>
  </variableValue>
  <variableValue variable="pase2a">
    <value valueType="integer">1</value>
  </variableValue>
  <variableValue variable="pase3">
    <value valueType="integer">0</value>
  </variableValue>
  <variableValue variable="pase3b">
    <value valueType="integer">4</value>
  </variableValue>
  <variableValue variable="pase4">
    <value valueType="integer">3</value>
  </variableValue>
  <variableValue variable="pase4b">
    <value valueType="integer">3</value>
  </variableValue>
  <variableValue variable="pase5">
    <value valueType="integer">2</value>
  </variableValue>
  <variableValue variable="pase5b">
    <value valueType="integer">4</value>
  </variableValue>
  <variableValue variable="pase6">
    <value valueType="integer">0</value>
  </variableValue>
  <variableValue variable="pase6b">
    <value valueType="integer">2</value>
  </variableValue>
  <variableValue variable="pase7">
    <value valueType="integer">1</value>
  </variableValue>
  <variableValue variable="pase8">
    <value valueType="integer">0</value>
  </variableValue>
  <variableValue variable="pase9a - pase9d">
    <value valueType="integer">0</value>
  </variableValue>
  <variableValue variable="pattot[year]">
    <value valueType="integer">89</value>
  </variableValue>
  <variableValue variable="PDEMP[year]">
    <value valueType="integer">0</value>
  </variableValue>
  <variableValue variable="PEOP[year]">
    <value valueType="decimal">15.337637745801747</value>
  </variableValue>
  <variableValue variable="pets[year]">
    <value valueType="decimal">7.127751353550993</value>
  </variableValue>
  <variableValue variable="phone[year]">
    <value valueType="decimal">21.687706128356375</value>
  </variableValue>
  <variableValue variable="picnic[year]">
    <value valueType="decimal">61.20657064088285</value>
  </variableValue>
  <variableValue variable="PIPEDAY[year]">
    <value valueType="integer">4</value>
  </variableValue>
  <variableValue variable="PIPES[year]">
    <value valueType="integer">2</value>
  </variableValue>
  <variableValue variable="pirr1[year]">
    <value valueType="integer">26</value>
  </variableValue>
  <variableValue variable="pirr2[year]">
    <value valueType="integer">16</value>
  </variableValue>
  <variableValue variable="PORK[year]">
    <value valueType="integer">3</value>
  </variableValue>
  <variableValue variable="ppr1[year]">
    <value valueType="integer">17</value>
  </variableValue>
  <variableValue variable="ppr2[year]">
    <value valueType="integer">13</value>
  </variableValue>
  <variableValue variable="ppr3[year]">
    <value valueType="integer">30</value>
  </variableValue>
  <variableValue variable="pray[year]">
    <value valueType="decimal">94.86967391120538</value>
  </variableValue>
  <variableValue variable="PRESR[year]">
    <value valueType="integer">4</value>
  </variableValue>
  <variableValue variable="PRO2YR[year]">
    <value valueType="integer">2</value>
  </variableValue>
  <variableValue variable="PROAGE[year]">
    <value valueType="integer">23</value>
  </variableValue>
  <variableValue variable="PROENLAR[year]">
    <value valueType="integer">2</value>
  </variableValue>
  <variableValue variable="PROEXAM[year]">
    <value valueType="integer">25</value>
  </variableValue>
  <variableValue variable="PROS[year]">
    <value valueType="integer">1</value>
  </variableValue>
  <variableValue variable="PROSUC[year]">
    <value valueType="integer">2</value>
  </variableValue>
  <variableValue variable="PRSC84[year]">
    <value valueType="integer">1</value>
  </variableValue>
  <variableValue variable="radio[year]">
    <value valueType="decimal">59.23811257153994</value>
  </variableValue>
  <variableValue variable="RDPAPR[year]">
    <value valueType="integer">0</value>
  </variableValue>
  <variableValue variable="RDWRIT[year]">
    <value valueType="decimal">83.99406809316888</value>
  </variableValue>
  <variableValue variable="read[year]">
    <value valueType="decimal">59.13400775620213</value>
  </variableValue>
  <variableValue variable="REGULAR[year]">
    <value valueType="integer">1</value>
  </variableValue>
  <variableValue variable="REMAR[year]">
    <value valueType="integer">62</value>
  </variableValue>
  <variableValue variable="rv[year]">
    <value valueType="integer">4</value>
  </variableValue>
  <variableValue variable="SAFE[year]">
    <value valueType="integer">1</value>
  </variableValue>
  <variableValue variable="SBHWY[year]">
    <value valueType="integer">5</value>
  </variableValue>
  <variableValue variable="SBTOWN[year]">
    <value valueType="integer">1</value>
  </variableValue>
  <variableValue variable="SELFBLOO[year]">
    <value valueType="integer">4</value>
  </variableValue>
  <variableValue variable="selfim[year]">
    <value valueType="decimal">19.40941230367369</value>
  </variableValue>
  <variableValue variable="SELFMAM[year]">
    <value valueType="integer">3</value>
  </variableValue>
  <variableValue variable="sex">
    <value valueType="integer">1</value>
  </variableValue>
  <variableValue variable="shop[year]">
    <value valueType="decimal">47.69862683757129</value>
  </variableValue>
  <variableValue variable="SIBS[year]">
    <value valueType="integer">31</value>
  </variableValue>
  <variableValue variable="SLEEP[year]">
    <value valueType="integer">1</value>
  </variableValue>
  <variableValue variable="smdvh[year]">
    <value valueType="integer">12</value>
  </variableValue>
  <variableValue variable="smdvl[year]">
    <value valueType="integer">91</value>
  </variableValue>
  <variableValue variable="SMK[year]">
    <value valueType="integer">0</value>
  </variableValue>
  <variableValue variable="SMOKE[year]">
    <value valueType="integer">2</value>
  </variableValue>
  <variableValue variable="SMOKEPAS[year]">
    <value valueType="decimal">28.84885870856808</value>
  </variableValue>
  <variableValue variable="SODA[year]">
    <value valueType="integer">3</value>
  </variableValue>
  <variableValue variable="SODIUM[year]">
    <value valueType="integer">5</value>
  </variableValue>
  <variableValue variable="SPBRN[year]">
    <value valueType="integer">24</value>
  </variableValue>
  <variableValue variable="spec[year]">
    <value valueType="decimal">83.94770862192786</value>
  </variableValue>
  <variableValue variable="SPEED[year]">
    <value valueType="integer">4</value>
  </variableValue>
  <variableValue variable="SPOCC[year]">
    <value valueType="integer">6</value>
  </variableValue>
  <variableValue variable="sport[year]">
    <value valueType="decimal">42.21633035474468</value>
  </variableValue>
  <variableValue variable="SPRVIS[year]">
    <value valueType="integer">1</value>
  </variableValue>
  <variableValue variable="SREYE[year]">
    <value valueType="integer">4</value>
  </variableValue>
  <variableValue variable="srh[year]">
    <value valueType="integer">6</value>
  </variableValue>
  <variableValue variable="SRHEALTH">
    <value valueType="integer">6</value>
  </variableValue>
  <variableValue variable="SRHEAR[year]">
    <value valueType="integer">6</value>
  </variableValue>
  <variableValue variable="sstot[year]">
    <value valueType="integer">49</value>
  </variableValue>
  <variableValue variable="STAIRS[year]">
    <value valueType="integer">4</value>
  </variableValue>
  <variableValue variable="TEA[year]">
    <value valueType="integer">2</value>
  </variableValue>
  <variableValue variable="TRAF[year]">
    <value valueType="integer">0</value>
  </variableValue>
  <variableValue variable="travel[year]">
    <value valueType="decimal">49.33216308054782</value>
  </variableValue>
  <variableValue variable="TREES[year]">
    <value valueType="integer">5</value>
  </variableValue>
  <variableValue variable="TRYSTOP[year]">
    <value valueType="integer">1</value>
  </variableValue>
  <variableValue variable="tv[year]">
    <value valueType="decimal">96.95159787140416</value>
  </variableValue>
  <variableValue variable="TYPBLD[year]">
    <value valueType="integer">6</value>
  </variableValue>
  <variableValue variable="UNIVEX[year]">
    <value valueType="integer">0</value>
  </variableValue>
  <variableValue variable="VEAL[year]">
    <value valueType="integer">4</value>
  </variableValue>
  <variableValue variable="vis[year]">
    <value valueType="decimal">22.366082329564975</value>
  </variableValue>
  <variableValue variable="vocab1[year]">
    <value valueType="integer">84</value>
  </variableValue>
  <variableValue variable="vocab2[year]">
    <value valueType="integer">84</value>
  </variableValue>
  <variableValue variable="VOCAT[year]">
    <value valueType="integer">1</value>
  </variableValue>
  <variableValue variable="vol[year]">
    <value valueType="decimal">14.332516842418785</value>
  </variableValue>
  <variableValue variable="walk[year]">
    <value valueType="decimal">96.55020211193917</value>
  </variableValue>
  <variableValue variable="WALK[year]">
    <value valueType="integer">5</value>
  </variableValue>
  <variableValue variable="wdflu[year]">
    <value valueType="integer">97</value>
  </variableValue>
  <variableValue variable="WEIGHT[year]">
    <value valueType="integer">21</value>
  </variableValue>
  <variableValue variable="WELL[year]">
    <value valueType="integer">3</value>
  </variableValue>
  <variableValue variable="WINE[year]">
    <value valueType="integer">5</value>
  </variableValue>
  <variableValue variable="write[year]">
    <value valueType="decimal">37.86924875111186</value>
  </variableValue>
  <variableValue variable="WRKPLC[year]">
    <value valueType="integer">2</value>
  </variableValue>
  <variableValue variable="WRKTYP[year]">
    <value valueType="integer">2</value>
  </variableValue>
  <variableValue variable="ws[year]">
    <value valueType="integer">18</value>
  </variableValue>
  <variableValue variable="YEAROP[year]">
    <value valueType="integer">45</value>
  </variableValue>
  <variableValue variable="YRQUIT[year]">
    <value valueType="integer">18</value>
  </variableValue>
  <variableValue variable="YRRET[year]">
    <value valueType="integer">70</value>
  </variableValue>
  <variableValue variable="YRSMOKE[year]">
    <value valueType="decimal">6.071037392619683</value>
  </variableValue>
</valueSet>