<valueSet valueTable="2008" entityType="Participant" entityIdentifier="74398420">
  <variableValue variable="ADLTED[year]">
    <value valueType="integer">1</value>
  </variableValue>
  <variableValue variable="ADVDIR[year]">
    <value valueType="integer">2</value>
  </variableValue>
  <variableValue variable="age[year]">
    <value valueType="integer">45</value>
  </variableValue>
  <variableValue variable="AGEKID[year]">
    <value valueType="integer">40</value>
  </variableValue>
  <variableValue variable="AGENB[year]">
    <value valueType="integer">6</value>
  </variableValue>
  <variableValue variable="AGEWED[year]">
    <value valueType="integer">95</value>
  </variableValue>
  <variableValue variable="AGFRN[year]">
    <value valueType="integer">3</value>
  </variableValue>
  <variableValue variable="AGREE[year]">
    <value valueType="integer">4</value>
  </variableValue>
  <variableValue variable="ALCOHOL[year]">
    <value valueType="integer">4</value>
  </variableValue>
  <variableValue variable="Apdemp[year]">
    <value valueType="decimal">59.43349422313279</value>
  </variableValue>
  <variableValue variable="ART[year]">
    <value valueType="integer">1</value>
  </variableValue>
  <variableValue variable="BDATE_DY">
    <value valueType="integer">46</value>
  </variableValue>
  <variableValue variable="BDATE_MO">
    <value valueType="integer">65</value>
  </variableValue>
  <variableValue variable="BDATE_YR">
    <value valueType="integer">26</value>
  </variableValue>
  <variableValue variable="BEEF[year]">
    <value valueType="integer">5</value>
  </variableValue>
  <variableValue variable="BEER[year]">
    <value valueType="integer">50</value>
  </variableValue>
  <variableValue variable="BLDLK[year]">
    <value valueType="integer">4</value>
  </variableValue>
  <variableValue variable="BLOODPRE[year]">
    <value valueType="integer">5</value>
  </variableValue>
  <variableValue variable="BOOK[year]">
    <value valueType="integer">3</value>
  </variableValue>
  <variableValue variable="BRUSH[year]">
    <value valueType="integer">63</value>
  </variableValue>
  <variableValue variable="BUTTER[year]">
    <value valueType="integer">1</value>
  </variableValue>
  <variableValue variable="BUYFAT[year]">
    <value valueType="integer">3</value>
  </variableValue>
  <variableValue variable="BUYSALT[year]">
    <value valueType="integer">5</value>
  </variableValue>
  <variableValue variable="CANCHK[year]">
    <value valueType="integer">1</value>
  </variableValue>
  <variableValue variable="cards[year]">
    <value valueType="decimal">80.60036268672181</value>
  </variableValue>
  <variableValue variable="CATARACT[year]">
    <value valueType="integer">2</value>
  </variableValue>
  <variableValue variable="CHKFAT[year]">
    <value valueType="integer">3</value>
  </variableValue>
  <variableValue variable="CHOLES[year]">
    <value valueType="integer">5</value>
  </variableValue>
  <variableValue variable="chur[year]">
    <value valueType="decimal">57.07930163727244</value>
  </variableValue>
  <variableValue variable="CIGARDAY[year]">
    <value valueType="integer">1</value>
  </variableValue>
  <variableValue variable="CIGARS[year]">
    <value valueType="integer">4</value>
  </variableValue>
  <variableValue variable="CIGDAY[year]">
    <value valueType="integer">2</value>
  </variableValue>
  <variableValue variable="CIGS[year]">
    <value valueType="integer">1</value>
  </variableValue>
  <variableValue variable="CLNAIR[year]">
    <value valueType="integer">4</value>
  </variableValue>
  <variableValue variable="COFFEE[year]">
    <value valueType="integer">4</value>
  </variableValue>
  <variableValue variable="CONSCIEN[year]">
    <value valueType="integer">38</value>
  </variableValue>
  <variableValue variable="cook[year]">
    <value valueType="decimal">79.75097451459611</value>
  </variableValue>
  <variableValue variable="COOKBUT[year]">
    <value valueType="integer">3</value>
  </variableValue>
  <variableValue variable="CORS[year]">
    <value valueType="integer">0</value>
  </variableValue>
  <variableValue variable="crafts[year]">
    <value valueType="decimal">89.29627849525713</value>
  </variableValue>
  <variableValue variable="crdp1[year]">
    <value valueType="integer">89</value>
  </variableValue>
  <variableValue variable="crdp2[year]">
    <value valueType="integer">18</value>
  </variableValue>
  <variableValue variable="cult[year]">
    <value valueType="decimal">31.919497172022236</value>
  </variableValue>
  <variableValue variable="dance[year]">
    <value valueType="decimal">38.08303357779435</value>
  </variableValue>
  <variableValue variable="DENTIST[year]">
    <value valueType="integer">1</value>
  </variableValue>
  <variableValue variable="DENTURE[year]">
    <value valueType="integer">2</value>
  </variableValue>
  <variableValue variable="DIABET[year]">
    <value valueType="integer">1</value>
  </variableValue>
  <variableValue variable="DRMAM[year]">
    <value valueType="integer">4</value>
  </variableValue>
  <variableValue variable="DRVISIT[year]">
    <value valueType="integer">47</value>
  </variableValue>
  <variableValue variable="dydrm[year]">
    <value valueType="decimal">64.17951282397921</value>
  </variableValue>
  <variableValue variable="EARCHK[year]">
    <value valueType="integer">1</value>
  </variableValue>
  <variableValue variable="eatout[year]">
    <value valueType="decimal">22.739234335482127</value>
  </variableValue>
  <variableValue variable="EATSALT[year]">
    <value valueType="integer">5</value>
  </variableValue>
  <variableValue variable="edact[year]">
    <value valueType="decimal">31.111187350494795</value>
  </variableValue>
  <variableValue variable="educ">
    <value valueType="integer">13</value>
  </variableValue>
  <variableValue variable="EDUC[year]">
    <value valueType="integer">65</value>
  </variableValue>
  <variableValue variable="EGG[year]">
    <value valueType="integer">2</value>
  </variableValue>
  <variableValue variable="eldcar[year]">
    <value valueType="decimal">93.82449016508745</value>
  </variableValue>
  <variableValue variable="ELDCAR[year]">
    <value valueType="decimal">19.63821624675196</value>
  </variableValue>
  <variableValue variable="ENT1[year]">
    <value valueType="integer">10</value>
  </variableValue>
  <variableValue variable="ENT2[year]">
    <value valueType="integer">9</value>
  </variableValue>
  <variableValue variable="ENT3[year]">
    <value valueType="integer">14</value>
  </variableValue>
  <variableValue variable="eth[year]">
    <value valueType="integer">54</value>
  </variableValue>
  <variableValue variable="EXCERTOT[year]">
    <value valueType="decimal">29.48756643496302</value>
  </variableValue>
  <variableValue variable="EXCERWK[year]">
    <value valueType="integer">10</value>
  </variableValue>
  <variableValue variable="EXTRAVER[year]">
    <value valueType="integer">27</value>
  </variableValue>
  <variableValue variable="EYECHG[year]">
    <value valueType="integer">7</value>
  </variableValue>
  <variableValue variable="EYECHK[year]">
    <value valueType="integer">1</value>
  </variableValue>
  <variableValue variable="EYEGLAS[year]">
    <value valueType="integer">3</value>
  </variableValue>
  <variableValue variable="FAGE[year]">
    <value valueType="integer">73</value>
  </variableValue>
  <variableValue variable="FAITH[year]">
    <value valueType="integer">1</value>
  </variableValue>
  <variableValue variable="FALLS[year]">
    <value valueType="integer">6</value>
  </variableValue>
  <variableValue variable="FCAUSE[year]">
    <value valueType="integer">12</value>
  </variableValue>
  <variableValue variable="FDIE[year]">
    <value valueType="integer">39</value>
  </variableValue>
  <variableValue variable="FIC[year]">
    <value valueType="integer">41</value>
  </variableValue>
  <variableValue variable="fit[year]">
    <value valueType="decimal">10.401016180577294</value>
  </variableValue>
  <variableValue variable="FLIVE[year]">
    <value valueType="integer">2</value>
  </variableValue>
  <variableValue variable="FLOSS[year]">
    <value valueType="integer">2</value>
  </variableValue>
  <variableValue variable="FLUSHOT[year]">
    <value valueType="integer">4</value>
  </variableValue>
  <variableValue variable="fr[year]">
    <value valueType="integer">58</value>
  </variableValue>
  <variableValue variable="fratt[year]">
    <value valueType="integer">2</value>
  </variableValue>
  <variableValue variable="frcr[year]">
    <value valueType="integer">95</value>
  </variableValue>
  <variableValue variable="fromt[year]">
    <value valueType="integer">11</value>
  </variableValue>
  <variableValue variable="frwg[year]">
    <value valueType="integer">53</value>
  </variableValue>
  <variableValue variable="game[year]">
    <value valueType="decimal">80.97630766785808</value>
  </variableValue>
  <variableValue variable="gds[year]1 –  gds[year]30">
    <value valueType="integer">1</value>
  </variableValue>
  <variableValue variable="gdstot[year]">
    <value valueType="integer">73</value>
  </variableValue>
  <variableValue variable="HANDS[year]">
    <value valueType="decimal">14.310573331579645</value>
  </variableValue>
  <variableValue variable="HARDLIQ[year]">
    <value valueType="integer">48</value>
  </variableValue>
  <variableValue variable="HEALTHCH[year]">
    <value valueType="integer">1</value>
  </variableValue>
  <variableValue variable="HEARAID[year]">
    <value valueType="integer">1</value>
  </variableValue>
  <variableValue variable="HEARCHG[year]">
    <value valueType="integer">1</value>
  </variableValue>
  <variableValue variable="HEARSPEC[year]">
    <value valueType="integer">3</value>
  </variableValue>
  <variableValue variable="HEART[year]">
    <value valueType="integer">3</value>
  </variableValue>
  <variableValue variable="HEIGHT[year]">
    <value valueType="integer">37</value>
  </variableValue>
  <variableValue variable="HHEIGHT[year]">
    <value valueType="integer">46</value>
  </variableValue>
  <variableValue variable="HIGHBLOO[year]">
    <value valueType="integer">2</value>
  </variableValue>
  <variableValue variable="HJOBTP[year]">
    <value valueType="integer">1</value>
  </variableValue>
  <variableValue variable="HMKHD[year]">
    <value valueType="decimal">5.8309306857004195</value>
  </variableValue>
  <variableValue variable="HMKJB[year]">
    <value valueType="integer">87</value>
  </variableValue>
  <variableValue variable="HMKPE[year]">
    <value valueType="decimal">59.115431861759006</value>
  </variableValue>
  <variableValue variable="HMKPRS[year]">
    <value valueType="integer">4</value>
  </variableValue>
  <variableValue variable="HMKR[year]">
    <value valueType="integer">40</value>
  </variableValue>
  <variableValue variable="HMKRD[year]">
    <value valueType="decimal">19.367397544967034</value>
  </variableValue>
  <variableValue variable="HOSDAYS[year]">
    <value valueType="integer">43</value>
  </variableValue>
  <variableValue variable="HOSVISIT[year]">
    <value valueType="integer">0</value>
  </variableValue>
  <variableValue variable="HWEIGHT[year]">
    <value valueType="integer">51</value>
  </variableValue>
  <variableValue variable="INC[year]">
    <value valueType="integer">2</value>
  </variableValue>
  <variableValue variable="INC84[year]">
    <value valueType="integer">10</value>
  </variableValue>
  <variableValue variable="instr[year]">
    <value valueType="decimal">77.9537174765368</value>
  </variableValue>
  <variableValue variable="ir[year]a1 - ir[year]a20">
    <value valueType="integer">0</value>
  </variableValue>
  <variableValue variable="ir[year]b1 - ir[year]b20">
    <value valueType="integer">1</value>
  </variableValue>
  <variableValue variable="JOBLEN[year]">
    <value valueType="integer">1</value>
  </variableValue>
  <variableValue variable="JOBTYP[year]">
    <value valueType="integer">6</value>
  </variableValue>
  <variableValue variable="kidcar[year]">
    <value valueType="decimal">67.01345407212696</value>
  </variableValue>
  <variableValue variable="LAMB[year]">
    <value valueType="integer">3</value>
  </variableValue>
  <variableValue variable="lettot[year]">
    <value valueType="integer">95</value>
  </variableValue>
  <variableValue variable="LFST84[year]">
    <value valueType="integer">4</value>
  </variableValue>
  <variableValue variable="LIFSAT[year]">
    <value valueType="integer">4</value>
  </variableValue>
  <variableValue variable="LIVESMOK[year]">
    <value valueType="integer">2</value>
  </variableValue>
  <variableValue variable="ls[year]">
    <value valueType="integer">40</value>
  </variableValue>
  <variableValue variable="LSTJOB[year]">
    <value valueType="integer">3</value>
  </variableValue>
  <variableValue variable="LVNGWILL[year]">
    <value valueType="integer">2</value>
  </variableValue>
  <variableValue variable="MAGE[year]">
    <value valueType="integer">98</value>
  </variableValue>
  <variableValue variable="MAM[year]">
    <value valueType="integer">2</value>
  </variableValue>
  <variableValue variable="MAM2YR[year]">
    <value valueType="integer">1</value>
  </variableValue>
  <variableValue variable="MAMAGE[year]">
    <value valueType="integer">19</value>
  </variableValue>
  <variableValue variable="MAMEXAM[year]">
    <value valueType="integer">29</value>
  </variableValue>
  <variableValue variable="MASTECT[year]">
    <value valueType="integer">3</value>
  </variableValue>
  <variableValue variable="MCAUSE[year]">
    <value valueType="integer">11</value>
  </variableValue>
  <variableValue variable="MDIE[year]">
    <value valueType="integer">23</value>
  </variableValue>
  <variableValue variable="MED[year]">
    <value valueType="integer">1</value>
  </variableValue>
  <variableValue variable="MENAGE[year]">
    <value valueType="integer">71</value>
  </variableValue>
  <variableValue variable="MENHIST[year]">
    <value valueType="integer">60</value>
  </variableValue>
  <variableValue variable="MENSIT[year]">
    <value valueType="integer">6</value>
  </variableValue>
  <variableValue variable="MFQ[year]1">
    <value valueType="decimal">77.79500135003083</value>
  </variableValue>
  <variableValue variable="MFQ[year]2A">
    <value valueType="decimal">81.86545401363603</value>
  </variableValue>
  <variableValue variable="MFQ[year]2B">
    <value valueType="decimal">35.742662504252685</value>
  </variableValue>
  <variableValue variable="MFQ[year]2C">
    <value valueType="decimal">93.86338768555443</value>
  </variableValue>
  <variableValue variable="MFQ[year]2D">
    <value valueType="decimal">20.056154586679863</value>
  </variableValue>
  <variableValue variable="MFQ[year]2E">
    <value valueType="decimal">66.93375161809819</value>
  </variableValue>
  <variableValue variable="MFQ[year]3A">
    <value valueType="decimal">46.14890193721687</value>
  </variableValue>
  <variableValue variable="MFQ[year]3B">
    <value valueType="decimal">85.40589914962266</value>
  </variableValue>
  <variableValue variable="MFQ[year]3C">
    <value valueType="decimal">94.9944630433009</value>
  </variableValue>
  <variableValue variable="MFQ[year]3D">
    <value valueType="decimal">93.59623129385903</value>
  </variableValue>
  <variableValue variable="MFQ[year]3E">
    <value valueType="decimal">40.33034476169337</value>
  </variableValue>
  <variableValue variable="MFQ[year]3F">
    <value valueType="decimal">60.17757591407711</value>
  </variableValue>
  <variableValue variable="MFQ[year]3G">
    <value valueType="decimal">45.20366428099588</value>
  </variableValue>
  <variableValue variable="MFQ[year]3H">
    <value valueType="decimal">47.958538501091454</value>
  </variableValue>
  <variableValue variable="MFQ[year]3I">
    <value valueType="decimal">60.46023889077622</value>
  </variableValue>
  <variableValue variable="MFQ[year]3J">
    <value valueType="decimal">22.259756209028268</value>
  </variableValue>
  <variableValue variable="MFQ[year]3K">
    <value valueType="decimal">18.362538571972486</value>
  </variableValue>
  <variableValue variable="MFQ[year]3L">
    <value valueType="decimal">87.10769752573025</value>
  </variableValue>
  <variableValue variable="MFQ[year]3M">
    <value valueType="decimal">44.35023659185542</value>
  </variableValue>
  <variableValue variable="MFQ[year]3N">
    <value valueType="decimal">30.785775067658726</value>
  </variableValue>
  <variableValue variable="MFQ[year]3O">
    <value valueType="decimal">40.377329029069756</value>
  </variableValue>
  <variableValue variable="MFQ[year]3P">
    <value valueType="decimal">32.39089941700244</value>
  </variableValue>
  <variableValue variable="MFQ[year]3Q">
    <value valueType="decimal">32.182402043875946</value>
  </variableValue>
  <variableValue variable="MFQ[year]3R">
    <value valueType="decimal">9.507802569799118</value>
  </variableValue>
  <variableValue variable="MFQ[year]4A">
    <value valueType="decimal">29.74585344337641</value>
  </variableValue>
  <variableValue variable="MFQ[year]4B">
    <value valueType="decimal">18.56215358530654</value>
  </variableValue>
  <variableValue variable="MFQ[year]4C">
    <value valueType="decimal">61.095336056557144</value>
  </variableValue>
  <variableValue variable="MFQ[year]4D">
    <value valueType="decimal">87.53824542451592</value>
  </variableValue>
  <variableValue variable="MFQ[year]4E">
    <value valueType="decimal">92.13567279307449</value>
  </variableValue>
  <variableValue variable="MFQ[year]5A">
    <value valueType="decimal">13.301821886761688</value>
  </variableValue>
  <variableValue variable="MFQ[year]5B">
    <value valueType="decimal">3.4623818981961207</value>
  </variableValue>
  <variableValue variable="MFQ[year]5C">
    <value valueType="decimal">79.56953349723373</value>
  </variableValue>
  <variableValue variable="MFQ[year]5D">
    <value valueType="decimal">24.8912160248304</value>
  </variableValue>
  <variableValue variable="MFQ[year]5E">
    <value valueType="decimal">97.49290693652391</value>
  </variableValue>
  <variableValue variable="MFQ[year]6A">
    <value valueType="decimal">21.985156616178834</value>
  </variableValue>
  <variableValue variable="MFQ[year]6B">
    <value valueType="decimal">78.81756277665383</value>
  </variableValue>
  <variableValue variable="MFQ[year]6C">
    <value valueType="decimal">30.032535488770417</value>
  </variableValue>
  <variableValue variable="MFQ[year]6D">
    <value valueType="decimal">75.64196296524831</value>
  </variableValue>
  <variableValue variable="MFQ[year]7A">
    <value valueType="decimal">60.13563562648713</value>
  </variableValue>
  <variableValue variable="MFQ[year]7B">
    <value valueType="decimal">54.000407248293634</value>
  </variableValue>
  <variableValue variable="MFQ[year]7C">
    <value valueType="decimal">81.28095019564441</value>
  </variableValue>
  <variableValue variable="MFQ[year]7D">
    <value valueType="decimal">67.96130099562397</value>
  </variableValue>
  <variableValue variable="MFQ[year]7E">
    <value valueType="decimal">60.01537375745678</value>
  </variableValue>
  <variableValue variable="MFQ[year]7F">
    <value valueType="decimal">12.855364732046414</value>
  </variableValue>
  <variableValue variable="MFQ[year]7G">
    <value valueType="decimal">15.744507982261148</value>
  </variableValue>
  <variableValue variable="MFQ[year]7H">
    <value valueType="decimal">20.8831638593736</value>
  </variableValue>
  <variableValue variable="MFQ[year]7I">
    <value valueType="decimal">1.3604208501710402</value>
  </variableValue>
  <variableValue variable="MFQ[year]7J">
    <value valueType="decimal">19.01380203797135</value>
  </variableValue>
  <variableValue variable="MFQ[year]7K">
    <value valueType="decimal">24.118867351241857</value>
  </variableValue>
  <variableValue variable="MFQ[year]7L">
    <value valueType="decimal">61.155375090234934</value>
  </variableValue>
  <variableValue variable="MFQ[year]7M">
    <value valueType="decimal">85.2057669163478</value>
  </variableValue>
  <variableValue variable="MFQ[year]7N">
    <value valueType="decimal">26.494650050476707</value>
  </variableValue>
  <variableValue variable="MFQ[year]7O">
    <value valueType="decimal">94.60683539126074</value>
  </variableValue>
  <variableValue variable="MFQ[year]7P">
    <value valueType="decimal">10.171921508794323</value>
  </variableValue>
  <variableValue variable="MFQ[year]7Q">
    <value valueType="decimal">43.63325538735556</value>
  </variableValue>
  <variableValue variable="MFQ[year]7R">
    <value valueType="decimal">26.643826190563058</value>
  </variableValue>
  <variableValue variable="MFQ[year]8A">
    <value valueType="decimal">25.232484720842375</value>
  </variableValue>
  <variableValue variable="MFQ[year]8B">
    <value valueType="decimal">69.82080523448609</value>
  </variableValue>
  <variableValue variable="MFQ[year]8C">
    <value valueType="decimal">43.06207604400011</value>
  </variableValue>
  <variableValue variable="MFQ[year]8D">
    <value valueType="decimal">86.03826754397471</value>
  </variableValue>
  <variableValue variable="MFQ[year]8E">
    <value valueType="decimal">56.82337423189884</value>
  </variableValue>
  <variableValue variable="MFQ[year]8F">
    <value valueType="decimal">88.88544891044778</value>
  </variableValue>
  <variableValue variable="MFQ[year]8G">
    <value valueType="decimal">62.7010859977162</value>
  </variableValue>
  <variableValue variable="MFQ[year]8H">
    <value valueType="decimal">90.6896293689191</value>
  </variableValue>
  <variableValue variable="MFQ1[year]">
    <value valueType="integer">98</value>
  </variableValue>
  <variableValue variable="mfq1[year]">
    <value valueType="decimal">71.53367727867895</value>
  </variableValue>
  <variableValue variable="MFQ2[year]">
    <value valueType="integer">84</value>
  </variableValue>
  <variableValue variable="mfq2[year]">
    <value valueType="decimal">72.06740147709291</value>
  </variableValue>
  <variableValue variable="MFQ3[year]">
    <value valueType="integer">19</value>
  </variableValue>
  <variableValue variable="mfq3[year]">
    <value valueType="decimal">99.96847183430573</value>
  </variableValue>
  <variableValue variable="MFQ4[year]">
    <value valueType="integer">38</value>
  </variableValue>
  <variableValue variable="mfq4[year]">
    <value valueType="decimal">80.48096975167567</value>
  </variableValue>
  <variableValue variable="MLIVE[year]">
    <value valueType="integer">3</value>
  </variableValue>
  <variableValue variable="MOMWK[year]">
    <value valueType="integer">1</value>
  </variableValue>
  <variableValue variable="movie[year]">
    <value valueType="decimal">1.8858091278762923</value>
  </variableValue>
  <variableValue variable="MSTA84[year]">
    <value valueType="integer">5</value>
  </variableValue>
  <variableValue variable="MSTAT[year]">
    <value valueType="integer">3</value>
  </variableValue>
  <variableValue variable="NBKS[year]">
    <value valueType="integer">39</value>
  </variableValue>
  <variableValue variable="NCONF[year]">
    <value valueType="integer">93</value>
  </variableValue>
  <variableValue variable="NEEDCATA[year]">
    <value valueType="integer">1</value>
  </variableValue>
  <variableValue variable="NEMP[year]">
    <value valueType="integer">87</value>
  </variableValue>
  <variableValue variable="NEUROTIC[year]">
    <value valueType="integer">74</value>
  </variableValue>
  <variableValue variable="NEWPRNT[year]">
    <value valueType="integer">2</value>
  </variableValue>
  <variableValue variable="nfr[year]">
    <value valueType="integer">76</value>
  </variableValue>
  <variableValue variable="NFRN[year]">
    <value valueType="integer">40</value>
  </variableValue>
  <variableValue variable="NGRNKD[year]">
    <value valueType="integer">50</value>
  </variableValue>
  <variableValue variable="NJOB[year]">
    <value valueType="integer">32</value>
  </variableValue>
  <variableValue variable="NKDHM[year]">
    <value valueType="integer">43</value>
  </variableValue>
  <variableValue variable="NKIDS[year]">
    <value valueType="integer">65</value>
  </variableValue>
  <variableValue variable="NMAG[year]">
    <value valueType="integer">42</value>
  </variableValue>
  <variableValue variable="NMOV[year]">
    <value valueType="integer">91</value>
  </variableValue>
  <variableValue variable="NMTG[year]">
    <value valueType="integer">10</value>
  </variableValue>
  <variableValue variable="NNEIG[year]">
    <value valueType="integer">4</value>
  </variableValue>
  <variableValue variable="NOBR[year]">
    <value valueType="integer">53</value>
  </variableValue>
  <variableValue variable="NOISE[year]">
    <value valueType="integer">5</value>
  </variableValue>
  <variableValue variable="NONFIC[year]">
    <value valueType="integer">85</value>
  </variableValue>
  <variableValue variable="nor[year]">
    <value valueType="integer">98</value>
  </variableValue>
  <variableValue variable="norcr[year]">
    <value valueType="integer">77</value>
  </variableValue>
  <variableValue variable="NOSIS[year]">
    <value valueType="integer">49</value>
  </variableValue>
  <variableValue variable="NOWRK[year]">
    <value valueType="integer">6</value>
  </variableValue>
  <variableValue variable="NRMS[year]">
    <value valueType="integer">56</value>
  </variableValue>
  <variableValue variable="nsp08">
    <value valueType="integer">73</value>
  </variableValue>
  <variableValue variable="NSTATE[year]">
    <value valueType="integer">25</value>
  </variableValue>
  <variableValue variable="NTRAD[year]">
    <value valueType="integer">77</value>
  </variableValue>
  <variableValue variable="NTRIPS[year]">
    <value valueType="integer">19</value>
  </variableValue>
  <variableValue variable="numtot[year]">
    <value valueType="integer">30</value>
  </variableValue>
  <variableValue variable="NVISIT[year]">
    <value valueType="integer">2</value>
  </variableValue>
  <variableValue variable="NWED[year]">
    <value valueType="integer">23</value>
  </variableValue>
  <variableValue variable="NYBR[year]">
    <value valueType="integer">42</value>
  </variableValue>
  <variableValue variable="NYSIS[year]">
    <value valueType="integer">0</value>
  </variableValue>
  <variableValue variable="OBGYN[year]">
    <value valueType="integer">2</value>
  </variableValue>
  <variableValue variable="OCC[year]">
    <value valueType="integer">2</value>
  </variableValue>
  <variableValue variable="OCC84[year]">
    <value valueType="integer">2</value>
  </variableValue>
  <variableValue variable="OPEN[year]">
    <value valueType="integer">74</value>
  </variableValue>
  <variableValue variable="or[year]">
    <value valueType="integer">90</value>
  </variableValue>
  <variableValue variable="oratt[year]">
    <value valueType="integer">21</value>
  </variableValue>
  <variableValue variable="ORGAN[year]">
    <value valueType="integer">2</value>
  </variableValue>
  <variableValue variable="oromt[year]">
    <value valueType="integer">68</value>
  </variableValue>
  <variableValue variable="orwg[year]">
    <value valueType="integer">43</value>
  </variableValue>
  <variableValue variable="OTJ[year]">
    <value valueType="integer">1</value>
  </variableValue>
  <variableValue variable="outhob[year]">
    <value valueType="decimal">68.56364591246104</value>
  </variableValue>
  <variableValue variable="OWNHM[year]">
    <value valueType="integer">0</value>
  </variableValue>
  <variableValue variable="PAINREL[year]">
    <value valueType="integer">3</value>
  </variableValue>
  <variableValue variable="PAP[year]">
    <value valueType="integer">1</value>
  </variableValue>
  <variableValue variable="party[year]">
    <value valueType="decimal">81.18952846589531</value>
  </variableValue>
  <variableValue variable="pase1">
    <value valueType="integer">0</value>
  </variableValue>
  <variableValue variable="pase10">
    <value valueType="integer">0</value>
  </variableValue>
  <variableValue variable="pase10a">
    <value valueType="decimal">42.54600364107394</value>
  </variableValue>
  <variableValue variable="pase10b">
    <value valueType="integer">3</value>
  </variableValue>
  <variableValue variable="pase1b">
    <value valueType="integer">2</value>
  </variableValue>
  <variableValue variable="pase2">
    <value valueType="integer">2</value>
  </variableValue>
  <variableValue variable="pase2a">
    <value valueType="integer">2</value>
  </variableValue>
  <variableValue variable="pase3">
    <value valueType="integer">3</value>
  </variableValue>
  <variableValue variable="pase3b">
    <value valueType="integer">3</value>
  </variableValue>
  <variableValue variable="pase4">
    <value valueType="integer">2</value>
  </variableValue>
  <variableValue variable="pase4b">
    <value valueType="integer">3</value>
  </variableValue>
  <variableValue variable="pase5">
    <value valueType="integer">0</value>
  </variableValue>
  <variableValue variable="pase5b">
    <value valueType="integer">2</value>
  </variableValue>
  <variableValue variable="pase6">
    <value valueType="integer">3</value>
  </variableValue>
  <variableValue variable="pase6b">
    <value valueType="integer">1</value>
  </variableValue>
  <variableValue variable="pase7">
    <value valueType="integer">1</value>
  </variableValue>
  <variableValue variable="pase8">
    <value valueType="integer">0</value>
  </variableValue>
  <variableValue variable="pase9a - pase9d">
    <value valueType="integer">1</value>
  </variableValue>
  <variableValue variable="pattot[year]">
    <value valueType="integer">21</value>
  </variableValue>
  <variableValue variable="PDEMP[year]">
    <value valueType="integer">0</value>
  </variableValue>
  <variableValue variable="PEOP[year]">
    <value valueType="decimal">90.91236449833244</value>
  </variableValue>
  <variableValue variable="pets[year]">
    <value valueType="decimal">26.553017660458934</value>
  </variableValue>
  <variableValue variable="phone[year]">
    <value valueType="decimal">88.10054568110347</value>
  </variableValue>
  <variableValue variable="picnic[year]">
    <value valueType="decimal">6.254805220785043</value>
  </variableValue>
  <variableValue variable="PIPEDAY[year]">
    <value valueType="integer">3</value>
  </variableValue>
  <variableValue variable="PIPES[year]">
    <value valueType="integer">1</value>
  </variableValue>
  <variableValue variable="pirr1[year]">
    <value valueType="integer">23</value>
  </variableValue>
  <variableValue variable="pirr2[year]">
    <value valueType="integer">55</value>
  </variableValue>
  <variableValue variable="PORK[year]">
    <value valueType="integer">4</value>
  </variableValue>
  <variableValue variable="ppr1[year]">
    <value valueType="integer">92</value>
  </variableValue>
  <variableValue variable="ppr2[year]">
    <value valueType="integer">30</value>
  </variableValue>
  <variableValue variable="ppr3[year]">
    <value valueType="integer">19</value>
  </variableValue>
  <variableValue variable="pray[year]">
    <value valueType="decimal">67.33473779303199</value>
  </variableValue>
  <variableValue variable="PRESR[year]">
    <value valueType="integer">2</value>
  </variableValue>
  <variableValue variable="PRO2YR[year]">
    <value valueType="integer">1</value>
  </variableValue>
  <variableValue variable="PROAGE[year]">
    <value valueType="integer">30</value>
  </variableValue>
  <variableValue variable="PROENLAR[year]">
    <value valueType="integer">1</value>
  </variableValue>
  <variableValue variable="PROEXAM[year]">
    <value valueType="integer">31</value>
  </variableValue>
  <variableValue variable="PROS[year]">
    <value valueType="integer">1</value>
  </variableValue>
  <variableValue variable="PROSUC[year]">
    <value valueType="integer">2</value>
  </variableValue>
  <variableValue variable="PRSC84[year]">
    <value valueType="integer">2</value>
  </variableValue>
  <variableValue variable="radio[year]">
    <value valueType="decimal">66.52368903044434</value>
  </variableValue>
  <variableValue variable="RDPAPR[year]">
    <value valueType="integer">1</value>
  </variableValue>
  <variableValue variable="RDWRIT[year]">
    <value valueType="decimal">32.82414673220181</value>
  </variableValue>
  <variableValue variable="read[year]">
    <value valueType="decimal">25.69177034889002</value>
  </variableValue>
  <variableValue variable="REGULAR[year]">
    <value valueType="integer">2</value>
  </variableValue>
  <variableValue variable="REMAR[year]">
    <value valueType="integer">72</value>
  </variableValue>
  <variableValue variable="rv[year]">
    <value valueType="integer">67</value>
  </variableValue>
  <variableValue variable="SAFE[year]">
    <value valueType="integer">0</value>
  </variableValue>
  <variableValue variable="SBHWY[year]">
    <value valueType="integer">2</value>
  </variableValue>
  <variableValue variable="SBTOWN[year]">
    <value valueType="integer">3</value>
  </variableValue>
  <variableValue variable="SELFBLOO[year]">
    <value valueType="integer">1</value>
  </variableValue>
  <variableValue variable="selfim[year]">
    <value valueType="decimal">48.18137257068218</value>
  </variableValue>
  <variableValue variable="SELFMAM[year]">
    <value valueType="integer">4</value>
  </variableValue>
  <variableValue variable="sex">
    <value valueType="integer">1</value>
  </variableValue>
  <variableValue variable="shop[year]">
    <value valueType="decimal">92.67992142264394</value>
  </variableValue>
  <variableValue variable="SIBS[year]">
    <value valueType="integer">42</value>
  </variableValue>
  <variableValue variable="SLEEP[year]">
    <value valueType="integer">5</value>
  </variableValue>
  <variableValue variable="smdvh[year]">
    <value valueType="integer">5</value>
  </variableValue>
  <variableValue variable="smdvl[year]">
    <value valueType="integer">72</value>
  </variableValue>
  <variableValue variable="SMK[year]">
    <value valueType="integer">1</value>
  </variableValue>
  <variableValue variable="SMOKE[year]">
    <value valueType="integer">2</value>
  </variableValue>
  <variableValue variable="SMOKEPAS[year]">
    <value valueType="decimal">19.741006258130987</value>
  </variableValue>
  <variableValue variable="SODA[year]">
    <value valueType="integer">1</value>
  </variableValue>
  <variableValue variable="SODIUM[year]">
    <value valueType="integer">1</value>
  </variableValue>
  <variableValue variable="SPBRN[year]">
    <value valueType="integer">32</value>
  </variableValue>
  <variableValue variable="spec[year]">
    <value valueType="decimal">89.12982394669095</value>
  </variableValue>
  <variableValue variable="SPEED[year]">
    <value valueType="integer">2</value>
  </variableValue>
  <variableValue variable="SPOCC[year]">
    <value valueType="integer">4</value>
  </variableValue>
  <variableValue variable="sport[year]">
    <value valueType="decimal">73.78103193331937</value>
  </variableValue>
  <variableValue variable="SPRVIS[year]">
    <value valueType="integer">4</value>
  </variableValue>
  <variableValue variable="SREYE[year]">
    <value valueType="integer">5</value>
  </variableValue>
  <variableValue variable="srh[year]">
    <value valueType="integer">4</value>
  </variableValue>
  <variableValue variable="SRHEALTH">
    <value valueType="integer">3</value>
  </variableValue>
  <variableValue variable="SRHEAR[year]">
    <value valueType="integer">2</value>
  </variableValue>
  <variableValue variable="sstot[year]">
    <value valueType="integer">14</value>
  </variableValue>
  <variableValue variable="STAIRS[year]">
    <value valueType="integer">1</value>
  </variableValue>
  <variableValue variable="TEA[year]">
    <value valueType="integer">6</value>
  </variableValue>
  <variableValue variable="TRAF[year]">
    <value valueType="integer">1</value>
  </variableValue>
  <variableValue variable="travel[year]">
    <value valueType="decimal">4.002516213573292</value>
  </variableValue>
  <variableValue variable="TREES[year]">
    <value valueType="integer">3</value>
  </variableValue>
  <variableValue variable="TRYSTOP[year]">
    <value valueType="integer">2</value>
  </variableValue>
  <variableValue variable="tv[year]">
    <value valueType="decimal">28.091182254288817</value>
  </variableValue>
  <variableValue variable="TYPBLD[year]">
    <value valueType="integer">8</value>
  </variableValue>
  <variableValue variable="UNIVEX[year]">
    <value valueType="integer">1</value>
  </variableValue>
  <variableValue variable="VEAL[year]">
    <value valueType="integer">2</value>
  </variableValue>
  <variableValue variable="vis[year]">
    <value valueType="decimal">2.151128453742046</value>
  </variableValue>
  <variableValue variable="vocab1[year]">
    <value valueType="integer">74</value>
  </variableValue>
  <variableValue variable="vocab2[year]">
    <value valueType="integer">54</value>
  </variableValue>
  <variableValue variable="VOCAT[year]">
    <value valueType="integer">0</value>
  </variableValue>
  <variableValue variable="vol[year]">
    <value valueType="decimal">94.10476318174575</value>
  </variableValue>
  <variableValue variable="walk[year]">
    <value valueType="decimal">90.963168836368</value>
  </variableValue>
  <variableValue variable="WALK[year]">
    <value valueType="integer">1</value>
  </variableValue>
  <variableValue variable="wdflu[year]">
    <value valueType="integer">90</value>
  </variableValue>
  <variableValue variable="WEIGHT[year]">
    <value valueType="integer">71</value>
  </variableValue>
  <variableValue variable="WELL[year]">
    <value valueType="integer">3</value>
  </variableValue>
  <variableValue variable="WINE[year]">
    <value valueType="integer">71</value>
  </variableValue>
  <variableValue variable="write[year]">
    <value valueType="decimal">39.5830074627997</value>
  </variableValue>
  <variableValue variable="WRKPLC[year]">
    <value valueType="integer">1</value>
  </variableValue>
  <variableValue variable="WRKTYP[year]">
    <value valueType="integer">5</value>
  </variableValue>
  <variableValue variable="ws[year]">
    <value valueType="integer">75</value>
  </variableValue>
  <variableValue variable="YEAROP[year]">
    <value valueType="integer">20</value>
  </variableValue>
  <variableValue variable="YRQUIT[year]">
    <value valueType="integer">43</value>
  </variableValue>
  <variableValue variable="YRRET[year]">
    <value valueType="integer">48</value>
  </variableValue>
  <variableValue variable="YRSMOKE[year]">
    <value valueType="decimal">68.7319008916138</value>
  </variableValue>
</valueSet>