<valueSet valueTable="2008" entityType="Participant" entityIdentifier="17259324">
  <variableValue variable="ADLTED[year]">
    <value valueType="integer">0</value>
  </variableValue>
  <variableValue variable="ADVDIR[year]">
    <value valueType="integer">1</value>
  </variableValue>
  <variableValue variable="age[year]">
    <value valueType="integer">9</value>
  </variableValue>
  <variableValue variable="AGEKID[year]">
    <value valueType="integer">38</value>
  </variableValue>
  <variableValue variable="AGENB[year]">
    <value valueType="integer">2</value>
  </variableValue>
  <variableValue variable="AGEWED[year]">
    <value valueType="integer">81</value>
  </variableValue>
  <variableValue variable="AGFRN[year]">
    <value valueType="integer">1</value>
  </variableValue>
  <variableValue variable="AGREE[year]">
    <value valueType="integer">33</value>
  </variableValue>
  <variableValue variable="ALCOHOL[year]">
    <value valueType="integer">5</value>
  </variableValue>
  <variableValue variable="Apdemp[year]">
    <value valueType="decimal">43.488476088337194</value>
  </variableValue>
  <variableValue variable="ART[year]">
    <value valueType="integer">1</value>
  </variableValue>
  <variableValue variable="BDATE_DY">
    <value valueType="integer">17</value>
  </variableValue>
  <variableValue variable="BDATE_MO">
    <value valueType="integer">56</value>
  </variableValue>
  <variableValue variable="BDATE_YR">
    <value valueType="integer">28</value>
  </variableValue>
  <variableValue variable="BEEF[year]">
    <value valueType="integer">5</value>
  </variableValue>
  <variableValue variable="BEER[year]">
    <value valueType="integer">1</value>
  </variableValue>
  <variableValue variable="BLDLK[year]">
    <value valueType="integer">1</value>
  </variableValue>
  <variableValue variable="BLOODPRE[year]">
    <value valueType="integer">5</value>
  </variableValue>
  <variableValue variable="BOOK[year]">
    <value valueType="integer">3</value>
  </variableValue>
  <variableValue variable="BRUSH[year]">
    <value valueType="integer">26</value>
  </variableValue>
  <variableValue variable="BUTTER[year]">
    <value valueType="integer">5</value>
  </variableValue>
  <variableValue variable="BUYFAT[year]">
    <value valueType="integer">3</value>
  </variableValue>
  <variableValue variable="BUYSALT[year]">
    <value valueType="integer">3</value>
  </variableValue>
  <variableValue variable="CANCHK[year]">
    <value valueType="integer">1</value>
  </variableValue>
  <variableValue variable="cards[year]">
    <value valueType="decimal">43.44187780088736</value>
  </variableValue>
  <variableValue variable="CATARACT[year]">
    <value valueType="integer">2</value>
  </variableValue>
  <variableValue variable="CHKFAT[year]">
    <value valueType="integer">5</value>
  </variableValue>
  <variableValue variable="CHOLES[year]">
    <value valueType="integer">5</value>
  </variableValue>
  <variableValue variable="chur[year]">
    <value valueType="decimal">43.00230827732931</value>
  </variableValue>
  <variableValue variable="CIGARDAY[year]">
    <value valueType="integer">3</value>
  </variableValue>
  <variableValue variable="CIGARS[year]">
    <value valueType="integer">2</value>
  </variableValue>
  <variableValue variable="CIGDAY[year]">
    <value valueType="integer">6</value>
  </variableValue>
  <variableValue variable="CIGS[year]">
    <value valueType="integer">2</value>
  </variableValue>
  <variableValue variable="CLNAIR[year]">
    <value valueType="integer">1</value>
  </variableValue>
  <variableValue variable="COFFEE[year]">
    <value valueType="integer">5</value>
  </variableValue>
  <variableValue variable="CONSCIEN[year]">
    <value valueType="integer">2</value>
  </variableValue>
  <variableValue variable="cook[year]">
    <value valueType="decimal">24.326664740786086</value>
  </variableValue>
  <variableValue variable="COOKBUT[year]">
    <value valueType="integer">2</value>
  </variableValue>
  <variableValue variable="CORS[year]">
    <value valueType="integer">0</value>
  </variableValue>
  <variableValue variable="crafts[year]">
    <value valueType="decimal">28.29438590731708</value>
  </variableValue>
  <variableValue variable="crdp1[year]">
    <value valueType="integer">45</value>
  </variableValue>
  <variableValue variable="crdp2[year]">
    <value valueType="integer">15</value>
  </variableValue>
  <variableValue variable="cult[year]">
    <value valueType="decimal">53.93585599448597</value>
  </variableValue>
  <variableValue variable="dance[year]">
    <value valueType="decimal">80.71312613825457</value>
  </variableValue>
  <variableValue variable="DENTIST[year]">
    <value valueType="integer">2</value>
  </variableValue>
  <variableValue variable="DENTURE[year]">
    <value valueType="integer">2</value>
  </variableValue>
  <variableValue variable="DIABET[year]">
    <value valueType="integer">2</value>
  </variableValue>
  <variableValue variable="DRMAM[year]">
    <value valueType="integer">4</value>
  </variableValue>
  <variableValue variable="DRVISIT[year]">
    <value valueType="integer">57</value>
  </variableValue>
  <variableValue variable="dydrm[year]">
    <value valueType="decimal">84.06916265045659</value>
  </variableValue>
  <variableValue variable="EARCHK[year]">
    <value valueType="integer">1</value>
  </variableValue>
  <variableValue variable="eatout[year]">
    <value valueType="decimal">3.087531631897389</value>
  </variableValue>
  <variableValue variable="EATSALT[year]">
    <value valueType="integer">4</value>
  </variableValue>
  <variableValue variable="edact[year]">
    <value valueType="decimal">42.97901879250645</value>
  </variableValue>
  <variableValue variable="educ">
    <value valueType="integer">100</value>
  </variableValue>
  <variableValue variable="EDUC[year]">
    <value valueType="integer">82</value>
  </variableValue>
  <variableValue variable="EGG[year]">
    <value valueType="integer">1</value>
  </variableValue>
  <variableValue variable="eldcar[year]">
    <value valueType="decimal">86.92852056168371</value>
  </variableValue>
  <variableValue variable="ELDCAR[year]">
    <value valueType="decimal">77.08258776342403</value>
  </variableValue>
  <variableValue variable="ENT1[year]">
    <value valueType="integer">1</value>
  </variableValue>
  <variableValue variable="ENT2[year]">
    <value valueType="integer">6</value>
  </variableValue>
  <variableValue variable="ENT3[year]">
    <value valueType="integer">14</value>
  </variableValue>
  <variableValue variable="eth[year]">
    <value valueType="integer">76</value>
  </variableValue>
  <variableValue variable="EXCERTOT[year]">
    <value valueType="decimal">5.45805983280605</value>
  </variableValue>
  <variableValue variable="EXCERWK[year]">
    <value valueType="integer">49</value>
  </variableValue>
  <variableValue variable="EXTRAVER[year]">
    <value valueType="integer">93</value>
  </variableValue>
  <variableValue variable="EYECHG[year]">
    <value valueType="integer">5</value>
  </variableValue>
  <variableValue variable="EYECHK[year]">
    <value valueType="integer">0</value>
  </variableValue>
  <variableValue variable="EYEGLAS[year]">
    <value valueType="integer">1</value>
  </variableValue>
  <variableValue variable="FAGE[year]">
    <value valueType="integer">48</value>
  </variableValue>
  <variableValue variable="FAITH[year]">
    <value valueType="integer">2</value>
  </variableValue>
  <variableValue variable="FALLS[year]">
    <value valueType="integer">7</value>
  </variableValue>
  <variableValue variable="FCAUSE[year]">
    <value valueType="integer">13</value>
  </variableValue>
  <variableValue variable="FDIE[year]">
    <value valueType="integer">53</value>
  </variableValue>
  <variableValue variable="FIC[year]">
    <value valueType="integer">14</value>
  </variableValue>
  <variableValue variable="fit[year]">
    <value valueType="decimal">74.78780895991322</value>
  </variableValue>
  <variableValue variable="FLIVE[year]">
    <value valueType="integer">3</value>
  </variableValue>
  <variableValue variable="FLOSS[year]">
    <value valueType="integer">6</value>
  </variableValue>
  <variableValue variable="FLUSHOT[year]">
    <value valueType="integer">4</value>
  </variableValue>
  <variableValue variable="fr[year]">
    <value valueType="integer">59</value>
  </variableValue>
  <variableValue variable="fratt[year]">
    <value valueType="integer">94</value>
  </variableValue>
  <variableValue variable="frcr[year]">
    <value valueType="integer">62</value>
  </variableValue>
  <variableValue variable="fromt[year]">
    <value valueType="integer">70</value>
  </variableValue>
  <variableValue variable="frwg[year]">
    <value valueType="integer">65</value>
  </variableValue>
  <variableValue variable="game[year]">
    <value valueType="decimal">30.412433855209507</value>
  </variableValue>
  <variableValue variable="gds[year]1 –  gds[year]30">
    <value valueType="integer">1</value>
  </variableValue>
  <variableValue variable="gdstot[year]">
    <value valueType="integer">86</value>
  </variableValue>
  <variableValue variable="HANDS[year]">
    <value valueType="decimal">16.09497211992268</value>
  </variableValue>
  <variableValue variable="HARDLIQ[year]">
    <value valueType="integer">74</value>
  </variableValue>
  <variableValue variable="HEALTHCH[year]">
    <value valueType="integer">4</value>
  </variableValue>
  <variableValue variable="HEARAID[year]">
    <value valueType="integer">1</value>
  </variableValue>
  <variableValue variable="HEARCHG[year]">
    <value valueType="integer">3</value>
  </variableValue>
  <variableValue variable="HEARSPEC[year]">
    <value valueType="integer">4</value>
  </variableValue>
  <variableValue variable="HEART[year]">
    <value valueType="integer">1</value>
  </variableValue>
  <variableValue variable="HEIGHT[year]">
    <value valueType="integer">37</value>
  </variableValue>
  <variableValue variable="HHEIGHT[year]">
    <value valueType="integer">5</value>
  </variableValue>
  <variableValue variable="HIGHBLOO[year]">
    <value valueType="integer">1</value>
  </variableValue>
  <variableValue variable="HJOBTP[year]">
    <value valueType="integer">1</value>
  </variableValue>
  <variableValue variable="HMKHD[year]">
    <value valueType="decimal">52.10935901992876</value>
  </variableValue>
  <variableValue variable="HMKJB[year]">
    <value valueType="integer">43</value>
  </variableValue>
  <variableValue variable="HMKPE[year]">
    <value valueType="decimal">76.45455235853802</value>
  </variableValue>
  <variableValue variable="HMKPRS[year]">
    <value valueType="integer">4</value>
  </variableValue>
  <variableValue variable="HMKR[year]">
    <value valueType="integer">53</value>
  </variableValue>
  <variableValue variable="HMKRD[year]">
    <value valueType="decimal">58.90030737378723</value>
  </variableValue>
  <variableValue variable="HOSDAYS[year]">
    <value valueType="integer">98</value>
  </variableValue>
  <variableValue variable="HOSVISIT[year]">
    <value valueType="integer">1</value>
  </variableValue>
  <variableValue variable="HWEIGHT[year]">
    <value valueType="integer">25</value>
  </variableValue>
  <variableValue variable="INC[year]">
    <value valueType="integer">17</value>
  </variableValue>
  <variableValue variable="INC84[year]">
    <value valueType="integer">15</value>
  </variableValue>
  <variableValue variable="instr[year]">
    <value valueType="decimal">79.7947013418559</value>
  </variableValue>
  <variableValue variable="ir[year]a1 - ir[year]a20">
    <value valueType="integer">1</value>
  </variableValue>
  <variableValue variable="ir[year]b1 - ir[year]b20">
    <value valueType="integer">0</value>
  </variableValue>
  <variableValue variable="JOBLEN[year]">
    <value valueType="integer">2</value>
  </variableValue>
  <variableValue variable="JOBTYP[year]">
    <value valueType="integer">5</value>
  </variableValue>
  <variableValue variable="kidcar[year]">
    <value valueType="decimal">55.53660642878106</value>
  </variableValue>
  <variableValue variable="LAMB[year]">
    <value valueType="integer">1</value>
  </variableValue>
  <variableValue variable="lettot[year]">
    <value valueType="integer">3</value>
  </variableValue>
  <variableValue variable="LFST84[year]">
    <value valueType="integer">2</value>
  </variableValue>
  <variableValue variable="LIFSAT[year]">
    <value valueType="integer">3</value>
  </variableValue>
  <variableValue variable="LIVESMOK[year]">
    <value valueType="integer">1</value>
  </variableValue>
  <variableValue variable="ls[year]">
    <value valueType="integer">76</value>
  </variableValue>
  <variableValue variable="LSTJOB[year]">
    <value valueType="integer">5</value>
  </variableValue>
  <variableValue variable="LVNGWILL[year]">
    <value valueType="integer">1</value>
  </variableValue>
  <variableValue variable="MAGE[year]">
    <value valueType="integer">13</value>
  </variableValue>
  <variableValue variable="MAM[year]">
    <value valueType="integer">1</value>
  </variableValue>
  <variableValue variable="MAM2YR[year]">
    <value valueType="integer">2</value>
  </variableValue>
  <variableValue variable="MAMAGE[year]">
    <value valueType="integer">75</value>
  </variableValue>
  <variableValue variable="MAMEXAM[year]">
    <value valueType="integer">39</value>
  </variableValue>
  <variableValue variable="MASTECT[year]">
    <value valueType="integer">1</value>
  </variableValue>
  <variableValue variable="MCAUSE[year]">
    <value valueType="integer">3</value>
  </variableValue>
  <variableValue variable="MDIE[year]">
    <value valueType="integer">3</value>
  </variableValue>
  <variableValue variable="MED[year]">
    <value valueType="integer">3</value>
  </variableValue>
  <variableValue variable="MENAGE[year]">
    <value valueType="integer">80</value>
  </variableValue>
  <variableValue variable="MENHIST[year]">
    <value valueType="integer">17</value>
  </variableValue>
  <variableValue variable="MENSIT[year]">
    <value valueType="integer">4</value>
  </variableValue>
  <variableValue variable="MFQ[year]1">
    <value valueType="decimal">37.407583273481634</value>
  </variableValue>
  <variableValue variable="MFQ[year]2A">
    <value valueType="decimal">13.379978152651583</value>
  </variableValue>
  <variableValue variable="MFQ[year]2B">
    <value valueType="decimal">29.461040180785435</value>
  </variableValue>
  <variableValue variable="MFQ[year]2C">
    <value valueType="decimal">67.12997334192018</value>
  </variableValue>
  <variableValue variable="MFQ[year]2D">
    <value valueType="decimal">5.651325180442413</value>
  </variableValue>
  <variableValue variable="MFQ[year]2E">
    <value valueType="decimal">0.8646512214184776</value>
  </variableValue>
  <variableValue variable="MFQ[year]3A">
    <value valueType="decimal">24.034181688879407</value>
  </variableValue>
  <variableValue variable="MFQ[year]3B">
    <value valueType="decimal">17.38627251448268</value>
  </variableValue>
  <variableValue variable="MFQ[year]3C">
    <value valueType="decimal">60.26251504303451</value>
  </variableValue>
  <variableValue variable="MFQ[year]3D">
    <value valueType="decimal">53.86103192969879</value>
  </variableValue>
  <variableValue variable="MFQ[year]3E">
    <value valueType="decimal">45.98488769728925</value>
  </variableValue>
  <variableValue variable="MFQ[year]3F">
    <value valueType="decimal">11.258351577383351</value>
  </variableValue>
  <variableValue variable="MFQ[year]3G">
    <value valueType="decimal">57.953679223490475</value>
  </variableValue>
  <variableValue variable="MFQ[year]3H">
    <value valueType="decimal">34.45765710479019</value>
  </variableValue>
  <variableValue variable="MFQ[year]3I">
    <value valueType="decimal">20.36928520571918</value>
  </variableValue>
  <variableValue variable="MFQ[year]3J">
    <value valueType="decimal">25.73275223301582</value>
  </variableValue>
  <variableValue variable="MFQ[year]3K">
    <value valueType="decimal">92.87475505737062</value>
  </variableValue>
  <variableValue variable="MFQ[year]3L">
    <value valueType="decimal">26.048497499526245</value>
  </variableValue>
  <variableValue variable="MFQ[year]3M">
    <value valueType="decimal">62.73994833748713</value>
  </variableValue>
  <variableValue variable="MFQ[year]3N">
    <value valueType="decimal">20.79424504663885</value>
  </variableValue>
  <variableValue variable="MFQ[year]3O">
    <value valueType="decimal">95.35814818988665</value>
  </variableValue>
  <variableValue variable="MFQ[year]3P">
    <value valueType="decimal">57.61216780486665</value>
  </variableValue>
  <variableValue variable="MFQ[year]3Q">
    <value valueType="decimal">2.0063613840162753</value>
  </variableValue>
  <variableValue variable="MFQ[year]3R">
    <value valueType="decimal">31.297719338395236</value>
  </variableValue>
  <variableValue variable="MFQ[year]4A">
    <value valueType="decimal">89.24081152942317</value>
  </variableValue>
  <variableValue variable="MFQ[year]4B">
    <value valueType="decimal">35.857911572365865</value>
  </variableValue>
  <variableValue variable="MFQ[year]4C">
    <value valueType="decimal">68.22161587316883</value>
  </variableValue>
  <variableValue variable="MFQ[year]4D">
    <value valueType="decimal">87.2771935920795</value>
  </variableValue>
  <variableValue variable="MFQ[year]4E">
    <value valueType="decimal">34.15807206790312</value>
  </variableValue>
  <variableValue variable="MFQ[year]5A">
    <value valueType="decimal">26.98944262580679</value>
  </variableValue>
  <variableValue variable="MFQ[year]5B">
    <value valueType="decimal">11.973215393182034</value>
  </variableValue>
  <variableValue variable="MFQ[year]5C">
    <value valueType="decimal">59.1794177945204</value>
  </variableValue>
  <variableValue variable="MFQ[year]5D">
    <value valueType="decimal">91.80146920323357</value>
  </variableValue>
  <variableValue variable="MFQ[year]5E">
    <value valueType="decimal">2.5916528476240708</value>
  </variableValue>
  <variableValue variable="MFQ[year]6A">
    <value valueType="decimal">11.21597894092038</value>
  </variableValue>
  <variableValue variable="MFQ[year]6B">
    <value valueType="decimal">36.3258460977336</value>
  </variableValue>
  <variableValue variable="MFQ[year]6C">
    <value valueType="decimal">45.85557271049563</value>
  </variableValue>
  <variableValue variable="MFQ[year]6D">
    <value valueType="decimal">40.02409980546493</value>
  </variableValue>
  <variableValue variable="MFQ[year]7A">
    <value valueType="decimal">38.67025141578084</value>
  </variableValue>
  <variableValue variable="MFQ[year]7B">
    <value valueType="decimal">11.848257259570616</value>
  </variableValue>
  <variableValue variable="MFQ[year]7C">
    <value valueType="decimal">74.17642494059318</value>
  </variableValue>
  <variableValue variable="MFQ[year]7D">
    <value valueType="decimal">46.709102300131946</value>
  </variableValue>
  <variableValue variable="MFQ[year]7E">
    <value valueType="decimal">8.318686288442256</value>
  </variableValue>
  <variableValue variable="MFQ[year]7F">
    <value valueType="decimal">65.40966215177892</value>
  </variableValue>
  <variableValue variable="MFQ[year]7G">
    <value valueType="decimal">18.746876335892672</value>
  </variableValue>
  <variableValue variable="MFQ[year]7H">
    <value valueType="decimal">59.83112902287876</value>
  </variableValue>
  <variableValue variable="MFQ[year]7I">
    <value valueType="decimal">93.07014041634656</value>
  </variableValue>
  <variableValue variable="MFQ[year]7J">
    <value valueType="decimal">6.2135440213628375</value>
  </variableValue>
  <variableValue variable="MFQ[year]7K">
    <value valueType="decimal">24.041722997196246</value>
  </variableValue>
  <variableValue variable="MFQ[year]7L">
    <value valueType="decimal">58.21817074361271</value>
  </variableValue>
  <variableValue variable="MFQ[year]7M">
    <value valueType="decimal">7.319285301895972</value>
  </variableValue>
  <variableValue variable="MFQ[year]7N">
    <value valueType="decimal">63.12087003736553</value>
  </variableValue>
  <variableValue variable="MFQ[year]7O">
    <value valueType="decimal">17.65829028146182</value>
  </variableValue>
  <variableValue variable="MFQ[year]7P">
    <value valueType="decimal">11.554565792850157</value>
  </variableValue>
  <variableValue variable="MFQ[year]7Q">
    <value valueType="decimal">77.91574148201815</value>
  </variableValue>
  <variableValue variable="MFQ[year]7R">
    <value valueType="decimal">86.13579476869188</value>
  </variableValue>
  <variableValue variable="MFQ[year]8A">
    <value valueType="decimal">88.41565115272314</value>
  </variableValue>
  <variableValue variable="MFQ[year]8B">
    <value valueType="decimal">83.57877143584976</value>
  </variableValue>
  <variableValue variable="MFQ[year]8C">
    <value valueType="decimal">84.96667160250196</value>
  </variableValue>
  <variableValue variable="MFQ[year]8D">
    <value valueType="decimal">54.087261517066096</value>
  </variableValue>
  <variableValue variable="MFQ[year]8E">
    <value valueType="decimal">76.5984260711377</value>
  </variableValue>
  <variableValue variable="MFQ[year]8F">
    <value valueType="decimal">0.5484213445856367</value>
  </variableValue>
  <variableValue variable="MFQ[year]8G">
    <value valueType="decimal">39.93197207895244</value>
  </variableValue>
  <variableValue variable="MFQ[year]8H">
    <value valueType="decimal">67.02521906564252</value>
  </variableValue>
  <variableValue variable="MFQ1[year]">
    <value valueType="integer">6</value>
  </variableValue>
  <variableValue variable="mfq1[year]">
    <value valueType="decimal">21.13581737889174</value>
  </variableValue>
  <variableValue variable="MFQ2[year]">
    <value valueType="integer">22</value>
  </variableValue>
  <variableValue variable="mfq2[year]">
    <value valueType="decimal">82.63126701151523</value>
  </variableValue>
  <variableValue variable="MFQ3[year]">
    <value valueType="integer">88</value>
  </variableValue>
  <variableValue variable="mfq3[year]">
    <value valueType="decimal">64.1018179668829</value>
  </variableValue>
  <variableValue variable="MFQ4[year]">
    <value valueType="integer">73</value>
  </variableValue>
  <variableValue variable="mfq4[year]">
    <value valueType="decimal">27.780542420162966</value>
  </variableValue>
  <variableValue variable="MLIVE[year]">
    <value valueType="integer">2</value>
  </variableValue>
  <variableValue variable="MOMWK[year]">
    <value valueType="integer">1</value>
  </variableValue>
  <variableValue variable="movie[year]">
    <value valueType="decimal">21.067200751479852</value>
  </variableValue>
  <variableValue variable="MSTA84[year]">
    <value valueType="integer">5</value>
  </variableValue>
  <variableValue variable="MSTAT[year]">
    <value valueType="integer">5</value>
  </variableValue>
  <variableValue variable="NBKS[year]">
    <value valueType="integer">15</value>
  </variableValue>
  <variableValue variable="NCONF[year]">
    <value valueType="integer">48</value>
  </variableValue>
  <variableValue variable="NEEDCATA[year]">
    <value valueType="integer">4</value>
  </variableValue>
  <variableValue variable="NEMP[year]">
    <value valueType="integer">59</value>
  </variableValue>
  <variableValue variable="NEUROTIC[year]">
    <value valueType="integer">68</value>
  </variableValue>
  <variableValue variable="NEWPRNT[year]">
    <value valueType="integer">4</value>
  </variableValue>
  <variableValue variable="nfr[year]">
    <value valueType="integer">32</value>
  </variableValue>
  <variableValue variable="NFRN[year]">
    <value valueType="integer">39</value>
  </variableValue>
  <variableValue variable="NGRNKD[year]">
    <value valueType="integer">92</value>
  </variableValue>
  <variableValue variable="NJOB[year]">
    <value valueType="integer">87</value>
  </variableValue>
  <variableValue variable="NKDHM[year]">
    <value valueType="integer">100</value>
  </variableValue>
  <variableValue variable="NKIDS[year]">
    <value valueType="integer">72</value>
  </variableValue>
  <variableValue variable="NMAG[year]">
    <value valueType="integer">48</value>
  </variableValue>
  <variableValue variable="NMOV[year]">
    <value valueType="integer">44</value>
  </variableValue>
  <variableValue variable="NMTG[year]">
    <value valueType="integer">72</value>
  </variableValue>
  <variableValue variable="NNEIG[year]">
    <value valueType="integer">2</value>
  </variableValue>
  <variableValue variable="NOBR[year]">
    <value valueType="integer">13</value>
  </variableValue>
  <variableValue variable="NOISE[year]">
    <value valueType="integer">1</value>
  </variableValue>
  <variableValue variable="NONFIC[year]">
    <value valueType="integer">45</value>
  </variableValue>
  <variableValue variable="nor[year]">
    <value valueType="integer">67</value>
  </variableValue>
  <variableValue variable="norcr[year]">
    <value valueType="integer">41</value>
  </variableValue>
  <variableValue variable="NOSIS[year]">
    <value valueType="integer">36</value>
  </variableValue>
  <variableValue variable="NOWRK[year]">
    <value valueType="integer">6</value>
  </variableValue>
  <variableValue variable="NRMS[year]">
    <value valueType="integer">70</value>
  </variableValue>
  <variableValue variable="nsp08">
    <value valueType="integer">7</value>
  </variableValue>
  <variableValue variable="NSTATE[year]">
    <value valueType="integer">86</value>
  </variableValue>
  <variableValue variable="NTRAD[year]">
    <value valueType="integer">66</value>
  </variableValue>
  <variableValue variable="NTRIPS[year]">
    <value valueType="integer">34</value>
  </variableValue>
  <variableValue variable="numtot[year]">
    <value valueType="integer">86</value>
  </variableValue>
  <variableValue variable="NVISIT[year]">
    <value valueType="integer">4</value>
  </variableValue>
  <variableValue variable="NWED[year]">
    <value valueType="integer">82</value>
  </variableValue>
  <variableValue variable="NYBR[year]">
    <value valueType="integer">40</value>
  </variableValue>
  <variableValue variable="NYSIS[year]">
    <value valueType="integer">36</value>
  </variableValue>
  <variableValue variable="OBGYN[year]">
    <value valueType="integer">4</value>
  </variableValue>
  <variableValue variable="OCC[year]">
    <value valueType="integer">8</value>
  </variableValue>
  <variableValue variable="OCC84[year]">
    <value valueType="integer">1</value>
  </variableValue>
  <variableValue variable="OPEN[year]">
    <value valueType="integer">9</value>
  </variableValue>
  <variableValue variable="or[year]">
    <value valueType="integer">74</value>
  </variableValue>
  <variableValue variable="oratt[year]">
    <value valueType="integer">48</value>
  </variableValue>
  <variableValue variable="ORGAN[year]">
    <value valueType="integer">5</value>
  </variableValue>
  <variableValue variable="oromt[year]">
    <value valueType="integer">1</value>
  </variableValue>
  <variableValue variable="orwg[year]">
    <value valueType="integer">27</value>
  </variableValue>
  <variableValue variable="OTJ[year]">
    <value valueType="integer">0</value>
  </variableValue>
  <variableValue variable="outhob[year]">
    <value valueType="decimal">41.88773802017629</value>
  </variableValue>
  <variableValue variable="OWNHM[year]">
    <value valueType="integer">1</value>
  </variableValue>
  <variableValue variable="PAINREL[year]">
    <value valueType="integer">1</value>
  </variableValue>
  <variableValue variable="PAP[year]">
    <value valueType="integer">3</value>
  </variableValue>
  <variableValue variable="party[year]">
    <value valueType="decimal">83.53644633821443</value>
  </variableValue>
  <variableValue variable="pase1">
    <value valueType="integer">0</value>
  </variableValue>
  <variableValue variable="pase10">
    <value valueType="integer">1</value>
  </variableValue>
  <variableValue variable="pase10a">
    <value valueType="decimal">22.02936324443704</value>
  </variableValue>
  <variableValue variable="pase10b">
    <value valueType="integer">4</value>
  </variableValue>
  <variableValue variable="pase1b">
    <value valueType="integer">1</value>
  </variableValue>
  <variableValue variable="pase2">
    <value valueType="integer">1</value>
  </variableValue>
  <variableValue variable="pase2a">
    <value valueType="integer">4</value>
  </variableValue>
  <variableValue variable="pase3">
    <value valueType="integer">3</value>
  </variableValue>
  <variableValue variable="pase3b">
    <value valueType="integer">2</value>
  </variableValue>
  <variableValue variable="pase4">
    <value valueType="integer">1</value>
  </variableValue>
  <variableValue variable="pase4b">
    <value valueType="integer">3</value>
  </variableValue>
  <variableValue variable="pase5">
    <value valueType="integer">0</value>
  </variableValue>
  <variableValue variable="pase5b">
    <value valueType="integer">2</value>
  </variableValue>
  <variableValue variable="pase6">
    <value valueType="integer">2</value>
  </variableValue>
  <variableValue variable="pase6b">
    <value valueType="integer">1</value>
  </variableValue>
  <variableValue variable="pase7">
    <value valueType="integer">1</value>
  </variableValue>
  <variableValue variable="pase8">
    <value valueType="integer">0</value>
  </variableValue>
  <variableValue variable="pase9a - pase9d">
    <value valueType="integer">1</value>
  </variableValue>
  <variableValue variable="pattot[year]">
    <value valueType="integer">29</value>
  </variableValue>
  <variableValue variable="PDEMP[year]">
    <value valueType="integer">1</value>
  </variableValue>
  <variableValue variable="PEOP[year]">
    <value valueType="decimal">24.31393109457829</value>
  </variableValue>
  <variableValue variable="pets[year]">
    <value valueType="decimal">65.31664080268675</value>
  </variableValue>
  <variableValue variable="phone[year]">
    <value valueType="decimal">7.912216597448829</value>
  </variableValue>
  <variableValue variable="picnic[year]">
    <value valueType="decimal">71.85690220417634</value>
  </variableValue>
  <variableValue variable="PIPEDAY[year]">
    <value valueType="integer">1</value>
  </variableValue>
  <variableValue variable="PIPES[year]">
    <value valueType="integer">3</value>
  </variableValue>
  <variableValue variable="pirr1[year]">
    <value valueType="integer">44</value>
  </variableValue>
  <variableValue variable="pirr2[year]">
    <value valueType="integer">17</value>
  </variableValue>
  <variableValue variable="PORK[year]">
    <value valueType="integer">4</value>
  </variableValue>
  <variableValue variable="ppr1[year]">
    <value valueType="integer">100</value>
  </variableValue>
  <variableValue variable="ppr2[year]">
    <value valueType="integer">62</value>
  </variableValue>
  <variableValue variable="ppr3[year]">
    <value valueType="integer">88</value>
  </variableValue>
  <variableValue variable="pray[year]">
    <value valueType="decimal">12.14830221844153</value>
  </variableValue>
  <variableValue variable="PRESR[year]">
    <value valueType="integer">1</value>
  </variableValue>
  <variableValue variable="PRO2YR[year]">
    <value valueType="integer">1</value>
  </variableValue>
  <variableValue variable="PROAGE[year]">
    <value valueType="integer">8</value>
  </variableValue>
  <variableValue variable="PROENLAR[year]">
    <value valueType="integer">1</value>
  </variableValue>
  <variableValue variable="PROEXAM[year]">
    <value valueType="integer">51</value>
  </variableValue>
  <variableValue variable="PROS[year]">
    <value valueType="integer">1</value>
  </variableValue>
  <variableValue variable="PROSUC[year]">
    <value valueType="integer">2</value>
  </variableValue>
  <variableValue variable="PRSC84[year]">
    <value valueType="integer">2</value>
  </variableValue>
  <variableValue variable="radio[year]">
    <value valueType="decimal">77.21365772849656</value>
  </variableValue>
  <variableValue variable="RDPAPR[year]">
    <value valueType="integer">1</value>
  </variableValue>
  <variableValue variable="RDWRIT[year]">
    <value valueType="decimal">39.04355597259224</value>
  </variableValue>
  <variableValue variable="read[year]">
    <value valueType="decimal">86.14630605731129</value>
  </variableValue>
  <variableValue variable="REGULAR[year]">
    <value valueType="integer">2</value>
  </variableValue>
  <variableValue variable="REMAR[year]">
    <value valueType="integer">13</value>
  </variableValue>
  <variableValue variable="rv[year]">
    <value valueType="integer">84</value>
  </variableValue>
  <variableValue variable="SAFE[year]">
    <value valueType="integer">0</value>
  </variableValue>
  <variableValue variable="SBHWY[year]">
    <value valueType="integer">3</value>
  </variableValue>
  <variableValue variable="SBTOWN[year]">
    <value valueType="integer">2</value>
  </variableValue>
  <variableValue variable="SELFBLOO[year]">
    <value valueType="integer">5</value>
  </variableValue>
  <variableValue variable="selfim[year]">
    <value valueType="decimal">57.72901244113263</value>
  </variableValue>
  <variableValue variable="SELFMAM[year]">
    <value valueType="integer">2</value>
  </variableValue>
  <variableValue variable="sex">
    <value valueType="integer">1</value>
  </variableValue>
  <variableValue variable="shop[year]">
    <value valueType="decimal">43.60964966842389</value>
  </variableValue>
  <variableValue variable="SIBS[year]">
    <value valueType="integer">71</value>
  </variableValue>
  <variableValue variable="SLEEP[year]">
    <value valueType="integer">2</value>
  </variableValue>
  <variableValue variable="smdvh[year]">
    <value valueType="integer">4</value>
  </variableValue>
  <variableValue variable="smdvl[year]">
    <value valueType="integer">77</value>
  </variableValue>
  <variableValue variable="SMK[year]">
    <value valueType="integer">0</value>
  </variableValue>
  <variableValue variable="SMOKE[year]">
    <value valueType="integer">3</value>
  </variableValue>
  <variableValue variable="SMOKEPAS[year]">
    <value valueType="decimal">85.68422908141604</value>
  </variableValue>
  <variableValue variable="SODA[year]">
    <value valueType="integer">1</value>
  </variableValue>
  <variableValue variable="SODIUM[year]">
    <value valueType="integer">4</value>
  </variableValue>
  <variableValue variable="SPBRN[year]">
    <value valueType="integer">82</value>
  </variableValue>
  <variableValue variable="spec[year]">
    <value valueType="decimal">77.34232748098829</value>
  </variableValue>
  <variableValue variable="SPEED[year]">
    <value valueType="integer">1</value>
  </variableValue>
  <variableValue variable="SPOCC[year]">
    <value valueType="integer">2</value>
  </variableValue>
  <variableValue variable="sport[year]">
    <value valueType="decimal">75.95703917114905</value>
  </variableValue>
  <variableValue variable="SPRVIS[year]">
    <value valueType="integer">4</value>
  </variableValue>
  <variableValue variable="SREYE[year]">
    <value valueType="integer">4</value>
  </variableValue>
  <variableValue variable="srh[year]">
    <value valueType="integer">1</value>
  </variableValue>
  <variableValue variable="SRHEALTH">
    <value valueType="integer">3</value>
  </variableValue>
  <variableValue variable="SRHEAR[year]">
    <value valueType="integer">6</value>
  </variableValue>
  <variableValue variable="sstot[year]">
    <value valueType="integer">89</value>
  </variableValue>
  <variableValue variable="STAIRS[year]">
    <value valueType="integer">1</value>
  </variableValue>
  <variableValue variable="TEA[year]">
    <value valueType="integer">3</value>
  </variableValue>
  <variableValue variable="TRAF[year]">
    <value valueType="integer">0</value>
  </variableValue>
  <variableValue variable="travel[year]">
    <value valueType="decimal">10.522697089822241</value>
  </variableValue>
  <variableValue variable="TREES[year]">
    <value valueType="integer">3</value>
  </variableValue>
  <variableValue variable="TRYSTOP[year]">
    <value valueType="integer">2</value>
  </variableValue>
  <variableValue variable="tv[year]">
    <value valueType="decimal">95.10345052155816</value>
  </variableValue>
  <variableValue variable="TYPBLD[year]">
    <value valueType="integer">5</value>
  </variableValue>
  <variableValue variable="UNIVEX[year]">
    <value valueType="integer">0</value>
  </variableValue>
  <variableValue variable="VEAL[year]">
    <value valueType="integer">1</value>
  </variableValue>
  <variableValue variable="vis[year]">
    <value valueType="decimal">27.641513292063035</value>
  </variableValue>
  <variableValue variable="vocab1[year]">
    <value valueType="integer">42</value>
  </variableValue>
  <variableValue variable="vocab2[year]">
    <value valueType="integer">15</value>
  </variableValue>
  <variableValue variable="VOCAT[year]">
    <value valueType="integer">0</value>
  </variableValue>
  <variableValue variable="vol[year]">
    <value valueType="decimal">79.03457582591678</value>
  </variableValue>
  <variableValue variable="walk[year]">
    <value valueType="decimal">85.41805457703441</value>
  </variableValue>
  <variableValue variable="WALK[year]">
    <value valueType="integer">1</value>
  </variableValue>
  <variableValue variable="wdflu[year]">
    <value valueType="integer">45</value>
  </variableValue>
  <variableValue variable="WEIGHT[year]">
    <value valueType="integer">22</value>
  </variableValue>
  <variableValue variable="WELL[year]">
    <value valueType="integer">3</value>
  </variableValue>
  <variableValue variable="WINE[year]">
    <value valueType="integer">0</value>
  </variableValue>
  <variableValue variable="write[year]">
    <value valueType="decimal">80.496439499133</value>
  </variableValue>
  <variableValue variable="WRKPLC[year]">
    <value valueType="integer">4</value>
  </variableValue>
  <variableValue variable="WRKTYP[year]">
    <value valueType="integer">2</value>
  </variableValue>
  <variableValue variable="ws[year]">
    <value valueType="integer">100</value>
  </variableValue>
  <variableValue variable="YEAROP[year]">
    <value valueType="integer">100</value>
  </variableValue>
  <variableValue variable="YRQUIT[year]">
    <value valueType="integer">29</value>
  </variableValue>
  <variableValue variable="YRRET[year]">
    <value valueType="integer">91</value>
  </variableValue>
  <variableValue variable="YRSMOKE[year]">
    <value valueType="decimal">99.17554913478901</value>
  </variableValue>
</valueSet>