<valueSet valueTable="2008" entityType="Participant" entityIdentifier="12381318">
  <variableValue variable="ADLTED[year]">
    <value valueType="integer">0</value>
  </variableValue>
  <variableValue variable="ADVDIR[year]">
    <value valueType="integer">2</value>
  </variableValue>
  <variableValue variable="age[year]">
    <value valueType="integer">65</value>
  </variableValue>
  <variableValue variable="AGEKID[year]">
    <value valueType="integer">42</value>
  </variableValue>
  <variableValue variable="AGENB[year]">
    <value valueType="integer">6</value>
  </variableValue>
  <variableValue variable="AGEWED[year]">
    <value valueType="integer">8</value>
  </variableValue>
  <variableValue variable="AGFRN[year]">
    <value valueType="integer">3</value>
  </variableValue>
  <variableValue variable="AGREE[year]">
    <value valueType="integer">75</value>
  </variableValue>
  <variableValue variable="ALCOHOL[year]">
    <value valueType="integer">7</value>
  </variableValue>
  <variableValue variable="Apdemp[year]">
    <value valueType="decimal">77.37201756475528</value>
  </variableValue>
  <variableValue variable="ART[year]">
    <value valueType="integer">2</value>
  </variableValue>
  <variableValue variable="BDATE_DY">
    <value valueType="integer">33</value>
  </variableValue>
  <variableValue variable="BDATE_MO">
    <value valueType="integer">92</value>
  </variableValue>
  <variableValue variable="BDATE_YR">
    <value valueType="integer">6</value>
  </variableValue>
  <variableValue variable="BEEF[year]">
    <value valueType="integer">3</value>
  </variableValue>
  <variableValue variable="BEER[year]">
    <value valueType="integer">24</value>
  </variableValue>
  <variableValue variable="BLDLK[year]">
    <value valueType="integer">2</value>
  </variableValue>
  <variableValue variable="BLOODPRE[year]">
    <value valueType="integer">6</value>
  </variableValue>
  <variableValue variable="BOOK[year]">
    <value valueType="integer">2</value>
  </variableValue>
  <variableValue variable="BRUSH[year]">
    <value valueType="integer">73</value>
  </variableValue>
  <variableValue variable="BUTTER[year]">
    <value valueType="integer">5</value>
  </variableValue>
  <variableValue variable="BUYFAT[year]">
    <value valueType="integer">5</value>
  </variableValue>
  <variableValue variable="BUYSALT[year]">
    <value valueType="integer">1</value>
  </variableValue>
  <variableValue variable="CANCHK[year]">
    <value valueType="integer">2</value>
  </variableValue>
  <variableValue variable="cards[year]">
    <value valueType="decimal">34.63427586375688</value>
  </variableValue>
  <variableValue variable="CATARACT[year]">
    <value valueType="integer">1</value>
  </variableValue>
  <variableValue variable="CHKFAT[year]">
    <value valueType="integer">1</value>
  </variableValue>
  <variableValue variable="CHOLES[year]">
    <value valueType="integer">5</value>
  </variableValue>
  <variableValue variable="chur[year]">
    <value valueType="decimal">59.56034030327704</value>
  </variableValue>
  <variableValue variable="CIGARDAY[year]">
    <value valueType="integer">5</value>
  </variableValue>
  <variableValue variable="CIGARS[year]">
    <value valueType="integer">6</value>
  </variableValue>
  <variableValue variable="CIGDAY[year]">
    <value valueType="integer">2</value>
  </variableValue>
  <variableValue variable="CIGS[year]">
    <value valueType="integer">1</value>
  </variableValue>
  <variableValue variable="CLNAIR[year]">
    <value valueType="integer">4</value>
  </variableValue>
  <variableValue variable="COFFEE[year]">
    <value valueType="integer">5</value>
  </variableValue>
  <variableValue variable="CONSCIEN[year]">
    <value valueType="integer">1</value>
  </variableValue>
  <variableValue variable="cook[year]">
    <value valueType="decimal">38.79449359872687</value>
  </variableValue>
  <variableValue variable="COOKBUT[year]">
    <value valueType="integer">3</value>
  </variableValue>
  <variableValue variable="CORS[year]">
    <value valueType="integer">1</value>
  </variableValue>
  <variableValue variable="crafts[year]">
    <value valueType="decimal">58.850232896820174</value>
  </variableValue>
  <variableValue variable="crdp1[year]">
    <value valueType="integer">45</value>
  </variableValue>
  <variableValue variable="crdp2[year]">
    <value valueType="integer">42</value>
  </variableValue>
  <variableValue variable="cult[year]">
    <value valueType="decimal">34.06141516172158</value>
  </variableValue>
  <variableValue variable="dance[year]">
    <value valueType="decimal">45.80539221767837</value>
  </variableValue>
  <variableValue variable="DENTIST[year]">
    <value valueType="integer">2</value>
  </variableValue>
  <variableValue variable="DENTURE[year]">
    <value valueType="integer">1</value>
  </variableValue>
  <variableValue variable="DIABET[year]">
    <value valueType="integer">1</value>
  </variableValue>
  <variableValue variable="DRMAM[year]">
    <value valueType="integer">2</value>
  </variableValue>
  <variableValue variable="DRVISIT[year]">
    <value valueType="integer">74</value>
  </variableValue>
  <variableValue variable="dydrm[year]">
    <value valueType="decimal">52.52231567373041</value>
  </variableValue>
  <variableValue variable="EARCHK[year]">
    <value valueType="integer">1</value>
  </variableValue>
  <variableValue variable="eatout[year]">
    <value valueType="decimal">10.700763498633915</value>
  </variableValue>
  <variableValue variable="EATSALT[year]">
    <value valueType="integer">4</value>
  </variableValue>
  <variableValue variable="edact[year]">
    <value valueType="decimal">49.647693899313715</value>
  </variableValue>
  <variableValue variable="educ">
    <value valueType="integer">85</value>
  </variableValue>
  <variableValue variable="EDUC[year]">
    <value valueType="integer">29</value>
  </variableValue>
  <variableValue variable="EGG[year]">
    <value valueType="integer">4</value>
  </variableValue>
  <variableValue variable="eldcar[year]">
    <value valueType="decimal">52.10918723057484</value>
  </variableValue>
  <variableValue variable="ELDCAR[year]">
    <value valueType="decimal">62.850545058801124</value>
  </variableValue>
  <variableValue variable="ENT1[year]">
    <value valueType="integer">7</value>
  </variableValue>
  <variableValue variable="ENT2[year]">
    <value valueType="integer">9</value>
  </variableValue>
  <variableValue variable="ENT3[year]">
    <value valueType="integer">7</value>
  </variableValue>
  <variableValue variable="eth[year]">
    <value valueType="integer">44</value>
  </variableValue>
  <variableValue variable="EXCERTOT[year]">
    <value valueType="decimal">25.12046136297602</value>
  </variableValue>
  <variableValue variable="EXCERWK[year]">
    <value valueType="integer">74</value>
  </variableValue>
  <variableValue variable="EXTRAVER[year]">
    <value valueType="integer">72</value>
  </variableValue>
  <variableValue variable="EYECHG[year]">
    <value valueType="integer">6</value>
  </variableValue>
  <variableValue variable="EYECHK[year]">
    <value valueType="integer">1</value>
  </variableValue>
  <variableValue variable="EYEGLAS[year]">
    <value valueType="integer">2</value>
  </variableValue>
  <variableValue variable="FAGE[year]">
    <value valueType="integer">42</value>
  </variableValue>
  <variableValue variable="FAITH[year]">
    <value valueType="integer">2</value>
  </variableValue>
  <variableValue variable="FALLS[year]">
    <value valueType="integer">3</value>
  </variableValue>
  <variableValue variable="FCAUSE[year]">
    <value valueType="integer">12</value>
  </variableValue>
  <variableValue variable="FDIE[year]">
    <value valueType="integer">89</value>
  </variableValue>
  <variableValue variable="FIC[year]">
    <value valueType="integer">60</value>
  </variableValue>
  <variableValue variable="fit[year]">
    <value valueType="decimal">42.977367651961515</value>
  </variableValue>
  <variableValue variable="FLIVE[year]">
    <value valueType="integer">3</value>
  </variableValue>
  <variableValue variable="FLOSS[year]">
    <value valueType="integer">4</value>
  </variableValue>
  <variableValue variable="FLUSHOT[year]">
    <value valueType="integer">1</value>
  </variableValue>
  <variableValue variable="fr[year]">
    <value valueType="integer">47</value>
  </variableValue>
  <variableValue variable="fratt[year]">
    <value valueType="integer">31</value>
  </variableValue>
  <variableValue variable="frcr[year]">
    <value valueType="integer">90</value>
  </variableValue>
  <variableValue variable="fromt[year]">
    <value valueType="integer">2</value>
  </variableValue>
  <variableValue variable="frwg[year]">
    <value valueType="integer">90</value>
  </variableValue>
  <variableValue variable="game[year]">
    <value valueType="decimal">88.91944276302496</value>
  </variableValue>
  <variableValue variable="gds[year]1 –  gds[year]30">
    <value valueType="integer">1</value>
  </variableValue>
  <variableValue variable="gdstot[year]">
    <value valueType="integer">79</value>
  </variableValue>
  <variableValue variable="HANDS[year]">
    <value valueType="decimal">22.747631065234998</value>
  </variableValue>
  <variableValue variable="HARDLIQ[year]">
    <value valueType="integer">11</value>
  </variableValue>
  <variableValue variable="HEALTHCH[year]">
    <value valueType="integer">5</value>
  </variableValue>
  <variableValue variable="HEARAID[year]">
    <value valueType="integer">1</value>
  </variableValue>
  <variableValue variable="HEARCHG[year]">
    <value valueType="integer">2</value>
  </variableValue>
  <variableValue variable="HEARSPEC[year]">
    <value valueType="integer">4</value>
  </variableValue>
  <variableValue variable="HEART[year]">
    <value valueType="integer">1</value>
  </variableValue>
  <variableValue variable="HEIGHT[year]">
    <value valueType="integer">58</value>
  </variableValue>
  <variableValue variable="HHEIGHT[year]">
    <value valueType="integer">20</value>
  </variableValue>
  <variableValue variable="HIGHBLOO[year]">
    <value valueType="integer">2</value>
  </variableValue>
  <variableValue variable="HJOBTP[year]">
    <value valueType="integer">9</value>
  </variableValue>
  <variableValue variable="HMKHD[year]">
    <value valueType="decimal">70.6383430537285</value>
  </variableValue>
  <variableValue variable="HMKJB[year]">
    <value valueType="integer">54</value>
  </variableValue>
  <variableValue variable="HMKPE[year]">
    <value valueType="decimal">22.645554698775562</value>
  </variableValue>
  <variableValue variable="HMKPRS[year]">
    <value valueType="integer">2</value>
  </variableValue>
  <variableValue variable="HMKR[year]">
    <value valueType="integer">8</value>
  </variableValue>
  <variableValue variable="HMKRD[year]">
    <value valueType="decimal">95.26145034507579</value>
  </variableValue>
  <variableValue variable="HOSDAYS[year]">
    <value valueType="integer">24</value>
  </variableValue>
  <variableValue variable="HOSVISIT[year]">
    <value valueType="integer">0</value>
  </variableValue>
  <variableValue variable="HWEIGHT[year]">
    <value valueType="integer">32</value>
  </variableValue>
  <variableValue variable="INC[year]">
    <value valueType="integer">11</value>
  </variableValue>
  <variableValue variable="INC84[year]">
    <value valueType="integer">5</value>
  </variableValue>
  <variableValue variable="instr[year]">
    <value valueType="decimal">61.35482990609361</value>
  </variableValue>
  <variableValue variable="ir[year]a1 - ir[year]a20">
    <value valueType="integer">1</value>
  </variableValue>
  <variableValue variable="ir[year]b1 - ir[year]b20">
    <value valueType="integer">1</value>
  </variableValue>
  <variableValue variable="JOBLEN[year]">
    <value valueType="integer">1</value>
  </variableValue>
  <variableValue variable="JOBTYP[year]">
    <value valueType="integer">2</value>
  </variableValue>
  <variableValue variable="kidcar[year]">
    <value valueType="decimal">7.747406599033768</value>
  </variableValue>
  <variableValue variable="LAMB[year]">
    <value valueType="integer">3</value>
  </variableValue>
  <variableValue variable="lettot[year]">
    <value valueType="integer">11</value>
  </variableValue>
  <variableValue variable="LFST84[year]">
    <value valueType="integer">5</value>
  </variableValue>
  <variableValue variable="LIFSAT[year]">
    <value valueType="integer">1</value>
  </variableValue>
  <variableValue variable="LIVESMOK[year]">
    <value valueType="integer">2</value>
  </variableValue>
  <variableValue variable="ls[year]">
    <value valueType="integer">27</value>
  </variableValue>
  <variableValue variable="LSTJOB[year]">
    <value valueType="integer">8</value>
  </variableValue>
  <variableValue variable="LVNGWILL[year]">
    <value valueType="integer">2</value>
  </variableValue>
  <variableValue variable="MAGE[year]">
    <value valueType="integer">27</value>
  </variableValue>
  <variableValue variable="MAM[year]">
    <value valueType="integer">1</value>
  </variableValue>
  <variableValue variable="MAM2YR[year]">
    <value valueType="integer">1</value>
  </variableValue>
  <variableValue variable="MAMAGE[year]">
    <value valueType="integer">16</value>
  </variableValue>
  <variableValue variable="MAMEXAM[year]">
    <value valueType="integer">72</value>
  </variableValue>
  <variableValue variable="MASTECT[year]">
    <value valueType="integer">2</value>
  </variableValue>
  <variableValue variable="MCAUSE[year]">
    <value valueType="integer">3</value>
  </variableValue>
  <variableValue variable="MDIE[year]">
    <value valueType="integer">81</value>
  </variableValue>
  <variableValue variable="MED[year]">
    <value valueType="integer">2</value>
  </variableValue>
  <variableValue variable="MENAGE[year]">
    <value valueType="integer">1</value>
  </variableValue>
  <variableValue variable="MENHIST[year]">
    <value valueType="integer">34</value>
  </variableValue>
  <variableValue variable="MENSIT[year]">
    <value valueType="integer">7</value>
  </variableValue>
  <variableValue variable="MFQ[year]1">
    <value valueType="decimal">9.630862631433878</value>
  </variableValue>
  <variableValue variable="MFQ[year]2A">
    <value valueType="decimal">80.85501818338979</value>
  </variableValue>
  <variableValue variable="MFQ[year]2B">
    <value valueType="decimal">88.89027172566257</value>
  </variableValue>
  <variableValue variable="MFQ[year]2C">
    <value valueType="decimal">35.29076407116444</value>
  </variableValue>
  <variableValue variable="MFQ[year]2D">
    <value valueType="decimal">88.09985695027316</value>
  </variableValue>
  <variableValue variable="MFQ[year]2E">
    <value valueType="decimal">64.49423885321627</value>
  </variableValue>
  <variableValue variable="MFQ[year]3A">
    <value valueType="decimal">43.223621786320564</value>
  </variableValue>
  <variableValue variable="MFQ[year]3B">
    <value valueType="decimal">71.5387218215291</value>
  </variableValue>
  <variableValue variable="MFQ[year]3C">
    <value valueType="decimal">25.33008207331875</value>
  </variableValue>
  <variableValue variable="MFQ[year]3D">
    <value valueType="decimal">55.17650503892381</value>
  </variableValue>
  <variableValue variable="MFQ[year]3E">
    <value valueType="decimal">57.09904724322358</value>
  </variableValue>
  <variableValue variable="MFQ[year]3F">
    <value valueType="decimal">90.00449760894428</value>
  </variableValue>
  <variableValue variable="MFQ[year]3G">
    <value valueType="decimal">67.22591288241583</value>
  </variableValue>
  <variableValue variable="MFQ[year]3H">
    <value valueType="decimal">87.98236591018465</value>
  </variableValue>
  <variableValue variable="MFQ[year]3I">
    <value valueType="decimal">8.734273947514692</value>
  </variableValue>
  <variableValue variable="MFQ[year]3J">
    <value valueType="decimal">9.893034424618008</value>
  </variableValue>
  <variableValue variable="MFQ[year]3K">
    <value valueType="decimal">83.03125762758638</value>
  </variableValue>
  <variableValue variable="MFQ[year]3L">
    <value valueType="decimal">65.61769971510232</value>
  </variableValue>
  <variableValue variable="MFQ[year]3M">
    <value valueType="decimal">14.039874992609436</value>
  </variableValue>
  <variableValue variable="MFQ[year]3N">
    <value valueType="decimal">3.987559847527944</value>
  </variableValue>
  <variableValue variable="MFQ[year]3O">
    <value valueType="decimal">53.67231652977908</value>
  </variableValue>
  <variableValue variable="MFQ[year]3P">
    <value valueType="decimal">10.632351262570051</value>
  </variableValue>
  <variableValue variable="MFQ[year]3Q">
    <value valueType="decimal">58.08417589237705</value>
  </variableValue>
  <variableValue variable="MFQ[year]3R">
    <value valueType="decimal">71.39400732313072</value>
  </variableValue>
  <variableValue variable="MFQ[year]4A">
    <value valueType="decimal">4.450885020144401</value>
  </variableValue>
  <variableValue variable="MFQ[year]4B">
    <value valueType="decimal">11.797842371124656</value>
  </variableValue>
  <variableValue variable="MFQ[year]4C">
    <value valueType="decimal">60.3755646973601</value>
  </variableValue>
  <variableValue variable="MFQ[year]4D">
    <value valueType="decimal">33.62083922503676</value>
  </variableValue>
  <variableValue variable="MFQ[year]4E">
    <value valueType="decimal">26.475987601298467</value>
  </variableValue>
  <variableValue variable="MFQ[year]5A">
    <value valueType="decimal">58.177381197938494</value>
  </variableValue>
  <variableValue variable="MFQ[year]5B">
    <value valueType="decimal">40.273817653212554</value>
  </variableValue>
  <variableValue variable="MFQ[year]5C">
    <value valueType="decimal">74.52948379224135</value>
  </variableValue>
  <variableValue variable="MFQ[year]5D">
    <value valueType="decimal">13.35058675066284</value>
  </variableValue>
  <variableValue variable="MFQ[year]5E">
    <value valueType="decimal">27.95677263218549</value>
  </variableValue>
  <variableValue variable="MFQ[year]6A">
    <value valueType="decimal">20.033517007154877</value>
  </variableValue>
  <variableValue variable="MFQ[year]6B">
    <value valueType="decimal">69.78835092813763</value>
  </variableValue>
  <variableValue variable="MFQ[year]6C">
    <value valueType="decimal">24.88399880037614</value>
  </variableValue>
  <variableValue variable="MFQ[year]6D">
    <value valueType="decimal">0.7647517198494991</value>
  </variableValue>
  <variableValue variable="MFQ[year]7A">
    <value valueType="decimal">27.29900955285054</value>
  </variableValue>
  <variableValue variable="MFQ[year]7B">
    <value valueType="decimal">54.6860302350609</value>
  </variableValue>
  <variableValue variable="MFQ[year]7C">
    <value valueType="decimal">77.97952343699747</value>
  </variableValue>
  <variableValue variable="MFQ[year]7D">
    <value valueType="decimal">91.99661796167193</value>
  </variableValue>
  <variableValue variable="MFQ[year]7E">
    <value valueType="decimal">36.31176956238228</value>
  </variableValue>
  <variableValue variable="MFQ[year]7F">
    <value valueType="decimal">60.50687453544943</value>
  </variableValue>
  <variableValue variable="MFQ[year]7G">
    <value valueType="decimal">56.350787987594565</value>
  </variableValue>
  <variableValue variable="MFQ[year]7H">
    <value valueType="decimal">65.56507586278975</value>
  </variableValue>
  <variableValue variable="MFQ[year]7I">
    <value valueType="decimal">17.6574461626985</value>
  </variableValue>
  <variableValue variable="MFQ[year]7J">
    <value valueType="decimal">9.144925722833442</value>
  </variableValue>
  <variableValue variable="MFQ[year]7K">
    <value valueType="decimal">25.349079270124065</value>
  </variableValue>
  <variableValue variable="MFQ[year]7L">
    <value valueType="decimal">67.53740040175757</value>
  </variableValue>
  <variableValue variable="MFQ[year]7M">
    <value valueType="decimal">50.07124230906207</value>
  </variableValue>
  <variableValue variable="MFQ[year]7N">
    <value valueType="decimal">93.22968499456445</value>
  </variableValue>
  <variableValue variable="MFQ[year]7O">
    <value valueType="decimal">35.9379851642842</value>
  </variableValue>
  <variableValue variable="MFQ[year]7P">
    <value valueType="decimal">37.27820074903314</value>
  </variableValue>
  <variableValue variable="MFQ[year]7Q">
    <value valueType="decimal">84.6367616530187</value>
  </variableValue>
  <variableValue variable="MFQ[year]7R">
    <value valueType="decimal">84.76000890795898</value>
  </variableValue>
  <variableValue variable="MFQ[year]8A">
    <value valueType="decimal">2.7304662130281376</value>
  </variableValue>
  <variableValue variable="MFQ[year]8B">
    <value valueType="decimal">95.00218140295839</value>
  </variableValue>
  <variableValue variable="MFQ[year]8C">
    <value valueType="decimal">41.654759362941604</value>
  </variableValue>
  <variableValue variable="MFQ[year]8D">
    <value valueType="decimal">9.089943474730976</value>
  </variableValue>
  <variableValue variable="MFQ[year]8E">
    <value valueType="decimal">45.00743725683491</value>
  </variableValue>
  <variableValue variable="MFQ[year]8F">
    <value valueType="decimal">75.05148931198559</value>
  </variableValue>
  <variableValue variable="MFQ[year]8G">
    <value valueType="decimal">63.52471586033327</value>
  </variableValue>
  <variableValue variable="MFQ[year]8H">
    <value valueType="decimal">93.08305558145653</value>
  </variableValue>
  <variableValue variable="MFQ1[year]">
    <value valueType="integer">2</value>
  </variableValue>
  <variableValue variable="mfq1[year]">
    <value valueType="decimal">42.679220031907825</value>
  </variableValue>
  <variableValue variable="MFQ2[year]">
    <value valueType="integer">34</value>
  </variableValue>
  <variableValue variable="mfq2[year]">
    <value valueType="decimal">43.17354281329082</value>
  </variableValue>
  <variableValue variable="MFQ3[year]">
    <value valueType="integer">31</value>
  </variableValue>
  <variableValue variable="mfq3[year]">
    <value valueType="decimal">77.48395833519194</value>
  </variableValue>
  <variableValue variable="MFQ4[year]">
    <value valueType="integer">16</value>
  </variableValue>
  <variableValue variable="mfq4[year]">
    <value valueType="decimal">99.32607131915411</value>
  </variableValue>
  <variableValue variable="MLIVE[year]">
    <value valueType="integer">2</value>
  </variableValue>
  <variableValue variable="MOMWK[year]">
    <value valueType="integer">1</value>
  </variableValue>
  <variableValue variable="movie[year]">
    <value valueType="decimal">96.88211053625665</value>
  </variableValue>
  <variableValue variable="MSTA84[year]">
    <value valueType="integer">2</value>
  </variableValue>
  <variableValue variable="MSTAT[year]">
    <value valueType="integer">2</value>
  </variableValue>
  <variableValue variable="NBKS[year]">
    <value valueType="integer">59</value>
  </variableValue>
  <variableValue variable="NCONF[year]">
    <value valueType="integer">61</value>
  </variableValue>
  <variableValue variable="NEEDCATA[year]">
    <value valueType="integer">3</value>
  </variableValue>
  <variableValue variable="NEMP[year]">
    <value valueType="integer">15</value>
  </variableValue>
  <variableValue variable="NEUROTIC[year]">
    <value valueType="integer">33</value>
  </variableValue>
  <variableValue variable="NEWPRNT[year]">
    <value valueType="integer">2</value>
  </variableValue>
  <variableValue variable="nfr[year]">
    <value valueType="integer">19</value>
  </variableValue>
  <variableValue variable="NFRN[year]">
    <value valueType="integer">67</value>
  </variableValue>
  <variableValue variable="NGRNKD[year]">
    <value valueType="integer">30</value>
  </variableValue>
  <variableValue variable="NJOB[year]">
    <value valueType="integer">69</value>
  </variableValue>
  <variableValue variable="NKDHM[year]">
    <value valueType="integer">23</value>
  </variableValue>
  <variableValue variable="NKIDS[year]">
    <value valueType="integer">83</value>
  </variableValue>
  <variableValue variable="NMAG[year]">
    <value valueType="integer">95</value>
  </variableValue>
  <variableValue variable="NMOV[year]">
    <value valueType="integer">79</value>
  </variableValue>
  <variableValue variable="NMTG[year]">
    <value valueType="integer">75</value>
  </variableValue>
  <variableValue variable="NNEIG[year]">
    <value valueType="integer">1</value>
  </variableValue>
  <variableValue variable="NOBR[year]">
    <value valueType="integer">9</value>
  </variableValue>
  <variableValue variable="NOISE[year]">
    <value valueType="integer">5</value>
  </variableValue>
  <variableValue variable="NONFIC[year]">
    <value valueType="integer">62</value>
  </variableValue>
  <variableValue variable="nor[year]">
    <value valueType="integer">30</value>
  </variableValue>
  <variableValue variable="norcr[year]">
    <value valueType="integer">10</value>
  </variableValue>
  <variableValue variable="NOSIS[year]">
    <value valueType="integer">65</value>
  </variableValue>
  <variableValue variable="NOWRK[year]">
    <value valueType="integer">1</value>
  </variableValue>
  <variableValue variable="NRMS[year]">
    <value valueType="integer">10</value>
  </variableValue>
  <variableValue variable="nsp08">
    <value valueType="integer">34</value>
  </variableValue>
  <variableValue variable="NSTATE[year]">
    <value valueType="integer">68</value>
  </variableValue>
  <variableValue variable="NTRAD[year]">
    <value valueType="integer">20</value>
  </variableValue>
  <variableValue variable="NTRIPS[year]">
    <value valueType="integer">21</value>
  </variableValue>
  <variableValue variable="numtot[year]">
    <value valueType="integer">96</value>
  </variableValue>
  <variableValue variable="NVISIT[year]">
    <value valueType="integer">1</value>
  </variableValue>
  <variableValue variable="NWED[year]">
    <value valueType="integer">22</value>
  </variableValue>
  <variableValue variable="NYBR[year]">
    <value valueType="integer">4</value>
  </variableValue>
  <variableValue variable="NYSIS[year]">
    <value valueType="integer">81</value>
  </variableValue>
  <variableValue variable="OBGYN[year]">
    <value valueType="integer">4</value>
  </variableValue>
  <variableValue variable="OCC[year]">
    <value valueType="integer">6</value>
  </variableValue>
  <variableValue variable="OCC84[year]">
    <value valueType="integer">6</value>
  </variableValue>
  <variableValue variable="OPEN[year]">
    <value valueType="integer">43</value>
  </variableValue>
  <variableValue variable="or[year]">
    <value valueType="integer">85</value>
  </variableValue>
  <variableValue variable="oratt[year]">
    <value valueType="integer">20</value>
  </variableValue>
  <variableValue variable="ORGAN[year]">
    <value valueType="integer">1</value>
  </variableValue>
  <variableValue variable="oromt[year]">
    <value valueType="integer">41</value>
  </variableValue>
  <variableValue variable="orwg[year]">
    <value valueType="integer">71</value>
  </variableValue>
  <variableValue variable="OTJ[year]">
    <value valueType="integer">1</value>
  </variableValue>
  <variableValue variable="outhob[year]">
    <value valueType="decimal">63.01229216660354</value>
  </variableValue>
  <variableValue variable="OWNHM[year]">
    <value valueType="integer">1</value>
  </variableValue>
  <variableValue variable="PAINREL[year]">
    <value valueType="integer">1</value>
  </variableValue>
  <variableValue variable="PAP[year]">
    <value valueType="integer">5</value>
  </variableValue>
  <variableValue variable="party[year]">
    <value valueType="decimal">49.35617871024125</value>
  </variableValue>
  <variableValue variable="pase1">
    <value valueType="integer">0</value>
  </variableValue>
  <variableValue variable="pase10">
    <value valueType="integer">0</value>
  </variableValue>
  <variableValue variable="pase10a">
    <value valueType="decimal">86.79373390973436</value>
  </variableValue>
  <variableValue variable="pase10b">
    <value valueType="integer">1</value>
  </variableValue>
  <variableValue variable="pase1b">
    <value valueType="integer">2</value>
  </variableValue>
  <variableValue variable="pase2">
    <value valueType="integer">0</value>
  </variableValue>
  <variableValue variable="pase2a">
    <value valueType="integer">2</value>
  </variableValue>
  <variableValue variable="pase3">
    <value valueType="integer">0</value>
  </variableValue>
  <variableValue variable="pase3b">
    <value valueType="integer">4</value>
  </variableValue>
  <variableValue variable="pase4">
    <value valueType="integer">1</value>
  </variableValue>
  <variableValue variable="pase4b">
    <value valueType="integer">4</value>
  </variableValue>
  <variableValue variable="pase5">
    <value valueType="integer">0</value>
  </variableValue>
  <variableValue variable="pase5b">
    <value valueType="integer">3</value>
  </variableValue>
  <variableValue variable="pase6">
    <value valueType="integer">2</value>
  </variableValue>
  <variableValue variable="pase6b">
    <value valueType="integer">1</value>
  </variableValue>
  <variableValue variable="pase7">
    <value valueType="integer">0</value>
  </variableValue>
  <variableValue variable="pase8">
    <value valueType="integer">0</value>
  </variableValue>
  <variableValue variable="pase9a - pase9d">
    <value valueType="integer">0</value>
  </variableValue>
  <variableValue variable="pattot[year]">
    <value valueType="integer">0</value>
  </variableValue>
  <variableValue variable="PDEMP[year]">
    <value valueType="integer">1</value>
  </variableValue>
  <variableValue variable="PEOP[year]">
    <value valueType="decimal">87.44188372501478</value>
  </variableValue>
  <variableValue variable="pets[year]">
    <value valueType="decimal">84.84489475438856</value>
  </variableValue>
  <variableValue variable="phone[year]">
    <value valueType="decimal">59.32426673610135</value>
  </variableValue>
  <variableValue variable="picnic[year]">
    <value valueType="decimal">46.49093075134314</value>
  </variableValue>
  <variableValue variable="PIPEDAY[year]">
    <value valueType="integer">3</value>
  </variableValue>
  <variableValue variable="PIPES[year]">
    <value valueType="integer">4</value>
  </variableValue>
  <variableValue variable="pirr1[year]">
    <value valueType="integer">58</value>
  </variableValue>
  <variableValue variable="pirr2[year]">
    <value valueType="integer">21</value>
  </variableValue>
  <variableValue variable="PORK[year]">
    <value valueType="integer">4</value>
  </variableValue>
  <variableValue variable="ppr1[year]">
    <value valueType="integer">92</value>
  </variableValue>
  <variableValue variable="ppr2[year]">
    <value valueType="integer">58</value>
  </variableValue>
  <variableValue variable="ppr3[year]">
    <value valueType="integer">16</value>
  </variableValue>
  <variableValue variable="pray[year]">
    <value valueType="decimal">35.29468369803175</value>
  </variableValue>
  <variableValue variable="PRESR[year]">
    <value valueType="integer">4</value>
  </variableValue>
  <variableValue variable="PRO2YR[year]">
    <value valueType="integer">2</value>
  </variableValue>
  <variableValue variable="PROAGE[year]">
    <value valueType="integer">9</value>
  </variableValue>
  <variableValue variable="PROENLAR[year]">
    <value valueType="integer">2</value>
  </variableValue>
  <variableValue variable="PROEXAM[year]">
    <value valueType="integer">70</value>
  </variableValue>
  <variableValue variable="PROS[year]">
    <value valueType="integer">2</value>
  </variableValue>
  <variableValue variable="PROSUC[year]">
    <value valueType="integer">5</value>
  </variableValue>
  <variableValue variable="PRSC84[year]">
    <value valueType="integer">4</value>
  </variableValue>
  <variableValue variable="radio[year]">
    <value valueType="decimal">57.36916547696409</value>
  </variableValue>
  <variableValue variable="RDPAPR[year]">
    <value valueType="integer">0</value>
  </variableValue>
  <variableValue variable="RDWRIT[year]">
    <value valueType="decimal">47.070458905657155</value>
  </variableValue>
  <variableValue variable="read[year]">
    <value valueType="decimal">99.75750905642126</value>
  </variableValue>
  <variableValue variable="REGULAR[year]">
    <value valueType="integer">1</value>
  </variableValue>
  <variableValue variable="REMAR[year]">
    <value valueType="integer">72</value>
  </variableValue>
  <variableValue variable="rv[year]">
    <value valueType="integer">43</value>
  </variableValue>
  <variableValue variable="SAFE[year]">
    <value valueType="integer">1</value>
  </variableValue>
  <variableValue variable="SBHWY[year]">
    <value valueType="integer">3</value>
  </variableValue>
  <variableValue variable="SBTOWN[year]">
    <value valueType="integer">2</value>
  </variableValue>
  <variableValue variable="SELFBLOO[year]">
    <value valueType="integer">4</value>
  </variableValue>
  <variableValue variable="selfim[year]">
    <value valueType="decimal">75.9152183536565</value>
  </variableValue>
  <variableValue variable="SELFMAM[year]">
    <value valueType="integer">3</value>
  </variableValue>
  <variableValue variable="sex">
    <value valueType="integer">0</value>
  </variableValue>
  <variableValue variable="shop[year]">
    <value valueType="decimal">95.9411252717867</value>
  </variableValue>
  <variableValue variable="SIBS[year]">
    <value valueType="integer">43</value>
  </variableValue>
  <variableValue variable="SLEEP[year]">
    <value valueType="integer">5</value>
  </variableValue>
  <variableValue variable="smdvh[year]">
    <value valueType="integer">83</value>
  </variableValue>
  <variableValue variable="smdvl[year]">
    <value valueType="integer">35</value>
  </variableValue>
  <variableValue variable="SMK[year]">
    <value valueType="integer">1</value>
  </variableValue>
  <variableValue variable="SMOKE[year]">
    <value valueType="integer">2</value>
  </variableValue>
  <variableValue variable="SMOKEPAS[year]">
    <value valueType="decimal">17.320082666236292</value>
  </variableValue>
  <variableValue variable="SODA[year]">
    <value valueType="integer">6</value>
  </variableValue>
  <variableValue variable="SODIUM[year]">
    <value valueType="integer">4</value>
  </variableValue>
  <variableValue variable="SPBRN[year]">
    <value valueType="integer">90</value>
  </variableValue>
  <variableValue variable="spec[year]">
    <value valueType="decimal">17.124033660449435</value>
  </variableValue>
  <variableValue variable="SPEED[year]">
    <value valueType="integer">1</value>
  </variableValue>
  <variableValue variable="SPOCC[year]">
    <value valueType="integer">0</value>
  </variableValue>
  <variableValue variable="sport[year]">
    <value valueType="decimal">86.88199642128137</value>
  </variableValue>
  <variableValue variable="SPRVIS[year]">
    <value valueType="integer">2</value>
  </variableValue>
  <variableValue variable="SREYE[year]">
    <value valueType="integer">1</value>
  </variableValue>
  <variableValue variable="srh[year]">
    <value valueType="integer">6</value>
  </variableValue>
  <variableValue variable="SRHEALTH">
    <value valueType="integer">4</value>
  </variableValue>
  <variableValue variable="SRHEAR[year]">
    <value valueType="integer">3</value>
  </variableValue>
  <variableValue variable="sstot[year]">
    <value valueType="integer">7</value>
  </variableValue>
  <variableValue variable="STAIRS[year]">
    <value valueType="integer">1</value>
  </variableValue>
  <variableValue variable="TEA[year]">
    <value valueType="integer">1</value>
  </variableValue>
  <variableValue variable="TRAF[year]">
    <value valueType="integer">1</value>
  </variableValue>
  <variableValue variable="travel[year]">
    <value valueType="decimal">56.969342089377264</value>
  </variableValue>
  <variableValue variable="TREES[year]">
    <value valueType="integer">1</value>
  </variableValue>
  <variableValue variable="TRYSTOP[year]">
    <value valueType="integer">1</value>
  </variableValue>
  <variableValue variable="tv[year]">
    <value valueType="decimal">90.88301213437838</value>
  </variableValue>
  <variableValue variable="TYPBLD[year]">
    <value valueType="integer">2</value>
  </variableValue>
  <variableValue variable="UNIVEX[year]">
    <value valueType="integer">0</value>
  </variableValue>
  <variableValue variable="VEAL[year]">
    <value valueType="integer">5</value>
  </variableValue>
  <variableValue variable="vis[year]">
    <value valueType="decimal">96.25766735897045</value>
  </variableValue>
  <variableValue variable="vocab1[year]">
    <value valueType="integer">49</value>
  </variableValue>
  <variableValue variable="vocab2[year]">
    <value valueType="integer">24</value>
  </variableValue>
  <variableValue variable="VOCAT[year]">
    <value valueType="integer">0</value>
  </variableValue>
  <variableValue variable="vol[year]">
    <value valueType="decimal">64.73102646281961</value>
  </variableValue>
  <variableValue variable="walk[year]">
    <value valueType="decimal">10.415377167709872</value>
  </variableValue>
  <variableValue variable="WALK[year]">
    <value valueType="integer">4</value>
  </variableValue>
  <variableValue variable="wdflu[year]">
    <value valueType="integer">13</value>
  </variableValue>
  <variableValue variable="WEIGHT[year]">
    <value valueType="integer">35</value>
  </variableValue>
  <variableValue variable="WELL[year]">
    <value valueType="integer">1</value>
  </variableValue>
  <variableValue variable="WINE[year]">
    <value valueType="integer">35</value>
  </variableValue>
  <variableValue variable="write[year]">
    <value valueType="decimal">8.832345667274765</value>
  </variableValue>
  <variableValue variable="WRKPLC[year]">
    <value valueType="integer">4</value>
  </variableValue>
  <variableValue variable="WRKTYP[year]">
    <value valueType="integer">2</value>
  </variableValue>
  <variableValue variable="ws[year]">
    <value valueType="integer">27</value>
  </variableValue>
  <variableValue variable="YEAROP[year]">
    <value valueType="integer">89</value>
  </variableValue>
  <variableValue variable="YRQUIT[year]">
    <value valueType="integer">74</value>
  </variableValue>
  <variableValue variable="YRRET[year]">
    <value valueType="integer">16</value>
  </variableValue>
  <variableValue variable="YRSMOKE[year]">
    <value valueType="decimal">94.51022676877514</value>
  </variableValue>
</valueSet>