<valueSet valueTable="2008" entityType="Participant" entityIdentifier="23020616">
  <variableValue variable="ADLTED[year]">
    <value valueType="integer">1</value>
  </variableValue>
  <variableValue variable="ADVDIR[year]">
    <value valueType="integer">1</value>
  </variableValue>
  <variableValue variable="age[year]">
    <value valueType="integer">2</value>
  </variableValue>
  <variableValue variable="AGEKID[year]">
    <value valueType="integer">18</value>
  </variableValue>
  <variableValue variable="AGENB[year]">
    <value valueType="integer">7</value>
  </variableValue>
  <variableValue variable="AGEWED[year]">
    <value valueType="integer">10</value>
  </variableValue>
  <variableValue variable="AGFRN[year]">
    <value valueType="integer">2</value>
  </variableValue>
  <variableValue variable="AGREE[year]">
    <value valueType="integer">30</value>
  </variableValue>
  <variableValue variable="ALCOHOL[year]">
    <value valueType="integer">7</value>
  </variableValue>
  <variableValue variable="Apdemp[year]">
    <value valueType="decimal">8.53383612212374</value>
  </variableValue>
  <variableValue variable="ART[year]">
    <value valueType="integer">3</value>
  </variableValue>
  <variableValue variable="BDATE_DY">
    <value valueType="integer">17</value>
  </variableValue>
  <variableValue variable="BDATE_MO">
    <value valueType="integer">67</value>
  </variableValue>
  <variableValue variable="BDATE_YR">
    <value valueType="integer">75</value>
  </variableValue>
  <variableValue variable="BEEF[year]">
    <value valueType="integer">4</value>
  </variableValue>
  <variableValue variable="BEER[year]">
    <value valueType="integer">19</value>
  </variableValue>
  <variableValue variable="BLDLK[year]">
    <value valueType="integer">4</value>
  </variableValue>
  <variableValue variable="BLOODPRE[year]">
    <value valueType="integer">4</value>
  </variableValue>
  <variableValue variable="BOOK[year]">
    <value valueType="integer">2</value>
  </variableValue>
  <variableValue variable="BRUSH[year]">
    <value valueType="integer">38</value>
  </variableValue>
  <variableValue variable="BUTTER[year]">
    <value valueType="integer">2</value>
  </variableValue>
  <variableValue variable="BUYFAT[year]">
    <value valueType="integer">1</value>
  </variableValue>
  <variableValue variable="BUYSALT[year]">
    <value valueType="integer">1</value>
  </variableValue>
  <variableValue variable="CANCHK[year]">
    <value valueType="integer">2</value>
  </variableValue>
  <variableValue variable="cards[year]">
    <value valueType="decimal">25.782579846963305</value>
  </variableValue>
  <variableValue variable="CATARACT[year]">
    <value valueType="integer">2</value>
  </variableValue>
  <variableValue variable="CHKFAT[year]">
    <value valueType="integer">3</value>
  </variableValue>
  <variableValue variable="CHOLES[year]">
    <value valueType="integer">6</value>
  </variableValue>
  <variableValue variable="chur[year]">
    <value valueType="decimal">15.735886331319405</value>
  </variableValue>
  <variableValue variable="CIGARDAY[year]">
    <value valueType="integer">6</value>
  </variableValue>
  <variableValue variable="CIGARS[year]">
    <value valueType="integer">1</value>
  </variableValue>
  <variableValue variable="CIGDAY[year]">
    <value valueType="integer">6</value>
  </variableValue>
  <variableValue variable="CIGS[year]">
    <value valueType="integer">5</value>
  </variableValue>
  <variableValue variable="CLNAIR[year]">
    <value valueType="integer">1</value>
  </variableValue>
  <variableValue variable="COFFEE[year]">
    <value valueType="integer">4</value>
  </variableValue>
  <variableValue variable="CONSCIEN[year]">
    <value valueType="integer">1</value>
  </variableValue>
  <variableValue variable="cook[year]">
    <value valueType="decimal">91.90965665295036</value>
  </variableValue>
  <variableValue variable="COOKBUT[year]">
    <value valueType="integer">5</value>
  </variableValue>
  <variableValue variable="CORS[year]">
    <value valueType="integer">1</value>
  </variableValue>
  <variableValue variable="crafts[year]">
    <value valueType="decimal">20.309683419876478</value>
  </variableValue>
  <variableValue variable="crdp1[year]">
    <value valueType="integer">5</value>
  </variableValue>
  <variableValue variable="crdp2[year]">
    <value valueType="integer">2</value>
  </variableValue>
  <variableValue variable="cult[year]">
    <value valueType="decimal">43.06775144760348</value>
  </variableValue>
  <variableValue variable="dance[year]">
    <value valueType="decimal">11.835757323929585</value>
  </variableValue>
  <variableValue variable="DENTIST[year]">
    <value valueType="integer">2</value>
  </variableValue>
  <variableValue variable="DENTURE[year]">
    <value valueType="integer">1</value>
  </variableValue>
  <variableValue variable="DIABET[year]">
    <value valueType="integer">1</value>
  </variableValue>
  <variableValue variable="DRMAM[year]">
    <value valueType="integer">3</value>
  </variableValue>
  <variableValue variable="DRVISIT[year]">
    <value valueType="integer">45</value>
  </variableValue>
  <variableValue variable="dydrm[year]">
    <value valueType="decimal">28.12816798787153</value>
  </variableValue>
  <variableValue variable="EARCHK[year]">
    <value valueType="integer">0</value>
  </variableValue>
  <variableValue variable="eatout[year]">
    <value valueType="decimal">17.11034493219711</value>
  </variableValue>
  <variableValue variable="EATSALT[year]">
    <value valueType="integer">5</value>
  </variableValue>
  <variableValue variable="edact[year]">
    <value valueType="decimal">97.1074863650752</value>
  </variableValue>
  <variableValue variable="educ">
    <value valueType="integer">42</value>
  </variableValue>
  <variableValue variable="EDUC[year]">
    <value valueType="integer">97</value>
  </variableValue>
  <variableValue variable="EGG[year]">
    <value valueType="integer">4</value>
  </variableValue>
  <variableValue variable="eldcar[year]">
    <value valueType="decimal">49.12990750343852</value>
  </variableValue>
  <variableValue variable="ELDCAR[year]">
    <value valueType="decimal">87.51947868576299</value>
  </variableValue>
  <variableValue variable="ENT1[year]">
    <value valueType="integer">12</value>
  </variableValue>
  <variableValue variable="ENT2[year]">
    <value valueType="integer">9</value>
  </variableValue>
  <variableValue variable="ENT3[year]">
    <value valueType="integer">3</value>
  </variableValue>
  <variableValue variable="eth[year]">
    <value valueType="integer">39</value>
  </variableValue>
  <variableValue variable="EXCERTOT[year]">
    <value valueType="decimal">39.927532316686865</value>
  </variableValue>
  <variableValue variable="EXCERWK[year]">
    <value valueType="integer">56</value>
  </variableValue>
  <variableValue variable="EXTRAVER[year]">
    <value valueType="integer">13</value>
  </variableValue>
  <variableValue variable="EYECHG[year]">
    <value valueType="integer">4</value>
  </variableValue>
  <variableValue variable="EYECHK[year]">
    <value valueType="integer">1</value>
  </variableValue>
  <variableValue variable="EYEGLAS[year]">
    <value valueType="integer">2</value>
  </variableValue>
  <variableValue variable="FAGE[year]">
    <value valueType="integer">13</value>
  </variableValue>
  <variableValue variable="FAITH[year]">
    <value valueType="integer">5</value>
  </variableValue>
  <variableValue variable="FALLS[year]">
    <value valueType="integer">4</value>
  </variableValue>
  <variableValue variable="FCAUSE[year]">
    <value valueType="integer">2</value>
  </variableValue>
  <variableValue variable="FDIE[year]">
    <value valueType="integer">49</value>
  </variableValue>
  <variableValue variable="FIC[year]">
    <value valueType="integer">22</value>
  </variableValue>
  <variableValue variable="fit[year]">
    <value valueType="decimal">12.07160893430781</value>
  </variableValue>
  <variableValue variable="FLIVE[year]">
    <value valueType="integer">1</value>
  </variableValue>
  <variableValue variable="FLOSS[year]">
    <value valueType="integer">4</value>
  </variableValue>
  <variableValue variable="FLUSHOT[year]">
    <value valueType="integer">4</value>
  </variableValue>
  <variableValue variable="fr[year]">
    <value valueType="integer">37</value>
  </variableValue>
  <variableValue variable="fratt[year]">
    <value valueType="integer">52</value>
  </variableValue>
  <variableValue variable="frcr[year]">
    <value valueType="integer">32</value>
  </variableValue>
  <variableValue variable="fromt[year]">
    <value valueType="integer">91</value>
  </variableValue>
  <variableValue variable="frwg[year]">
    <value valueType="integer">57</value>
  </variableValue>
  <variableValue variable="game[year]">
    <value valueType="decimal">45.60266974912477</value>
  </variableValue>
  <variableValue variable="gds[year]1 –  gds[year]30">
    <value valueType="integer">0</value>
  </variableValue>
  <variableValue variable="gdstot[year]">
    <value valueType="integer">11</value>
  </variableValue>
  <variableValue variable="HANDS[year]">
    <value valueType="decimal">60.23548280051282</value>
  </variableValue>
  <variableValue variable="HARDLIQ[year]">
    <value valueType="integer">94</value>
  </variableValue>
  <variableValue variable="HEALTHCH[year]">
    <value valueType="integer">7</value>
  </variableValue>
  <variableValue variable="HEARAID[year]">
    <value valueType="integer">0</value>
  </variableValue>
  <variableValue variable="HEARCHG[year]">
    <value valueType="integer">2</value>
  </variableValue>
  <variableValue variable="HEARSPEC[year]">
    <value valueType="integer">2</value>
  </variableValue>
  <variableValue variable="HEART[year]">
    <value valueType="integer">1</value>
  </variableValue>
  <variableValue variable="HEIGHT[year]">
    <value valueType="integer">54</value>
  </variableValue>
  <variableValue variable="HHEIGHT[year]">
    <value valueType="integer">60</value>
  </variableValue>
  <variableValue variable="HIGHBLOO[year]">
    <value valueType="integer">1</value>
  </variableValue>
  <variableValue variable="HJOBTP[year]">
    <value valueType="integer">1</value>
  </variableValue>
  <variableValue variable="HMKHD[year]">
    <value valueType="decimal">46.46747584570642</value>
  </variableValue>
  <variableValue variable="HMKJB[year]">
    <value valueType="integer">29</value>
  </variableValue>
  <variableValue variable="HMKPE[year]">
    <value valueType="decimal">34.17091516931986</value>
  </variableValue>
  <variableValue variable="HMKPRS[year]">
    <value valueType="integer">1</value>
  </variableValue>
  <variableValue variable="HMKR[year]">
    <value valueType="integer">30</value>
  </variableValue>
  <variableValue variable="HMKRD[year]">
    <value valueType="decimal">30.614044379843143</value>
  </variableValue>
  <variableValue variable="HOSDAYS[year]">
    <value valueType="integer">28</value>
  </variableValue>
  <variableValue variable="HOSVISIT[year]">
    <value valueType="integer">1</value>
  </variableValue>
  <variableValue variable="HWEIGHT[year]">
    <value valueType="integer">67</value>
  </variableValue>
  <variableValue variable="INC[year]">
    <value valueType="integer">5</value>
  </variableValue>
  <variableValue variable="INC84[year]">
    <value valueType="integer">2</value>
  </variableValue>
  <variableValue variable="instr[year]">
    <value valueType="decimal">89.78107940581242</value>
  </variableValue>
  <variableValue variable="ir[year]a1 - ir[year]a20">
    <value valueType="integer">1</value>
  </variableValue>
  <variableValue variable="ir[year]b1 - ir[year]b20">
    <value valueType="integer">0</value>
  </variableValue>
  <variableValue variable="JOBLEN[year]">
    <value valueType="integer">5</value>
  </variableValue>
  <variableValue variable="JOBTYP[year]">
    <value valueType="integer">7</value>
  </variableValue>
  <variableValue variable="kidcar[year]">
    <value valueType="decimal">74.60241279509702</value>
  </variableValue>
  <variableValue variable="LAMB[year]">
    <value valueType="integer">1</value>
  </variableValue>
  <variableValue variable="lettot[year]">
    <value valueType="integer">32</value>
  </variableValue>
  <variableValue variable="LFST84[year]">
    <value valueType="integer">2</value>
  </variableValue>
  <variableValue variable="LIFSAT[year]">
    <value valueType="integer">5</value>
  </variableValue>
  <variableValue variable="LIVESMOK[year]">
    <value valueType="integer">2</value>
  </variableValue>
  <variableValue variable="ls[year]">
    <value valueType="integer">62</value>
  </variableValue>
  <variableValue variable="LSTJOB[year]">
    <value valueType="integer">8</value>
  </variableValue>
  <variableValue variable="LVNGWILL[year]">
    <value valueType="integer">1</value>
  </variableValue>
  <variableValue variable="MAGE[year]">
    <value valueType="integer">13</value>
  </variableValue>
  <variableValue variable="MAM[year]">
    <value valueType="integer">1</value>
  </variableValue>
  <variableValue variable="MAM2YR[year]">
    <value valueType="integer">2</value>
  </variableValue>
  <variableValue variable="MAMAGE[year]">
    <value valueType="integer">4</value>
  </variableValue>
  <variableValue variable="MAMEXAM[year]">
    <value valueType="integer">77</value>
  </variableValue>
  <variableValue variable="MASTECT[year]">
    <value valueType="integer">2</value>
  </variableValue>
  <variableValue variable="MCAUSE[year]">
    <value valueType="integer">10</value>
  </variableValue>
  <variableValue variable="MDIE[year]">
    <value valueType="integer">43</value>
  </variableValue>
  <variableValue variable="MED[year]">
    <value valueType="integer">4</value>
  </variableValue>
  <variableValue variable="MENAGE[year]">
    <value valueType="integer">42</value>
  </variableValue>
  <variableValue variable="MENHIST[year]">
    <value valueType="integer">57</value>
  </variableValue>
  <variableValue variable="MENSIT[year]">
    <value valueType="integer">6</value>
  </variableValue>
  <variableValue variable="MFQ[year]1">
    <value valueType="decimal">35.43373854844999</value>
  </variableValue>
  <variableValue variable="MFQ[year]2A">
    <value valueType="decimal">21.188609317165508</value>
  </variableValue>
  <variableValue variable="MFQ[year]2B">
    <value valueType="decimal">90.81524963947022</value>
  </variableValue>
  <variableValue variable="MFQ[year]2C">
    <value valueType="decimal">30.113202098425397</value>
  </variableValue>
  <variableValue variable="MFQ[year]2D">
    <value valueType="decimal">68.09068790600968</value>
  </variableValue>
  <variableValue variable="MFQ[year]2E">
    <value valueType="decimal">57.10737520113226</value>
  </variableValue>
  <variableValue variable="MFQ[year]3A">
    <value valueType="decimal">44.97315069184226</value>
  </variableValue>
  <variableValue variable="MFQ[year]3B">
    <value valueType="decimal">50.24387503808562</value>
  </variableValue>
  <variableValue variable="MFQ[year]3C">
    <value valueType="decimal">72.3788438278699</value>
  </variableValue>
  <variableValue variable="MFQ[year]3D">
    <value valueType="decimal">57.40484700978092</value>
  </variableValue>
  <variableValue variable="MFQ[year]3E">
    <value valueType="decimal">5.925003068742674</value>
  </variableValue>
  <variableValue variable="MFQ[year]3F">
    <value valueType="decimal">25.073659974512164</value>
  </variableValue>
  <variableValue variable="MFQ[year]3G">
    <value valueType="decimal">53.881545737504254</value>
  </variableValue>
  <variableValue variable="MFQ[year]3H">
    <value valueType="decimal">5.6671851562261955</value>
  </variableValue>
  <variableValue variable="MFQ[year]3I">
    <value valueType="decimal">19.868523531574734</value>
  </variableValue>
  <variableValue variable="MFQ[year]3J">
    <value valueType="decimal">71.87527408122378</value>
  </variableValue>
  <variableValue variable="MFQ[year]3K">
    <value valueType="decimal">4.0716529594346795</value>
  </variableValue>
  <variableValue variable="MFQ[year]3L">
    <value valueType="decimal">40.98804543122455</value>
  </variableValue>
  <variableValue variable="MFQ[year]3M">
    <value valueType="decimal">56.37496509928567</value>
  </variableValue>
  <variableValue variable="MFQ[year]3N">
    <value valueType="decimal">67.73706780896788</value>
  </variableValue>
  <variableValue variable="MFQ[year]3O">
    <value valueType="decimal">3.3683705615808246</value>
  </variableValue>
  <variableValue variable="MFQ[year]3P">
    <value valueType="decimal">73.19480326656081</value>
  </variableValue>
  <variableValue variable="MFQ[year]3Q">
    <value valueType="decimal">5.02625212441804</value>
  </variableValue>
  <variableValue variable="MFQ[year]3R">
    <value valueType="decimal">56.27184679965907</value>
  </variableValue>
  <variableValue variable="MFQ[year]4A">
    <value valueType="decimal">18.881077581662908</value>
  </variableValue>
  <variableValue variable="MFQ[year]4B">
    <value valueType="decimal">38.889842533045915</value>
  </variableValue>
  <variableValue variable="MFQ[year]4C">
    <value valueType="decimal">44.20644638039054</value>
  </variableValue>
  <variableValue variable="MFQ[year]4D">
    <value valueType="decimal">45.618354307230746</value>
  </variableValue>
  <variableValue variable="MFQ[year]4E">
    <value valueType="decimal">97.11174205596328</value>
  </variableValue>
  <variableValue variable="MFQ[year]5A">
    <value valueType="decimal">22.138095723282667</value>
  </variableValue>
  <variableValue variable="MFQ[year]5B">
    <value valueType="decimal">92.13359578156467</value>
  </variableValue>
  <variableValue variable="MFQ[year]5C">
    <value valueType="decimal">77.0841720436053</value>
  </variableValue>
  <variableValue variable="MFQ[year]5D">
    <value valueType="decimal">16.047690988403318</value>
  </variableValue>
  <variableValue variable="MFQ[year]5E">
    <value valueType="decimal">50.44840497103911</value>
  </variableValue>
  <variableValue variable="MFQ[year]6A">
    <value valueType="decimal">15.940703615157481</value>
  </variableValue>
  <variableValue variable="MFQ[year]6B">
    <value valueType="decimal">94.65771100599626</value>
  </variableValue>
  <variableValue variable="MFQ[year]6C">
    <value valueType="decimal">53.36165978322439</value>
  </variableValue>
  <variableValue variable="MFQ[year]6D">
    <value valueType="decimal">16.63769903442026</value>
  </variableValue>
  <variableValue variable="MFQ[year]7A">
    <value valueType="decimal">18.462163678242216</value>
  </variableValue>
  <variableValue variable="MFQ[year]7B">
    <value valueType="decimal">99.62085573338001</value>
  </variableValue>
  <variableValue variable="MFQ[year]7C">
    <value valueType="decimal">47.84617024522881</value>
  </variableValue>
  <variableValue variable="MFQ[year]7D">
    <value valueType="decimal">70.23337859347679</value>
  </variableValue>
  <variableValue variable="MFQ[year]7E">
    <value valueType="decimal">44.35470535717211</value>
  </variableValue>
  <variableValue variable="MFQ[year]7F">
    <value valueType="decimal">31.62271793696082</value>
  </variableValue>
  <variableValue variable="MFQ[year]7G">
    <value valueType="decimal">79.74451164787226</value>
  </variableValue>
  <variableValue variable="MFQ[year]7H">
    <value valueType="decimal">68.2607380396558</value>
  </variableValue>
  <variableValue variable="MFQ[year]7I">
    <value valueType="decimal">47.279534939276566</value>
  </variableValue>
  <variableValue variable="MFQ[year]7J">
    <value valueType="decimal">77.82891709713779</value>
  </variableValue>
  <variableValue variable="MFQ[year]7K">
    <value valueType="decimal">72.30067524199534</value>
  </variableValue>
  <variableValue variable="MFQ[year]7L">
    <value valueType="decimal">74.5785684122798</value>
  </variableValue>
  <variableValue variable="MFQ[year]7M">
    <value valueType="decimal">38.095007892485974</value>
  </variableValue>
  <variableValue variable="MFQ[year]7N">
    <value valueType="decimal">75.13963376207838</value>
  </variableValue>
  <variableValue variable="MFQ[year]7O">
    <value valueType="decimal">21.635803538817733</value>
  </variableValue>
  <variableValue variable="MFQ[year]7P">
    <value valueType="decimal">49.36764089389947</value>
  </variableValue>
  <variableValue variable="MFQ[year]7Q">
    <value valueType="decimal">90.35683042834128</value>
  </variableValue>
  <variableValue variable="MFQ[year]7R">
    <value valueType="decimal">36.973644141407924</value>
  </variableValue>
  <variableValue variable="MFQ[year]8A">
    <value valueType="decimal">94.96885611396884</value>
  </variableValue>
  <variableValue variable="MFQ[year]8B">
    <value valueType="decimal">75.94300302824679</value>
  </variableValue>
  <variableValue variable="MFQ[year]8C">
    <value valueType="decimal">13.895433104965694</value>
  </variableValue>
  <variableValue variable="MFQ[year]8D">
    <value valueType="decimal">5.744452917993536</value>
  </variableValue>
  <variableValue variable="MFQ[year]8E">
    <value valueType="decimal">98.23433060002013</value>
  </variableValue>
  <variableValue variable="MFQ[year]8F">
    <value valueType="decimal">30.752598143636433</value>
  </variableValue>
  <variableValue variable="MFQ[year]8G">
    <value valueType="decimal">19.837860524939067</value>
  </variableValue>
  <variableValue variable="MFQ[year]8H">
    <value valueType="decimal">4.908500961797124</value>
  </variableValue>
  <variableValue variable="MFQ1[year]">
    <value valueType="integer">99</value>
  </variableValue>
  <variableValue variable="mfq1[year]">
    <value valueType="decimal">75.56892654658819</value>
  </variableValue>
  <variableValue variable="MFQ2[year]">
    <value valueType="integer">29</value>
  </variableValue>
  <variableValue variable="mfq2[year]">
    <value valueType="decimal">91.16409158399243</value>
  </variableValue>
  <variableValue variable="MFQ3[year]">
    <value valueType="integer">10</value>
  </variableValue>
  <variableValue variable="mfq3[year]">
    <value valueType="decimal">34.982413684627076</value>
  </variableValue>
  <variableValue variable="MFQ4[year]">
    <value valueType="integer">24</value>
  </variableValue>
  <variableValue variable="mfq4[year]">
    <value valueType="decimal">25.19836240415837</value>
  </variableValue>
  <variableValue variable="MLIVE[year]">
    <value valueType="integer">1</value>
  </variableValue>
  <variableValue variable="MOMWK[year]">
    <value valueType="integer">1</value>
  </variableValue>
  <variableValue variable="movie[year]">
    <value valueType="decimal">41.73546460499345</value>
  </variableValue>
  <variableValue variable="MSTA84[year]">
    <value valueType="integer">1</value>
  </variableValue>
  <variableValue variable="MSTAT[year]">
    <value valueType="integer">3</value>
  </variableValue>
  <variableValue variable="NBKS[year]">
    <value valueType="integer">19</value>
  </variableValue>
  <variableValue variable="NCONF[year]">
    <value valueType="integer">100</value>
  </variableValue>
  <variableValue variable="NEEDCATA[year]">
    <value valueType="integer">1</value>
  </variableValue>
  <variableValue variable="NEMP[year]">
    <value valueType="integer">76</value>
  </variableValue>
  <variableValue variable="NEUROTIC[year]">
    <value valueType="integer">19</value>
  </variableValue>
  <variableValue variable="NEWPRNT[year]">
    <value valueType="integer">1</value>
  </variableValue>
  <variableValue variable="nfr[year]">
    <value valueType="integer">16</value>
  </variableValue>
  <variableValue variable="NFRN[year]">
    <value valueType="integer">54</value>
  </variableValue>
  <variableValue variable="NGRNKD[year]">
    <value valueType="integer">80</value>
  </variableValue>
  <variableValue variable="NJOB[year]">
    <value valueType="integer">56</value>
  </variableValue>
  <variableValue variable="NKDHM[year]">
    <value valueType="integer">75</value>
  </variableValue>
  <variableValue variable="NKIDS[year]">
    <value valueType="integer">17</value>
  </variableValue>
  <variableValue variable="NMAG[year]">
    <value valueType="integer">1</value>
  </variableValue>
  <variableValue variable="NMOV[year]">
    <value valueType="integer">51</value>
  </variableValue>
  <variableValue variable="NMTG[year]">
    <value valueType="integer">32</value>
  </variableValue>
  <variableValue variable="NNEIG[year]">
    <value valueType="integer">1</value>
  </variableValue>
  <variableValue variable="NOBR[year]">
    <value valueType="integer">66</value>
  </variableValue>
  <variableValue variable="NOISE[year]">
    <value valueType="integer">5</value>
  </variableValue>
  <variableValue variable="NONFIC[year]">
    <value valueType="integer">5</value>
  </variableValue>
  <variableValue variable="nor[year]">
    <value valueType="integer">21</value>
  </variableValue>
  <variableValue variable="norcr[year]">
    <value valueType="integer">38</value>
  </variableValue>
  <variableValue variable="NOSIS[year]">
    <value valueType="integer">48</value>
  </variableValue>
  <variableValue variable="NOWRK[year]">
    <value valueType="integer">8</value>
  </variableValue>
  <variableValue variable="NRMS[year]">
    <value valueType="integer">23</value>
  </variableValue>
  <variableValue variable="nsp08">
    <value valueType="integer">48</value>
  </variableValue>
  <variableValue variable="NSTATE[year]">
    <value valueType="integer">29</value>
  </variableValue>
  <variableValue variable="NTRAD[year]">
    <value valueType="integer">80</value>
  </variableValue>
  <variableValue variable="NTRIPS[year]">
    <value valueType="integer">46</value>
  </variableValue>
  <variableValue variable="numtot[year]">
    <value valueType="integer">20</value>
  </variableValue>
  <variableValue variable="NVISIT[year]">
    <value valueType="integer">1</value>
  </variableValue>
  <variableValue variable="NWED[year]">
    <value valueType="integer">70</value>
  </variableValue>
  <variableValue variable="NYBR[year]">
    <value valueType="integer">88</value>
  </variableValue>
  <variableValue variable="NYSIS[year]">
    <value valueType="integer">78</value>
  </variableValue>
  <variableValue variable="OBGYN[year]">
    <value valueType="integer">4</value>
  </variableValue>
  <variableValue variable="OCC[year]">
    <value valueType="integer">0</value>
  </variableValue>
  <variableValue variable="OCC84[year]">
    <value valueType="integer">2</value>
  </variableValue>
  <variableValue variable="OPEN[year]">
    <value valueType="integer">88</value>
  </variableValue>
  <variableValue variable="or[year]">
    <value valueType="integer">64</value>
  </variableValue>
  <variableValue variable="oratt[year]">
    <value valueType="integer">62</value>
  </variableValue>
  <variableValue variable="ORGAN[year]">
    <value valueType="integer">3</value>
  </variableValue>
  <variableValue variable="oromt[year]">
    <value valueType="integer">55</value>
  </variableValue>
  <variableValue variable="orwg[year]">
    <value valueType="integer">30</value>
  </variableValue>
  <variableValue variable="OTJ[year]">
    <value valueType="integer">0</value>
  </variableValue>
  <variableValue variable="outhob[year]">
    <value valueType="decimal">85.06496143982659</value>
  </variableValue>
  <variableValue variable="OWNHM[year]">
    <value valueType="integer">1</value>
  </variableValue>
  <variableValue variable="PAINREL[year]">
    <value valueType="integer">1</value>
  </variableValue>
  <variableValue variable="PAP[year]">
    <value valueType="integer">5</value>
  </variableValue>
  <variableValue variable="party[year]">
    <value valueType="decimal">11.145232188962117</value>
  </variableValue>
  <variableValue variable="pase1">
    <value valueType="integer">0</value>
  </variableValue>
  <variableValue variable="pase10">
    <value valueType="integer">0</value>
  </variableValue>
  <variableValue variable="pase10a">
    <value valueType="decimal">28.833627656503523</value>
  </variableValue>
  <variableValue variable="pase10b">
    <value valueType="integer">2</value>
  </variableValue>
  <variableValue variable="pase1b">
    <value valueType="integer">2</value>
  </variableValue>
  <variableValue variable="pase2">
    <value valueType="integer">3</value>
  </variableValue>
  <variableValue variable="pase2a">
    <value valueType="integer">2</value>
  </variableValue>
  <variableValue variable="pase3">
    <value valueType="integer">3</value>
  </variableValue>
  <variableValue variable="pase3b">
    <value valueType="integer">4</value>
  </variableValue>
  <variableValue variable="pase4">
    <value valueType="integer">1</value>
  </variableValue>
  <variableValue variable="pase4b">
    <value valueType="integer">4</value>
  </variableValue>
  <variableValue variable="pase5">
    <value valueType="integer">1</value>
  </variableValue>
  <variableValue variable="pase5b">
    <value valueType="integer">3</value>
  </variableValue>
  <variableValue variable="pase6">
    <value valueType="integer">1</value>
  </variableValue>
  <variableValue variable="pase6b">
    <value valueType="integer">1</value>
  </variableValue>
  <variableValue variable="pase7">
    <value valueType="integer">1</value>
  </variableValue>
  <variableValue variable="pase8">
    <value valueType="integer">0</value>
  </variableValue>
  <variableValue variable="pase9a - pase9d">
    <value valueType="integer">1</value>
  </variableValue>
  <variableValue variable="pattot[year]">
    <value valueType="integer">64</value>
  </variableValue>
  <variableValue variable="PDEMP[year]">
    <value valueType="integer">0</value>
  </variableValue>
  <variableValue variable="PEOP[year]">
    <value valueType="decimal">46.4055685549816</value>
  </variableValue>
  <variableValue variable="pets[year]">
    <value valueType="decimal">97.42893209217064</value>
  </variableValue>
  <variableValue variable="phone[year]">
    <value valueType="decimal">18.924286795702294</value>
  </variableValue>
  <variableValue variable="picnic[year]">
    <value valueType="decimal">26.624912405591683</value>
  </variableValue>
  <variableValue variable="PIPEDAY[year]">
    <value valueType="integer">3</value>
  </variableValue>
  <variableValue variable="PIPES[year]">
    <value valueType="integer">2</value>
  </variableValue>
  <variableValue variable="pirr1[year]">
    <value valueType="integer">100</value>
  </variableValue>
  <variableValue variable="pirr2[year]">
    <value valueType="integer">15</value>
  </variableValue>
  <variableValue variable="PORK[year]">
    <value valueType="integer">5</value>
  </variableValue>
  <variableValue variable="ppr1[year]">
    <value valueType="integer">50</value>
  </variableValue>
  <variableValue variable="ppr2[year]">
    <value valueType="integer">68</value>
  </variableValue>
  <variableValue variable="ppr3[year]">
    <value valueType="integer">50</value>
  </variableValue>
  <variableValue variable="pray[year]">
    <value valueType="decimal">37.742159918153426</value>
  </variableValue>
  <variableValue variable="PRESR[year]">
    <value valueType="integer">2</value>
  </variableValue>
  <variableValue variable="PRO2YR[year]">
    <value valueType="integer">1</value>
  </variableValue>
  <variableValue variable="PROAGE[year]">
    <value valueType="integer">80</value>
  </variableValue>
  <variableValue variable="PROENLAR[year]">
    <value valueType="integer">2</value>
  </variableValue>
  <variableValue variable="PROEXAM[year]">
    <value valueType="integer">24</value>
  </variableValue>
  <variableValue variable="PROS[year]">
    <value valueType="integer">1</value>
  </variableValue>
  <variableValue variable="PROSUC[year]">
    <value valueType="integer">3</value>
  </variableValue>
  <variableValue variable="PRSC84[year]">
    <value valueType="integer">2</value>
  </variableValue>
  <variableValue variable="radio[year]">
    <value valueType="decimal">82.02111966085566</value>
  </variableValue>
  <variableValue variable="RDPAPR[year]">
    <value valueType="integer">1</value>
  </variableValue>
  <variableValue variable="RDWRIT[year]">
    <value valueType="decimal">14.22134854588435</value>
  </variableValue>
  <variableValue variable="read[year]">
    <value valueType="decimal">16.58837599490317</value>
  </variableValue>
  <variableValue variable="REGULAR[year]">
    <value valueType="integer">2</value>
  </variableValue>
  <variableValue variable="REMAR[year]">
    <value valueType="integer">40</value>
  </variableValue>
  <variableValue variable="rv[year]">
    <value valueType="integer">50</value>
  </variableValue>
  <variableValue variable="SAFE[year]">
    <value valueType="integer">1</value>
  </variableValue>
  <variableValue variable="SBHWY[year]">
    <value valueType="integer">5</value>
  </variableValue>
  <variableValue variable="SBTOWN[year]">
    <value valueType="integer">5</value>
  </variableValue>
  <variableValue variable="SELFBLOO[year]">
    <value valueType="integer">3</value>
  </variableValue>
  <variableValue variable="selfim[year]">
    <value valueType="decimal">5.315690986822508</value>
  </variableValue>
  <variableValue variable="SELFMAM[year]">
    <value valueType="integer">4</value>
  </variableValue>
  <variableValue variable="sex">
    <value valueType="integer">1</value>
  </variableValue>
  <variableValue variable="shop[year]">
    <value valueType="decimal">32.5512599542097</value>
  </variableValue>
  <variableValue variable="SIBS[year]">
    <value valueType="integer">26</value>
  </variableValue>
  <variableValue variable="SLEEP[year]">
    <value valueType="integer">2</value>
  </variableValue>
  <variableValue variable="smdvh[year]">
    <value valueType="integer">63</value>
  </variableValue>
  <variableValue variable="smdvl[year]">
    <value valueType="integer">77</value>
  </variableValue>
  <variableValue variable="SMK[year]">
    <value valueType="integer">1</value>
  </variableValue>
  <variableValue variable="SMOKE[year]">
    <value valueType="integer">3</value>
  </variableValue>
  <variableValue variable="SMOKEPAS[year]">
    <value valueType="decimal">29.20541872442054</value>
  </variableValue>
  <variableValue variable="SODA[year]">
    <value valueType="integer">1</value>
  </variableValue>
  <variableValue variable="SODIUM[year]">
    <value valueType="integer">5</value>
  </variableValue>
  <variableValue variable="SPBRN[year]">
    <value valueType="integer">70</value>
  </variableValue>
  <variableValue variable="spec[year]">
    <value valueType="decimal">31.66197076253845</value>
  </variableValue>
  <variableValue variable="SPEED[year]">
    <value valueType="integer">1</value>
  </variableValue>
  <variableValue variable="SPOCC[year]">
    <value valueType="integer">5</value>
  </variableValue>
  <variableValue variable="sport[year]">
    <value valueType="decimal">26.247422476316018</value>
  </variableValue>
  <variableValue variable="SPRVIS[year]">
    <value valueType="integer">5</value>
  </variableValue>
  <variableValue variable="SREYE[year]">
    <value valueType="integer">1</value>
  </variableValue>
  <variableValue variable="srh[year]">
    <value valueType="integer">2</value>
  </variableValue>
  <variableValue variable="SRHEALTH">
    <value valueType="integer">4</value>
  </variableValue>
  <variableValue variable="SRHEAR[year]">
    <value valueType="integer">3</value>
  </variableValue>
  <variableValue variable="sstot[year]">
    <value valueType="integer">54</value>
  </variableValue>
  <variableValue variable="STAIRS[year]">
    <value valueType="integer">4</value>
  </variableValue>
  <variableValue variable="TEA[year]">
    <value valueType="integer">3</value>
  </variableValue>
  <variableValue variable="TRAF[year]">
    <value valueType="integer">0</value>
  </variableValue>
  <variableValue variable="travel[year]">
    <value valueType="decimal">32.929383159208136</value>
  </variableValue>
  <variableValue variable="TREES[year]">
    <value valueType="integer">4</value>
  </variableValue>
  <variableValue variable="TRYSTOP[year]">
    <value valueType="integer">1</value>
  </variableValue>
  <variableValue variable="tv[year]">
    <value valueType="decimal">70.65737193696144</value>
  </variableValue>
  <variableValue variable="TYPBLD[year]">
    <value valueType="integer">2</value>
  </variableValue>
  <variableValue variable="UNIVEX[year]">
    <value valueType="integer">0</value>
  </variableValue>
  <variableValue variable="VEAL[year]">
    <value valueType="integer">4</value>
  </variableValue>
  <variableValue variable="vis[year]">
    <value valueType="decimal">40.55579816432899</value>
  </variableValue>
  <variableValue variable="vocab1[year]">
    <value valueType="integer">69</value>
  </variableValue>
  <variableValue variable="vocab2[year]">
    <value valueType="integer">35</value>
  </variableValue>
  <variableValue variable="VOCAT[year]">
    <value valueType="integer">0</value>
  </variableValue>
  <variableValue variable="vol[year]">
    <value valueType="decimal">60.40452670577705</value>
  </variableValue>
  <variableValue variable="walk[year]">
    <value valueType="decimal">78.51304981111133</value>
  </variableValue>
  <variableValue variable="WALK[year]">
    <value valueType="integer">5</value>
  </variableValue>
  <variableValue variable="wdflu[year]">
    <value valueType="integer">0</value>
  </variableValue>
  <variableValue variable="WEIGHT[year]">
    <value valueType="integer">28</value>
  </variableValue>
  <variableValue variable="WELL[year]">
    <value valueType="integer">2</value>
  </variableValue>
  <variableValue variable="WINE[year]">
    <value valueType="integer">50</value>
  </variableValue>
  <variableValue variable="write[year]">
    <value valueType="decimal">20.304151393574642</value>
  </variableValue>
  <variableValue variable="WRKPLC[year]">
    <value valueType="integer">2</value>
  </variableValue>
  <variableValue variable="WRKTYP[year]">
    <value valueType="integer">4</value>
  </variableValue>
  <variableValue variable="ws[year]">
    <value valueType="integer">13</value>
  </variableValue>
  <variableValue variable="YEAROP[year]">
    <value valueType="integer">58</value>
  </variableValue>
  <variableValue variable="YRQUIT[year]">
    <value valueType="integer">5</value>
  </variableValue>
  <variableValue variable="YRRET[year]">
    <value valueType="integer">59</value>
  </variableValue>
  <variableValue variable="YRSMOKE[year]">
    <value valueType="decimal">9.020947764430087</value>
  </variableValue>
</valueSet>