<valueSet valueTable="2008" entityType="Participant" entityIdentifier="24622069">
  <variableValue variable="ADLTED[year]">
    <value valueType="integer">1</value>
  </variableValue>
  <variableValue variable="ADVDIR[year]">
    <value valueType="integer">1</value>
  </variableValue>
  <variableValue variable="age[year]">
    <value valueType="integer">41</value>
  </variableValue>
  <variableValue variable="AGEKID[year]">
    <value valueType="integer">62</value>
  </variableValue>
  <variableValue variable="AGENB[year]">
    <value valueType="integer">4</value>
  </variableValue>
  <variableValue variable="AGEWED[year]">
    <value valueType="integer">3</value>
  </variableValue>
  <variableValue variable="AGFRN[year]">
    <value valueType="integer">2</value>
  </variableValue>
  <variableValue variable="AGREE[year]">
    <value valueType="integer">99</value>
  </variableValue>
  <variableValue variable="ALCOHOL[year]">
    <value valueType="integer">1</value>
  </variableValue>
  <variableValue variable="Apdemp[year]">
    <value valueType="decimal">48.744557700714054</value>
  </variableValue>
  <variableValue variable="ART[year]">
    <value valueType="integer">2</value>
  </variableValue>
  <variableValue variable="BDATE_DY">
    <value valueType="integer">18</value>
  </variableValue>
  <variableValue variable="BDATE_MO">
    <value valueType="integer">1</value>
  </variableValue>
  <variableValue variable="BDATE_YR">
    <value valueType="integer">55</value>
  </variableValue>
  <variableValue variable="BEEF[year]">
    <value valueType="integer">4</value>
  </variableValue>
  <variableValue variable="BEER[year]">
    <value valueType="integer">64</value>
  </variableValue>
  <variableValue variable="BLDLK[year]">
    <value valueType="integer">4</value>
  </variableValue>
  <variableValue variable="BLOODPRE[year]">
    <value valueType="integer">5</value>
  </variableValue>
  <variableValue variable="BOOK[year]">
    <value valueType="integer">3</value>
  </variableValue>
  <variableValue variable="BRUSH[year]">
    <value valueType="integer">63</value>
  </variableValue>
  <variableValue variable="BUTTER[year]">
    <value valueType="integer">1</value>
  </variableValue>
  <variableValue variable="BUYFAT[year]">
    <value valueType="integer">1</value>
  </variableValue>
  <variableValue variable="BUYSALT[year]">
    <value valueType="integer">4</value>
  </variableValue>
  <variableValue variable="CANCHK[year]">
    <value valueType="integer">2</value>
  </variableValue>
  <variableValue variable="cards[year]">
    <value valueType="decimal">50.36853107072776</value>
  </variableValue>
  <variableValue variable="CATARACT[year]">
    <value valueType="integer">2</value>
  </variableValue>
  <variableValue variable="CHKFAT[year]">
    <value valueType="integer">5</value>
  </variableValue>
  <variableValue variable="CHOLES[year]">
    <value valueType="integer">5</value>
  </variableValue>
  <variableValue variable="chur[year]">
    <value valueType="decimal">45.21095127217577</value>
  </variableValue>
  <variableValue variable="CIGARDAY[year]">
    <value valueType="integer">1</value>
  </variableValue>
  <variableValue variable="CIGARS[year]">
    <value valueType="integer">3</value>
  </variableValue>
  <variableValue variable="CIGDAY[year]">
    <value valueType="integer">4</value>
  </variableValue>
  <variableValue variable="CIGS[year]">
    <value valueType="integer">1</value>
  </variableValue>
  <variableValue variable="CLNAIR[year]">
    <value valueType="integer">1</value>
  </variableValue>
  <variableValue variable="COFFEE[year]">
    <value valueType="integer">3</value>
  </variableValue>
  <variableValue variable="CONSCIEN[year]">
    <value valueType="integer">32</value>
  </variableValue>
  <variableValue variable="cook[year]">
    <value valueType="decimal">0.7279942462416367</value>
  </variableValue>
  <variableValue variable="COOKBUT[year]">
    <value valueType="integer">1</value>
  </variableValue>
  <variableValue variable="CORS[year]">
    <value valueType="integer">0</value>
  </variableValue>
  <variableValue variable="crafts[year]">
    <value valueType="decimal">35.854992687300914</value>
  </variableValue>
  <variableValue variable="crdp1[year]">
    <value valueType="integer">20</value>
  </variableValue>
  <variableValue variable="crdp2[year]">
    <value valueType="integer">84</value>
  </variableValue>
  <variableValue variable="cult[year]">
    <value valueType="decimal">67.1863119607392</value>
  </variableValue>
  <variableValue variable="dance[year]">
    <value valueType="decimal">6.35898883499536</value>
  </variableValue>
  <variableValue variable="DENTIST[year]">
    <value valueType="integer">4</value>
  </variableValue>
  <variableValue variable="DENTURE[year]">
    <value valueType="integer">1</value>
  </variableValue>
  <variableValue variable="DIABET[year]">
    <value valueType="integer">1</value>
  </variableValue>
  <variableValue variable="DRMAM[year]">
    <value valueType="integer">2</value>
  </variableValue>
  <variableValue variable="DRVISIT[year]">
    <value valueType="integer">10</value>
  </variableValue>
  <variableValue variable="dydrm[year]">
    <value valueType="decimal">65.14149059571484</value>
  </variableValue>
  <variableValue variable="EARCHK[year]">
    <value valueType="integer">1</value>
  </variableValue>
  <variableValue variable="eatout[year]">
    <value valueType="decimal">92.81021021559154</value>
  </variableValue>
  <variableValue variable="EATSALT[year]">
    <value valueType="integer">5</value>
  </variableValue>
  <variableValue variable="edact[year]">
    <value valueType="decimal">80.71638199693653</value>
  </variableValue>
  <variableValue variable="educ">
    <value valueType="integer">14</value>
  </variableValue>
  <variableValue variable="EDUC[year]">
    <value valueType="integer">74</value>
  </variableValue>
  <variableValue variable="EGG[year]">
    <value valueType="integer">3</value>
  </variableValue>
  <variableValue variable="eldcar[year]">
    <value valueType="decimal">51.123526504067506</value>
  </variableValue>
  <variableValue variable="ELDCAR[year]">
    <value valueType="decimal">1.8000967922054634</value>
  </variableValue>
  <variableValue variable="ENT1[year]">
    <value valueType="integer">7</value>
  </variableValue>
  <variableValue variable="ENT2[year]">
    <value valueType="integer">13</value>
  </variableValue>
  <variableValue variable="ENT3[year]">
    <value valueType="integer">3</value>
  </variableValue>
  <variableValue variable="eth[year]">
    <value valueType="integer">59</value>
  </variableValue>
  <variableValue variable="EXCERTOT[year]">
    <value valueType="decimal">56.661871047230484</value>
  </variableValue>
  <variableValue variable="EXCERWK[year]">
    <value valueType="integer">44</value>
  </variableValue>
  <variableValue variable="EXTRAVER[year]">
    <value valueType="integer">20</value>
  </variableValue>
  <variableValue variable="EYECHG[year]">
    <value valueType="integer">5</value>
  </variableValue>
  <variableValue variable="EYECHK[year]">
    <value valueType="integer">0</value>
  </variableValue>
  <variableValue variable="EYEGLAS[year]">
    <value valueType="integer">2</value>
  </variableValue>
  <variableValue variable="FAGE[year]">
    <value valueType="integer">57</value>
  </variableValue>
  <variableValue variable="FAITH[year]">
    <value valueType="integer">4</value>
  </variableValue>
  <variableValue variable="FALLS[year]">
    <value valueType="integer">1</value>
  </variableValue>
  <variableValue variable="FCAUSE[year]">
    <value valueType="integer">10</value>
  </variableValue>
  <variableValue variable="FDIE[year]">
    <value valueType="integer">9</value>
  </variableValue>
  <variableValue variable="FIC[year]">
    <value valueType="integer">77</value>
  </variableValue>
  <variableValue variable="fit[year]">
    <value valueType="decimal">6.878121442233887</value>
  </variableValue>
  <variableValue variable="FLIVE[year]">
    <value valueType="integer">2</value>
  </variableValue>
  <variableValue variable="FLOSS[year]">
    <value valueType="integer">5</value>
  </variableValue>
  <variableValue variable="FLUSHOT[year]">
    <value valueType="integer">5</value>
  </variableValue>
  <variableValue variable="fr[year]">
    <value valueType="integer">87</value>
  </variableValue>
  <variableValue variable="fratt[year]">
    <value valueType="integer">24</value>
  </variableValue>
  <variableValue variable="frcr[year]">
    <value valueType="integer">19</value>
  </variableValue>
  <variableValue variable="fromt[year]">
    <value valueType="integer">94</value>
  </variableValue>
  <variableValue variable="frwg[year]">
    <value valueType="integer">17</value>
  </variableValue>
  <variableValue variable="game[year]">
    <value valueType="decimal">82.97824810160954</value>
  </variableValue>
  <variableValue variable="gds[year]1 –  gds[year]30">
    <value valueType="integer">1</value>
  </variableValue>
  <variableValue variable="gdstot[year]">
    <value valueType="integer">10</value>
  </variableValue>
  <variableValue variable="HANDS[year]">
    <value valueType="decimal">98.088434998602</value>
  </variableValue>
  <variableValue variable="HARDLIQ[year]">
    <value valueType="integer">48</value>
  </variableValue>
  <variableValue variable="HEALTHCH[year]">
    <value valueType="integer">4</value>
  </variableValue>
  <variableValue variable="HEARAID[year]">
    <value valueType="integer">1</value>
  </variableValue>
  <variableValue variable="HEARCHG[year]">
    <value valueType="integer">2</value>
  </variableValue>
  <variableValue variable="HEARSPEC[year]">
    <value valueType="integer">4</value>
  </variableValue>
  <variableValue variable="HEART[year]">
    <value valueType="integer">1</value>
  </variableValue>
  <variableValue variable="HEIGHT[year]">
    <value valueType="integer">58</value>
  </variableValue>
  <variableValue variable="HHEIGHT[year]">
    <value valueType="integer">62</value>
  </variableValue>
  <variableValue variable="HIGHBLOO[year]">
    <value valueType="integer">1</value>
  </variableValue>
  <variableValue variable="HJOBTP[year]">
    <value valueType="integer">2</value>
  </variableValue>
  <variableValue variable="HMKHD[year]">
    <value valueType="decimal">78.17713374705436</value>
  </variableValue>
  <variableValue variable="HMKJB[year]">
    <value valueType="integer">47</value>
  </variableValue>
  <variableValue variable="HMKPE[year]">
    <value valueType="decimal">43.53714185020018</value>
  </variableValue>
  <variableValue variable="HMKPRS[year]">
    <value valueType="integer">2</value>
  </variableValue>
  <variableValue variable="HMKR[year]">
    <value valueType="integer">55</value>
  </variableValue>
  <variableValue variable="HMKRD[year]">
    <value valueType="decimal">42.05433619270536</value>
  </variableValue>
  <variableValue variable="HOSDAYS[year]">
    <value valueType="integer">31</value>
  </variableValue>
  <variableValue variable="HOSVISIT[year]">
    <value valueType="integer">1</value>
  </variableValue>
  <variableValue variable="HWEIGHT[year]">
    <value valueType="integer">67</value>
  </variableValue>
  <variableValue variable="INC[year]">
    <value valueType="integer">3</value>
  </variableValue>
  <variableValue variable="INC84[year]">
    <value valueType="integer">15</value>
  </variableValue>
  <variableValue variable="instr[year]">
    <value valueType="decimal">30.739349927008487</value>
  </variableValue>
  <variableValue variable="ir[year]a1 - ir[year]a20">
    <value valueType="integer">1</value>
  </variableValue>
  <variableValue variable="ir[year]b1 - ir[year]b20">
    <value valueType="integer">0</value>
  </variableValue>
  <variableValue variable="JOBLEN[year]">
    <value valueType="integer">4</value>
  </variableValue>
  <variableValue variable="JOBTYP[year]">
    <value valueType="integer">4</value>
  </variableValue>
  <variableValue variable="kidcar[year]">
    <value valueType="decimal">35.69122447251423</value>
  </variableValue>
  <variableValue variable="LAMB[year]">
    <value valueType="integer">4</value>
  </variableValue>
  <variableValue variable="lettot[year]">
    <value valueType="integer">47</value>
  </variableValue>
  <variableValue variable="LFST84[year]">
    <value valueType="integer">5</value>
  </variableValue>
  <variableValue variable="LIFSAT[year]">
    <value valueType="integer">3</value>
  </variableValue>
  <variableValue variable="LIVESMOK[year]">
    <value valueType="integer">3</value>
  </variableValue>
  <variableValue variable="ls[year]">
    <value valueType="integer">46</value>
  </variableValue>
  <variableValue variable="LSTJOB[year]">
    <value valueType="integer">8</value>
  </variableValue>
  <variableValue variable="LVNGWILL[year]">
    <value valueType="integer">1</value>
  </variableValue>
  <variableValue variable="MAGE[year]">
    <value valueType="integer">54</value>
  </variableValue>
  <variableValue variable="MAM[year]">
    <value valueType="integer">1</value>
  </variableValue>
  <variableValue variable="MAM2YR[year]">
    <value valueType="integer">1</value>
  </variableValue>
  <variableValue variable="MAMAGE[year]">
    <value valueType="integer">82</value>
  </variableValue>
  <variableValue variable="MAMEXAM[year]">
    <value valueType="integer">88</value>
  </variableValue>
  <variableValue variable="MASTECT[year]">
    <value valueType="integer">2</value>
  </variableValue>
  <variableValue variable="MCAUSE[year]">
    <value valueType="integer">5</value>
  </variableValue>
  <variableValue variable="MDIE[year]">
    <value valueType="integer">9</value>
  </variableValue>
  <variableValue variable="MED[year]">
    <value valueType="integer">2</value>
  </variableValue>
  <variableValue variable="MENAGE[year]">
    <value valueType="integer">14</value>
  </variableValue>
  <variableValue variable="MENHIST[year]">
    <value valueType="integer">85</value>
  </variableValue>
  <variableValue variable="MENSIT[year]">
    <value valueType="integer">3</value>
  </variableValue>
  <variableValue variable="MFQ[year]1">
    <value valueType="decimal">81.09569497313419</value>
  </variableValue>
  <variableValue variable="MFQ[year]2A">
    <value valueType="decimal">89.77706840555577</value>
  </variableValue>
  <variableValue variable="MFQ[year]2B">
    <value valueType="decimal">36.98277106444117</value>
  </variableValue>
  <variableValue variable="MFQ[year]2C">
    <value valueType="decimal">23.403340600475442</value>
  </variableValue>
  <variableValue variable="MFQ[year]2D">
    <value valueType="decimal">1.4890819572320413</value>
  </variableValue>
  <variableValue variable="MFQ[year]2E">
    <value valueType="decimal">65.8654357594316</value>
  </variableValue>
  <variableValue variable="MFQ[year]3A">
    <value valueType="decimal">30.907663551183607</value>
  </variableValue>
  <variableValue variable="MFQ[year]3B">
    <value valueType="decimal">99.46025391731942</value>
  </variableValue>
  <variableValue variable="MFQ[year]3C">
    <value valueType="decimal">32.70012975363766</value>
  </variableValue>
  <variableValue variable="MFQ[year]3D">
    <value valueType="decimal">79.01678470695686</value>
  </variableValue>
  <variableValue variable="MFQ[year]3E">
    <value valueType="decimal">1.3895869916335846</value>
  </variableValue>
  <variableValue variable="MFQ[year]3F">
    <value valueType="decimal">97.28178146291292</value>
  </variableValue>
  <variableValue variable="MFQ[year]3G">
    <value valueType="decimal">99.32453317616394</value>
  </variableValue>
  <variableValue variable="MFQ[year]3H">
    <value valueType="decimal">53.310597654400006</value>
  </variableValue>
  <variableValue variable="MFQ[year]3I">
    <value valueType="decimal">43.05430320623576</value>
  </variableValue>
  <variableValue variable="MFQ[year]3J">
    <value valueType="decimal">47.53578077595223</value>
  </variableValue>
  <variableValue variable="MFQ[year]3K">
    <value valueType="decimal">32.80723445106094</value>
  </variableValue>
  <variableValue variable="MFQ[year]3L">
    <value valueType="decimal">67.44061139498038</value>
  </variableValue>
  <variableValue variable="MFQ[year]3M">
    <value valueType="decimal">41.05276908818387</value>
  </variableValue>
  <variableValue variable="MFQ[year]3N">
    <value valueType="decimal">3.792118839271208</value>
  </variableValue>
  <variableValue variable="MFQ[year]3O">
    <value valueType="decimal">88.8777973398163</value>
  </variableValue>
  <variableValue variable="MFQ[year]3P">
    <value valueType="decimal">13.738797762709265</value>
  </variableValue>
  <variableValue variable="MFQ[year]3Q">
    <value valueType="decimal">13.747764170486242</value>
  </variableValue>
  <variableValue variable="MFQ[year]3R">
    <value valueType="decimal">96.11591758101419</value>
  </variableValue>
  <variableValue variable="MFQ[year]4A">
    <value valueType="decimal">17.298732996475298</value>
  </variableValue>
  <variableValue variable="MFQ[year]4B">
    <value valueType="decimal">71.20130139785495</value>
  </variableValue>
  <variableValue variable="MFQ[year]4C">
    <value valueType="decimal">70.57509197626841</value>
  </variableValue>
  <variableValue variable="MFQ[year]4D">
    <value valueType="decimal">24.91548404467685</value>
  </variableValue>
  <variableValue variable="MFQ[year]4E">
    <value valueType="decimal">10.35803788369667</value>
  </variableValue>
  <variableValue variable="MFQ[year]5A">
    <value valueType="decimal">31.862624254052776</value>
  </variableValue>
  <variableValue variable="MFQ[year]5B">
    <value valueType="decimal">43.00476962971693</value>
  </variableValue>
  <variableValue variable="MFQ[year]5C">
    <value valueType="decimal">66.276018487545</value>
  </variableValue>
  <variableValue variable="MFQ[year]5D">
    <value valueType="decimal">60.93176108592613</value>
  </variableValue>
  <variableValue variable="MFQ[year]5E">
    <value valueType="decimal">31.290172362169965</value>
  </variableValue>
  <variableValue variable="MFQ[year]6A">
    <value valueType="decimal">96.23466290014974</value>
  </variableValue>
  <variableValue variable="MFQ[year]6B">
    <value valueType="decimal">29.248434638815446</value>
  </variableValue>
  <variableValue variable="MFQ[year]6C">
    <value valueType="decimal">80.96193965601472</value>
  </variableValue>
  <variableValue variable="MFQ[year]6D">
    <value valueType="decimal">86.02200832255701</value>
  </variableValue>
  <variableValue variable="MFQ[year]7A">
    <value valueType="decimal">44.58104945701054</value>
  </variableValue>
  <variableValue variable="MFQ[year]7B">
    <value valueType="decimal">65.42596236190525</value>
  </variableValue>
  <variableValue variable="MFQ[year]7C">
    <value valueType="decimal">66.83976048600438</value>
  </variableValue>
  <variableValue variable="MFQ[year]7D">
    <value valueType="decimal">33.44650505257003</value>
  </variableValue>
  <variableValue variable="MFQ[year]7E">
    <value valueType="decimal">74.48758374773391</value>
  </variableValue>
  <variableValue variable="MFQ[year]7F">
    <value valueType="decimal">81.62943732481958</value>
  </variableValue>
  <variableValue variable="MFQ[year]7G">
    <value valueType="decimal">49.45335093562223</value>
  </variableValue>
  <variableValue variable="MFQ[year]7H">
    <value valueType="decimal">2.9233131900318288</value>
  </variableValue>
  <variableValue variable="MFQ[year]7I">
    <value valueType="decimal">25.656265426884918</value>
  </variableValue>
  <variableValue variable="MFQ[year]7J">
    <value valueType="decimal">47.63548635130642</value>
  </variableValue>
  <variableValue variable="MFQ[year]7K">
    <value valueType="decimal">33.5541442414104</value>
  </variableValue>
  <variableValue variable="MFQ[year]7L">
    <value valueType="decimal">20.870871683956103</value>
  </variableValue>
  <variableValue variable="MFQ[year]7M">
    <value valueType="decimal">93.0109116050586</value>
  </variableValue>
  <variableValue variable="MFQ[year]7N">
    <value valueType="decimal">22.62009106609959</value>
  </variableValue>
  <variableValue variable="MFQ[year]7O">
    <value valueType="decimal">13.615245490376871</value>
  </variableValue>
  <variableValue variable="MFQ[year]7P">
    <value valueType="decimal">67.09645202919945</value>
  </variableValue>
  <variableValue variable="MFQ[year]7Q">
    <value valueType="decimal">90.03579159793642</value>
  </variableValue>
  <variableValue variable="MFQ[year]7R">
    <value valueType="decimal">46.35331586448363</value>
  </variableValue>
  <variableValue variable="MFQ[year]8A">
    <value valueType="decimal">51.49983189956312</value>
  </variableValue>
  <variableValue variable="MFQ[year]8B">
    <value valueType="decimal">54.82055053101824</value>
  </variableValue>
  <variableValue variable="MFQ[year]8C">
    <value valueType="decimal">57.4890259925947</value>
  </variableValue>
  <variableValue variable="MFQ[year]8D">
    <value valueType="decimal">54.16920737099774</value>
  </variableValue>
  <variableValue variable="MFQ[year]8E">
    <value valueType="decimal">15.027098016782992</value>
  </variableValue>
  <variableValue variable="MFQ[year]8F">
    <value valueType="decimal">2.648134713579464</value>
  </variableValue>
  <variableValue variable="MFQ[year]8G">
    <value valueType="decimal">10.57244031774588</value>
  </variableValue>
  <variableValue variable="MFQ[year]8H">
    <value valueType="decimal">78.34823641186257</value>
  </variableValue>
  <variableValue variable="MFQ1[year]">
    <value valueType="integer">99</value>
  </variableValue>
  <variableValue variable="mfq1[year]">
    <value valueType="decimal">64.46666722245749</value>
  </variableValue>
  <variableValue variable="MFQ2[year]">
    <value valueType="integer">46</value>
  </variableValue>
  <variableValue variable="mfq2[year]">
    <value valueType="decimal">92.34652918616565</value>
  </variableValue>
  <variableValue variable="MFQ3[year]">
    <value valueType="integer">83</value>
  </variableValue>
  <variableValue variable="mfq3[year]">
    <value valueType="decimal">17.676975587321188</value>
  </variableValue>
  <variableValue variable="MFQ4[year]">
    <value valueType="integer">89</value>
  </variableValue>
  <variableValue variable="mfq4[year]">
    <value valueType="decimal">69.88939731741657</value>
  </variableValue>
  <variableValue variable="MLIVE[year]">
    <value valueType="integer">2</value>
  </variableValue>
  <variableValue variable="MOMWK[year]">
    <value valueType="integer">0</value>
  </variableValue>
  <variableValue variable="movie[year]">
    <value valueType="decimal">41.511312593180264</value>
  </variableValue>
  <variableValue variable="MSTA84[year]">
    <value valueType="integer">1</value>
  </variableValue>
  <variableValue variable="MSTAT[year]">
    <value valueType="integer">2</value>
  </variableValue>
  <variableValue variable="NBKS[year]">
    <value valueType="integer">99</value>
  </variableValue>
  <variableValue variable="NCONF[year]">
    <value valueType="integer">33</value>
  </variableValue>
  <variableValue variable="NEEDCATA[year]">
    <value valueType="integer">2</value>
  </variableValue>
  <variableValue variable="NEMP[year]">
    <value valueType="integer">61</value>
  </variableValue>
  <variableValue variable="NEUROTIC[year]">
    <value valueType="integer">36</value>
  </variableValue>
  <variableValue variable="NEWPRNT[year]">
    <value valueType="integer">1</value>
  </variableValue>
  <variableValue variable="nfr[year]">
    <value valueType="integer">86</value>
  </variableValue>
  <variableValue variable="NFRN[year]">
    <value valueType="integer">98</value>
  </variableValue>
  <variableValue variable="NGRNKD[year]">
    <value valueType="integer">13</value>
  </variableValue>
  <variableValue variable="NJOB[year]">
    <value valueType="integer">13</value>
  </variableValue>
  <variableValue variable="NKDHM[year]">
    <value valueType="integer">90</value>
  </variableValue>
  <variableValue variable="NKIDS[year]">
    <value valueType="integer">17</value>
  </variableValue>
  <variableValue variable="NMAG[year]">
    <value valueType="integer">63</value>
  </variableValue>
  <variableValue variable="NMOV[year]">
    <value valueType="integer">24</value>
  </variableValue>
  <variableValue variable="NMTG[year]">
    <value valueType="integer">70</value>
  </variableValue>
  <variableValue variable="NNEIG[year]">
    <value valueType="integer">1</value>
  </variableValue>
  <variableValue variable="NOBR[year]">
    <value valueType="integer">55</value>
  </variableValue>
  <variableValue variable="NOISE[year]">
    <value valueType="integer">4</value>
  </variableValue>
  <variableValue variable="NONFIC[year]">
    <value valueType="integer">85</value>
  </variableValue>
  <variableValue variable="nor[year]">
    <value valueType="integer">51</value>
  </variableValue>
  <variableValue variable="norcr[year]">
    <value valueType="integer">21</value>
  </variableValue>
  <variableValue variable="NOSIS[year]">
    <value valueType="integer">20</value>
  </variableValue>
  <variableValue variable="NOWRK[year]">
    <value valueType="integer">1</value>
  </variableValue>
  <variableValue variable="NRMS[year]">
    <value valueType="integer">84</value>
  </variableValue>
  <variableValue variable="nsp08">
    <value valueType="integer">86</value>
  </variableValue>
  <variableValue variable="NSTATE[year]">
    <value valueType="integer">94</value>
  </variableValue>
  <variableValue variable="NTRAD[year]">
    <value valueType="integer">53</value>
  </variableValue>
  <variableValue variable="NTRIPS[year]">
    <value valueType="integer">11</value>
  </variableValue>
  <variableValue variable="numtot[year]">
    <value valueType="integer">28</value>
  </variableValue>
  <variableValue variable="NVISIT[year]">
    <value valueType="integer">2</value>
  </variableValue>
  <variableValue variable="NWED[year]">
    <value valueType="integer">81</value>
  </variableValue>
  <variableValue variable="NYBR[year]">
    <value valueType="integer">0</value>
  </variableValue>
  <variableValue variable="NYSIS[year]">
    <value valueType="integer">47</value>
  </variableValue>
  <variableValue variable="OBGYN[year]">
    <value valueType="integer">1</value>
  </variableValue>
  <variableValue variable="OCC[year]">
    <value valueType="integer">9</value>
  </variableValue>
  <variableValue variable="OCC84[year]">
    <value valueType="integer">2</value>
  </variableValue>
  <variableValue variable="OPEN[year]">
    <value valueType="integer">19</value>
  </variableValue>
  <variableValue variable="or[year]">
    <value valueType="integer">53</value>
  </variableValue>
  <variableValue variable="oratt[year]">
    <value valueType="integer">79</value>
  </variableValue>
  <variableValue variable="ORGAN[year]">
    <value valueType="integer">5</value>
  </variableValue>
  <variableValue variable="oromt[year]">
    <value valueType="integer">14</value>
  </variableValue>
  <variableValue variable="orwg[year]">
    <value valueType="integer">35</value>
  </variableValue>
  <variableValue variable="OTJ[year]">
    <value valueType="integer">0</value>
  </variableValue>
  <variableValue variable="outhob[year]">
    <value valueType="decimal">51.27276706267941</value>
  </variableValue>
  <variableValue variable="OWNHM[year]">
    <value valueType="integer">1</value>
  </variableValue>
  <variableValue variable="PAINREL[year]">
    <value valueType="integer">2</value>
  </variableValue>
  <variableValue variable="PAP[year]">
    <value valueType="integer">2</value>
  </variableValue>
  <variableValue variable="party[year]">
    <value valueType="decimal">99.29698144866033</value>
  </variableValue>
  <variableValue variable="pase1">
    <value valueType="integer">1</value>
  </variableValue>
  <variableValue variable="pase10">
    <value valueType="integer">1</value>
  </variableValue>
  <variableValue variable="pase10a">
    <value valueType="decimal">62.815969367996516</value>
  </variableValue>
  <variableValue variable="pase10b">
    <value valueType="integer">1</value>
  </variableValue>
  <variableValue variable="pase1b">
    <value valueType="integer">1</value>
  </variableValue>
  <variableValue variable="pase2">
    <value valueType="integer">0</value>
  </variableValue>
  <variableValue variable="pase2a">
    <value valueType="integer">2</value>
  </variableValue>
  <variableValue variable="pase3">
    <value valueType="integer">0</value>
  </variableValue>
  <variableValue variable="pase3b">
    <value valueType="integer">1</value>
  </variableValue>
  <variableValue variable="pase4">
    <value valueType="integer">0</value>
  </variableValue>
  <variableValue variable="pase4b">
    <value valueType="integer">3</value>
  </variableValue>
  <variableValue variable="pase5">
    <value valueType="integer">3</value>
  </variableValue>
  <variableValue variable="pase5b">
    <value valueType="integer">1</value>
  </variableValue>
  <variableValue variable="pase6">
    <value valueType="integer">0</value>
  </variableValue>
  <variableValue variable="pase6b">
    <value valueType="integer">3</value>
  </variableValue>
  <variableValue variable="pase7">
    <value valueType="integer">0</value>
  </variableValue>
  <variableValue variable="pase8">
    <value valueType="integer">1</value>
  </variableValue>
  <variableValue variable="pase9a - pase9d">
    <value valueType="integer">0</value>
  </variableValue>
  <variableValue variable="pattot[year]">
    <value valueType="integer">99</value>
  </variableValue>
  <variableValue variable="PDEMP[year]">
    <value valueType="integer">1</value>
  </variableValue>
  <variableValue variable="PEOP[year]">
    <value valueType="decimal">68.03077272181012</value>
  </variableValue>
  <variableValue variable="pets[year]">
    <value valueType="decimal">35.64985722135765</value>
  </variableValue>
  <variableValue variable="phone[year]">
    <value valueType="decimal">24.28747283511976</value>
  </variableValue>
  <variableValue variable="picnic[year]">
    <value valueType="decimal">43.43989502604742</value>
  </variableValue>
  <variableValue variable="PIPEDAY[year]">
    <value valueType="integer">3</value>
  </variableValue>
  <variableValue variable="PIPES[year]">
    <value valueType="integer">6</value>
  </variableValue>
  <variableValue variable="pirr1[year]">
    <value valueType="integer">87</value>
  </variableValue>
  <variableValue variable="pirr2[year]">
    <value valueType="integer">17</value>
  </variableValue>
  <variableValue variable="PORK[year]">
    <value valueType="integer">3</value>
  </variableValue>
  <variableValue variable="ppr1[year]">
    <value valueType="integer">65</value>
  </variableValue>
  <variableValue variable="ppr2[year]">
    <value valueType="integer">18</value>
  </variableValue>
  <variableValue variable="ppr3[year]">
    <value valueType="integer">15</value>
  </variableValue>
  <variableValue variable="pray[year]">
    <value valueType="decimal">71.46382469061548</value>
  </variableValue>
  <variableValue variable="PRESR[year]">
    <value valueType="integer">4</value>
  </variableValue>
  <variableValue variable="PRO2YR[year]">
    <value valueType="integer">2</value>
  </variableValue>
  <variableValue variable="PROAGE[year]">
    <value valueType="integer">50</value>
  </variableValue>
  <variableValue variable="PROENLAR[year]">
    <value valueType="integer">2</value>
  </variableValue>
  <variableValue variable="PROEXAM[year]">
    <value valueType="integer">95</value>
  </variableValue>
  <variableValue variable="PROS[year]">
    <value valueType="integer">1</value>
  </variableValue>
  <variableValue variable="PROSUC[year]">
    <value valueType="integer">5</value>
  </variableValue>
  <variableValue variable="PRSC84[year]">
    <value valueType="integer">1</value>
  </variableValue>
  <variableValue variable="radio[year]">
    <value valueType="decimal">90.96138220953657</value>
  </variableValue>
  <variableValue variable="RDPAPR[year]">
    <value valueType="integer">1</value>
  </variableValue>
  <variableValue variable="RDWRIT[year]">
    <value valueType="decimal">26.698382783399765</value>
  </variableValue>
  <variableValue variable="read[year]">
    <value valueType="decimal">24.07682218237405</value>
  </variableValue>
  <variableValue variable="REGULAR[year]">
    <value valueType="integer">2</value>
  </variableValue>
  <variableValue variable="REMAR[year]">
    <value valueType="integer">67</value>
  </variableValue>
  <variableValue variable="rv[year]">
    <value valueType="integer">35</value>
  </variableValue>
  <variableValue variable="SAFE[year]">
    <value valueType="integer">1</value>
  </variableValue>
  <variableValue variable="SBHWY[year]">
    <value valueType="integer">3</value>
  </variableValue>
  <variableValue variable="SBTOWN[year]">
    <value valueType="integer">1</value>
  </variableValue>
  <variableValue variable="SELFBLOO[year]">
    <value valueType="integer">4</value>
  </variableValue>
  <variableValue variable="selfim[year]">
    <value valueType="decimal">98.24898769910727</value>
  </variableValue>
  <variableValue variable="SELFMAM[year]">
    <value valueType="integer">4</value>
  </variableValue>
  <variableValue variable="sex">
    <value valueType="integer">1</value>
  </variableValue>
  <variableValue variable="shop[year]">
    <value valueType="decimal">33.08823638496826</value>
  </variableValue>
  <variableValue variable="SIBS[year]">
    <value valueType="integer">73</value>
  </variableValue>
  <variableValue variable="SLEEP[year]">
    <value valueType="integer">2</value>
  </variableValue>
  <variableValue variable="smdvh[year]">
    <value valueType="integer">36</value>
  </variableValue>
  <variableValue variable="smdvl[year]">
    <value valueType="integer">65</value>
  </variableValue>
  <variableValue variable="SMK[year]">
    <value valueType="integer">1</value>
  </variableValue>
  <variableValue variable="SMOKE[year]">
    <value valueType="integer">1</value>
  </variableValue>
  <variableValue variable="SMOKEPAS[year]">
    <value valueType="decimal">74.03795987098346</value>
  </variableValue>
  <variableValue variable="SODA[year]">
    <value valueType="integer">4</value>
  </variableValue>
  <variableValue variable="SODIUM[year]">
    <value valueType="integer">5</value>
  </variableValue>
  <variableValue variable="SPBRN[year]">
    <value valueType="integer">50</value>
  </variableValue>
  <variableValue variable="spec[year]">
    <value valueType="decimal">82.68972076054546</value>
  </variableValue>
  <variableValue variable="SPEED[year]">
    <value valueType="integer">1</value>
  </variableValue>
  <variableValue variable="SPOCC[year]">
    <value valueType="integer">9</value>
  </variableValue>
  <variableValue variable="sport[year]">
    <value valueType="decimal">51.07319679636667</value>
  </variableValue>
  <variableValue variable="SPRVIS[year]">
    <value valueType="integer">3</value>
  </variableValue>
  <variableValue variable="SREYE[year]">
    <value valueType="integer">3</value>
  </variableValue>
  <variableValue variable="srh[year]">
    <value valueType="integer">1</value>
  </variableValue>
  <variableValue variable="SRHEALTH">
    <value valueType="integer">1</value>
  </variableValue>
  <variableValue variable="SRHEAR[year]">
    <value valueType="integer">1</value>
  </variableValue>
  <variableValue variable="sstot[year]">
    <value valueType="integer">89</value>
  </variableValue>
  <variableValue variable="STAIRS[year]">
    <value valueType="integer">5</value>
  </variableValue>
  <variableValue variable="TEA[year]">
    <value valueType="integer">3</value>
  </variableValue>
  <variableValue variable="TRAF[year]">
    <value valueType="integer">1</value>
  </variableValue>
  <variableValue variable="travel[year]">
    <value valueType="decimal">73.11638222732915</value>
  </variableValue>
  <variableValue variable="TREES[year]">
    <value valueType="integer">3</value>
  </variableValue>
  <variableValue variable="TRYSTOP[year]">
    <value valueType="integer">1</value>
  </variableValue>
  <variableValue variable="tv[year]">
    <value valueType="decimal">83.0551199061481</value>
  </variableValue>
  <variableValue variable="TYPBLD[year]">
    <value valueType="integer">3</value>
  </variableValue>
  <variableValue variable="UNIVEX[year]">
    <value valueType="integer">0</value>
  </variableValue>
  <variableValue variable="VEAL[year]">
    <value valueType="integer">3</value>
  </variableValue>
  <variableValue variable="vis[year]">
    <value valueType="decimal">11.547091005519194</value>
  </variableValue>
  <variableValue variable="vocab1[year]">
    <value valueType="integer">21</value>
  </variableValue>
  <variableValue variable="vocab2[year]">
    <value valueType="integer">17</value>
  </variableValue>
  <variableValue variable="VOCAT[year]">
    <value valueType="integer">0</value>
  </variableValue>
  <variableValue variable="vol[year]">
    <value valueType="decimal">30.30374600733464</value>
  </variableValue>
  <variableValue variable="walk[year]">
    <value valueType="decimal">15.388702903341578</value>
  </variableValue>
  <variableValue variable="WALK[year]">
    <value valueType="integer">2</value>
  </variableValue>
  <variableValue variable="wdflu[year]">
    <value valueType="integer">10</value>
  </variableValue>
  <variableValue variable="WEIGHT[year]">
    <value valueType="integer">79</value>
  </variableValue>
  <variableValue variable="WELL[year]">
    <value valueType="integer">2</value>
  </variableValue>
  <variableValue variable="WINE[year]">
    <value valueType="integer">77</value>
  </variableValue>
  <variableValue variable="write[year]">
    <value valueType="decimal">65.98878879692684</value>
  </variableValue>
  <variableValue variable="WRKPLC[year]">
    <value valueType="integer">4</value>
  </variableValue>
  <variableValue variable="WRKTYP[year]">
    <value valueType="integer">3</value>
  </variableValue>
  <variableValue variable="ws[year]">
    <value valueType="integer">87</value>
  </variableValue>
  <variableValue variable="YEAROP[year]">
    <value valueType="integer">65</value>
  </variableValue>
  <variableValue variable="YRQUIT[year]">
    <value valueType="integer">10</value>
  </variableValue>
  <variableValue variable="YRRET[year]">
    <value valueType="integer">28</value>
  </variableValue>
  <variableValue variable="YRSMOKE[year]">
    <value valueType="decimal">71.26208264994489</value>
  </variableValue>
</valueSet>