<valueSet valueTable="2008" entityType="Participant" entityIdentifier="1689663016896630">
  <variableValue variable="ADLTED[year]">
    <value valueType="integer">0</value>
  </variableValue>
  <variableValue variable="ADVDIR[year]">
    <value valueType="integer">2</value>
  </variableValue>
  <variableValue variable="age[year]">
    <value valueType="integer">6</value>
  </variableValue>
  <variableValue variable="AGEKID[year]">
    <value valueType="integer">5</value>
  </variableValue>
  <variableValue variable="AGENB[year]">
    <value valueType="integer">1</value>
  </variableValue>
  <variableValue variable="AGEWED[year]">
    <value valueType="integer">33</value>
  </variableValue>
  <variableValue variable="AGFRN[year]">
    <value valueType="integer">2</value>
  </variableValue>
  <variableValue variable="AGREE[year]">
    <value valueType="integer">17</value>
  </variableValue>
  <variableValue variable="ALCOHOL[year]">
    <value valueType="integer">1</value>
  </variableValue>
  <variableValue variable="Apdemp[year]">
    <value valueType="decimal">6.150697635947566</value>
  </variableValue>
  <variableValue variable="ART[year]">
    <value valueType="integer">1</value>
  </variableValue>
  <variableValue variable="BDATE_DY">
    <value valueType="integer">65</value>
  </variableValue>
  <variableValue variable="BDATE_MO">
    <value valueType="integer">84</value>
  </variableValue>
  <variableValue variable="BDATE_YR">
    <value valueType="integer">78</value>
  </variableValue>
  <variableValue variable="BEEF[year]">
    <value valueType="integer">4</value>
  </variableValue>
  <variableValue variable="BEER[year]">
    <value valueType="integer">67</value>
  </variableValue>
  <variableValue variable="BLDLK[year]">
    <value valueType="integer">1</value>
  </variableValue>
  <variableValue variable="BLOODPRE[year]">
    <value valueType="integer">2</value>
  </variableValue>
  <variableValue variable="BOOK[year]">
    <value valueType="integer">1</value>
  </variableValue>
  <variableValue variable="BRUSH[year]">
    <value valueType="integer">58</value>
  </variableValue>
  <variableValue variable="BUTTER[year]">
    <value valueType="integer">3</value>
  </variableValue>
  <variableValue variable="BUYFAT[year]">
    <value valueType="integer">4</value>
  </variableValue>
  <variableValue variable="BUYSALT[year]">
    <value valueType="integer">5</value>
  </variableValue>
  <variableValue variable="CANCHK[year]">
    <value valueType="integer">1</value>
  </variableValue>
  <variableValue variable="cards[year]">
    <value valueType="decimal">68.53170062428919</value>
  </variableValue>
  <variableValue variable="CATARACT[year]">
    <value valueType="integer">1</value>
  </variableValue>
  <variableValue variable="CHKFAT[year]">
    <value valueType="integer">4</value>
  </variableValue>
  <variableValue variable="CHOLES[year]">
    <value valueType="integer">5</value>
  </variableValue>
  <variableValue variable="chur[year]">
    <value valueType="decimal">51.24577722770937</value>
  </variableValue>
  <variableValue variable="CIGARDAY[year]">
    <value valueType="integer">3</value>
  </variableValue>
  <variableValue variable="CIGARS[year]">
    <value valueType="integer">6</value>
  </variableValue>
  <variableValue variable="CIGDAY[year]">
    <value valueType="integer">2</value>
  </variableValue>
  <variableValue variable="CIGS[year]">
    <value valueType="integer">4</value>
  </variableValue>
  <variableValue variable="CLNAIR[year]">
    <value valueType="integer">1</value>
  </variableValue>
  <variableValue variable="COFFEE[year]">
    <value valueType="integer">5</value>
  </variableValue>
  <variableValue variable="CONSCIEN[year]">
    <value valueType="integer">11</value>
  </variableValue>
  <variableValue variable="cook[year]">
    <value valueType="decimal">40.68915765051832</value>
  </variableValue>
  <variableValue variable="COOKBUT[year]">
    <value valueType="integer">2</value>
  </variableValue>
  <variableValue variable="CORS[year]">
    <value valueType="integer">1</value>
  </variableValue>
  <variableValue variable="crafts[year]">
    <value valueType="decimal">66.24506343051706</value>
  </variableValue>
  <variableValue variable="crdp1[year]">
    <value valueType="integer">44</value>
  </variableValue>
  <variableValue variable="crdp2[year]">
    <value valueType="integer">64</value>
  </variableValue>
  <variableValue variable="cult[year]">
    <value valueType="decimal">35.07906431264735</value>
  </variableValue>
  <variableValue variable="dance[year]">
    <value valueType="decimal">18.47280524125151</value>
  </variableValue>
  <variableValue variable="DENTIST[year]">
    <value valueType="integer">4</value>
  </variableValue>
  <variableValue variable="DENTURE[year]">
    <value valueType="integer">1</value>
  </variableValue>
  <variableValue variable="DIABET[year]">
    <value valueType="integer">2</value>
  </variableValue>
  <variableValue variable="DRMAM[year]">
    <value valueType="integer">3</value>
  </variableValue>
  <variableValue variable="DRVISIT[year]">
    <value valueType="integer">86</value>
  </variableValue>
  <variableValue variable="dydrm[year]">
    <value valueType="decimal">0.6849382518071656</value>
  </variableValue>
  <variableValue variable="EARCHK[year]">
    <value valueType="integer">0</value>
  </variableValue>
  <variableValue variable="eatout[year]">
    <value valueType="decimal">45.98901157407014</value>
  </variableValue>
  <variableValue variable="EATSALT[year]">
    <value valueType="integer">2</value>
  </variableValue>
  <variableValue variable="edact[year]">
    <value valueType="decimal">26.60220691670937</value>
  </variableValue>
  <variableValue variable="educ">
    <value valueType="integer">28</value>
  </variableValue>
  <variableValue variable="EDUC[year]">
    <value valueType="integer">91</value>
  </variableValue>
  <variableValue variable="EGG[year]">
    <value valueType="integer">1</value>
  </variableValue>
  <variableValue variable="eldcar[year]">
    <value valueType="decimal">19.04471284703361</value>
  </variableValue>
  <variableValue variable="ELDCAR[year]">
    <value valueType="decimal">69.1482240344819</value>
  </variableValue>
  <variableValue variable="ENT1[year]">
    <value valueType="integer">13</value>
  </variableValue>
  <variableValue variable="ENT2[year]">
    <value valueType="integer">3</value>
  </variableValue>
  <variableValue variable="ENT3[year]">
    <value valueType="integer">12</value>
  </variableValue>
  <variableValue variable="eth[year]">
    <value valueType="integer">64</value>
  </variableValue>
  <variableValue variable="EXCERTOT[year]">
    <value valueType="decimal">86.58057806951874</value>
  </variableValue>
  <variableValue variable="EXCERWK[year]">
    <value valueType="integer">21</value>
  </variableValue>
  <variableValue variable="EXTRAVER[year]">
    <value valueType="integer">49</value>
  </variableValue>
  <variableValue variable="EYECHG[year]">
    <value valueType="integer">7</value>
  </variableValue>
  <variableValue variable="EYECHK[year]">
    <value valueType="integer">1</value>
  </variableValue>
  <variableValue variable="EYEGLAS[year]">
    <value valueType="integer">3</value>
  </variableValue>
  <variableValue variable="FAGE[year]">
    <value valueType="integer">16</value>
  </variableValue>
  <variableValue variable="FAITH[year]">
    <value valueType="integer">1</value>
  </variableValue>
  <variableValue variable="FALLS[year]">
    <value valueType="integer">4</value>
  </variableValue>
  <variableValue variable="FCAUSE[year]">
    <value valueType="integer">5</value>
  </variableValue>
  <variableValue variable="FDIE[year]">
    <value valueType="integer">91</value>
  </variableValue>
  <variableValue variable="FIC[year]">
    <value valueType="integer">29</value>
  </variableValue>
  <variableValue variable="fit[year]">
    <value valueType="decimal">66.38290478832106</value>
  </variableValue>
  <variableValue variable="FLIVE[year]">
    <value valueType="integer">2</value>
  </variableValue>
  <variableValue variable="FLOSS[year]">
    <value valueType="integer">2</value>
  </variableValue>
  <variableValue variable="FLUSHOT[year]">
    <value valueType="integer">2</value>
  </variableValue>
  <variableValue variable="fr[year]">
    <value valueType="integer">32</value>
  </variableValue>
  <variableValue variable="fratt[year]">
    <value valueType="integer">9</value>
  </variableValue>
  <variableValue variable="frcr[year]">
    <value valueType="integer">37</value>
  </variableValue>
  <variableValue variable="fromt[year]">
    <value valueType="integer">8</value>
  </variableValue>
  <variableValue variable="frwg[year]">
    <value valueType="integer">73</value>
  </variableValue>
  <variableValue variable="game[year]">
    <value valueType="decimal">36.72231359815344</value>
  </variableValue>
  <variableValue variable="gds[year]1 –  gds[year]30">
    <value valueType="integer">1</value>
  </variableValue>
  <variableValue variable="gdstot[year]">
    <value valueType="integer">31</value>
  </variableValue>
  <variableValue variable="HANDS[year]">
    <value valueType="decimal">26.298764830316134</value>
  </variableValue>
  <variableValue variable="HARDLIQ[year]">
    <value valueType="integer">10</value>
  </variableValue>
  <variableValue variable="HEALTHCH[year]">
    <value valueType="integer">4</value>
  </variableValue>
  <variableValue variable="HEARAID[year]">
    <value valueType="integer">0</value>
  </variableValue>
  <variableValue variable="HEARCHG[year]">
    <value valueType="integer">4</value>
  </variableValue>
  <variableValue variable="HEARSPEC[year]">
    <value valueType="integer">1</value>
  </variableValue>
  <variableValue variable="HEART[year]">
    <value valueType="integer">2</value>
  </variableValue>
  <variableValue variable="HEIGHT[year]">
    <value valueType="integer">54</value>
  </variableValue>
  <variableValue variable="HHEIGHT[year]">
    <value valueType="integer">74</value>
  </variableValue>
  <variableValue variable="HIGHBLOO[year]">
    <value valueType="integer">2</value>
  </variableValue>
  <variableValue variable="HJOBTP[year]">
    <value valueType="integer">3</value>
  </variableValue>
  <variableValue variable="HMKHD[year]">
    <value valueType="decimal">95.22113476633261</value>
  </variableValue>
  <variableValue variable="HMKJB[year]">
    <value valueType="integer">40</value>
  </variableValue>
  <variableValue variable="HMKPE[year]">
    <value valueType="decimal">88.49134433127874</value>
  </variableValue>
  <variableValue variable="HMKPRS[year]">
    <value valueType="integer">2</value>
  </variableValue>
  <variableValue variable="HMKR[year]">
    <value valueType="integer">94</value>
  </variableValue>
  <variableValue variable="HMKRD[year]">
    <value valueType="decimal">40.33900680722341</value>
  </variableValue>
  <variableValue variable="HOSDAYS[year]">
    <value valueType="integer">6</value>
  </variableValue>
  <variableValue variable="HOSVISIT[year]">
    <value valueType="integer">0</value>
  </variableValue>
  <variableValue variable="HWEIGHT[year]">
    <value valueType="integer">11</value>
  </variableValue>
  <variableValue variable="INC[year]">
    <value valueType="integer">1</value>
  </variableValue>
  <variableValue variable="INC84[year]">
    <value valueType="integer">1</value>
  </variableValue>
  <variableValue variable="instr[year]">
    <value valueType="decimal">49.4153853267684</value>
  </variableValue>
  <variableValue variable="ir[year]a1 - ir[year]a20">
    <value valueType="integer">1</value>
  </variableValue>
  <variableValue variable="ir[year]b1 - ir[year]b20">
    <value valueType="integer">1</value>
  </variableValue>
  <variableValue variable="JOBLEN[year]">
    <value valueType="integer">2</value>
  </variableValue>
  <variableValue variable="JOBTYP[year]">
    <value valueType="integer">2</value>
  </variableValue>
  <variableValue variable="kidcar[year]">
    <value valueType="decimal">76.0852335377224</value>
  </variableValue>
  <variableValue variable="LAMB[year]">
    <value valueType="integer">2</value>
  </variableValue>
  <variableValue variable="lettot[year]">
    <value valueType="integer">11</value>
  </variableValue>
  <variableValue variable="LFST84[year]">
    <value valueType="integer">4</value>
  </variableValue>
  <variableValue variable="LIFSAT[year]">
    <value valueType="integer">4</value>
  </variableValue>
  <variableValue variable="LIVESMOK[year]">
    <value valueType="integer">3</value>
  </variableValue>
  <variableValue variable="ls[year]">
    <value valueType="integer">39</value>
  </variableValue>
  <variableValue variable="LSTJOB[year]">
    <value valueType="integer">1</value>
  </variableValue>
  <variableValue variable="LVNGWILL[year]">
    <value valueType="integer">2</value>
  </variableValue>
  <variableValue variable="MAGE[year]">
    <value valueType="integer">89</value>
  </variableValue>
  <variableValue variable="MAM[year]">
    <value valueType="integer">2</value>
  </variableValue>
  <variableValue variable="MAM2YR[year]">
    <value valueType="integer">1</value>
  </variableValue>
  <variableValue variable="MAMAGE[year]">
    <value valueType="integer">92</value>
  </variableValue>
  <variableValue variable="MAMEXAM[year]">
    <value valueType="integer">84</value>
  </variableValue>
  <variableValue variable="MASTECT[year]">
    <value valueType="integer">1</value>
  </variableValue>
  <variableValue variable="MCAUSE[year]">
    <value valueType="integer">5</value>
  </variableValue>
  <variableValue variable="MDIE[year]">
    <value valueType="integer">32</value>
  </variableValue>
  <variableValue variable="MED[year]">
    <value valueType="integer">2</value>
  </variableValue>
  <variableValue variable="MENAGE[year]">
    <value valueType="integer">79</value>
  </variableValue>
  <variableValue variable="MENHIST[year]">
    <value valueType="integer">31</value>
  </variableValue>
  <variableValue variable="MENSIT[year]">
    <value valueType="integer">5</value>
  </variableValue>
  <variableValue variable="MFQ[year]1">
    <value valueType="decimal">76.21143365299037</value>
  </variableValue>
  <variableValue variable="MFQ[year]2A">
    <value valueType="decimal">58.864799438358986</value>
  </variableValue>
  <variableValue variable="MFQ[year]2B">
    <value valueType="decimal">65.42965633109354</value>
  </variableValue>
  <variableValue variable="MFQ[year]2C">
    <value valueType="decimal">41.96031387807706</value>
  </variableValue>
  <variableValue variable="MFQ[year]2D">
    <value valueType="decimal">72.84313139191447</value>
  </variableValue>
  <variableValue variable="MFQ[year]2E">
    <value valueType="decimal">76.42249976797922</value>
  </variableValue>
  <variableValue variable="MFQ[year]3A">
    <value valueType="decimal">2.0301749735789354</value>
  </variableValue>
  <variableValue variable="MFQ[year]3B">
    <value valueType="decimal">96.79529165411756</value>
  </variableValue>
  <variableValue variable="MFQ[year]3C">
    <value valueType="decimal">45.554810898892484</value>
  </variableValue>
  <variableValue variable="MFQ[year]3D">
    <value valueType="decimal">93.06029906972412</value>
  </variableValue>
  <variableValue variable="MFQ[year]3E">
    <value valueType="decimal">77.08497506921975</value>
  </variableValue>
  <variableValue variable="MFQ[year]3F">
    <value valueType="decimal">57.79621776694638</value>
  </variableValue>
  <variableValue variable="MFQ[year]3G">
    <value valueType="decimal">6.781245276375946</value>
  </variableValue>
  <variableValue variable="MFQ[year]3H">
    <value valueType="decimal">33.687867144738924</value>
  </variableValue>
  <variableValue variable="MFQ[year]3I">
    <value valueType="decimal">27.857408963387552</value>
  </variableValue>
  <variableValue variable="MFQ[year]3J">
    <value valueType="decimal">68.32764336758225</value>
  </variableValue>
  <variableValue variable="MFQ[year]3K">
    <value valueType="decimal">6.802542024671931</value>
  </variableValue>
  <variableValue variable="MFQ[year]3L">
    <value valueType="decimal">11.322628210555974</value>
  </variableValue>
  <variableValue variable="MFQ[year]3M">
    <value valueType="decimal">77.50307513780595</value>
  </variableValue>
  <variableValue variable="MFQ[year]3N">
    <value valueType="decimal">39.25802723166267</value>
  </variableValue>
  <variableValue variable="MFQ[year]3O">
    <value valueType="decimal">81.91643971621885</value>
  </variableValue>
  <variableValue variable="MFQ[year]3P">
    <value valueType="decimal">24.98237388388811</value>
  </variableValue>
  <variableValue variable="MFQ[year]3Q">
    <value valueType="decimal">87.59168357994878</value>
  </variableValue>
  <variableValue variable="MFQ[year]3R">
    <value valueType="decimal">38.44442162131608</value>
  </variableValue>
  <variableValue variable="MFQ[year]4A">
    <value valueType="decimal">99.835877285293</value>
  </variableValue>
  <variableValue variable="MFQ[year]4B">
    <value valueType="decimal">62.96124006830698</value>
  </variableValue>
  <variableValue variable="MFQ[year]4C">
    <value valueType="decimal">57.37963137426322</value>
  </variableValue>
  <variableValue variable="MFQ[year]4D">
    <value valueType="decimal">70.92919865072481</value>
  </variableValue>
  <variableValue variable="MFQ[year]4E">
    <value valueType="decimal">52.75434607488442</value>
  </variableValue>
  <variableValue variable="MFQ[year]5A">
    <value valueType="decimal">40.764617561523345</value>
  </variableValue>
  <variableValue variable="MFQ[year]5B">
    <value valueType="decimal">89.07466811885409</value>
  </variableValue>
  <variableValue variable="MFQ[year]5C">
    <value valueType="decimal">28.00133417319417</value>
  </variableValue>
  <variableValue variable="MFQ[year]5D">
    <value valueType="decimal">74.40046145900342</value>
  </variableValue>
  <variableValue variable="MFQ[year]5E">
    <value valueType="decimal">70.26362982259158</value>
  </variableValue>
  <variableValue variable="MFQ[year]6A">
    <value valueType="decimal">53.27536070665645</value>
  </variableValue>
  <variableValue variable="MFQ[year]6B">
    <value valueType="decimal">2.122350997453304</value>
  </variableValue>
  <variableValue variable="MFQ[year]6C">
    <value valueType="decimal">86.40703320394397</value>
  </variableValue>
  <variableValue variable="MFQ[year]6D">
    <value valueType="decimal">52.04002048411689</value>
  </variableValue>
  <variableValue variable="MFQ[year]7A">
    <value valueType="decimal">56.83451005464148</value>
  </variableValue>
  <variableValue variable="MFQ[year]7B">
    <value valueType="decimal">61.68967233864705</value>
  </variableValue>
  <variableValue variable="MFQ[year]7C">
    <value valueType="decimal">11.448892283220335</value>
  </variableValue>
  <variableValue variable="MFQ[year]7D">
    <value valueType="decimal">6.42741242010575</value>
  </variableValue>
  <variableValue variable="MFQ[year]7E">
    <value valueType="decimal">36.58707801651669</value>
  </variableValue>
  <variableValue variable="MFQ[year]7F">
    <value valueType="decimal">54.70789004817047</value>
  </variableValue>
  <variableValue variable="MFQ[year]7G">
    <value valueType="decimal">25.857576906993994</value>
  </variableValue>
  <variableValue variable="MFQ[year]7H">
    <value valueType="decimal">10.41510830040232</value>
  </variableValue>
  <variableValue variable="MFQ[year]7I">
    <value valueType="decimal">76.69957779578678</value>
  </variableValue>
  <variableValue variable="MFQ[year]7J">
    <value valueType="decimal">63.66094824793278</value>
  </variableValue>
  <variableValue variable="MFQ[year]7K">
    <value valueType="decimal">62.799939427091125</value>
  </variableValue>
  <variableValue variable="MFQ[year]7L">
    <value valueType="decimal">87.3656820207412</value>
  </variableValue>
  <variableValue variable="MFQ[year]7M">
    <value valueType="decimal">74.83928654856054</value>
  </variableValue>
  <variableValue variable="MFQ[year]7N">
    <value valueType="decimal">65.22607458502911</value>
  </variableValue>
  <variableValue variable="MFQ[year]7O">
    <value valueType="decimal">18.611583525647248</value>
  </variableValue>
  <variableValue variable="MFQ[year]7P">
    <value valueType="decimal">4.40786666712627</value>
  </variableValue>
  <variableValue variable="MFQ[year]7Q">
    <value valueType="decimal">62.92806943028522</value>
  </variableValue>
  <variableValue variable="MFQ[year]7R">
    <value valueType="decimal">57.94279532047552</value>
  </variableValue>
  <variableValue variable="MFQ[year]8A">
    <value valueType="decimal">59.50502802850926</value>
  </variableValue>
  <variableValue variable="MFQ[year]8B">
    <value valueType="decimal">68.40129032432385</value>
  </variableValue>
  <variableValue variable="MFQ[year]8C">
    <value valueType="decimal">21.936961749995564</value>
  </variableValue>
  <variableValue variable="MFQ[year]8D">
    <value valueType="decimal">8.548144407187031</value>
  </variableValue>
  <variableValue variable="MFQ[year]8E">
    <value valueType="decimal">73.62629346834714</value>
  </variableValue>
  <variableValue variable="MFQ[year]8F">
    <value valueType="decimal">75.52984989220518</value>
  </variableValue>
  <variableValue variable="MFQ[year]8G">
    <value valueType="decimal">16.99412194385095</value>
  </variableValue>
  <variableValue variable="MFQ[year]8H">
    <value valueType="decimal">33.411743760593794</value>
  </variableValue>
  <variableValue variable="MFQ1[year]">
    <value valueType="integer">86</value>
  </variableValue>
  <variableValue variable="mfq1[year]">
    <value valueType="decimal">36.052826968813875</value>
  </variableValue>
  <variableValue variable="MFQ2[year]">
    <value valueType="integer">86</value>
  </variableValue>
  <variableValue variable="mfq2[year]">
    <value valueType="decimal">19.02013415044036</value>
  </variableValue>
  <variableValue variable="MFQ3[year]">
    <value valueType="integer">41</value>
  </variableValue>
  <variableValue variable="mfq3[year]">
    <value valueType="decimal">66.86606905472152</value>
  </variableValue>
  <variableValue variable="MFQ4[year]">
    <value valueType="integer">48</value>
  </variableValue>
  <variableValue variable="mfq4[year]">
    <value valueType="decimal">22.655616013575287</value>
  </variableValue>
  <variableValue variable="MLIVE[year]">
    <value valueType="integer">3</value>
  </variableValue>
  <variableValue variable="MOMWK[year]">
    <value valueType="integer">1</value>
  </variableValue>
  <variableValue variable="movie[year]">
    <value valueType="decimal">72.17103490366597</value>
  </variableValue>
  <variableValue variable="MSTA84[year]">
    <value valueType="integer">5</value>
  </variableValue>
  <variableValue variable="MSTAT[year]">
    <value valueType="integer">6</value>
  </variableValue>
  <variableValue variable="NBKS[year]">
    <value valueType="integer">20</value>
  </variableValue>
  <variableValue variable="NCONF[year]">
    <value valueType="integer">44</value>
  </variableValue>
  <variableValue variable="NEEDCATA[year]">
    <value valueType="integer">3</value>
  </variableValue>
  <variableValue variable="NEMP[year]">
    <value valueType="integer">5</value>
  </variableValue>
  <variableValue variable="NEUROTIC[year]">
    <value valueType="integer">20</value>
  </variableValue>
  <variableValue variable="NEWPRNT[year]">
    <value valueType="integer">1</value>
  </variableValue>
  <variableValue variable="nfr[year]">
    <value valueType="integer">49</value>
  </variableValue>
  <variableValue variable="NFRN[year]">
    <value valueType="integer">74</value>
  </variableValue>
  <variableValue variable="NGRNKD[year]">
    <value valueType="integer">36</value>
  </variableValue>
  <variableValue variable="NJOB[year]">
    <value valueType="integer">40</value>
  </variableValue>
  <variableValue variable="NKDHM[year]">
    <value valueType="integer">41</value>
  </variableValue>
  <variableValue variable="NKIDS[year]">
    <value valueType="integer">89</value>
  </variableValue>
  <variableValue variable="NMAG[year]">
    <value valueType="integer">44</value>
  </variableValue>
  <variableValue variable="NMOV[year]">
    <value valueType="integer">48</value>
  </variableValue>
  <variableValue variable="NMTG[year]">
    <value valueType="integer">36</value>
  </variableValue>
  <variableValue variable="NNEIG[year]">
    <value valueType="integer">1</value>
  </variableValue>
  <variableValue variable="NOBR[year]">
    <value valueType="integer">46</value>
  </variableValue>
  <variableValue variable="NOISE[year]">
    <value valueType="integer">4</value>
  </variableValue>
  <variableValue variable="NONFIC[year]">
    <value valueType="integer">33</value>
  </variableValue>
  <variableValue variable="nor[year]">
    <value valueType="integer">90</value>
  </variableValue>
  <variableValue variable="norcr[year]">
    <value valueType="integer">15</value>
  </variableValue>
  <variableValue variable="NOSIS[year]">
    <value valueType="integer">76</value>
  </variableValue>
  <variableValue variable="NOWRK[year]">
    <value valueType="integer">4</value>
  </variableValue>
  <variableValue variable="NRMS[year]">
    <value valueType="integer">95</value>
  </variableValue>
  <variableValue variable="nsp08">
    <value valueType="integer">77</value>
  </variableValue>
  <variableValue variable="NSTATE[year]">
    <value valueType="integer">98</value>
  </variableValue>
  <variableValue variable="NTRAD[year]">
    <value valueType="integer">65</value>
  </variableValue>
  <variableValue variable="NTRIPS[year]">
    <value valueType="integer">18</value>
  </variableValue>
  <variableValue variable="numtot[year]">
    <value valueType="integer">68</value>
  </variableValue>
  <variableValue variable="NVISIT[year]">
    <value valueType="integer">4</value>
  </variableValue>
  <variableValue variable="NWED[year]">
    <value valueType="integer">80</value>
  </variableValue>
  <variableValue variable="NYBR[year]">
    <value valueType="integer">75</value>
  </variableValue>
  <variableValue variable="NYSIS[year]">
    <value valueType="integer">58</value>
  </variableValue>
  <variableValue variable="OBGYN[year]">
    <value valueType="integer">3</value>
  </variableValue>
  <variableValue variable="OCC[year]">
    <value valueType="integer">7</value>
  </variableValue>
  <variableValue variable="OCC84[year]">
    <value valueType="integer">6</value>
  </variableValue>
  <variableValue variable="OPEN[year]">
    <value valueType="integer">3</value>
  </variableValue>
  <variableValue variable="or[year]">
    <value valueType="integer">86</value>
  </variableValue>
  <variableValue variable="oratt[year]">
    <value valueType="integer">50</value>
  </variableValue>
  <variableValue variable="ORGAN[year]">
    <value valueType="integer">5</value>
  </variableValue>
  <variableValue variable="oromt[year]">
    <value valueType="integer">38</value>
  </variableValue>
  <variableValue variable="orwg[year]">
    <value valueType="integer">75</value>
  </variableValue>
  <variableValue variable="OTJ[year]">
    <value valueType="integer">0</value>
  </variableValue>
  <variableValue variable="outhob[year]">
    <value valueType="decimal">57.02376081817585</value>
  </variableValue>
  <variableValue variable="OWNHM[year]">
    <value valueType="integer">0</value>
  </variableValue>
  <variableValue variable="PAINREL[year]">
    <value valueType="integer">3</value>
  </variableValue>
  <variableValue variable="PAP[year]">
    <value valueType="integer">2</value>
  </variableValue>
  <variableValue variable="party[year]">
    <value valueType="decimal">5.846914079782328</value>
  </variableValue>
  <variableValue variable="pase1">
    <value valueType="integer">3</value>
  </variableValue>
  <variableValue variable="pase10">
    <value valueType="integer">0</value>
  </variableValue>
  <variableValue variable="pase10a">
    <value valueType="decimal">51.73920884453097</value>
  </variableValue>
  <variableValue variable="pase10b">
    <value valueType="integer">1</value>
  </variableValue>
  <variableValue variable="pase1b">
    <value valueType="integer">1</value>
  </variableValue>
  <variableValue variable="pase2">
    <value valueType="integer">2</value>
  </variableValue>
  <variableValue variable="pase2a">
    <value valueType="integer">2</value>
  </variableValue>
  <variableValue variable="pase3">
    <value valueType="integer">1</value>
  </variableValue>
  <variableValue variable="pase3b">
    <value valueType="integer">1</value>
  </variableValue>
  <variableValue variable="pase4">
    <value valueType="integer">2</value>
  </variableValue>
  <variableValue variable="pase4b">
    <value valueType="integer">3</value>
  </variableValue>
  <variableValue variable="pase5">
    <value valueType="integer">2</value>
  </variableValue>
  <variableValue variable="pase5b">
    <value valueType="integer">2</value>
  </variableValue>
  <variableValue variable="pase6">
    <value valueType="integer">3</value>
  </variableValue>
  <variableValue variable="pase6b">
    <value valueType="integer">4</value>
  </variableValue>
  <variableValue variable="pase7">
    <value valueType="integer">1</value>
  </variableValue>
  <variableValue variable="pase8">
    <value valueType="integer">1</value>
  </variableValue>
  <variableValue variable="pase9a - pase9d">
    <value valueType="integer">0</value>
  </variableValue>
  <variableValue variable="pattot[year]">
    <value valueType="integer">33</value>
  </variableValue>
  <variableValue variable="PDEMP[year]">
    <value valueType="integer">1</value>
  </variableValue>
  <variableValue variable="PEOP[year]">
    <value valueType="decimal">1.545897437711219</value>
  </variableValue>
  <variableValue variable="pets[year]">
    <value valueType="decimal">27.061693094179596</value>
  </variableValue>
  <variableValue variable="phone[year]">
    <value valueType="decimal">60.63056863268061</value>
  </variableValue>
  <variableValue variable="picnic[year]">
    <value valueType="decimal">94.79877213711943</value>
  </variableValue>
  <variableValue variable="PIPEDAY[year]">
    <value valueType="integer">4</value>
  </variableValue>
  <variableValue variable="PIPES[year]">
    <value valueType="integer">5</value>
  </variableValue>
  <variableValue variable="pirr1[year]">
    <value valueType="integer">25</value>
  </variableValue>
  <variableValue variable="pirr2[year]">
    <value valueType="integer">2</value>
  </variableValue>
  <variableValue variable="PORK[year]">
    <value valueType="integer">4</value>
  </variableValue>
  <variableValue variable="ppr1[year]">
    <value valueType="integer">26</value>
  </variableValue>
  <variableValue variable="ppr2[year]">
    <value valueType="integer">2</value>
  </variableValue>
  <variableValue variable="ppr3[year]">
    <value valueType="integer">99</value>
  </variableValue>
  <variableValue variable="pray[year]">
    <value valueType="decimal">90.32998998827905</value>
  </variableValue>
  <variableValue variable="PRESR[year]">
    <value valueType="integer">4</value>
  </variableValue>
  <variableValue variable="PRO2YR[year]">
    <value valueType="integer">2</value>
  </variableValue>
  <variableValue variable="PROAGE[year]">
    <value valueType="integer">6</value>
  </variableValue>
  <variableValue variable="PROENLAR[year]">
    <value valueType="integer">2</value>
  </variableValue>
  <variableValue variable="PROEXAM[year]">
    <value valueType="integer">54</value>
  </variableValue>
  <variableValue variable="PROS[year]">
    <value valueType="integer">1</value>
  </variableValue>
  <variableValue variable="PROSUC[year]">
    <value valueType="integer">2</value>
  </variableValue>
  <variableValue variable="PRSC84[year]">
    <value valueType="integer">3</value>
  </variableValue>
  <variableValue variable="radio[year]">
    <value valueType="decimal">0.14383676368023846</value>
  </variableValue>
  <variableValue variable="RDPAPR[year]">
    <value valueType="integer">0</value>
  </variableValue>
  <variableValue variable="RDWRIT[year]">
    <value valueType="decimal">37.99641656129551</value>
  </variableValue>
  <variableValue variable="read[year]">
    <value valueType="decimal">64.09499084022916</value>
  </variableValue>
  <variableValue variable="REGULAR[year]">
    <value valueType="integer">1</value>
  </variableValue>
  <variableValue variable="REMAR[year]">
    <value valueType="integer">78</value>
  </variableValue>
  <variableValue variable="rv[year]">
    <value valueType="integer">5</value>
  </variableValue>
  <variableValue variable="SAFE[year]">
    <value valueType="integer">1</value>
  </variableValue>
  <variableValue variable="SBHWY[year]">
    <value valueType="integer">1</value>
  </variableValue>
  <variableValue variable="SBTOWN[year]">
    <value valueType="integer">3</value>
  </variableValue>
  <variableValue variable="SELFBLOO[year]">
    <value valueType="integer">6</value>
  </variableValue>
  <variableValue variable="selfim[year]">
    <value valueType="decimal">19.837397026085178</value>
  </variableValue>
  <variableValue variable="SELFMAM[year]">
    <value valueType="integer">2</value>
  </variableValue>
  <variableValue variable="sex">
    <value valueType="integer">1</value>
  </variableValue>
  <variableValue variable="shop[year]">
    <value valueType="decimal">49.856843579621035</value>
  </variableValue>
  <variableValue variable="SIBS[year]">
    <value valueType="integer">17</value>
  </variableValue>
  <variableValue variable="SLEEP[year]">
    <value valueType="integer">1</value>
  </variableValue>
  <variableValue variable="smdvh[year]">
    <value valueType="integer">72</value>
  </variableValue>
  <variableValue variable="smdvl[year]">
    <value valueType="integer">42</value>
  </variableValue>
  <variableValue variable="SMK[year]">
    <value valueType="integer">0</value>
  </variableValue>
  <variableValue variable="SMOKE[year]">
    <value valueType="integer">1</value>
  </variableValue>
  <variableValue variable="SMOKEPAS[year]">
    <value valueType="decimal">27.777675204107922</value>
  </variableValue>
  <variableValue variable="SODA[year]">
    <value valueType="integer">1</value>
  </variableValue>
  <variableValue variable="SODIUM[year]">
    <value valueType="integer">3</value>
  </variableValue>
  <variableValue variable="SPBRN[year]">
    <value valueType="integer">61</value>
  </variableValue>
  <variableValue variable="spec[year]">
    <value valueType="decimal">50.458196438419556</value>
  </variableValue>
  <variableValue variable="SPEED[year]">
    <value valueType="integer">2</value>
  </variableValue>
  <variableValue variable="SPOCC[year]">
    <value valueType="integer">2</value>
  </variableValue>
  <variableValue variable="sport[year]">
    <value valueType="decimal">50.41273820072292</value>
  </variableValue>
  <variableValue variable="SPRVIS[year]">
    <value valueType="integer">1</value>
  </variableValue>
  <variableValue variable="SREYE[year]">
    <value valueType="integer">3</value>
  </variableValue>
  <variableValue variable="srh[year]">
    <value valueType="integer">5</value>
  </variableValue>
  <variableValue variable="SRHEALTH">
    <value valueType="integer">2</value>
  </variableValue>
  <variableValue variable="SRHEAR[year]">
    <value valueType="integer">5</value>
  </variableValue>
  <variableValue variable="sstot[year]">
    <value valueType="integer">98</value>
  </variableValue>
  <variableValue variable="STAIRS[year]">
    <value valueType="integer">2</value>
  </variableValue>
  <variableValue variable="TEA[year]">
    <value valueType="integer">1</value>
  </variableValue>
  <variableValue variable="TRAF[year]">
    <value valueType="integer">1</value>
  </variableValue>
  <variableValue variable="travel[year]">
    <value valueType="decimal">57.83083508907109</value>
  </variableValue>
  <variableValue variable="TREES[year]">
    <value valueType="integer">4</value>
  </variableValue>
  <variableValue variable="TRYSTOP[year]">
    <value valueType="integer">1</value>
  </variableValue>
  <variableValue variable="tv[year]">
    <value valueType="decimal">47.52804263956815</value>
  </variableValue>
  <variableValue variable="TYPBLD[year]">
    <value valueType="integer">3</value>
  </variableValue>
  <variableValue variable="UNIVEX[year]">
    <value valueType="integer">0</value>
  </variableValue>
  <variableValue variable="VEAL[year]">
    <value valueType="integer">3</value>
  </variableValue>
  <variableValue variable="vis[year]">
    <value valueType="decimal">68.20562197971923</value>
  </variableValue>
  <variableValue variable="vocab1[year]">
    <value valueType="integer">51</value>
  </variableValue>
  <variableValue variable="vocab2[year]">
    <value valueType="integer">64</value>
  </variableValue>
  <variableValue variable="VOCAT[year]">
    <value valueType="integer">1</value>
  </variableValue>
  <variableValue variable="vol[year]">
    <value valueType="decimal">95.41370771233791</value>
  </variableValue>
  <variableValue variable="walk[year]">
    <value valueType="decimal">55.49941337607582</value>
  </variableValue>
  <variableValue variable="WALK[year]">
    <value valueType="integer">3</value>
  </variableValue>
  <variableValue variable="wdflu[year]">
    <value valueType="integer">68</value>
  </variableValue>
  <variableValue variable="WEIGHT[year]">
    <value valueType="integer">91</value>
  </variableValue>
  <variableValue variable="WELL[year]">
    <value valueType="integer">1</value>
  </variableValue>
  <variableValue variable="WINE[year]">
    <value valueType="integer">5</value>
  </variableValue>
  <variableValue variable="write[year]">
    <value valueType="decimal">4.176674538978364</value>
  </variableValue>
  <variableValue variable="WRKPLC[year]">
    <value valueType="integer">4</value>
  </variableValue>
  <variableValue variable="WRKTYP[year]">
    <value valueType="integer">5</value>
  </variableValue>
  <variableValue variable="ws[year]">
    <value valueType="integer">16</value>
  </variableValue>
  <variableValue variable="YEAROP[year]">
    <value valueType="integer">47</value>
  </variableValue>
  <variableValue variable="YRQUIT[year]">
    <value valueType="integer">21</value>
  </variableValue>
  <variableValue variable="YRRET[year]">
    <value valueType="integer">94</value>
  </variableValue>
  <variableValue variable="YRSMOKE[year]">
    <value valueType="decimal">76.02628684380976</value>
  </variableValue>
</valueSet>