<valueSet valueTable="2008" entityType="Participant" entityIdentifier="17492267">
  <variableValue variable="ADLTED[year]">
    <value valueType="integer">0</value>
  </variableValue>
  <variableValue variable="ADVDIR[year]">
    <value valueType="integer">2</value>
  </variableValue>
  <variableValue variable="age[year]">
    <value valueType="integer">89</value>
  </variableValue>
  <variableValue variable="AGEKID[year]">
    <value valueType="integer">27</value>
  </variableValue>
  <variableValue variable="AGENB[year]">
    <value valueType="integer">2</value>
  </variableValue>
  <variableValue variable="AGEWED[year]">
    <value valueType="integer">43</value>
  </variableValue>
  <variableValue variable="AGFRN[year]">
    <value valueType="integer">1</value>
  </variableValue>
  <variableValue variable="AGREE[year]">
    <value valueType="integer">20</value>
  </variableValue>
  <variableValue variable="ALCOHOL[year]">
    <value valueType="integer">7</value>
  </variableValue>
  <variableValue variable="Apdemp[year]">
    <value valueType="decimal">9.55693261829973</value>
  </variableValue>
  <variableValue variable="ART[year]">
    <value valueType="integer">3</value>
  </variableValue>
  <variableValue variable="BDATE_DY">
    <value valueType="integer">88</value>
  </variableValue>
  <variableValue variable="BDATE_MO">
    <value valueType="integer">24</value>
  </variableValue>
  <variableValue variable="BDATE_YR">
    <value valueType="integer">89</value>
  </variableValue>
  <variableValue variable="BEEF[year]">
    <value valueType="integer">5</value>
  </variableValue>
  <variableValue variable="BEER[year]">
    <value valueType="integer">82</value>
  </variableValue>
  <variableValue variable="BLDLK[year]">
    <value valueType="integer">2</value>
  </variableValue>
  <variableValue variable="BLOODPRE[year]">
    <value valueType="integer">5</value>
  </variableValue>
  <variableValue variable="BOOK[year]">
    <value valueType="integer">1</value>
  </variableValue>
  <variableValue variable="BRUSH[year]">
    <value valueType="integer">52</value>
  </variableValue>
  <variableValue variable="BUTTER[year]">
    <value valueType="integer">2</value>
  </variableValue>
  <variableValue variable="BUYFAT[year]">
    <value valueType="integer">3</value>
  </variableValue>
  <variableValue variable="BUYSALT[year]">
    <value valueType="integer">4</value>
  </variableValue>
  <variableValue variable="CANCHK[year]">
    <value valueType="integer">2</value>
  </variableValue>
  <variableValue variable="cards[year]">
    <value valueType="decimal">5.537370526670005</value>
  </variableValue>
  <variableValue variable="CATARACT[year]">
    <value valueType="integer">2</value>
  </variableValue>
  <variableValue variable="CHKFAT[year]">
    <value valueType="integer">1</value>
  </variableValue>
  <variableValue variable="CHOLES[year]">
    <value valueType="integer">3</value>
  </variableValue>
  <variableValue variable="chur[year]">
    <value valueType="decimal">60.239748483608594</value>
  </variableValue>
  <variableValue variable="CIGARDAY[year]">
    <value valueType="integer">2</value>
  </variableValue>
  <variableValue variable="CIGARS[year]">
    <value valueType="integer">1</value>
  </variableValue>
  <variableValue variable="CIGDAY[year]">
    <value valueType="integer">2</value>
  </variableValue>
  <variableValue variable="CIGS[year]">
    <value valueType="integer">5</value>
  </variableValue>
  <variableValue variable="CLNAIR[year]">
    <value valueType="integer">1</value>
  </variableValue>
  <variableValue variable="COFFEE[year]">
    <value valueType="integer">2</value>
  </variableValue>
  <variableValue variable="CONSCIEN[year]">
    <value valueType="integer">99</value>
  </variableValue>
  <variableValue variable="cook[year]">
    <value valueType="decimal">83.75003060682393</value>
  </variableValue>
  <variableValue variable="COOKBUT[year]">
    <value valueType="integer">4</value>
  </variableValue>
  <variableValue variable="CORS[year]">
    <value valueType="integer">1</value>
  </variableValue>
  <variableValue variable="crafts[year]">
    <value valueType="decimal">16.57768369082504</value>
  </variableValue>
  <variableValue variable="crdp1[year]">
    <value valueType="integer">3</value>
  </variableValue>
  <variableValue variable="crdp2[year]">
    <value valueType="integer">7</value>
  </variableValue>
  <variableValue variable="cult[year]">
    <value valueType="decimal">88.63653175117136</value>
  </variableValue>
  <variableValue variable="dance[year]">
    <value valueType="decimal">86.12867890540493</value>
  </variableValue>
  <variableValue variable="DENTIST[year]">
    <value valueType="integer">1</value>
  </variableValue>
  <variableValue variable="DENTURE[year]">
    <value valueType="integer">2</value>
  </variableValue>
  <variableValue variable="DIABET[year]">
    <value valueType="integer">1</value>
  </variableValue>
  <variableValue variable="DRMAM[year]">
    <value valueType="integer">5</value>
  </variableValue>
  <variableValue variable="DRVISIT[year]">
    <value valueType="integer">51</value>
  </variableValue>
  <variableValue variable="dydrm[year]">
    <value valueType="decimal">5.244848677512037</value>
  </variableValue>
  <variableValue variable="EARCHK[year]">
    <value valueType="integer">0</value>
  </variableValue>
  <variableValue variable="eatout[year]">
    <value valueType="decimal">53.684023117651904</value>
  </variableValue>
  <variableValue variable="EATSALT[year]">
    <value valueType="integer">3</value>
  </variableValue>
  <variableValue variable="edact[year]">
    <value valueType="decimal">57.39359906636927</value>
  </variableValue>
  <variableValue variable="educ">
    <value valueType="integer">45</value>
  </variableValue>
  <variableValue variable="EDUC[year]">
    <value valueType="integer">95</value>
  </variableValue>
  <variableValue variable="EGG[year]">
    <value valueType="integer">3</value>
  </variableValue>
  <variableValue variable="eldcar[year]">
    <value valueType="decimal">8.016507256086413</value>
  </variableValue>
  <variableValue variable="ELDCAR[year]">
    <value valueType="decimal">80.77526680907698</value>
  </variableValue>
  <variableValue variable="ENT1[year]">
    <value valueType="integer">10</value>
  </variableValue>
  <variableValue variable="ENT2[year]">
    <value valueType="integer">13</value>
  </variableValue>
  <variableValue variable="ENT3[year]">
    <value valueType="integer">10</value>
  </variableValue>
  <variableValue variable="eth[year]">
    <value valueType="integer">54</value>
  </variableValue>
  <variableValue variable="EXCERTOT[year]">
    <value valueType="decimal">32.216581734692575</value>
  </variableValue>
  <variableValue variable="EXCERWK[year]">
    <value valueType="integer">69</value>
  </variableValue>
  <variableValue variable="EXTRAVER[year]">
    <value valueType="integer">90</value>
  </variableValue>
  <variableValue variable="EYECHG[year]">
    <value valueType="integer">5</value>
  </variableValue>
  <variableValue variable="EYECHK[year]">
    <value valueType="integer">0</value>
  </variableValue>
  <variableValue variable="EYEGLAS[year]">
    <value valueType="integer">3</value>
  </variableValue>
  <variableValue variable="FAGE[year]">
    <value valueType="integer">12</value>
  </variableValue>
  <variableValue variable="FAITH[year]">
    <value valueType="integer">3</value>
  </variableValue>
  <variableValue variable="FALLS[year]">
    <value valueType="integer">4</value>
  </variableValue>
  <variableValue variable="FCAUSE[year]">
    <value valueType="integer">7</value>
  </variableValue>
  <variableValue variable="FDIE[year]">
    <value valueType="integer">26</value>
  </variableValue>
  <variableValue variable="FIC[year]">
    <value valueType="integer">35</value>
  </variableValue>
  <variableValue variable="fit[year]">
    <value valueType="decimal">4.9965880624234345</value>
  </variableValue>
  <variableValue variable="FLIVE[year]">
    <value valueType="integer">3</value>
  </variableValue>
  <variableValue variable="FLOSS[year]">
    <value valueType="integer">4</value>
  </variableValue>
  <variableValue variable="FLUSHOT[year]">
    <value valueType="integer">3</value>
  </variableValue>
  <variableValue variable="fr[year]">
    <value valueType="integer">58</value>
  </variableValue>
  <variableValue variable="fratt[year]">
    <value valueType="integer">23</value>
  </variableValue>
  <variableValue variable="frcr[year]">
    <value valueType="integer">53</value>
  </variableValue>
  <variableValue variable="fromt[year]">
    <value valueType="integer">62</value>
  </variableValue>
  <variableValue variable="frwg[year]">
    <value valueType="integer">38</value>
  </variableValue>
  <variableValue variable="game[year]">
    <value valueType="decimal">69.77396046770295</value>
  </variableValue>
  <variableValue variable="gds[year]1 –  gds[year]30">
    <value valueType="integer">0</value>
  </variableValue>
  <variableValue variable="gdstot[year]">
    <value valueType="integer">56</value>
  </variableValue>
  <variableValue variable="HANDS[year]">
    <value valueType="decimal">7.289477013227142</value>
  </variableValue>
  <variableValue variable="HARDLIQ[year]">
    <value valueType="integer">72</value>
  </variableValue>
  <variableValue variable="HEALTHCH[year]">
    <value valueType="integer">3</value>
  </variableValue>
  <variableValue variable="HEARAID[year]">
    <value valueType="integer">0</value>
  </variableValue>
  <variableValue variable="HEARCHG[year]">
    <value valueType="integer">3</value>
  </variableValue>
  <variableValue variable="HEARSPEC[year]">
    <value valueType="integer">2</value>
  </variableValue>
  <variableValue variable="HEART[year]">
    <value valueType="integer">3</value>
  </variableValue>
  <variableValue variable="HEIGHT[year]">
    <value valueType="integer">15</value>
  </variableValue>
  <variableValue variable="HHEIGHT[year]">
    <value valueType="integer">23</value>
  </variableValue>
  <variableValue variable="HIGHBLOO[year]">
    <value valueType="integer">1</value>
  </variableValue>
  <variableValue variable="HJOBTP[year]">
    <value valueType="integer">6</value>
  </variableValue>
  <variableValue variable="HMKHD[year]">
    <value valueType="decimal">36.72068892157374</value>
  </variableValue>
  <variableValue variable="HMKJB[year]">
    <value valueType="integer">73</value>
  </variableValue>
  <variableValue variable="HMKPE[year]">
    <value valueType="decimal">36.80751455343876</value>
  </variableValue>
  <variableValue variable="HMKPRS[year]">
    <value valueType="integer">1</value>
  </variableValue>
  <variableValue variable="HMKR[year]">
    <value valueType="integer">35</value>
  </variableValue>
  <variableValue variable="HMKRD[year]">
    <value valueType="decimal">72.7970867782493</value>
  </variableValue>
  <variableValue variable="HOSDAYS[year]">
    <value valueType="integer">16</value>
  </variableValue>
  <variableValue variable="HOSVISIT[year]">
    <value valueType="integer">0</value>
  </variableValue>
  <variableValue variable="HWEIGHT[year]">
    <value valueType="integer">8</value>
  </variableValue>
  <variableValue variable="INC[year]">
    <value valueType="integer">2</value>
  </variableValue>
  <variableValue variable="INC84[year]">
    <value valueType="integer">10</value>
  </variableValue>
  <variableValue variable="instr[year]">
    <value valueType="decimal">72.68683660013254</value>
  </variableValue>
  <variableValue variable="ir[year]a1 - ir[year]a20">
    <value valueType="integer">1</value>
  </variableValue>
  <variableValue variable="ir[year]b1 - ir[year]b20">
    <value valueType="integer">0</value>
  </variableValue>
  <variableValue variable="JOBLEN[year]">
    <value valueType="integer">4</value>
  </variableValue>
  <variableValue variable="JOBTYP[year]">
    <value valueType="integer">4</value>
  </variableValue>
  <variableValue variable="kidcar[year]">
    <value valueType="decimal">70.97949275703972</value>
  </variableValue>
  <variableValue variable="LAMB[year]">
    <value valueType="integer">5</value>
  </variableValue>
  <variableValue variable="lettot[year]">
    <value valueType="integer">59</value>
  </variableValue>
  <variableValue variable="LFST84[year]">
    <value valueType="integer">4</value>
  </variableValue>
  <variableValue variable="LIFSAT[year]">
    <value valueType="integer">5</value>
  </variableValue>
  <variableValue variable="LIVESMOK[year]">
    <value valueType="integer">1</value>
  </variableValue>
  <variableValue variable="ls[year]">
    <value valueType="integer">11</value>
  </variableValue>
  <variableValue variable="LSTJOB[year]">
    <value valueType="integer">1</value>
  </variableValue>
  <variableValue variable="LVNGWILL[year]">
    <value valueType="integer">1</value>
  </variableValue>
  <variableValue variable="MAGE[year]">
    <value valueType="integer">49</value>
  </variableValue>
  <variableValue variable="MAM[year]">
    <value valueType="integer">1</value>
  </variableValue>
  <variableValue variable="MAM2YR[year]">
    <value valueType="integer">2</value>
  </variableValue>
  <variableValue variable="MAMAGE[year]">
    <value valueType="integer">2</value>
  </variableValue>
  <variableValue variable="MAMEXAM[year]">
    <value valueType="integer">38</value>
  </variableValue>
  <variableValue variable="MASTECT[year]">
    <value valueType="integer">2</value>
  </variableValue>
  <variableValue variable="MCAUSE[year]">
    <value valueType="integer">2</value>
  </variableValue>
  <variableValue variable="MDIE[year]">
    <value valueType="integer">49</value>
  </variableValue>
  <variableValue variable="MED[year]">
    <value valueType="integer">2</value>
  </variableValue>
  <variableValue variable="MENAGE[year]">
    <value valueType="integer">43</value>
  </variableValue>
  <variableValue variable="MENHIST[year]">
    <value valueType="integer">31</value>
  </variableValue>
  <variableValue variable="MENSIT[year]">
    <value valueType="integer">4</value>
  </variableValue>
  <variableValue variable="MFQ[year]1">
    <value valueType="decimal">42.94830191798186</value>
  </variableValue>
  <variableValue variable="MFQ[year]2A">
    <value valueType="decimal">14.967411557544308</value>
  </variableValue>
  <variableValue variable="MFQ[year]2B">
    <value valueType="decimal">26.352309046585354</value>
  </variableValue>
  <variableValue variable="MFQ[year]2C">
    <value valueType="decimal">18.92217194412017</value>
  </variableValue>
  <variableValue variable="MFQ[year]2D">
    <value valueType="decimal">52.816279866575876</value>
  </variableValue>
  <variableValue variable="MFQ[year]2E">
    <value valueType="decimal">98.64617077831535</value>
  </variableValue>
  <variableValue variable="MFQ[year]3A">
    <value valueType="decimal">95.73228477231352</value>
  </variableValue>
  <variableValue variable="MFQ[year]3B">
    <value valueType="decimal">90.71953396909838</value>
  </variableValue>
  <variableValue variable="MFQ[year]3C">
    <value valueType="decimal">5.530746632040062</value>
  </variableValue>
  <variableValue variable="MFQ[year]3D">
    <value valueType="decimal">11.371840141490065</value>
  </variableValue>
  <variableValue variable="MFQ[year]3E">
    <value valueType="decimal">74.30882014879067</value>
  </variableValue>
  <variableValue variable="MFQ[year]3F">
    <value valueType="decimal">3.418215362693655</value>
  </variableValue>
  <variableValue variable="MFQ[year]3G">
    <value valueType="decimal">12.498480142223666</value>
  </variableValue>
  <variableValue variable="MFQ[year]3H">
    <value valueType="decimal">15.915002105671384</value>
  </variableValue>
  <variableValue variable="MFQ[year]3I">
    <value valueType="decimal">45.10047659176492</value>
  </variableValue>
  <variableValue variable="MFQ[year]3J">
    <value valueType="decimal">23.68597615354591</value>
  </variableValue>
  <variableValue variable="MFQ[year]3K">
    <value valueType="decimal">34.79244665465428</value>
  </variableValue>
  <variableValue variable="MFQ[year]3L">
    <value valueType="decimal">13.38185756142648</value>
  </variableValue>
  <variableValue variable="MFQ[year]3M">
    <value valueType="decimal">38.15331375185978</value>
  </variableValue>
  <variableValue variable="MFQ[year]3N">
    <value valueType="decimal">21.29187250001815</value>
  </variableValue>
  <variableValue variable="MFQ[year]3O">
    <value valueType="decimal">52.94474013373759</value>
  </variableValue>
  <variableValue variable="MFQ[year]3P">
    <value valueType="decimal">85.1207809278082</value>
  </variableValue>
  <variableValue variable="MFQ[year]3Q">
    <value valueType="decimal">5.27981854086198</value>
  </variableValue>
  <variableValue variable="MFQ[year]3R">
    <value valueType="decimal">92.08530277152784</value>
  </variableValue>
  <variableValue variable="MFQ[year]4A">
    <value valueType="decimal">99.82744052799099</value>
  </variableValue>
  <variableValue variable="MFQ[year]4B">
    <value valueType="decimal">63.98956196688539</value>
  </variableValue>
  <variableValue variable="MFQ[year]4C">
    <value valueType="decimal">40.99886846626172</value>
  </variableValue>
  <variableValue variable="MFQ[year]4D">
    <value valueType="decimal">6.742264622880867</value>
  </variableValue>
  <variableValue variable="MFQ[year]4E">
    <value valueType="decimal">63.20408028393035</value>
  </variableValue>
  <variableValue variable="MFQ[year]5A">
    <value valueType="decimal">77.72318731220125</value>
  </variableValue>
  <variableValue variable="MFQ[year]5B">
    <value valueType="decimal">51.42537683781786</value>
  </variableValue>
  <variableValue variable="MFQ[year]5C">
    <value valueType="decimal">45.450371445022384</value>
  </variableValue>
  <variableValue variable="MFQ[year]5D">
    <value valueType="decimal">15.022586168180464</value>
  </variableValue>
  <variableValue variable="MFQ[year]5E">
    <value valueType="decimal">58.411565900478436</value>
  </variableValue>
  <variableValue variable="MFQ[year]6A">
    <value valueType="decimal">6.159103492992502</value>
  </variableValue>
  <variableValue variable="MFQ[year]6B">
    <value valueType="decimal">25.286126278140898</value>
  </variableValue>
  <variableValue variable="MFQ[year]6C">
    <value valueType="decimal">65.63394651439174</value>
  </variableValue>
  <variableValue variable="MFQ[year]6D">
    <value valueType="decimal">78.99112691376598</value>
  </variableValue>
  <variableValue variable="MFQ[year]7A">
    <value valueType="decimal">82.14777833679602</value>
  </variableValue>
  <variableValue variable="MFQ[year]7B">
    <value valueType="decimal">39.24507462067809</value>
  </variableValue>
  <variableValue variable="MFQ[year]7C">
    <value valueType="decimal">72.8590787782875</value>
  </variableValue>
  <variableValue variable="MFQ[year]7D">
    <value valueType="decimal">60.173756714709604</value>
  </variableValue>
  <variableValue variable="MFQ[year]7E">
    <value valueType="decimal">23.050608339580936</value>
  </variableValue>
  <variableValue variable="MFQ[year]7F">
    <value valueType="decimal">3.717385011710106</value>
  </variableValue>
  <variableValue variable="MFQ[year]7G">
    <value valueType="decimal">58.18964440865939</value>
  </variableValue>
  <variableValue variable="MFQ[year]7H">
    <value valueType="decimal">89.38106874886748</value>
  </variableValue>
  <variableValue variable="MFQ[year]7I">
    <value valueType="decimal">92.80392398483626</value>
  </variableValue>
  <variableValue variable="MFQ[year]7J">
    <value valueType="decimal">54.6585267246816</value>
  </variableValue>
  <variableValue variable="MFQ[year]7K">
    <value valueType="decimal">95.39686858367942</value>
  </variableValue>
  <variableValue variable="MFQ[year]7L">
    <value valueType="decimal">7.021511534522684</value>
  </variableValue>
  <variableValue variable="MFQ[year]7M">
    <value valueType="decimal">97.89150080395703</value>
  </variableValue>
  <variableValue variable="MFQ[year]7N">
    <value valueType="decimal">41.78671297309317</value>
  </variableValue>
  <variableValue variable="MFQ[year]7O">
    <value valueType="decimal">40.435720656554544</value>
  </variableValue>
  <variableValue variable="MFQ[year]7P">
    <value valueType="decimal">44.842404069228614</value>
  </variableValue>
  <variableValue variable="MFQ[year]7Q">
    <value valueType="decimal">89.24794769490566</value>
  </variableValue>
  <variableValue variable="MFQ[year]7R">
    <value valueType="decimal">44.845767452172595</value>
  </variableValue>
  <variableValue variable="MFQ[year]8A">
    <value valueType="decimal">65.77001524593051</value>
  </variableValue>
  <variableValue variable="MFQ[year]8B">
    <value valueType="decimal">46.108456008617374</value>
  </variableValue>
  <variableValue variable="MFQ[year]8C">
    <value valueType="decimal">31.77426267922123</value>
  </variableValue>
  <variableValue variable="MFQ[year]8D">
    <value valueType="decimal">76.30418742536854</value>
  </variableValue>
  <variableValue variable="MFQ[year]8E">
    <value valueType="decimal">47.107377975918354</value>
  </variableValue>
  <variableValue variable="MFQ[year]8F">
    <value valueType="decimal">58.00291129468663</value>
  </variableValue>
  <variableValue variable="MFQ[year]8G">
    <value valueType="decimal">47.12045851566835</value>
  </variableValue>
  <variableValue variable="MFQ[year]8H">
    <value valueType="decimal">40.818134788629365</value>
  </variableValue>
  <variableValue variable="MFQ1[year]">
    <value valueType="integer">92</value>
  </variableValue>
  <variableValue variable="mfq1[year]">
    <value valueType="decimal">36.229216499879044</value>
  </variableValue>
  <variableValue variable="MFQ2[year]">
    <value valueType="integer">48</value>
  </variableValue>
  <variableValue variable="mfq2[year]">
    <value valueType="decimal">93.69097022232738</value>
  </variableValue>
  <variableValue variable="MFQ3[year]">
    <value valueType="integer">18</value>
  </variableValue>
  <variableValue variable="mfq3[year]">
    <value valueType="decimal">71.51085940078008</value>
  </variableValue>
  <variableValue variable="MFQ4[year]">
    <value valueType="integer">92</value>
  </variableValue>
  <variableValue variable="mfq4[year]">
    <value valueType="decimal">7.1874898223155075</value>
  </variableValue>
  <variableValue variable="MLIVE[year]">
    <value valueType="integer">2</value>
  </variableValue>
  <variableValue variable="MOMWK[year]">
    <value valueType="integer">1</value>
  </variableValue>
  <variableValue variable="movie[year]">
    <value valueType="decimal">46.75427571445088</value>
  </variableValue>
  <variableValue variable="MSTA84[year]">
    <value valueType="integer">2</value>
  </variableValue>
  <variableValue variable="MSTAT[year]">
    <value valueType="integer">4</value>
  </variableValue>
  <variableValue variable="NBKS[year]">
    <value valueType="integer">27</value>
  </variableValue>
  <variableValue variable="NCONF[year]">
    <value valueType="integer">97</value>
  </variableValue>
  <variableValue variable="NEEDCATA[year]">
    <value valueType="integer">3</value>
  </variableValue>
  <variableValue variable="NEMP[year]">
    <value valueType="integer">78</value>
  </variableValue>
  <variableValue variable="NEUROTIC[year]">
    <value valueType="integer">19</value>
  </variableValue>
  <variableValue variable="NEWPRNT[year]">
    <value valueType="integer">2</value>
  </variableValue>
  <variableValue variable="nfr[year]">
    <value valueType="integer">1</value>
  </variableValue>
  <variableValue variable="NFRN[year]">
    <value valueType="integer">56</value>
  </variableValue>
  <variableValue variable="NGRNKD[year]">
    <value valueType="integer">23</value>
  </variableValue>
  <variableValue variable="NJOB[year]">
    <value valueType="integer">100</value>
  </variableValue>
  <variableValue variable="NKDHM[year]">
    <value valueType="integer">19</value>
  </variableValue>
  <variableValue variable="NKIDS[year]">
    <value valueType="integer">75</value>
  </variableValue>
  <variableValue variable="NMAG[year]">
    <value valueType="integer">79</value>
  </variableValue>
  <variableValue variable="NMOV[year]">
    <value valueType="integer">54</value>
  </variableValue>
  <variableValue variable="NMTG[year]">
    <value valueType="integer">42</value>
  </variableValue>
  <variableValue variable="NNEIG[year]">
    <value valueType="integer">4</value>
  </variableValue>
  <variableValue variable="NOBR[year]">
    <value valueType="integer">10</value>
  </variableValue>
  <variableValue variable="NOISE[year]">
    <value valueType="integer">4</value>
  </variableValue>
  <variableValue variable="NONFIC[year]">
    <value valueType="integer">59</value>
  </variableValue>
  <variableValue variable="nor[year]">
    <value valueType="integer">60</value>
  </variableValue>
  <variableValue variable="norcr[year]">
    <value valueType="integer">24</value>
  </variableValue>
  <variableValue variable="NOSIS[year]">
    <value valueType="integer">60</value>
  </variableValue>
  <variableValue variable="NOWRK[year]">
    <value valueType="integer">1</value>
  </variableValue>
  <variableValue variable="NRMS[year]">
    <value valueType="integer">36</value>
  </variableValue>
  <variableValue variable="nsp08">
    <value valueType="integer">42</value>
  </variableValue>
  <variableValue variable="NSTATE[year]">
    <value valueType="integer">41</value>
  </variableValue>
  <variableValue variable="NTRAD[year]">
    <value valueType="integer">53</value>
  </variableValue>
  <variableValue variable="NTRIPS[year]">
    <value valueType="integer">77</value>
  </variableValue>
  <variableValue variable="numtot[year]">
    <value valueType="integer">18</value>
  </variableValue>
  <variableValue variable="NVISIT[year]">
    <value valueType="integer">4</value>
  </variableValue>
  <variableValue variable="NWED[year]">
    <value valueType="integer">86</value>
  </variableValue>
  <variableValue variable="NYBR[year]">
    <value valueType="integer">81</value>
  </variableValue>
  <variableValue variable="NYSIS[year]">
    <value valueType="integer">50</value>
  </variableValue>
  <variableValue variable="OBGYN[year]">
    <value valueType="integer">1</value>
  </variableValue>
  <variableValue variable="OCC[year]">
    <value valueType="integer">9</value>
  </variableValue>
  <variableValue variable="OCC84[year]">
    <value valueType="integer">6</value>
  </variableValue>
  <variableValue variable="OPEN[year]">
    <value valueType="integer">20</value>
  </variableValue>
  <variableValue variable="or[year]">
    <value valueType="integer">24</value>
  </variableValue>
  <variableValue variable="oratt[year]">
    <value valueType="integer">67</value>
  </variableValue>
  <variableValue variable="ORGAN[year]">
    <value valueType="integer">5</value>
  </variableValue>
  <variableValue variable="oromt[year]">
    <value valueType="integer">38</value>
  </variableValue>
  <variableValue variable="orwg[year]">
    <value valueType="integer">13</value>
  </variableValue>
  <variableValue variable="OTJ[year]">
    <value valueType="integer">1</value>
  </variableValue>
  <variableValue variable="outhob[year]">
    <value valueType="decimal">55.60453448413308</value>
  </variableValue>
  <variableValue variable="OWNHM[year]">
    <value valueType="integer">1</value>
  </variableValue>
  <variableValue variable="PAINREL[year]">
    <value valueType="integer">3</value>
  </variableValue>
  <variableValue variable="PAP[year]">
    <value valueType="integer">2</value>
  </variableValue>
  <variableValue variable="party[year]">
    <value valueType="decimal">94.93086435003607</value>
  </variableValue>
  <variableValue variable="pase1">
    <value valueType="integer">0</value>
  </variableValue>
  <variableValue variable="pase10">
    <value valueType="integer">1</value>
  </variableValue>
  <variableValue variable="pase10a">
    <value valueType="decimal">86.55522614612926</value>
  </variableValue>
  <variableValue variable="pase10b">
    <value valueType="integer">3</value>
  </variableValue>
  <variableValue variable="pase1b">
    <value valueType="integer">4</value>
  </variableValue>
  <variableValue variable="pase2">
    <value valueType="integer">1</value>
  </variableValue>
  <variableValue variable="pase2a">
    <value valueType="integer">3</value>
  </variableValue>
  <variableValue variable="pase3">
    <value valueType="integer">2</value>
  </variableValue>
  <variableValue variable="pase3b">
    <value valueType="integer">4</value>
  </variableValue>
  <variableValue variable="pase4">
    <value valueType="integer">2</value>
  </variableValue>
  <variableValue variable="pase4b">
    <value valueType="integer">1</value>
  </variableValue>
  <variableValue variable="pase5">
    <value valueType="integer">3</value>
  </variableValue>
  <variableValue variable="pase5b">
    <value valueType="integer">4</value>
  </variableValue>
  <variableValue variable="pase6">
    <value valueType="integer">2</value>
  </variableValue>
  <variableValue variable="pase6b">
    <value valueType="integer">1</value>
  </variableValue>
  <variableValue variable="pase7">
    <value valueType="integer">1</value>
  </variableValue>
  <variableValue variable="pase8">
    <value valueType="integer">1</value>
  </variableValue>
  <variableValue variable="pase9a - pase9d">
    <value valueType="integer">0</value>
  </variableValue>
  <variableValue variable="pattot[year]">
    <value valueType="integer">20</value>
  </variableValue>
  <variableValue variable="PDEMP[year]">
    <value valueType="integer">1</value>
  </variableValue>
  <variableValue variable="PEOP[year]">
    <value valueType="decimal">34.12180415987027</value>
  </variableValue>
  <variableValue variable="pets[year]">
    <value valueType="decimal">99.41579016663977</value>
  </variableValue>
  <variableValue variable="phone[year]">
    <value valueType="decimal">31.378013545694593</value>
  </variableValue>
  <variableValue variable="picnic[year]">
    <value valueType="decimal">30.954188526096083</value>
  </variableValue>
  <variableValue variable="PIPEDAY[year]">
    <value valueType="integer">3</value>
  </variableValue>
  <variableValue variable="PIPES[year]">
    <value valueType="integer">2</value>
  </variableValue>
  <variableValue variable="pirr1[year]">
    <value valueType="integer">77</value>
  </variableValue>
  <variableValue variable="pirr2[year]">
    <value valueType="integer">14</value>
  </variableValue>
  <variableValue variable="PORK[year]">
    <value valueType="integer">5</value>
  </variableValue>
  <variableValue variable="ppr1[year]">
    <value valueType="integer">12</value>
  </variableValue>
  <variableValue variable="ppr2[year]">
    <value valueType="integer">14</value>
  </variableValue>
  <variableValue variable="ppr3[year]">
    <value valueType="integer">6</value>
  </variableValue>
  <variableValue variable="pray[year]">
    <value valueType="decimal">10.900788326664424</value>
  </variableValue>
  <variableValue variable="PRESR[year]">
    <value valueType="integer">1</value>
  </variableValue>
  <variableValue variable="PRO2YR[year]">
    <value valueType="integer">2</value>
  </variableValue>
  <variableValue variable="PROAGE[year]">
    <value valueType="integer">60</value>
  </variableValue>
  <variableValue variable="PROENLAR[year]">
    <value valueType="integer">1</value>
  </variableValue>
  <variableValue variable="PROEXAM[year]">
    <value valueType="integer">33</value>
  </variableValue>
  <variableValue variable="PROS[year]">
    <value valueType="integer">1</value>
  </variableValue>
  <variableValue variable="PROSUC[year]">
    <value valueType="integer">2</value>
  </variableValue>
  <variableValue variable="PRSC84[year]">
    <value valueType="integer">1</value>
  </variableValue>
  <variableValue variable="radio[year]">
    <value valueType="decimal">70.93939473610492</value>
  </variableValue>
  <variableValue variable="RDPAPR[year]">
    <value valueType="integer">1</value>
  </variableValue>
  <variableValue variable="RDWRIT[year]">
    <value valueType="decimal">77.05804361445004</value>
  </variableValue>
  <variableValue variable="read[year]">
    <value valueType="decimal">92.48037912693357</value>
  </variableValue>
  <variableValue variable="REGULAR[year]">
    <value valueType="integer">1</value>
  </variableValue>
  <variableValue variable="REMAR[year]">
    <value valueType="integer">27</value>
  </variableValue>
  <variableValue variable="rv[year]">
    <value valueType="integer">80</value>
  </variableValue>
  <variableValue variable="SAFE[year]">
    <value valueType="integer">0</value>
  </variableValue>
  <variableValue variable="SBHWY[year]">
    <value valueType="integer">5</value>
  </variableValue>
  <variableValue variable="SBTOWN[year]">
    <value valueType="integer">5</value>
  </variableValue>
  <variableValue variable="SELFBLOO[year]">
    <value valueType="integer">5</value>
  </variableValue>
  <variableValue variable="selfim[year]">
    <value valueType="decimal">43.44057791550963</value>
  </variableValue>
  <variableValue variable="SELFMAM[year]">
    <value valueType="integer">1</value>
  </variableValue>
  <variableValue variable="sex">
    <value valueType="integer">1</value>
  </variableValue>
  <variableValue variable="shop[year]">
    <value valueType="decimal">92.18483084661987</value>
  </variableValue>
  <variableValue variable="SIBS[year]">
    <value valueType="integer">55</value>
  </variableValue>
  <variableValue variable="SLEEP[year]">
    <value valueType="integer">3</value>
  </variableValue>
  <variableValue variable="smdvh[year]">
    <value valueType="integer">61</value>
  </variableValue>
  <variableValue variable="smdvl[year]">
    <value valueType="integer">65</value>
  </variableValue>
  <variableValue variable="SMK[year]">
    <value valueType="integer">0</value>
  </variableValue>
  <variableValue variable="SMOKE[year]">
    <value valueType="integer">1</value>
  </variableValue>
  <variableValue variable="SMOKEPAS[year]">
    <value valueType="decimal">79.95438106181183</value>
  </variableValue>
  <variableValue variable="SODA[year]">
    <value valueType="integer">5</value>
  </variableValue>
  <variableValue variable="SODIUM[year]">
    <value valueType="integer">5</value>
  </variableValue>
  <variableValue variable="SPBRN[year]">
    <value valueType="integer">87</value>
  </variableValue>
  <variableValue variable="spec[year]">
    <value valueType="decimal">69.22433541247884</value>
  </variableValue>
  <variableValue variable="SPEED[year]">
    <value valueType="integer">1</value>
  </variableValue>
  <variableValue variable="SPOCC[year]">
    <value valueType="integer">3</value>
  </variableValue>
  <variableValue variable="sport[year]">
    <value valueType="decimal">64.51470028937716</value>
  </variableValue>
  <variableValue variable="SPRVIS[year]">
    <value valueType="integer">3</value>
  </variableValue>
  <variableValue variable="SREYE[year]">
    <value valueType="integer">1</value>
  </variableValue>
  <variableValue variable="srh[year]">
    <value valueType="integer">3</value>
  </variableValue>
  <variableValue variable="SRHEALTH">
    <value valueType="integer">2</value>
  </variableValue>
  <variableValue variable="SRHEAR[year]">
    <value valueType="integer">5</value>
  </variableValue>
  <variableValue variable="sstot[year]">
    <value valueType="integer">85</value>
  </variableValue>
  <variableValue variable="STAIRS[year]">
    <value valueType="integer">4</value>
  </variableValue>
  <variableValue variable="TEA[year]">
    <value valueType="integer">1</value>
  </variableValue>
  <variableValue variable="TRAF[year]">
    <value valueType="integer">1</value>
  </variableValue>
  <variableValue variable="travel[year]">
    <value valueType="decimal">27.811665818969146</value>
  </variableValue>
  <variableValue variable="TREES[year]">
    <value valueType="integer">5</value>
  </variableValue>
  <variableValue variable="TRYSTOP[year]">
    <value valueType="integer">2</value>
  </variableValue>
  <variableValue variable="tv[year]">
    <value valueType="decimal">42.54082890866</value>
  </variableValue>
  <variableValue variable="TYPBLD[year]">
    <value valueType="integer">3</value>
  </variableValue>
  <variableValue variable="UNIVEX[year]">
    <value valueType="integer">1</value>
  </variableValue>
  <variableValue variable="VEAL[year]">
    <value valueType="integer">1</value>
  </variableValue>
  <variableValue variable="vis[year]">
    <value valueType="decimal">83.47681650848389</value>
  </variableValue>
  <variableValue variable="vocab1[year]">
    <value valueType="integer">1</value>
  </variableValue>
  <variableValue variable="vocab2[year]">
    <value valueType="integer">28</value>
  </variableValue>
  <variableValue variable="VOCAT[year]">
    <value valueType="integer">0</value>
  </variableValue>
  <variableValue variable="vol[year]">
    <value valueType="decimal">48.98858739318618</value>
  </variableValue>
  <variableValue variable="walk[year]">
    <value valueType="decimal">45.50625126070348</value>
  </variableValue>
  <variableValue variable="WALK[year]">
    <value valueType="integer">4</value>
  </variableValue>
  <variableValue variable="wdflu[year]">
    <value valueType="integer">84</value>
  </variableValue>
  <variableValue variable="WEIGHT[year]">
    <value valueType="integer">68</value>
  </variableValue>
  <variableValue variable="WELL[year]">
    <value valueType="integer">1</value>
  </variableValue>
  <variableValue variable="WINE[year]">
    <value valueType="integer">70</value>
  </variableValue>
  <variableValue variable="write[year]">
    <value valueType="decimal">39.31867876039193</value>
  </variableValue>
  <variableValue variable="WRKPLC[year]">
    <value valueType="integer">4</value>
  </variableValue>
  <variableValue variable="WRKTYP[year]">
    <value valueType="integer">4</value>
  </variableValue>
  <variableValue variable="ws[year]">
    <value valueType="integer">2</value>
  </variableValue>
  <variableValue variable="YEAROP[year]">
    <value valueType="integer">88</value>
  </variableValue>
  <variableValue variable="YRQUIT[year]">
    <value valueType="integer">19</value>
  </variableValue>
  <variableValue variable="YRRET[year]">
    <value valueType="integer">73</value>
  </variableValue>
  <variableValue variable="YRSMOKE[year]">
    <value valueType="decimal">32.22228124550243</value>
  </variableValue>
</valueSet>