<valueSet valueTable="FNAC" entityType="Participant" entityIdentifier="2122944731856859936">
  <variableValue variable="SVUOSI">
    <value valueType="integer">1968</value>
  </variableValue>
  <variableValue variable="SUKUP">
    <value valueType="text">2</value>
  </variableValue>
  <variableValue variable="PITUUS">
    <value valueType="decimal">1.5962178039896604</value>
  </variableValue>
  <variableValue variable="PAINO">
    <value valueType="decimal">95.46677975483016</value>
  </variableValue>
  <variableValue variable="VYOTARO">
    <value valueType="decimal">113.02656170378044</value>
  </variableValue>
  <variableValue variable="LANTIO">
    <value valueType="decimal">92.21156483276219</value>
  </variableValue>
  <variableValue variable="DIAS1">
    <value valueType="decimal">44.608277955509365</value>
  </variableValue>
  <variableValue variable="DIAS2">
    <value valueType="decimal">70.72214552946924</value>
  </variableValue>
  <variableValue variable="DIAS3">
    <value valueType="decimal">108.44669044455601</value>
  </variableValue>
  <variableValue variable="SYS1">
    <value valueType="decimal">105.11282675827715</value>
  </variableValue>
  <variableValue variable="SYS2">
    <value valueType="decimal">106.7679104202686</value>
  </variableValue>
  <variableValue variable="SYS3">
    <value valueType="decimal">159.26473389234053</value>
  </variableValue>
  <variableValue variable="Q29">
    <value valueType="text">1</value>
  </variableValue>
  <variableValue variable="FR07_36">
    <value valueType="text"/>
  </variableValue>
  <variableValue variable="Q30">
    <value valueType="text">5</value>
  </variableValue>
  <variableValue variable="K34">
    <value valueType="text">2</value>
  </variableValue>
  <variableValue variable="FR07_30L">
    <value valueType="text"/>
  </variableValue>
  <variableValue variable="Q38">
    <value valueType="text">3</value>
  </variableValue>
  <variableValue variable="Q17A">
    <value valueType="text">1</value>
  </variableValue>
  <variableValue variable="FR07_38">
    <value valueType="text">5</value>
  </variableValue>
  <variableValue variable="Q16A">
    <value valueType="text">2</value>
  </variableValue>
  <variableValue variable="Q15A">
    <value valueType="text">2</value>
  </variableValue>
  <variableValue variable="TUPI3">
    <value valueType="text">4</value>
  </variableValue>
  <variableValue variable="Q67">
    <value valueType="text">1</value>
  </variableValue>
  <variableValue variable="TUPI1">
    <value valueType="integer">40</value>
  </variableValue>
  <variableValue variable="FR07_13_laani">
    <value valueType="text">3</value>
  </variableValue>
  <variableValue variable="KOL">
    <value valueType="decimal">4.796678503651256</value>
  </variableValue>
  <variableValue variable="TRIG">
    <value valueType="decimal">0.3</value>
  </variableValue>
  <variableValue variable="HDL">
    <value valueType="decimal">1.8059865175053487</value>
  </variableValue>
  <variableValue variable="sl_gluk_0h">
    <value valueType="decimal">6.338730402296147</value>
  </variableValue>
  <variableValue variable="Q128A">
    <value valueType="text">1</value>
  </variableValue>
  <variableValue variable="FR02_145B">
    <value valueType="integer">0</value>
  </variableValue>
  <variableValue variable="FR02_145E">
    <value valueType="integer">10</value>
  </variableValue>
  <variableValue variable="FR02_145F">
    <value valueType="integer">75</value>
  </variableValue>
  <variableValue variable="FR02_145D">
    <value valueType="integer">65</value>
  </variableValue>
  <variableValue variable="ALKI1">
    <value valueType="integer">773</value>
  </variableValue>
  <variableValue variable="KY2">
    <value valueType="text">4</value>
  </variableValue>
  <variableValue variable="k13">
    <value valueType="integer">10</value>
  </variableValue>
  <variableValue variable="TULOT">
    <value valueType="text">1</value>
  </variableValue>
  <variableValue variable="FR02_3">
    <value valueType="text">7</value>
  </variableValue>
  <variableValue variable="KOULV">
    <value valueType="integer">4</value>
  </variableValue>
  <variableValue variable="FR07_11">
    <value valueType="text">8</value>
  </variableValue>
  <variableValue variable="FR07_10">
    <value valueType="text"/>
  </variableValue>
  <variableValue variable="Q56">
    <value valueType="text">2</value>
  </variableValue>
  <variableValue variable="Q57">
    <value valueType="text">3</value>
  </variableValue>
  <variableValue variable="Q58">
    <value valueType="text">5</value>
  </variableValue>
  <variableValue variable="FRO7_81">
    <value valueType="text">4</value>
  </variableValue>
  <variableValue variable="Q61">
    <value valueType="text">3</value>
  </variableValue>
  <variableValue variable="KY74">
    <value valueType="text">5</value>
  </variableValue>
  <variableValue variable="Q63">
    <value valueType="text">3</value>
  </variableValue>
  <variableValue variable="FR07_85_1">
    <value valueType="integer">1</value>
  </variableValue>
  <variableValue variable="FR07_85_2">
    <value valueType="integer">66</value>
  </variableValue>
  <variableValue variable="FR07_85_3">
    <value valueType="integer">70</value>
  </variableValue>
  <variableValue variable="FR07_85_4">
    <value valueType="integer">15</value>
  </variableValue>
  <variableValue variable="FR07_85_5">
    <value valueType="integer">29</value>
  </variableValue>
  <variableValue variable="FR07_85_6">
    <value valueType="integer">31</value>
  </variableValue>
  <variableValue variable="FR07_86_1T">
    <value valueType="integer">9</value>
  </variableValue>
  <variableValue variable="FR07_86_1M">
    <value valueType="integer">15</value>
  </variableValue>
  <variableValue variable="FR07_86_2T">
    <value valueType="integer">24</value>
  </variableValue>
  <variableValue variable="FR07_86_2M">
    <value valueType="integer">28</value>
  </variableValue>
  <variableValue variable="FR07_86_3T">
    <value valueType="integer">5</value>
  </variableValue>
  <variableValue variable="FR07_86_3M">
    <value valueType="integer">18</value>
  </variableValue>
  <variableValue variable="FR07_86_4T">
    <value valueType="integer">10</value>
  </variableValue>
  <variableValue variable="FR07_86_4M">
    <value valueType="integer">46</value>
  </variableValue>
  <variableValue variable="FR07_86_5T">
    <value valueType="integer">1</value>
  </variableValue>
  <variableValue variable="FR07_86_5M">
    <value valueType="integer">40</value>
  </variableValue>
  <variableValue variable="FR07_105_1">
    <value valueType="text">5</value>
  </variableValue>
  <variableValue variable="FR07_105_2">
    <value valueType="text">1</value>
  </variableValue>
  <variableValue variable="FR07_105_3">
    <value valueType="text">6</value>
  </variableValue>
  <variableValue variable="FR07_105_4">
    <value valueType="text">2</value>
  </variableValue>
  <variableValue variable="FR07_105_5">
    <value valueType="text">3</value>
  </variableValue>
  <variableValue variable="FR07_105_6">
    <value valueType="text">4</value>
  </variableValue>
  <variableValue variable="FR07_105_7">
    <value valueType="text">3</value>
  </variableValue>
  <variableValue variable="FR07_105_8">
    <value valueType="text">8</value>
  </variableValue>
  <variableValue variable="FR07_105_9">
    <value valueType="text">1</value>
  </variableValue>
  <variableValue variable="FR07_105_10">
    <value valueType="text">3</value>
  </variableValue>
  <variableValue variable="FR07_105_11">
    <value valueType="text">1</value>
  </variableValue>
  <variableValue variable="FR07_105_12">
    <value valueType="text">4</value>
  </variableValue>
  <variableValue variable="FR07_105_13">
    <value valueType="text">1</value>
  </variableValue>
  <variableValue variable="FR07_105_14">
    <value valueType="text">2</value>
  </variableValue>
  <variableValue variable="FR07_105_15">
    <value valueType="text">3</value>
  </variableValue>
  <variableValue variable="FR07_105_16">
    <value valueType="text">4</value>
  </variableValue>
  <variableValue variable="FR07_105_17">
    <value valueType="text">5</value>
  </variableValue>
  <variableValue variable="FR07_105_18">
    <value valueType="text">5</value>
  </variableValue>
  <variableValue variable="FR07_105_19">
    <value valueType="text">4</value>
  </variableValue>
  <variableValue variable="FR07_105_20">
    <value valueType="text">7</value>
  </variableValue>
  <variableValue variable="FR07_105_21">
    <value valueType="text">6</value>
  </variableValue>
  <variableValue variable="FR07_105_22">
    <value valueType="text">6</value>
  </variableValue>
  <variableValue variable="FR07_105_23">
    <value valueType="text">7</value>
  </variableValue>
  <variableValue variable="FR07_105_24">
    <value valueType="text">8</value>
  </variableValue>
  <variableValue variable="FR07_105_25">
    <value valueType="text">7</value>
  </variableValue>
  <variableValue variable="FR07_105_26">
    <value valueType="text">3</value>
  </variableValue>
  <variableValue variable="FR07_105_27">
    <value valueType="text">1</value>
  </variableValue>
  <variableValue variable="FR07_105_28">
    <value valueType="text">3</value>
  </variableValue>
  <variableValue variable="FR07_105_29">
    <value valueType="text">1</value>
  </variableValue>
  <variableValue variable="FR07_105_30">
    <value valueType="text">7</value>
  </variableValue>
  <variableValue variable="FR07_105_31">
    <value valueType="text">6</value>
  </variableValue>
  <variableValue variable="FR07_105_32">
    <value valueType="text">1</value>
  </variableValue>
  <variableValue variable="FR07_105_33">
    <value valueType="text">7</value>
  </variableValue>
  <variableValue variable="FR07_105_34">
    <value valueType="text">7</value>
  </variableValue>
  <variableValue variable="FR07_105_35">
    <value valueType="text">1</value>
  </variableValue>
  <variableValue variable="FR07_105_36">
    <value valueType="text">6</value>
  </variableValue>
  <variableValue variable="FR07_105_37">
    <value valueType="text">3</value>
  </variableValue>
  <variableValue variable="FR07_106_1">
    <value valueType="text">8</value>
  </variableValue>
  <variableValue variable="FR07_106_2">
    <value valueType="text">4</value>
  </variableValue>
  <variableValue variable="FR07_106_3">
    <value valueType="text">4</value>
  </variableValue>
  <variableValue variable="FR02_100A">
    <value valueType="text">1</value>
  </variableValue>
  <variableValue variable="FR02_100B">
    <value valueType="text">2</value>
  </variableValue>
  <variableValue variable="FR02_100C">
    <value valueType="text">1</value>
  </variableValue>
  <variableValue variable="FR02_100C2">
    <value valueType="text"/>
  </variableValue>
  <variableValue variable="FR02_100D">
    <value valueType="text">2</value>
  </variableValue>
  <variableValue variable="FR02_100E">
    <value valueType="text">1</value>
  </variableValue>
  <variableValue variable="FR02_100F">
    <value valueType="text">2</value>
  </variableValue>
  <variableValue variable="FR02_100G">
    <value valueType="text">1</value>
  </variableValue>
  <variableValue variable="FR07_108_9">
    <value valueType="text">2</value>
  </variableValue>
  <variableValue variable="FR02_100H">
    <value valueType="text">1</value>
  </variableValue>
  <variableValue variable="FR02_100H2">
    <value valueType="text"/>
  </variableValue>
  <variableValue variable="FR07_109_1P">
    <value valueType="integer">11</value>
  </variableValue>
  <variableValue variable="FR07_109_1V">
    <value valueType="integer">274</value>
  </variableValue>
  <variableValue variable="FR07_109_2P">
    <value valueType="integer">10</value>
  </variableValue>
  <variableValue variable="FR07_109_2V">
    <value valueType="integer">39</value>
  </variableValue>
  <variableValue variable="FR07_109_3P">
    <value valueType="integer">1</value>
  </variableValue>
  <variableValue variable="FR07_109_3V">
    <value valueType="integer">16</value>
  </variableValue>
  <variableValue variable="FR07_109_4P">
    <value valueType="integer">4</value>
  </variableValue>
  <variableValue variable="FR07_109_4V">
    <value valueType="integer">42</value>
  </variableValue>
  <variableValue variable="FR07_109_5P">
    <value valueType="integer">14</value>
  </variableValue>
  <variableValue variable="FR07_109_5V">
    <value valueType="integer">128</value>
  </variableValue>
  <variableValue variable="FR07_109_6P">
    <value valueType="integer">4</value>
  </variableValue>
  <variableValue variable="FR07_109_6V">
    <value valueType="integer">117</value>
  </variableValue>
  <variableValue variable="FR07_109_7P">
    <value valueType="integer">1</value>
  </variableValue>
  <variableValue variable="FR07_109_7V">
    <value valueType="integer">136</value>
  </variableValue>
  <variableValue variable="FR07_109_8P">
    <value valueType="integer">18</value>
  </variableValue>
  <variableValue variable="FR07_109_8V">
    <value valueType="integer">60</value>
  </variableValue>
  <variableValue variable="FR07_109_9P">
    <value valueType="integer">10</value>
  </variableValue>
  <variableValue variable="FR07_109_9V">
    <value valueType="integer">67</value>
  </variableValue>
  <variableValue variable="FR07_109_10P">
    <value valueType="integer">6</value>
  </variableValue>
  <variableValue variable="FR07_109_10V">
    <value valueType="integer">52</value>
  </variableValue>
  <variableValue variable="FR07_109_11P">
    <value valueType="integer">7</value>
  </variableValue>
  <variableValue variable="FR07_109_11V">
    <value valueType="integer">1</value>
  </variableValue>
  <variableValue variable="FR07_109_12P">
    <value valueType="integer">4</value>
  </variableValue>
  <variableValue variable="FR07_109_12V">
    <value valueType="integer">35</value>
  </variableValue>
  <variableValue variable="FR07_109_13P">
    <value valueType="integer">4</value>
  </variableValue>
  <variableValue variable="FR07_109_13V">
    <value valueType="integer">25</value>
  </variableValue>
  <variableValue variable="FR07_109_14P">
    <value valueType="integer">3</value>
  </variableValue>
  <variableValue variable="FR07_109_14V">
    <value valueType="integer">56</value>
  </variableValue>
  <variableValue variable="FR07_109_15P">
    <value valueType="integer">14</value>
  </variableValue>
  <variableValue variable="FR07_109_15V">
    <value valueType="integer">4</value>
  </variableValue>
  <variableValue variable="KY97">
    <value valueType="text">0</value>
  </variableValue>
  <variableValue variable="FR02_112">
    <value valueType="text">3</value>
  </variableValue>
  <variableValue variable="FR07_112">
    <value valueType="text">5</value>
  </variableValue>
  <variableValue variable="FR07_113">
    <value valueType="text">9</value>
  </variableValue>
  <variableValue variable="FR02_114">
    <value valueType="text">2</value>
  </variableValue>
  <variableValue variable="VALMISTE1">
    <value valueType="text"/>
  </variableValue>
  <variableValue variable="MUOTO1">
    <value valueType="text"/>
  </variableValue>
  <variableValue variable="ANNOSPV1">
    <value valueType="integer">-9087591882596192256</value>
  </variableValue>
  <variableValue variable="ANNOSVKO1">
    <value valueType="integer">-6378926775922085888</value>
  </variableValue>
  <variableValue variable="KAYTTO1">
    <value valueType="text">2</value>
  </variableValue>
  <variableValue variable="VALMISTE2">
    <value valueType="text"/>
  </variableValue>
  <variableValue variable="MUOTO2">
    <value valueType="text"/>
  </variableValue>
  <variableValue variable="ANNOSPV2">
    <value valueType="integer">-7489248564022157312</value>
  </variableValue>
  <variableValue variable="ANNOSVKO2">
    <value valueType="integer">747941635092195328</value>
  </variableValue>
  <variableValue variable="KAYTTO2">
    <value valueType="text">1</value>
  </variableValue>
  <variableValue variable="VALMISTE3">
    <value valueType="text"/>
  </variableValue>
  <variableValue variable="MUOTO3">
    <value valueType="text"/>
  </variableValue>
  <variableValue variable="ANNOSPV3">
    <value valueType="integer">5834373811734085632</value>
  </variableValue>
  <variableValue variable="ANNOSVKO3">
    <value valueType="integer">-8090722259651162112</value>
  </variableValue>
  <variableValue variable="KAYTTO3">
    <value valueType="text">1</value>
  </variableValue>
  <variableValue variable="VALMISTE4">
    <value valueType="text"/>
  </variableValue>
  <variableValue variable="MUOTO4">
    <value valueType="text"/>
  </variableValue>
  <variableValue variable="ANNOSPV4">
    <value valueType="integer">8681240706944217088</value>
  </variableValue>
  <variableValue variable="ANNOSVKO4">
    <value valueType="integer">3171532476713816064</value>
  </variableValue>
  <variableValue variable="KAYTTO4">
    <value valueType="text">2</value>
  </variableValue>
  <variableValue variable="VALMISTE5">
    <value valueType="text"/>
  </variableValue>
  <variableValue variable="MUOTO5">
    <value valueType="text"/>
  </variableValue>
  <variableValue variable="ANNOSPV5">
    <value valueType="integer">-1359890597899255808</value>
  </variableValue>
  <variableValue variable="ANNOSVKO5">
    <value valueType="integer">-3054307113599455232</value>
  </variableValue>
  <variableValue variable="KAYTTO5">
    <value valueType="text">2</value>
  </variableValue>
  <variableValue variable="VALMISTE6">
    <value valueType="text"/>
  </variableValue>
  <variableValue variable="MUOTO6">
    <value valueType="text"/>
  </variableValue>
  <variableValue variable="ANNOSPV6">
    <value valueType="integer">-7883613675378614272</value>
  </variableValue>
  <variableValue variable="ANNOSVKO6">
    <value valueType="integer">7484582322189367296</value>
  </variableValue>
  <variableValue variable="KAYTTO6">
    <value valueType="text">2</value>
  </variableValue>
  <variableValue variable="VALMISTE7">
    <value valueType="text"/>
  </variableValue>
  <variableValue variable="MUOTO7">
    <value valueType="text"/>
  </variableValue>
  <variableValue variable="ANNOSPV7">
    <value valueType="integer">-434217500792205312</value>
  </variableValue>
  <variableValue variable="ANNOSVKO7">
    <value valueType="integer">7636753185506985984</value>
  </variableValue>
  <variableValue variable="KAYTTO7">
    <value valueType="text">1</value>
  </variableValue>
  <variableValue variable="VALMISTE8">
    <value valueType="text"/>
  </variableValue>
  <variableValue variable="MUOTO8">
    <value valueType="text"/>
  </variableValue>
  <variableValue variable="ANNOSPV8">
    <value valueType="integer">-2012422190806956032</value>
  </variableValue>
  <variableValue variable="ANNOSVKO8">
    <value valueType="integer">-8241070246187651072</value>
  </variableValue>
  <variableValue variable="KAYTTO8">
    <value valueType="text">2</value>
  </variableValue>
  <variableValue variable="VALMISTE9">
    <value valueType="text"/>
  </variableValue>
  <variableValue variable="MUOTO9">
    <value valueType="text"/>
  </variableValue>
  <variableValue variable="ANNOSPV9">
    <value valueType="integer">3147993211232006144</value>
  </variableValue>
  <variableValue variable="ANNOSVKO9">
    <value valueType="integer">4010334374657994752</value>
  </variableValue>
  <variableValue variable="KAYTTO9">
    <value valueType="text">2</value>
  </variableValue>
  <variableValue variable="VALMISTE10">
    <value valueType="text"/>
  </variableValue>
  <variableValue variable="MUOTO10">
    <value valueType="text"/>
  </variableValue>
  <variableValue variable="ANNOSPV10">
    <value valueType="integer">5673926043699572736</value>
  </variableValue>
  <variableValue variable="ANNOSVKO10">
    <value valueType="integer">5449489427189815296</value>
  </variableValue>
  <variableValue variable="KAYTTO10">
    <value valueType="text">2</value>
  </variableValue>
  <variableValue variable="VALMISTE11">
    <value valueType="text"/>
  </variableValue>
  <variableValue variable="MUOTO11">
    <value valueType="text"/>
  </variableValue>
  <variableValue variable="ANNOSPV11">
    <value valueType="integer">-8474517252129052672</value>
  </variableValue>
  <variableValue variable="ANNOSVKO11">
    <value valueType="integer">4918621448861775872</value>
  </variableValue>
  <variableValue variable="KAYTTO11">
    <value valueType="text">1</value>
  </variableValue>
  <variableValue variable="VALMISTE12">
    <value valueType="text"/>
  </variableValue>
  <variableValue variable="MUOTO12">
    <value valueType="text"/>
  </variableValue>
  <variableValue variable="ANNOSPV12">
    <value valueType="integer">87417872630960128</value>
  </variableValue>
  <variableValue variable="ANNOSVKO12">
    <value valueType="integer">-2730762102142806016</value>
  </variableValue>
  <variableValue variable="KAYTTO12">
    <value valueType="text">2</value>
  </variableValue>
  <variableValue variable="VALMISTE13">
    <value valueType="text"/>
  </variableValue>
  <variableValue variable="MUOTO13">
    <value valueType="text"/>
  </variableValue>
  <variableValue variable="ANNOSPV13">
    <value valueType="integer">-270616877771157504</value>
  </variableValue>
  <variableValue variable="ANNOSVKO13">
    <value valueType="integer">-8187175242957000704</value>
  </variableValue>
  <variableValue variable="KAYTTO13">
    <value valueType="text">1</value>
  </variableValue>
  <variableValue variable="VALMISTE14">
    <value valueType="text"/>
  </variableValue>
  <variableValue variable="MUOTO14">
    <value valueType="text"/>
  </variableValue>
  <variableValue variable="ANNOSPV14">
    <value valueType="integer">3274645448672350208</value>
  </variableValue>
  <variableValue variable="ANNOSVKO14">
    <value valueType="integer">4271238557770553344</value>
  </variableValue>
  <variableValue variable="KAYTTO14">
    <value valueType="text">2</value>
  </variableValue>
</valueSet>