<valueSet valueTable="FNAC" entityType="Participant" entityIdentifier="7460934560318322881">
  <variableValue variable="SVUOSI">
    <value valueType="integer">1967</value>
  </variableValue>
  <variableValue variable="SUKUP">
    <value valueType="text">2</value>
  </variableValue>
  <variableValue variable="PITUUS">
    <value valueType="decimal">1.609352722104614</value>
  </variableValue>
  <variableValue variable="PAINO">
    <value valueType="decimal">75.35729116761641</value>
  </variableValue>
  <variableValue variable="VYOTARO">
    <value valueType="decimal">107.20306963871995</value>
  </variableValue>
  <variableValue variable="LANTIO">
    <value valueType="decimal">112.35535279418326</value>
  </variableValue>
  <variableValue variable="DIAS1">
    <value valueType="decimal">115.84912724324002</value>
  </variableValue>
  <variableValue variable="DIAS2">
    <value valueType="decimal">103.94277264506044</value>
  </variableValue>
  <variableValue variable="DIAS3">
    <value valueType="decimal">123.00414346799441</value>
  </variableValue>
  <variableValue variable="SYS1">
    <value valueType="decimal">191.83379470387914</value>
  </variableValue>
  <variableValue variable="SYS2">
    <value valueType="decimal">187.66875185464949</value>
  </variableValue>
  <variableValue variable="SYS3">
    <value valueType="decimal">177.99992651006966</value>
  </variableValue>
  <variableValue variable="Q29">
    <value valueType="text">1</value>
  </variableValue>
  <variableValue variable="FR07_36">
    <value valueType="text"/>
  </variableValue>
  <variableValue variable="Q30">
    <value valueType="text">3</value>
  </variableValue>
  <variableValue variable="K34">
    <value valueType="text">2</value>
  </variableValue>
  <variableValue variable="FR07_30L">
    <value valueType="text"/>
  </variableValue>
  <variableValue variable="Q38">
    <value valueType="text">1</value>
  </variableValue>
  <variableValue variable="Q17A">
    <value valueType="text">2</value>
  </variableValue>
  <variableValue variable="FR07_38">
    <value valueType="text">4</value>
  </variableValue>
  <variableValue variable="Q16A">
    <value valueType="text">2</value>
  </variableValue>
  <variableValue variable="Q15A">
    <value valueType="text">2</value>
  </variableValue>
  <variableValue variable="TUPI3">
    <value valueType="text">4</value>
  </variableValue>
  <variableValue variable="Q67">
    <value valueType="text">2</value>
  </variableValue>
  <variableValue variable="TUPI1">
    <value valueType="integer">49</value>
  </variableValue>
  <variableValue variable="FR07_13_laani">
    <value valueType="text">5</value>
  </variableValue>
  <variableValue variable="KOL">
    <value valueType="decimal">5.679525402855818</value>
  </variableValue>
  <variableValue variable="TRIG">
    <value valueType="decimal">1.1034407458057411</value>
  </variableValue>
  <variableValue variable="HDL">
    <value valueType="decimal">0.48</value>
  </variableValue>
  <variableValue variable="sl_gluk_0h">
    <value valueType="decimal">5.0907038792027</value>
  </variableValue>
  <variableValue variable="Q128A">
    <value valueType="text">1</value>
  </variableValue>
  <variableValue variable="FR02_145B">
    <value valueType="integer">10</value>
  </variableValue>
  <variableValue variable="FR02_145E">
    <value valueType="integer">29</value>
  </variableValue>
  <variableValue variable="FR02_145F">
    <value valueType="integer">44</value>
  </variableValue>
  <variableValue variable="FR02_145D">
    <value valueType="integer">72</value>
  </variableValue>
  <variableValue variable="ALKI1">
    <value valueType="integer">337</value>
  </variableValue>
  <variableValue variable="KY2">
    <value valueType="text">2</value>
  </variableValue>
  <variableValue variable="k13">
    <value valueType="integer">5</value>
  </variableValue>
  <variableValue variable="TULOT">
    <value valueType="text">5</value>
  </variableValue>
  <variableValue variable="FR02_3">
    <value valueType="text">3</value>
  </variableValue>
  <variableValue variable="KOULV">
    <value valueType="integer">19</value>
  </variableValue>
  <variableValue variable="FR07_11">
    <value valueType="text">5</value>
  </variableValue>
  <variableValue variable="FR07_10">
    <value valueType="text"/>
  </variableValue>
  <variableValue variable="Q56">
    <value valueType="text">1</value>
  </variableValue>
  <variableValue variable="Q57">
    <value valueType="text">3</value>
  </variableValue>
  <variableValue variable="Q58">
    <value valueType="text">4</value>
  </variableValue>
  <variableValue variable="FRO7_81">
    <value valueType="text">6</value>
  </variableValue>
  <variableValue variable="Q61">
    <value valueType="text">0</value>
  </variableValue>
  <variableValue variable="KY74">
    <value valueType="text">4</value>
  </variableValue>
  <variableValue variable="Q63">
    <value valueType="text">4</value>
  </variableValue>
  <variableValue variable="FR07_85_1">
    <value valueType="integer">2</value>
  </variableValue>
  <variableValue variable="FR07_85_2">
    <value valueType="integer">49</value>
  </variableValue>
  <variableValue variable="FR07_85_3">
    <value valueType="integer">5</value>
  </variableValue>
  <variableValue variable="FR07_85_4">
    <value valueType="integer">28</value>
  </variableValue>
  <variableValue variable="FR07_85_5">
    <value valueType="integer">79</value>
  </variableValue>
  <variableValue variable="FR07_85_6">
    <value valueType="integer">33</value>
  </variableValue>
  <variableValue variable="FR07_86_1T">
    <value valueType="integer">10</value>
  </variableValue>
  <variableValue variable="FR07_86_1M">
    <value valueType="integer">6</value>
  </variableValue>
  <variableValue variable="FR07_86_2T">
    <value valueType="integer">17</value>
  </variableValue>
  <variableValue variable="FR07_86_2M">
    <value valueType="integer">42</value>
  </variableValue>
  <variableValue variable="FR07_86_3T">
    <value valueType="integer">0</value>
  </variableValue>
  <variableValue variable="FR07_86_3M">
    <value valueType="integer">12</value>
  </variableValue>
  <variableValue variable="FR07_86_4T">
    <value valueType="integer">1</value>
  </variableValue>
  <variableValue variable="FR07_86_4M">
    <value valueType="integer">8</value>
  </variableValue>
  <variableValue variable="FR07_86_5T">
    <value valueType="integer">0</value>
  </variableValue>
  <variableValue variable="FR07_86_5M">
    <value valueType="integer">23</value>
  </variableValue>
  <variableValue variable="FR07_105_1">
    <value valueType="text">8</value>
  </variableValue>
  <variableValue variable="FR07_105_2">
    <value valueType="text">5</value>
  </variableValue>
  <variableValue variable="FR07_105_3">
    <value valueType="text">1</value>
  </variableValue>
  <variableValue variable="FR07_105_4">
    <value valueType="text">8</value>
  </variableValue>
  <variableValue variable="FR07_105_5">
    <value valueType="text">6</value>
  </variableValue>
  <variableValue variable="FR07_105_6">
    <value valueType="text">4</value>
  </variableValue>
  <variableValue variable="FR07_105_7">
    <value valueType="text">2</value>
  </variableValue>
  <variableValue variable="FR07_105_8">
    <value valueType="text">2</value>
  </variableValue>
  <variableValue variable="FR07_105_9">
    <value valueType="text">3</value>
  </variableValue>
  <variableValue variable="FR07_105_10">
    <value valueType="text">8</value>
  </variableValue>
  <variableValue variable="FR07_105_11">
    <value valueType="text">5</value>
  </variableValue>
  <variableValue variable="FR07_105_12">
    <value valueType="text">5</value>
  </variableValue>
  <variableValue variable="FR07_105_13">
    <value valueType="text">5</value>
  </variableValue>
  <variableValue variable="FR07_105_14">
    <value valueType="text">8</value>
  </variableValue>
  <variableValue variable="FR07_105_15">
    <value valueType="text">8</value>
  </variableValue>
  <variableValue variable="FR07_105_16">
    <value valueType="text">5</value>
  </variableValue>
  <variableValue variable="FR07_105_17">
    <value valueType="text">3</value>
  </variableValue>
  <variableValue variable="FR07_105_18">
    <value valueType="text">2</value>
  </variableValue>
  <variableValue variable="FR07_105_19">
    <value valueType="text">6</value>
  </variableValue>
  <variableValue variable="FR07_105_20">
    <value valueType="text">8</value>
  </variableValue>
  <variableValue variable="FR07_105_21">
    <value valueType="text">8</value>
  </variableValue>
  <variableValue variable="FR07_105_22">
    <value valueType="text">1</value>
  </variableValue>
  <variableValue variable="FR07_105_23">
    <value valueType="text">8</value>
  </variableValue>
  <variableValue variable="FR07_105_24">
    <value valueType="text">2</value>
  </variableValue>
  <variableValue variable="FR07_105_25">
    <value valueType="text">6</value>
  </variableValue>
  <variableValue variable="FR07_105_26">
    <value valueType="text">3</value>
  </variableValue>
  <variableValue variable="FR07_105_27">
    <value valueType="text">5</value>
  </variableValue>
  <variableValue variable="FR07_105_28">
    <value valueType="text">2</value>
  </variableValue>
  <variableValue variable="FR07_105_29">
    <value valueType="text">5</value>
  </variableValue>
  <variableValue variable="FR07_105_30">
    <value valueType="text">8</value>
  </variableValue>
  <variableValue variable="FR07_105_31">
    <value valueType="text">1</value>
  </variableValue>
  <variableValue variable="FR07_105_32">
    <value valueType="text">3</value>
  </variableValue>
  <variableValue variable="FR07_105_33">
    <value valueType="text">4</value>
  </variableValue>
  <variableValue variable="FR07_105_34">
    <value valueType="text">8</value>
  </variableValue>
  <variableValue variable="FR07_105_35">
    <value valueType="text">7</value>
  </variableValue>
  <variableValue variable="FR07_105_36">
    <value valueType="text">3</value>
  </variableValue>
  <variableValue variable="FR07_105_37">
    <value valueType="text">7</value>
  </variableValue>
  <variableValue variable="FR07_106_1">
    <value valueType="text">1</value>
  </variableValue>
  <variableValue variable="FR07_106_2">
    <value valueType="text">8</value>
  </variableValue>
  <variableValue variable="FR07_106_3">
    <value valueType="text">7</value>
  </variableValue>
  <variableValue variable="FR02_100A">
    <value valueType="text">2</value>
  </variableValue>
  <variableValue variable="FR02_100B">
    <value valueType="text">1</value>
  </variableValue>
  <variableValue variable="FR02_100C">
    <value valueType="text">2</value>
  </variableValue>
  <variableValue variable="FR02_100C2">
    <value valueType="text"/>
  </variableValue>
  <variableValue variable="FR02_100D">
    <value valueType="text">1</value>
  </variableValue>
  <variableValue variable="FR02_100E">
    <value valueType="text">1</value>
  </variableValue>
  <variableValue variable="FR02_100F">
    <value valueType="text">1</value>
  </variableValue>
  <variableValue variable="FR02_100G">
    <value valueType="text">1</value>
  </variableValue>
  <variableValue variable="FR07_108_9">
    <value valueType="text">2</value>
  </variableValue>
  <variableValue variable="FR02_100H">
    <value valueType="text">2</value>
  </variableValue>
  <variableValue variable="FR02_100H2">
    <value valueType="text"/>
  </variableValue>
  <variableValue variable="FR07_109_1P">
    <value valueType="integer">13</value>
  </variableValue>
  <variableValue variable="FR07_109_1V">
    <value valueType="integer">239</value>
  </variableValue>
  <variableValue variable="FR07_109_2P">
    <value valueType="integer">6</value>
  </variableValue>
  <variableValue variable="FR07_109_2V">
    <value valueType="integer">21</value>
  </variableValue>
  <variableValue variable="FR07_109_3P">
    <value valueType="integer">2</value>
  </variableValue>
  <variableValue variable="FR07_109_3V">
    <value valueType="integer">23</value>
  </variableValue>
  <variableValue variable="FR07_109_4P">
    <value valueType="integer">8</value>
  </variableValue>
  <variableValue variable="FR07_109_4V">
    <value valueType="integer">58</value>
  </variableValue>
  <variableValue variable="FR07_109_5P">
    <value valueType="integer">18</value>
  </variableValue>
  <variableValue variable="FR07_109_5V">
    <value valueType="integer">18</value>
  </variableValue>
  <variableValue variable="FR07_109_6P">
    <value valueType="integer">13</value>
  </variableValue>
  <variableValue variable="FR07_109_6V">
    <value valueType="integer">35</value>
  </variableValue>
  <variableValue variable="FR07_109_7P">
    <value valueType="integer">3</value>
  </variableValue>
  <variableValue variable="FR07_109_7V">
    <value valueType="integer">95</value>
  </variableValue>
  <variableValue variable="FR07_109_8P">
    <value valueType="integer">18</value>
  </variableValue>
  <variableValue variable="FR07_109_8V">
    <value valueType="integer">43</value>
  </variableValue>
  <variableValue variable="FR07_109_9P">
    <value valueType="integer">2</value>
  </variableValue>
  <variableValue variable="FR07_109_9V">
    <value valueType="integer">10</value>
  </variableValue>
  <variableValue variable="FR07_109_10P">
    <value valueType="integer">3</value>
  </variableValue>
  <variableValue variable="FR07_109_10V">
    <value valueType="integer">25</value>
  </variableValue>
  <variableValue variable="FR07_109_11P">
    <value valueType="integer">1</value>
  </variableValue>
  <variableValue variable="FR07_109_11V">
    <value valueType="integer">49</value>
  </variableValue>
  <variableValue variable="FR07_109_12P">
    <value valueType="integer">0</value>
  </variableValue>
  <variableValue variable="FR07_109_12V">
    <value valueType="integer">30</value>
  </variableValue>
  <variableValue variable="FR07_109_13P">
    <value valueType="integer">8</value>
  </variableValue>
  <variableValue variable="FR07_109_13V">
    <value valueType="integer">38</value>
  </variableValue>
  <variableValue variable="FR07_109_14P">
    <value valueType="integer">7</value>
  </variableValue>
  <variableValue variable="FR07_109_14V">
    <value valueType="integer">28</value>
  </variableValue>
  <variableValue variable="FR07_109_15P">
    <value valueType="integer">0</value>
  </variableValue>
  <variableValue variable="FR07_109_15V">
    <value valueType="integer">86</value>
  </variableValue>
  <variableValue variable="KY97">
    <value valueType="text">0</value>
  </variableValue>
  <variableValue variable="FR02_112">
    <value valueType="text">4</value>
  </variableValue>
  <variableValue variable="FR07_112">
    <value valueType="text">3</value>
  </variableValue>
  <variableValue variable="FR07_113">
    <value valueType="text">8</value>
  </variableValue>
  <variableValue variable="FR02_114">
    <value valueType="text">2</value>
  </variableValue>
  <variableValue variable="VALMISTE1">
    <value valueType="text"/>
  </variableValue>
  <variableValue variable="MUOTO1">
    <value valueType="text"/>
  </variableValue>
  <variableValue variable="ANNOSPV1">
    <value valueType="integer">-7116313198142613504</value>
  </variableValue>
  <variableValue variable="ANNOSVKO1">
    <value valueType="integer">-4570480306977677312</value>
  </variableValue>
  <variableValue variable="KAYTTO1">
    <value valueType="text">1</value>
  </variableValue>
  <variableValue variable="VALMISTE2">
    <value valueType="text"/>
  </variableValue>
  <variableValue variable="MUOTO2">
    <value valueType="text"/>
  </variableValue>
  <variableValue variable="ANNOSPV2">
    <value valueType="integer">3025724940141127680</value>
  </variableValue>
  <variableValue variable="ANNOSVKO2">
    <value valueType="integer">6764365545421316096</value>
  </variableValue>
  <variableValue variable="KAYTTO2">
    <value valueType="text">2</value>
  </variableValue>
  <variableValue variable="VALMISTE3">
    <value valueType="text"/>
  </variableValue>
  <variableValue variable="MUOTO3">
    <value valueType="text"/>
  </variableValue>
  <variableValue variable="ANNOSPV3">
    <value valueType="integer">-8631348268186978304</value>
  </variableValue>
  <variableValue variable="ANNOSVKO3">
    <value valueType="integer">6390474217638832128</value>
  </variableValue>
  <variableValue variable="KAYTTO3">
    <value valueType="text">2</value>
  </variableValue>
  <variableValue variable="VALMISTE4">
    <value valueType="text"/>
  </variableValue>
  <variableValue variable="MUOTO4">
    <value valueType="text"/>
  </variableValue>
  <variableValue variable="ANNOSPV4">
    <value valueType="integer">1981695297864278016</value>
  </variableValue>
  <variableValue variable="ANNOSVKO4">
    <value valueType="integer">-3857623340139094016</value>
  </variableValue>
  <variableValue variable="KAYTTO4">
    <value valueType="text">1</value>
  </variableValue>
  <variableValue variable="VALMISTE5">
    <value valueType="text"/>
  </variableValue>
  <variableValue variable="MUOTO5">
    <value valueType="text"/>
  </variableValue>
  <variableValue variable="ANNOSPV5">
    <value valueType="integer">-7408504176806934528</value>
  </variableValue>
  <variableValue variable="ANNOSVKO5">
    <value valueType="integer">-8071523372572055552</value>
  </variableValue>
  <variableValue variable="KAYTTO5">
    <value valueType="text">2</value>
  </variableValue>
  <variableValue variable="VALMISTE6">
    <value valueType="text"/>
  </variableValue>
  <variableValue variable="MUOTO6">
    <value valueType="text"/>
  </variableValue>
  <variableValue variable="ANNOSPV6">
    <value valueType="integer">-2360217961299472384</value>
  </variableValue>
  <variableValue variable="ANNOSVKO6">
    <value valueType="integer">-6414125084904978432</value>
  </variableValue>
  <variableValue variable="KAYTTO6">
    <value valueType="text">2</value>
  </variableValue>
  <variableValue variable="VALMISTE7">
    <value valueType="text"/>
  </variableValue>
  <variableValue variable="MUOTO7">
    <value valueType="text"/>
  </variableValue>
  <variableValue variable="ANNOSPV7">
    <value valueType="integer">-8170571370765484032</value>
  </variableValue>
  <variableValue variable="ANNOSVKO7">
    <value valueType="integer">929338309009788928</value>
  </variableValue>
  <variableValue variable="KAYTTO7">
    <value valueType="text">1</value>
  </variableValue>
  <variableValue variable="VALMISTE8">
    <value valueType="text"/>
  </variableValue>
  <variableValue variable="MUOTO8">
    <value valueType="text"/>
  </variableValue>
  <variableValue variable="ANNOSPV8">
    <value valueType="integer">1693189499341438976</value>
  </variableValue>
  <variableValue variable="ANNOSVKO8">
    <value valueType="integer">5917517277723731968</value>
  </variableValue>
  <variableValue variable="KAYTTO8">
    <value valueType="text">2</value>
  </variableValue>
  <variableValue variable="VALMISTE9">
    <value valueType="text"/>
  </variableValue>
  <variableValue variable="MUOTO9">
    <value valueType="text"/>
  </variableValue>
  <variableValue variable="ANNOSPV9">
    <value valueType="integer">6695747182367023104</value>
  </variableValue>
  <variableValue variable="ANNOSVKO9">
    <value valueType="integer">-7211151631731968000</value>
  </variableValue>
  <variableValue variable="KAYTTO9">
    <value valueType="text">1</value>
  </variableValue>
  <variableValue variable="VALMISTE10">
    <value valueType="text"/>
  </variableValue>
  <variableValue variable="MUOTO10">
    <value valueType="text"/>
  </variableValue>
  <variableValue variable="ANNOSPV10">
    <value valueType="integer">479721337055647744</value>
  </variableValue>
  <variableValue variable="ANNOSVKO10">
    <value valueType="integer">-4076680907166623744</value>
  </variableValue>
  <variableValue variable="KAYTTO10">
    <value valueType="text">2</value>
  </variableValue>
  <variableValue variable="VALMISTE11">
    <value valueType="text"/>
  </variableValue>
  <variableValue variable="MUOTO11">
    <value valueType="text"/>
  </variableValue>
  <variableValue variable="ANNOSPV11">
    <value valueType="integer">-3745589543623823360</value>
  </variableValue>
  <variableValue variable="ANNOSVKO11">
    <value valueType="integer">1892162055755378688</value>
  </variableValue>
  <variableValue variable="KAYTTO11">
    <value valueType="text">2</value>
  </variableValue>
  <variableValue variable="VALMISTE12">
    <value valueType="text"/>
  </variableValue>
  <variableValue variable="MUOTO12">
    <value valueType="text"/>
  </variableValue>
  <variableValue variable="ANNOSPV12">
    <value valueType="integer">-1306031228945885184</value>
  </variableValue>
  <variableValue variable="ANNOSVKO12">
    <value valueType="integer">-1906165309011900416</value>
  </variableValue>
  <variableValue variable="KAYTTO12">
    <value valueType="text">1</value>
  </variableValue>
  <variableValue variable="VALMISTE13">
    <value valueType="text"/>
  </variableValue>
  <variableValue variable="MUOTO13">
    <value valueType="text"/>
  </variableValue>
  <variableValue variable="ANNOSPV13">
    <value valueType="integer">618056207595825152</value>
  </variableValue>
  <variableValue variable="ANNOSVKO13">
    <value valueType="integer">8177303677501441</value>
  </variableValue>
  <variableValue variable="KAYTTO13">
    <value valueType="text">1</value>
  </variableValue>
  <variableValue variable="VALMISTE14">
    <value valueType="text"/>
  </variableValue>
  <variableValue variable="MUOTO14">
    <value valueType="text"/>
  </variableValue>
  <variableValue variable="ANNOSPV14">
    <value valueType="integer">-8169331194048000000</value>
  </variableValue>
  <variableValue variable="ANNOSVKO14">
    <value valueType="integer">-8508548816630380544</value>
  </variableValue>
  <variableValue variable="KAYTTO14">
    <value valueType="text">2</value>
  </variableValue>
</valueSet>