<valueSet valueTable="FNAC" entityType="Participant" entityIdentifier="2697135688961556381">
  <variableValue variable="SVUOSI">
    <value valueType="integer">1956</value>
  </variableValue>
  <variableValue variable="SUKUP">
    <value valueType="text">2</value>
  </variableValue>
  <variableValue variable="PITUUS">
    <value valueType="decimal">1.6199584916302763</value>
  </variableValue>
  <variableValue variable="PAINO">
    <value valueType="decimal">110.42761770814388</value>
  </variableValue>
  <variableValue variable="VYOTARO">
    <value valueType="decimal">105.18263850291268</value>
  </variableValue>
  <variableValue variable="LANTIO">
    <value valueType="decimal">87.40070614967786</value>
  </variableValue>
  <variableValue variable="DIAS1">
    <value valueType="decimal">74.38386357692389</value>
  </variableValue>
  <variableValue variable="DIAS2">
    <value valueType="decimal">87.50538889462848</value>
  </variableValue>
  <variableValue variable="DIAS3">
    <value valueType="decimal">119.33472187129976</value>
  </variableValue>
  <variableValue variable="SYS1">
    <value valueType="decimal">210.72255428926718</value>
  </variableValue>
  <variableValue variable="SYS2">
    <value valueType="decimal">217.17303178834874</value>
  </variableValue>
  <variableValue variable="SYS3">
    <value valueType="decimal">132.56763433707675</value>
  </variableValue>
  <variableValue variable="Q29">
    <value valueType="text">1</value>
  </variableValue>
  <variableValue variable="FR07_36">
    <value valueType="text"/>
  </variableValue>
  <variableValue variable="Q30">
    <value valueType="text">4</value>
  </variableValue>
  <variableValue variable="K34">
    <value valueType="text">2</value>
  </variableValue>
  <variableValue variable="FR07_30L">
    <value valueType="text"/>
  </variableValue>
  <variableValue variable="Q38">
    <value valueType="text">1</value>
  </variableValue>
  <variableValue variable="Q17A">
    <value valueType="text">1</value>
  </variableValue>
  <variableValue variable="FR07_38">
    <value valueType="text">6</value>
  </variableValue>
  <variableValue variable="Q16A">
    <value valueType="text">2</value>
  </variableValue>
  <variableValue variable="Q15A">
    <value valueType="text">2</value>
  </variableValue>
  <variableValue variable="TUPI3">
    <value valueType="text">1</value>
  </variableValue>
  <variableValue variable="Q67">
    <value valueType="text">2</value>
  </variableValue>
  <variableValue variable="TUPI1">
    <value valueType="integer">59</value>
  </variableValue>
  <variableValue variable="FR07_13_laani">
    <value valueType="text">3</value>
  </variableValue>
  <variableValue variable="KOL">
    <value valueType="decimal">4.977196485073442</value>
  </variableValue>
  <variableValue variable="TRIG">
    <value valueType="decimal">0.3</value>
  </variableValue>
  <variableValue variable="HDL">
    <value valueType="decimal">0.9929512019544001</value>
  </variableValue>
  <variableValue variable="sl_gluk_0h">
    <value valueType="decimal">6.642010666111801</value>
  </variableValue>
  <variableValue variable="Q128A">
    <value valueType="text">4</value>
  </variableValue>
  <variableValue variable="FR02_145B">
    <value valueType="integer">8</value>
  </variableValue>
  <variableValue variable="FR02_145E">
    <value valueType="integer">54</value>
  </variableValue>
  <variableValue variable="FR02_145F">
    <value valueType="integer">34</value>
  </variableValue>
  <variableValue variable="FR02_145D">
    <value valueType="integer">26</value>
  </variableValue>
  <variableValue variable="ALKI1">
    <value valueType="integer">1451</value>
  </variableValue>
  <variableValue variable="KY2">
    <value valueType="text">4</value>
  </variableValue>
  <variableValue variable="k13">
    <value valueType="integer">6</value>
  </variableValue>
  <variableValue variable="TULOT">
    <value valueType="text">8</value>
  </variableValue>
  <variableValue variable="FR02_3">
    <value valueType="text">3</value>
  </variableValue>
  <variableValue variable="KOULV">
    <value valueType="integer">11</value>
  </variableValue>
  <variableValue variable="FR07_11">
    <value valueType="text">10</value>
  </variableValue>
  <variableValue variable="FR07_10">
    <value valueType="text"/>
  </variableValue>
  <variableValue variable="Q56">
    <value valueType="text">2</value>
  </variableValue>
  <variableValue variable="Q57">
    <value valueType="text">2</value>
  </variableValue>
  <variableValue variable="Q58">
    <value valueType="text">4</value>
  </variableValue>
  <variableValue variable="FRO7_81">
    <value valueType="text">3</value>
  </variableValue>
  <variableValue variable="Q61">
    <value valueType="text">0</value>
  </variableValue>
  <variableValue variable="KY74">
    <value valueType="text">1</value>
  </variableValue>
  <variableValue variable="Q63">
    <value valueType="text">2</value>
  </variableValue>
  <variableValue variable="FR07_85_1">
    <value valueType="integer">81</value>
  </variableValue>
  <variableValue variable="FR07_85_2">
    <value valueType="integer">18</value>
  </variableValue>
  <variableValue variable="FR07_85_3">
    <value valueType="integer">54</value>
  </variableValue>
  <variableValue variable="FR07_85_4">
    <value valueType="integer">27</value>
  </variableValue>
  <variableValue variable="FR07_85_5">
    <value valueType="integer">7</value>
  </variableValue>
  <variableValue variable="FR07_85_6">
    <value valueType="integer">41</value>
  </variableValue>
  <variableValue variable="FR07_86_1T">
    <value valueType="integer">1</value>
  </variableValue>
  <variableValue variable="FR07_86_1M">
    <value valueType="integer">24</value>
  </variableValue>
  <variableValue variable="FR07_86_2T">
    <value valueType="integer">23</value>
  </variableValue>
  <variableValue variable="FR07_86_2M">
    <value valueType="integer">54</value>
  </variableValue>
  <variableValue variable="FR07_86_3T">
    <value valueType="integer">2</value>
  </variableValue>
  <variableValue variable="FR07_86_3M">
    <value valueType="integer">6</value>
  </variableValue>
  <variableValue variable="FR07_86_4T">
    <value valueType="integer">19</value>
  </variableValue>
  <variableValue variable="FR07_86_4M">
    <value valueType="integer">44</value>
  </variableValue>
  <variableValue variable="FR07_86_5T">
    <value valueType="integer">9</value>
  </variableValue>
  <variableValue variable="FR07_86_5M">
    <value valueType="integer">26</value>
  </variableValue>
  <variableValue variable="FR07_105_1">
    <value valueType="text">3</value>
  </variableValue>
  <variableValue variable="FR07_105_2">
    <value valueType="text">5</value>
  </variableValue>
  <variableValue variable="FR07_105_3">
    <value valueType="text">5</value>
  </variableValue>
  <variableValue variable="FR07_105_4">
    <value valueType="text">6</value>
  </variableValue>
  <variableValue variable="FR07_105_5">
    <value valueType="text">6</value>
  </variableValue>
  <variableValue variable="FR07_105_6">
    <value valueType="text">2</value>
  </variableValue>
  <variableValue variable="FR07_105_7">
    <value valueType="text">8</value>
  </variableValue>
  <variableValue variable="FR07_105_8">
    <value valueType="text">3</value>
  </variableValue>
  <variableValue variable="FR07_105_9">
    <value valueType="text">3</value>
  </variableValue>
  <variableValue variable="FR07_105_10">
    <value valueType="text">2</value>
  </variableValue>
  <variableValue variable="FR07_105_11">
    <value valueType="text">8</value>
  </variableValue>
  <variableValue variable="FR07_105_12">
    <value valueType="text">8</value>
  </variableValue>
  <variableValue variable="FR07_105_13">
    <value valueType="text">7</value>
  </variableValue>
  <variableValue variable="FR07_105_14">
    <value valueType="text">3</value>
  </variableValue>
  <variableValue variable="FR07_105_15">
    <value valueType="text">8</value>
  </variableValue>
  <variableValue variable="FR07_105_16">
    <value valueType="text">7</value>
  </variableValue>
  <variableValue variable="FR07_105_17">
    <value valueType="text">7</value>
  </variableValue>
  <variableValue variable="FR07_105_18">
    <value valueType="text">7</value>
  </variableValue>
  <variableValue variable="FR07_105_19">
    <value valueType="text">8</value>
  </variableValue>
  <variableValue variable="FR07_105_20">
    <value valueType="text">6</value>
  </variableValue>
  <variableValue variable="FR07_105_21">
    <value valueType="text">7</value>
  </variableValue>
  <variableValue variable="FR07_105_22">
    <value valueType="text">4</value>
  </variableValue>
  <variableValue variable="FR07_105_23">
    <value valueType="text">2</value>
  </variableValue>
  <variableValue variable="FR07_105_24">
    <value valueType="text">3</value>
  </variableValue>
  <variableValue variable="FR07_105_25">
    <value valueType="text">3</value>
  </variableValue>
  <variableValue variable="FR07_105_26">
    <value valueType="text">3</value>
  </variableValue>
  <variableValue variable="FR07_105_27">
    <value valueType="text">4</value>
  </variableValue>
  <variableValue variable="FR07_105_28">
    <value valueType="text">1</value>
  </variableValue>
  <variableValue variable="FR07_105_29">
    <value valueType="text">7</value>
  </variableValue>
  <variableValue variable="FR07_105_30">
    <value valueType="text">1</value>
  </variableValue>
  <variableValue variable="FR07_105_31">
    <value valueType="text">2</value>
  </variableValue>
  <variableValue variable="FR07_105_32">
    <value valueType="text">3</value>
  </variableValue>
  <variableValue variable="FR07_105_33">
    <value valueType="text">4</value>
  </variableValue>
  <variableValue variable="FR07_105_34">
    <value valueType="text">6</value>
  </variableValue>
  <variableValue variable="FR07_105_35">
    <value valueType="text">2</value>
  </variableValue>
  <variableValue variable="FR07_105_36">
    <value valueType="text">7</value>
  </variableValue>
  <variableValue variable="FR07_105_37">
    <value valueType="text">7</value>
  </variableValue>
  <variableValue variable="FR07_106_1">
    <value valueType="text">6</value>
  </variableValue>
  <variableValue variable="FR07_106_2">
    <value valueType="text">7</value>
  </variableValue>
  <variableValue variable="FR07_106_3">
    <value valueType="text">1</value>
  </variableValue>
  <variableValue variable="FR02_100A">
    <value valueType="text">2</value>
  </variableValue>
  <variableValue variable="FR02_100B">
    <value valueType="text">2</value>
  </variableValue>
  <variableValue variable="FR02_100C">
    <value valueType="text">2</value>
  </variableValue>
  <variableValue variable="FR02_100C2">
    <value valueType="text"/>
  </variableValue>
  <variableValue variable="FR02_100D">
    <value valueType="text">2</value>
  </variableValue>
  <variableValue variable="FR02_100E">
    <value valueType="text">2</value>
  </variableValue>
  <variableValue variable="FR02_100F">
    <value valueType="text">2</value>
  </variableValue>
  <variableValue variable="FR02_100G">
    <value valueType="text">1</value>
  </variableValue>
  <variableValue variable="FR07_108_9">
    <value valueType="text">1</value>
  </variableValue>
  <variableValue variable="FR02_100H">
    <value valueType="text">2</value>
  </variableValue>
  <variableValue variable="FR02_100H2">
    <value valueType="text"/>
  </variableValue>
  <variableValue variable="FR07_109_1P">
    <value valueType="integer">25</value>
  </variableValue>
  <variableValue variable="FR07_109_1V">
    <value valueType="integer">180</value>
  </variableValue>
  <variableValue variable="FR07_109_2P">
    <value valueType="integer">3</value>
  </variableValue>
  <variableValue variable="FR07_109_2V">
    <value valueType="integer">66</value>
  </variableValue>
  <variableValue variable="FR07_109_3P">
    <value valueType="integer">1</value>
  </variableValue>
  <variableValue variable="FR07_109_3V">
    <value valueType="integer">9</value>
  </variableValue>
  <variableValue variable="FR07_109_4P">
    <value valueType="integer">5</value>
  </variableValue>
  <variableValue variable="FR07_109_4V">
    <value valueType="integer">56</value>
  </variableValue>
  <variableValue variable="FR07_109_5P">
    <value valueType="integer">2</value>
  </variableValue>
  <variableValue variable="FR07_109_5V">
    <value valueType="integer">124</value>
  </variableValue>
  <variableValue variable="FR07_109_6P">
    <value valueType="integer">22</value>
  </variableValue>
  <variableValue variable="FR07_109_6V">
    <value valueType="integer">173</value>
  </variableValue>
  <variableValue variable="FR07_109_7P">
    <value valueType="integer">10</value>
  </variableValue>
  <variableValue variable="FR07_109_7V">
    <value valueType="integer">42</value>
  </variableValue>
  <variableValue variable="FR07_109_8P">
    <value valueType="integer">4</value>
  </variableValue>
  <variableValue variable="FR07_109_8V">
    <value valueType="integer">44</value>
  </variableValue>
  <variableValue variable="FR07_109_9P">
    <value valueType="integer">3</value>
  </variableValue>
  <variableValue variable="FR07_109_9V">
    <value valueType="integer">40</value>
  </variableValue>
  <variableValue variable="FR07_109_10P">
    <value valueType="integer">6</value>
  </variableValue>
  <variableValue variable="FR07_109_10V">
    <value valueType="integer">31</value>
  </variableValue>
  <variableValue variable="FR07_109_11P">
    <value valueType="integer">1</value>
  </variableValue>
  <variableValue variable="FR07_109_11V">
    <value valueType="integer">49</value>
  </variableValue>
  <variableValue variable="FR07_109_12P">
    <value valueType="integer">1</value>
  </variableValue>
  <variableValue variable="FR07_109_12V">
    <value valueType="integer">30</value>
  </variableValue>
  <variableValue variable="FR07_109_13P">
    <value valueType="integer">4</value>
  </variableValue>
  <variableValue variable="FR07_109_13V">
    <value valueType="integer">62</value>
  </variableValue>
  <variableValue variable="FR07_109_14P">
    <value valueType="integer">10</value>
  </variableValue>
  <variableValue variable="FR07_109_14V">
    <value valueType="integer">11</value>
  </variableValue>
  <variableValue variable="FR07_109_15P">
    <value valueType="integer">8</value>
  </variableValue>
  <variableValue variable="FR07_109_15V">
    <value valueType="integer">103</value>
  </variableValue>
  <variableValue variable="KY97">
    <value valueType="text">4</value>
  </variableValue>
  <variableValue variable="FR02_112">
    <value valueType="text">2</value>
  </variableValue>
  <variableValue variable="FR07_112">
    <value valueType="text">5</value>
  </variableValue>
  <variableValue variable="FR07_113">
    <value valueType="text">4</value>
  </variableValue>
  <variableValue variable="FR02_114">
    <value valueType="text">1</value>
  </variableValue>
  <variableValue variable="VALMISTE1">
    <value valueType="text"/>
  </variableValue>
  <variableValue variable="MUOTO1">
    <value valueType="text"/>
  </variableValue>
  <variableValue variable="ANNOSPV1">
    <value valueType="integer">7927649410285467648</value>
  </variableValue>
  <variableValue variable="ANNOSVKO1">
    <value valueType="integer">3855571384973625344</value>
  </variableValue>
  <variableValue variable="KAYTTO1">
    <value valueType="text">1</value>
  </variableValue>
  <variableValue variable="VALMISTE2">
    <value valueType="text"/>
  </variableValue>
  <variableValue variable="MUOTO2">
    <value valueType="text"/>
  </variableValue>
  <variableValue variable="ANNOSPV2">
    <value valueType="integer">-2901696091340853248</value>
  </variableValue>
  <variableValue variable="ANNOSVKO2">
    <value valueType="integer">9040620449345517568</value>
  </variableValue>
  <variableValue variable="KAYTTO2">
    <value valueType="text">2</value>
  </variableValue>
  <variableValue variable="VALMISTE3">
    <value valueType="text"/>
  </variableValue>
  <variableValue variable="MUOTO3">
    <value valueType="text"/>
  </variableValue>
  <variableValue variable="ANNOSPV3">
    <value valueType="integer">1172796484673951744</value>
  </variableValue>
  <variableValue variable="ANNOSVKO3">
    <value valueType="integer">-6551351166259386368</value>
  </variableValue>
  <variableValue variable="KAYTTO3">
    <value valueType="text">1</value>
  </variableValue>
  <variableValue variable="VALMISTE4">
    <value valueType="text"/>
  </variableValue>
  <variableValue variable="MUOTO4">
    <value valueType="text"/>
  </variableValue>
  <variableValue variable="ANNOSPV4">
    <value valueType="integer">-1205384967701491712</value>
  </variableValue>
  <variableValue variable="ANNOSVKO4">
    <value valueType="integer">-2620693619729094656</value>
  </variableValue>
  <variableValue variable="KAYTTO4">
    <value valueType="text">2</value>
  </variableValue>
  <variableValue variable="VALMISTE5">
    <value valueType="text"/>
  </variableValue>
  <variableValue variable="MUOTO5">
    <value valueType="text"/>
  </variableValue>
  <variableValue variable="ANNOSPV5">
    <value valueType="integer">674845717509881856</value>
  </variableValue>
  <variableValue variable="ANNOSVKO5">
    <value valueType="integer">-8532310094269702144</value>
  </variableValue>
  <variableValue variable="KAYTTO5">
    <value valueType="text">2</value>
  </variableValue>
  <variableValue variable="VALMISTE6">
    <value valueType="text"/>
  </variableValue>
  <variableValue variable="MUOTO6">
    <value valueType="text"/>
  </variableValue>
  <variableValue variable="ANNOSPV6">
    <value valueType="integer">-7044707970267949056</value>
  </variableValue>
  <variableValue variable="ANNOSVKO6">
    <value valueType="integer">7838750038314805248</value>
  </variableValue>
  <variableValue variable="KAYTTO6">
    <value valueType="text">2</value>
  </variableValue>
  <variableValue variable="VALMISTE7">
    <value valueType="text"/>
  </variableValue>
  <variableValue variable="MUOTO7">
    <value valueType="text"/>
  </variableValue>
  <variableValue variable="ANNOSPV7">
    <value valueType="integer">-927109617775847424</value>
  </variableValue>
  <variableValue variable="ANNOSVKO7">
    <value valueType="integer">4276122722061309952</value>
  </variableValue>
  <variableValue variable="KAYTTO7">
    <value valueType="text">2</value>
  </variableValue>
  <variableValue variable="VALMISTE8">
    <value valueType="text"/>
  </variableValue>
  <variableValue variable="MUOTO8">
    <value valueType="text"/>
  </variableValue>
  <variableValue variable="ANNOSPV8">
    <value valueType="integer">6555292342126456832</value>
  </variableValue>
  <variableValue variable="ANNOSVKO8">
    <value valueType="integer">-3888962313995644928</value>
  </variableValue>
  <variableValue variable="KAYTTO8">
    <value valueType="text">1</value>
  </variableValue>
  <variableValue variable="VALMISTE9">
    <value valueType="text"/>
  </variableValue>
  <variableValue variable="MUOTO9">
    <value valueType="text"/>
  </variableValue>
  <variableValue variable="ANNOSPV9">
    <value valueType="integer">1746582893509009408</value>
  </variableValue>
  <variableValue variable="ANNOSVKO9">
    <value valueType="integer">5801507719900884992</value>
  </variableValue>
  <variableValue variable="KAYTTO9">
    <value valueType="text">2</value>
  </variableValue>
  <variableValue variable="VALMISTE10">
    <value valueType="text"/>
  </variableValue>
  <variableValue variable="MUOTO10">
    <value valueType="text"/>
  </variableValue>
  <variableValue variable="ANNOSPV10">
    <value valueType="integer">3565961470964594688</value>
  </variableValue>
  <variableValue variable="ANNOSVKO10">
    <value valueType="integer">-339388140722632704</value>
  </variableValue>
  <variableValue variable="KAYTTO10">
    <value valueType="text">2</value>
  </variableValue>
  <variableValue variable="VALMISTE11">
    <value valueType="text"/>
  </variableValue>
  <variableValue variable="MUOTO11">
    <value valueType="text"/>
  </variableValue>
  <variableValue variable="ANNOSPV11">
    <value valueType="integer">6834569086683267072</value>
  </variableValue>
  <variableValue variable="ANNOSVKO11">
    <value valueType="integer">1756010828269578240</value>
  </variableValue>
  <variableValue variable="KAYTTO11">
    <value valueType="text">2</value>
  </variableValue>
  <variableValue variable="VALMISTE12">
    <value valueType="text"/>
  </variableValue>
  <variableValue variable="MUOTO12">
    <value valueType="text"/>
  </variableValue>
  <variableValue variable="ANNOSPV12">
    <value valueType="integer">2556068572044779520</value>
  </variableValue>
  <variableValue variable="ANNOSVKO12">
    <value valueType="integer">-8654850300980797440</value>
  </variableValue>
  <variableValue variable="KAYTTO12">
    <value valueType="text">2</value>
  </variableValue>
  <variableValue variable="VALMISTE13">
    <value valueType="text"/>
  </variableValue>
  <variableValue variable="MUOTO13">
    <value valueType="text"/>
  </variableValue>
  <variableValue variable="ANNOSPV13">
    <value valueType="integer">-2240319318948444160</value>
  </variableValue>
  <variableValue variable="ANNOSVKO13">
    <value valueType="integer">233660650701189120</value>
  </variableValue>
  <variableValue variable="KAYTTO13">
    <value valueType="text">2</value>
  </variableValue>
  <variableValue variable="VALMISTE14">
    <value valueType="text"/>
  </variableValue>
  <variableValue variable="MUOTO14">
    <value valueType="text"/>
  </variableValue>
  <variableValue variable="ANNOSPV14">
    <value valueType="integer">-8226143152152307712</value>
  </variableValue>
  <variableValue variable="ANNOSVKO14">
    <value valueType="integer">2228836213674977280</value>
  </variableValue>
  <variableValue variable="KAYTTO14">
    <value valueType="text">2</value>
  </variableValue>
</valueSet>