<valueSet valueTable="FNAC" entityType="Participant" entityIdentifier="8977299051546543276">
  <variableValue variable="SVUOSI">
    <value valueType="integer">1979</value>
  </variableValue>
  <variableValue variable="SUKUP">
    <value valueType="text">1</value>
  </variableValue>
  <variableValue variable="PITUUS">
    <value valueType="decimal">1.766229609554257</value>
  </variableValue>
  <variableValue variable="PAINO">
    <value valueType="decimal">81.27201282609818</value>
  </variableValue>
  <variableValue variable="VYOTARO">
    <value valueType="decimal">108.47673523382441</value>
  </variableValue>
  <variableValue variable="LANTIO">
    <value valueType="decimal">113.05685481466561</value>
  </variableValue>
  <variableValue variable="DIAS1">
    <value valueType="decimal">52.46198185508052</value>
  </variableValue>
  <variableValue variable="DIAS2">
    <value valueType="decimal">88.39412639477189</value>
  </variableValue>
  <variableValue variable="DIAS3">
    <value valueType="decimal">36.31446482893647</value>
  </variableValue>
  <variableValue variable="SYS1">
    <value valueType="decimal">242.4204140939788</value>
  </variableValue>
  <variableValue variable="SYS2">
    <value valueType="decimal">142.9168346705909</value>
  </variableValue>
  <variableValue variable="SYS3">
    <value valueType="decimal">183.1227489875664</value>
  </variableValue>
  <variableValue variable="Q29">
    <value valueType="text">1</value>
  </variableValue>
  <variableValue variable="FR07_36">
    <value valueType="text"/>
  </variableValue>
  <variableValue variable="Q30">
    <value valueType="text">1</value>
  </variableValue>
  <variableValue variable="K34">
    <value valueType="text">2</value>
  </variableValue>
  <variableValue variable="FR07_30L">
    <value valueType="text"/>
  </variableValue>
  <variableValue variable="Q38">
    <value valueType="text">3</value>
  </variableValue>
  <variableValue variable="Q17A">
    <value valueType="text">1</value>
  </variableValue>
  <variableValue variable="FR07_38">
    <value valueType="text">4</value>
  </variableValue>
  <variableValue variable="Q16A">
    <value valueType="text">2</value>
  </variableValue>
  <variableValue variable="Q15A">
    <value valueType="text">2</value>
  </variableValue>
  <variableValue variable="TUPI3">
    <value valueType="text">4</value>
  </variableValue>
  <variableValue variable="Q67">
    <value valueType="text">2</value>
  </variableValue>
  <variableValue variable="TUPI1">
    <value valueType="integer">3</value>
  </variableValue>
  <variableValue variable="FR07_13_laani">
    <value valueType="text">4</value>
  </variableValue>
  <variableValue variable="KOL">
    <value valueType="decimal">6.022674968287735</value>
  </variableValue>
  <variableValue variable="TRIG">
    <value valueType="decimal">0.9075106725335562</value>
  </variableValue>
  <variableValue variable="HDL">
    <value valueType="decimal">1.757318708157508</value>
  </variableValue>
  <variableValue variable="sl_gluk_0h">
    <value valueType="decimal">6.788011200582529</value>
  </variableValue>
  <variableValue variable="Q128A">
    <value valueType="text">2</value>
  </variableValue>
  <variableValue variable="FR02_145B">
    <value valueType="integer">11</value>
  </variableValue>
  <variableValue variable="FR02_145E">
    <value valueType="integer">74</value>
  </variableValue>
  <variableValue variable="FR02_145F">
    <value valueType="integer">20</value>
  </variableValue>
  <variableValue variable="FR02_145D">
    <value valueType="integer">90</value>
  </variableValue>
  <variableValue variable="ALKI1">
    <value valueType="integer">1076</value>
  </variableValue>
  <variableValue variable="KY2">
    <value valueType="text">3</value>
  </variableValue>
  <variableValue variable="k13">
    <value valueType="integer">8</value>
  </variableValue>
  <variableValue variable="TULOT">
    <value valueType="text">5</value>
  </variableValue>
  <variableValue variable="FR02_3">
    <value valueType="text">5</value>
  </variableValue>
  <variableValue variable="KOULV">
    <value valueType="integer">41</value>
  </variableValue>
  <variableValue variable="FR07_11">
    <value valueType="text">1</value>
  </variableValue>
  <variableValue variable="FR07_10">
    <value valueType="text"/>
  </variableValue>
  <variableValue variable="Q56">
    <value valueType="text">2</value>
  </variableValue>
  <variableValue variable="Q57">
    <value valueType="text">4</value>
  </variableValue>
  <variableValue variable="Q58">
    <value valueType="text">5</value>
  </variableValue>
  <variableValue variable="FRO7_81">
    <value valueType="text">7</value>
  </variableValue>
  <variableValue variable="Q61">
    <value valueType="text">2</value>
  </variableValue>
  <variableValue variable="KY74">
    <value valueType="text">2</value>
  </variableValue>
  <variableValue variable="Q63">
    <value valueType="text">4</value>
  </variableValue>
  <variableValue variable="FR07_85_1">
    <value valueType="integer">46</value>
  </variableValue>
  <variableValue variable="FR07_85_2">
    <value valueType="integer">18</value>
  </variableValue>
  <variableValue variable="FR07_85_3">
    <value valueType="integer">93</value>
  </variableValue>
  <variableValue variable="FR07_85_4">
    <value valueType="integer">4</value>
  </variableValue>
  <variableValue variable="FR07_85_5">
    <value valueType="integer">100</value>
  </variableValue>
  <variableValue variable="FR07_85_6">
    <value valueType="integer">65</value>
  </variableValue>
  <variableValue variable="FR07_86_1T">
    <value valueType="integer">2</value>
  </variableValue>
  <variableValue variable="FR07_86_1M">
    <value valueType="integer">38</value>
  </variableValue>
  <variableValue variable="FR07_86_2T">
    <value valueType="integer">0</value>
  </variableValue>
  <variableValue variable="FR07_86_2M">
    <value valueType="integer">37</value>
  </variableValue>
  <variableValue variable="FR07_86_3T">
    <value valueType="integer">3</value>
  </variableValue>
  <variableValue variable="FR07_86_3M">
    <value valueType="integer">15</value>
  </variableValue>
  <variableValue variable="FR07_86_4T">
    <value valueType="integer">19</value>
  </variableValue>
  <variableValue variable="FR07_86_4M">
    <value valueType="integer">6</value>
  </variableValue>
  <variableValue variable="FR07_86_5T">
    <value valueType="integer">3</value>
  </variableValue>
  <variableValue variable="FR07_86_5M">
    <value valueType="integer">52</value>
  </variableValue>
  <variableValue variable="FR07_105_1">
    <value valueType="text">7</value>
  </variableValue>
  <variableValue variable="FR07_105_2">
    <value valueType="text">2</value>
  </variableValue>
  <variableValue variable="FR07_105_3">
    <value valueType="text">2</value>
  </variableValue>
  <variableValue variable="FR07_105_4">
    <value valueType="text">8</value>
  </variableValue>
  <variableValue variable="FR07_105_5">
    <value valueType="text">3</value>
  </variableValue>
  <variableValue variable="FR07_105_6">
    <value valueType="text">5</value>
  </variableValue>
  <variableValue variable="FR07_105_7">
    <value valueType="text">8</value>
  </variableValue>
  <variableValue variable="FR07_105_8">
    <value valueType="text">1</value>
  </variableValue>
  <variableValue variable="FR07_105_9">
    <value valueType="text">1</value>
  </variableValue>
  <variableValue variable="FR07_105_10">
    <value valueType="text">7</value>
  </variableValue>
  <variableValue variable="FR07_105_11">
    <value valueType="text">7</value>
  </variableValue>
  <variableValue variable="FR07_105_12">
    <value valueType="text">7</value>
  </variableValue>
  <variableValue variable="FR07_105_13">
    <value valueType="text">2</value>
  </variableValue>
  <variableValue variable="FR07_105_14">
    <value valueType="text">8</value>
  </variableValue>
  <variableValue variable="FR07_105_15">
    <value valueType="text">2</value>
  </variableValue>
  <variableValue variable="FR07_105_16">
    <value valueType="text">7</value>
  </variableValue>
  <variableValue variable="FR07_105_17">
    <value valueType="text">1</value>
  </variableValue>
  <variableValue variable="FR07_105_18">
    <value valueType="text">1</value>
  </variableValue>
  <variableValue variable="FR07_105_19">
    <value valueType="text">2</value>
  </variableValue>
  <variableValue variable="FR07_105_20">
    <value valueType="text">4</value>
  </variableValue>
  <variableValue variable="FR07_105_21">
    <value valueType="text">2</value>
  </variableValue>
  <variableValue variable="FR07_105_22">
    <value valueType="text">3</value>
  </variableValue>
  <variableValue variable="FR07_105_23">
    <value valueType="text">3</value>
  </variableValue>
  <variableValue variable="FR07_105_24">
    <value valueType="text">3</value>
  </variableValue>
  <variableValue variable="FR07_105_25">
    <value valueType="text">4</value>
  </variableValue>
  <variableValue variable="FR07_105_26">
    <value valueType="text">2</value>
  </variableValue>
  <variableValue variable="FR07_105_27">
    <value valueType="text">7</value>
  </variableValue>
  <variableValue variable="FR07_105_28">
    <value valueType="text">7</value>
  </variableValue>
  <variableValue variable="FR07_105_29">
    <value valueType="text">3</value>
  </variableValue>
  <variableValue variable="FR07_105_30">
    <value valueType="text">6</value>
  </variableValue>
  <variableValue variable="FR07_105_31">
    <value valueType="text">7</value>
  </variableValue>
  <variableValue variable="FR07_105_32">
    <value valueType="text">5</value>
  </variableValue>
  <variableValue variable="FR07_105_33">
    <value valueType="text">4</value>
  </variableValue>
  <variableValue variable="FR07_105_34">
    <value valueType="text">2</value>
  </variableValue>
  <variableValue variable="FR07_105_35">
    <value valueType="text">2</value>
  </variableValue>
  <variableValue variable="FR07_105_36">
    <value valueType="text">1</value>
  </variableValue>
  <variableValue variable="FR07_105_37">
    <value valueType="text">2</value>
  </variableValue>
  <variableValue variable="FR07_106_1">
    <value valueType="text">8</value>
  </variableValue>
  <variableValue variable="FR07_106_2">
    <value valueType="text">6</value>
  </variableValue>
  <variableValue variable="FR07_106_3">
    <value valueType="text">8</value>
  </variableValue>
  <variableValue variable="FR02_100A">
    <value valueType="text">1</value>
  </variableValue>
  <variableValue variable="FR02_100B">
    <value valueType="text">2</value>
  </variableValue>
  <variableValue variable="FR02_100C">
    <value valueType="text">2</value>
  </variableValue>
  <variableValue variable="FR02_100C2">
    <value valueType="text"/>
  </variableValue>
  <variableValue variable="FR02_100D">
    <value valueType="text">2</value>
  </variableValue>
  <variableValue variable="FR02_100E">
    <value valueType="text">1</value>
  </variableValue>
  <variableValue variable="FR02_100F">
    <value valueType="text">1</value>
  </variableValue>
  <variableValue variable="FR02_100G">
    <value valueType="text">1</value>
  </variableValue>
  <variableValue variable="FR07_108_9">
    <value valueType="text">1</value>
  </variableValue>
  <variableValue variable="FR02_100H">
    <value valueType="text">2</value>
  </variableValue>
  <variableValue variable="FR02_100H2">
    <value valueType="text"/>
  </variableValue>
  <variableValue variable="FR07_109_1P">
    <value valueType="integer">3</value>
  </variableValue>
  <variableValue variable="FR07_109_1V">
    <value valueType="integer">276</value>
  </variableValue>
  <variableValue variable="FR07_109_2P">
    <value valueType="integer">8</value>
  </variableValue>
  <variableValue variable="FR07_109_2V">
    <value valueType="integer">12</value>
  </variableValue>
  <variableValue variable="FR07_109_3P">
    <value valueType="integer">4</value>
  </variableValue>
  <variableValue variable="FR07_109_3V">
    <value valueType="integer">0</value>
  </variableValue>
  <variableValue variable="FR07_109_4P">
    <value valueType="integer">3</value>
  </variableValue>
  <variableValue variable="FR07_109_4V">
    <value valueType="integer">43</value>
  </variableValue>
  <variableValue variable="FR07_109_5P">
    <value valueType="integer">15</value>
  </variableValue>
  <variableValue variable="FR07_109_5V">
    <value valueType="integer">23</value>
  </variableValue>
  <variableValue variable="FR07_109_6P">
    <value valueType="integer">23</value>
  </variableValue>
  <variableValue variable="FR07_109_6V">
    <value valueType="integer">88</value>
  </variableValue>
  <variableValue variable="FR07_109_7P">
    <value valueType="integer">18</value>
  </variableValue>
  <variableValue variable="FR07_109_7V">
    <value valueType="integer">81</value>
  </variableValue>
  <variableValue variable="FR07_109_8P">
    <value valueType="integer">10</value>
  </variableValue>
  <variableValue variable="FR07_109_8V">
    <value valueType="integer">88</value>
  </variableValue>
  <variableValue variable="FR07_109_9P">
    <value valueType="integer">8</value>
  </variableValue>
  <variableValue variable="FR07_109_9V">
    <value valueType="integer">33</value>
  </variableValue>
  <variableValue variable="FR07_109_10P">
    <value valueType="integer">4</value>
  </variableValue>
  <variableValue variable="FR07_109_10V">
    <value valueType="integer">42</value>
  </variableValue>
  <variableValue variable="FR07_109_11P">
    <value valueType="integer">1</value>
  </variableValue>
  <variableValue variable="FR07_109_11V">
    <value valueType="integer">8</value>
  </variableValue>
  <variableValue variable="FR07_109_12P">
    <value valueType="integer">2</value>
  </variableValue>
  <variableValue variable="FR07_109_12V">
    <value valueType="integer">31</value>
  </variableValue>
  <variableValue variable="FR07_109_13P">
    <value valueType="integer">7</value>
  </variableValue>
  <variableValue variable="FR07_109_13V">
    <value valueType="integer">53</value>
  </variableValue>
  <variableValue variable="FR07_109_14P">
    <value valueType="integer">6</value>
  </variableValue>
  <variableValue variable="FR07_109_14V">
    <value valueType="integer">56</value>
  </variableValue>
  <variableValue variable="FR07_109_15P">
    <value valueType="integer">2</value>
  </variableValue>
  <variableValue variable="FR07_109_15V">
    <value valueType="integer">40</value>
  </variableValue>
  <variableValue variable="KY97">
    <value valueType="text">3</value>
  </variableValue>
  <variableValue variable="FR02_112">
    <value valueType="text">2</value>
  </variableValue>
  <variableValue variable="FR07_112">
    <value valueType="text">5</value>
  </variableValue>
  <variableValue variable="FR07_113">
    <value valueType="text">8</value>
  </variableValue>
  <variableValue variable="FR02_114">
    <value valueType="text">2</value>
  </variableValue>
  <variableValue variable="VALMISTE1">
    <value valueType="text"/>
  </variableValue>
  <variableValue variable="MUOTO1">
    <value valueType="text"/>
  </variableValue>
  <variableValue variable="ANNOSPV1">
    <value valueType="integer">-1378742907866945536</value>
  </variableValue>
  <variableValue variable="ANNOSVKO1">
    <value valueType="integer">4156890056268085248</value>
  </variableValue>
  <variableValue variable="KAYTTO1">
    <value valueType="text">2</value>
  </variableValue>
  <variableValue variable="VALMISTE2">
    <value valueType="text"/>
  </variableValue>
  <variableValue variable="MUOTO2">
    <value valueType="text"/>
  </variableValue>
  <variableValue variable="ANNOSPV2">
    <value valueType="integer">-2993089647547508736</value>
  </variableValue>
  <variableValue variable="ANNOSVKO2">
    <value valueType="integer">-377946805668589568</value>
  </variableValue>
  <variableValue variable="KAYTTO2">
    <value valueType="text">2</value>
  </variableValue>
  <variableValue variable="VALMISTE3">
    <value valueType="text"/>
  </variableValue>
  <variableValue variable="MUOTO3">
    <value valueType="text"/>
  </variableValue>
  <variableValue variable="ANNOSPV3">
    <value valueType="integer">1327885896289388544</value>
  </variableValue>
  <variableValue variable="ANNOSVKO3">
    <value valueType="integer">-2145416490930931712</value>
  </variableValue>
  <variableValue variable="KAYTTO3">
    <value valueType="text">2</value>
  </variableValue>
  <variableValue variable="VALMISTE4">
    <value valueType="text"/>
  </variableValue>
  <variableValue variable="MUOTO4">
    <value valueType="text"/>
  </variableValue>
  <variableValue variable="ANNOSPV4">
    <value valueType="integer">-6183026380451727360</value>
  </variableValue>
  <variableValue variable="ANNOSVKO4">
    <value valueType="integer">-7215014032220930048</value>
  </variableValue>
  <variableValue variable="KAYTTO4">
    <value valueType="text">2</value>
  </variableValue>
  <variableValue variable="VALMISTE5">
    <value valueType="text"/>
  </variableValue>
  <variableValue variable="MUOTO5">
    <value valueType="text"/>
  </variableValue>
  <variableValue variable="ANNOSPV5">
    <value valueType="integer">8712614657056139264</value>
  </variableValue>
  <variableValue variable="ANNOSVKO5">
    <value valueType="integer">307886184354097152</value>
  </variableValue>
  <variableValue variable="KAYTTO5">
    <value valueType="text">2</value>
  </variableValue>
  <variableValue variable="VALMISTE6">
    <value valueType="text"/>
  </variableValue>
  <variableValue variable="MUOTO6">
    <value valueType="text"/>
  </variableValue>
  <variableValue variable="ANNOSPV6">
    <value valueType="integer">3376553942672842752</value>
  </variableValue>
  <variableValue variable="ANNOSVKO6">
    <value valueType="integer">1580214104301463552</value>
  </variableValue>
  <variableValue variable="KAYTTO6">
    <value valueType="text">2</value>
  </variableValue>
  <variableValue variable="VALMISTE7">
    <value valueType="text"/>
  </variableValue>
  <variableValue variable="MUOTO7">
    <value valueType="text"/>
  </variableValue>
  <variableValue variable="ANNOSPV7">
    <value valueType="integer">3712282470632269824</value>
  </variableValue>
  <variableValue variable="ANNOSVKO7">
    <value valueType="integer">8012316507853359104</value>
  </variableValue>
  <variableValue variable="KAYTTO7">
    <value valueType="text">2</value>
  </variableValue>
  <variableValue variable="VALMISTE8">
    <value valueType="text"/>
  </variableValue>
  <variableValue variable="MUOTO8">
    <value valueType="text"/>
  </variableValue>
  <variableValue variable="ANNOSPV8">
    <value valueType="integer">-5446855489509304320</value>
  </variableValue>
  <variableValue variable="ANNOSVKO8">
    <value valueType="integer">7190134896994682880</value>
  </variableValue>
  <variableValue variable="KAYTTO8">
    <value valueType="text">1</value>
  </variableValue>
  <variableValue variable="VALMISTE9">
    <value valueType="text"/>
  </variableValue>
  <variableValue variable="MUOTO9">
    <value valueType="text"/>
  </variableValue>
  <variableValue variable="ANNOSPV9">
    <value valueType="integer">-6881823969583607808</value>
  </variableValue>
  <variableValue variable="ANNOSVKO9">
    <value valueType="integer">8259171820443670528</value>
  </variableValue>
  <variableValue variable="KAYTTO9">
    <value valueType="text">1</value>
  </variableValue>
  <variableValue variable="VALMISTE10">
    <value valueType="text"/>
  </variableValue>
  <variableValue variable="MUOTO10">
    <value valueType="text"/>
  </variableValue>
  <variableValue variable="ANNOSPV10">
    <value valueType="integer">-2326433966313617408</value>
  </variableValue>
  <variableValue variable="ANNOSVKO10">
    <value valueType="integer">7563772684418578432</value>
  </variableValue>
  <variableValue variable="KAYTTO10">
    <value valueType="text">1</value>
  </variableValue>
  <variableValue variable="VALMISTE11">
    <value valueType="text"/>
  </variableValue>
  <variableValue variable="MUOTO11">
    <value valueType="text"/>
  </variableValue>
  <variableValue variable="ANNOSPV11">
    <value valueType="integer">-3122384418290317312</value>
  </variableValue>
  <variableValue variable="ANNOSVKO11">
    <value valueType="integer">1077469741029935104</value>
  </variableValue>
  <variableValue variable="KAYTTO11">
    <value valueType="text">2</value>
  </variableValue>
  <variableValue variable="VALMISTE12">
    <value valueType="text"/>
  </variableValue>
  <variableValue variable="MUOTO12">
    <value valueType="text"/>
  </variableValue>
  <variableValue variable="ANNOSPV12">
    <value valueType="integer">-1884585428423958528</value>
  </variableValue>
  <variableValue variable="ANNOSVKO12">
    <value valueType="integer">4638008032604594176</value>
  </variableValue>
  <variableValue variable="KAYTTO12">
    <value valueType="text">2</value>
  </variableValue>
  <variableValue variable="VALMISTE13">
    <value valueType="text"/>
  </variableValue>
  <variableValue variable="MUOTO13">
    <value valueType="text"/>
  </variableValue>
  <variableValue variable="ANNOSPV13">
    <value valueType="integer">607337501199689728</value>
  </variableValue>
  <variableValue variable="ANNOSVKO13">
    <value valueType="integer">6510922169010731008</value>
  </variableValue>
  <variableValue variable="KAYTTO13">
    <value valueType="text">1</value>
  </variableValue>
  <variableValue variable="VALMISTE14">
    <value valueType="text"/>
  </variableValue>
  <variableValue variable="MUOTO14">
    <value valueType="text"/>
  </variableValue>
  <variableValue variable="ANNOSPV14">
    <value valueType="integer">-2270369826911449088</value>
  </variableValue>
  <variableValue variable="ANNOSVKO14">
    <value valueType="integer">-5413258120070494208</value>
  </variableValue>
  <variableValue variable="KAYTTO14">
    <value valueType="text">2</value>
  </variableValue>
</valueSet>