<valueSet valueTable="FNAC" entityType="Participant" entityIdentifier="6954417150001914147">
  <variableValue variable="SVUOSI">
    <value valueType="integer">1947</value>
  </variableValue>
  <variableValue variable="SUKUP">
    <value valueType="text">2</value>
  </variableValue>
  <variableValue variable="PITUUS">
    <value valueType="decimal">1.7874368973320667</value>
  </variableValue>
  <variableValue variable="PAINO">
    <value valueType="decimal">75.7331419511767</value>
  </variableValue>
  <variableValue variable="VYOTARO">
    <value valueType="decimal">98.46091818770427</value>
  </variableValue>
  <variableValue variable="LANTIO">
    <value valueType="decimal">99.95853067954636</value>
  </variableValue>
  <variableValue variable="DIAS1">
    <value valueType="decimal">100.3537988288208</value>
  </variableValue>
  <variableValue variable="DIAS2">
    <value valueType="decimal">122.8712069479988</value>
  </variableValue>
  <variableValue variable="DIAS3">
    <value valueType="decimal">70.73680215334663</value>
  </variableValue>
  <variableValue variable="SYS1">
    <value valueType="decimal">183.50181695996298</value>
  </variableValue>
  <variableValue variable="SYS2">
    <value valueType="decimal">123.34763898053104</value>
  </variableValue>
  <variableValue variable="SYS3">
    <value valueType="decimal">76.30704054223834</value>
  </variableValue>
  <variableValue variable="Q29">
    <value valueType="text">1</value>
  </variableValue>
  <variableValue variable="FR07_36">
    <value valueType="text"/>
  </variableValue>
  <variableValue variable="Q30">
    <value valueType="text">4</value>
  </variableValue>
  <variableValue variable="K34">
    <value valueType="text">1</value>
  </variableValue>
  <variableValue variable="FR07_30L">
    <value valueType="text"/>
  </variableValue>
  <variableValue variable="Q38">
    <value valueType="text">1</value>
  </variableValue>
  <variableValue variable="Q17A">
    <value valueType="text">1</value>
  </variableValue>
  <variableValue variable="FR07_38">
    <value valueType="text">6</value>
  </variableValue>
  <variableValue variable="Q16A">
    <value valueType="text">2</value>
  </variableValue>
  <variableValue variable="Q15A">
    <value valueType="text">2</value>
  </variableValue>
  <variableValue variable="TUPI3">
    <value valueType="text">2</value>
  </variableValue>
  <variableValue variable="Q67">
    <value valueType="text">1</value>
  </variableValue>
  <variableValue variable="TUPI1">
    <value valueType="integer">32</value>
  </variableValue>
  <variableValue variable="FR07_13_laani">
    <value valueType="text">4</value>
  </variableValue>
  <variableValue variable="KOL">
    <value valueType="decimal">5.465100092131435</value>
  </variableValue>
  <variableValue variable="TRIG">
    <value valueType="decimal">0.9850365401427998</value>
  </variableValue>
  <variableValue variable="HDL">
    <value valueType="decimal">1.451678293184632</value>
  </variableValue>
  <variableValue variable="sl_gluk_0h">
    <value valueType="decimal">6.495259806613696</value>
  </variableValue>
  <variableValue variable="Q128A">
    <value valueType="text">3</value>
  </variableValue>
  <variableValue variable="FR02_145B">
    <value valueType="integer">15</value>
  </variableValue>
  <variableValue variable="FR02_145E">
    <value valueType="integer">34</value>
  </variableValue>
  <variableValue variable="FR02_145F">
    <value valueType="integer">73</value>
  </variableValue>
  <variableValue variable="FR02_145D">
    <value valueType="integer">39</value>
  </variableValue>
  <variableValue variable="ALKI1">
    <value valueType="integer">1669</value>
  </variableValue>
  <variableValue variable="KY2">
    <value valueType="text">4</value>
  </variableValue>
  <variableValue variable="k13">
    <value valueType="integer">4</value>
  </variableValue>
  <variableValue variable="TULOT">
    <value valueType="text">3</value>
  </variableValue>
  <variableValue variable="FR02_3">
    <value valueType="text">4</value>
  </variableValue>
  <variableValue variable="KOULV">
    <value valueType="integer">38</value>
  </variableValue>
  <variableValue variable="FR07_11">
    <value valueType="text">12</value>
  </variableValue>
  <variableValue variable="FR07_10">
    <value valueType="text"/>
  </variableValue>
  <variableValue variable="Q56">
    <value valueType="text">1</value>
  </variableValue>
  <variableValue variable="Q57">
    <value valueType="text">3</value>
  </variableValue>
  <variableValue variable="Q58">
    <value valueType="text">6</value>
  </variableValue>
  <variableValue variable="FRO7_81">
    <value valueType="text">4</value>
  </variableValue>
  <variableValue variable="Q61">
    <value valueType="text">3</value>
  </variableValue>
  <variableValue variable="KY74">
    <value valueType="text">4</value>
  </variableValue>
  <variableValue variable="Q63">
    <value valueType="text">3</value>
  </variableValue>
  <variableValue variable="FR07_85_1">
    <value valueType="integer">29</value>
  </variableValue>
  <variableValue variable="FR07_85_2">
    <value valueType="integer">98</value>
  </variableValue>
  <variableValue variable="FR07_85_3">
    <value valueType="integer">91</value>
  </variableValue>
  <variableValue variable="FR07_85_4">
    <value valueType="integer">5</value>
  </variableValue>
  <variableValue variable="FR07_85_5">
    <value valueType="integer">20</value>
  </variableValue>
  <variableValue variable="FR07_85_6">
    <value valueType="integer">70</value>
  </variableValue>
  <variableValue variable="FR07_86_1T">
    <value valueType="integer">6</value>
  </variableValue>
  <variableValue variable="FR07_86_1M">
    <value valueType="integer">28</value>
  </variableValue>
  <variableValue variable="FR07_86_2T">
    <value valueType="integer">18</value>
  </variableValue>
  <variableValue variable="FR07_86_2M">
    <value valueType="integer">33</value>
  </variableValue>
  <variableValue variable="FR07_86_3T">
    <value valueType="integer">21</value>
  </variableValue>
  <variableValue variable="FR07_86_3M">
    <value valueType="integer">6</value>
  </variableValue>
  <variableValue variable="FR07_86_4T">
    <value valueType="integer">8</value>
  </variableValue>
  <variableValue variable="FR07_86_4M">
    <value valueType="integer">30</value>
  </variableValue>
  <variableValue variable="FR07_86_5T">
    <value valueType="integer">0</value>
  </variableValue>
  <variableValue variable="FR07_86_5M">
    <value valueType="integer">45</value>
  </variableValue>
  <variableValue variable="FR07_105_1">
    <value valueType="text">6</value>
  </variableValue>
  <variableValue variable="FR07_105_2">
    <value valueType="text">1</value>
  </variableValue>
  <variableValue variable="FR07_105_3">
    <value valueType="text">4</value>
  </variableValue>
  <variableValue variable="FR07_105_4">
    <value valueType="text">3</value>
  </variableValue>
  <variableValue variable="FR07_105_5">
    <value valueType="text">1</value>
  </variableValue>
  <variableValue variable="FR07_105_6">
    <value valueType="text">8</value>
  </variableValue>
  <variableValue variable="FR07_105_7">
    <value valueType="text">5</value>
  </variableValue>
  <variableValue variable="FR07_105_8">
    <value valueType="text">5</value>
  </variableValue>
  <variableValue variable="FR07_105_9">
    <value valueType="text">5</value>
  </variableValue>
  <variableValue variable="FR07_105_10">
    <value valueType="text">3</value>
  </variableValue>
  <variableValue variable="FR07_105_11">
    <value valueType="text">8</value>
  </variableValue>
  <variableValue variable="FR07_105_12">
    <value valueType="text">3</value>
  </variableValue>
  <variableValue variable="FR07_105_13">
    <value valueType="text">7</value>
  </variableValue>
  <variableValue variable="FR07_105_14">
    <value valueType="text">2</value>
  </variableValue>
  <variableValue variable="FR07_105_15">
    <value valueType="text">5</value>
  </variableValue>
  <variableValue variable="FR07_105_16">
    <value valueType="text">2</value>
  </variableValue>
  <variableValue variable="FR07_105_17">
    <value valueType="text">3</value>
  </variableValue>
  <variableValue variable="FR07_105_18">
    <value valueType="text">2</value>
  </variableValue>
  <variableValue variable="FR07_105_19">
    <value valueType="text">7</value>
  </variableValue>
  <variableValue variable="FR07_105_20">
    <value valueType="text">6</value>
  </variableValue>
  <variableValue variable="FR07_105_21">
    <value valueType="text">7</value>
  </variableValue>
  <variableValue variable="FR07_105_22">
    <value valueType="text">1</value>
  </variableValue>
  <variableValue variable="FR07_105_23">
    <value valueType="text">3</value>
  </variableValue>
  <variableValue variable="FR07_105_24">
    <value valueType="text">3</value>
  </variableValue>
  <variableValue variable="FR07_105_25">
    <value valueType="text">3</value>
  </variableValue>
  <variableValue variable="FR07_105_26">
    <value valueType="text">7</value>
  </variableValue>
  <variableValue variable="FR07_105_27">
    <value valueType="text">5</value>
  </variableValue>
  <variableValue variable="FR07_105_28">
    <value valueType="text">1</value>
  </variableValue>
  <variableValue variable="FR07_105_29">
    <value valueType="text">6</value>
  </variableValue>
  <variableValue variable="FR07_105_30">
    <value valueType="text">8</value>
  </variableValue>
  <variableValue variable="FR07_105_31">
    <value valueType="text">8</value>
  </variableValue>
  <variableValue variable="FR07_105_32">
    <value valueType="text">3</value>
  </variableValue>
  <variableValue variable="FR07_105_33">
    <value valueType="text">2</value>
  </variableValue>
  <variableValue variable="FR07_105_34">
    <value valueType="text">7</value>
  </variableValue>
  <variableValue variable="FR07_105_35">
    <value valueType="text">6</value>
  </variableValue>
  <variableValue variable="FR07_105_36">
    <value valueType="text">6</value>
  </variableValue>
  <variableValue variable="FR07_105_37">
    <value valueType="text">1</value>
  </variableValue>
  <variableValue variable="FR07_106_1">
    <value valueType="text">1</value>
  </variableValue>
  <variableValue variable="FR07_106_2">
    <value valueType="text">5</value>
  </variableValue>
  <variableValue variable="FR07_106_3">
    <value valueType="text">7</value>
  </variableValue>
  <variableValue variable="FR02_100A">
    <value valueType="text">2</value>
  </variableValue>
  <variableValue variable="FR02_100B">
    <value valueType="text">2</value>
  </variableValue>
  <variableValue variable="FR02_100C">
    <value valueType="text">2</value>
  </variableValue>
  <variableValue variable="FR02_100C2">
    <value valueType="text"/>
  </variableValue>
  <variableValue variable="FR02_100D">
    <value valueType="text">2</value>
  </variableValue>
  <variableValue variable="FR02_100E">
    <value valueType="text">2</value>
  </variableValue>
  <variableValue variable="FR02_100F">
    <value valueType="text">1</value>
  </variableValue>
  <variableValue variable="FR02_100G">
    <value valueType="text">2</value>
  </variableValue>
  <variableValue variable="FR07_108_9">
    <value valueType="text">2</value>
  </variableValue>
  <variableValue variable="FR02_100H">
    <value valueType="text">1</value>
  </variableValue>
  <variableValue variable="FR02_100H2">
    <value valueType="text"/>
  </variableValue>
  <variableValue variable="FR07_109_1P">
    <value valueType="integer">22</value>
  </variableValue>
  <variableValue variable="FR07_109_1V">
    <value valueType="integer">106</value>
  </variableValue>
  <variableValue variable="FR07_109_2P">
    <value valueType="integer">9</value>
  </variableValue>
  <variableValue variable="FR07_109_2V">
    <value valueType="integer">78</value>
  </variableValue>
  <variableValue variable="FR07_109_3P">
    <value valueType="integer">0</value>
  </variableValue>
  <variableValue variable="FR07_109_3V">
    <value valueType="integer">28</value>
  </variableValue>
  <variableValue variable="FR07_109_4P">
    <value valueType="integer">9</value>
  </variableValue>
  <variableValue variable="FR07_109_4V">
    <value valueType="integer">59</value>
  </variableValue>
  <variableValue variable="FR07_109_5P">
    <value valueType="integer">19</value>
  </variableValue>
  <variableValue variable="FR07_109_5V">
    <value valueType="integer">76</value>
  </variableValue>
  <variableValue variable="FR07_109_6P">
    <value valueType="integer">5</value>
  </variableValue>
  <variableValue variable="FR07_109_6V">
    <value valueType="integer">30</value>
  </variableValue>
  <variableValue variable="FR07_109_7P">
    <value valueType="integer">17</value>
  </variableValue>
  <variableValue variable="FR07_109_7V">
    <value valueType="integer">5</value>
  </variableValue>
  <variableValue variable="FR07_109_8P">
    <value valueType="integer">13</value>
  </variableValue>
  <variableValue variable="FR07_109_8V">
    <value valueType="integer">101</value>
  </variableValue>
  <variableValue variable="FR07_109_9P">
    <value valueType="integer">4</value>
  </variableValue>
  <variableValue variable="FR07_109_9V">
    <value valueType="integer">21</value>
  </variableValue>
  <variableValue variable="FR07_109_10P">
    <value valueType="integer">6</value>
  </variableValue>
  <variableValue variable="FR07_109_10V">
    <value valueType="integer">29</value>
  </variableValue>
  <variableValue variable="FR07_109_11P">
    <value valueType="integer">2</value>
  </variableValue>
  <variableValue variable="FR07_109_11V">
    <value valueType="integer">6</value>
  </variableValue>
  <variableValue variable="FR07_109_12P">
    <value valueType="integer">7</value>
  </variableValue>
  <variableValue variable="FR07_109_12V">
    <value valueType="integer">15</value>
  </variableValue>
  <variableValue variable="FR07_109_13P">
    <value valueType="integer">2</value>
  </variableValue>
  <variableValue variable="FR07_109_13V">
    <value valueType="integer">69</value>
  </variableValue>
  <variableValue variable="FR07_109_14P">
    <value valueType="integer">3</value>
  </variableValue>
  <variableValue variable="FR07_109_14V">
    <value valueType="integer">63</value>
  </variableValue>
  <variableValue variable="FR07_109_15P">
    <value valueType="integer">5</value>
  </variableValue>
  <variableValue variable="FR07_109_15V">
    <value valueType="integer">30</value>
  </variableValue>
  <variableValue variable="KY97">
    <value valueType="text">4</value>
  </variableValue>
  <variableValue variable="FR02_112">
    <value valueType="text">5</value>
  </variableValue>
  <variableValue variable="FR07_112">
    <value valueType="text">4</value>
  </variableValue>
  <variableValue variable="FR07_113">
    <value valueType="text">5</value>
  </variableValue>
  <variableValue variable="FR02_114">
    <value valueType="text">1</value>
  </variableValue>
  <variableValue variable="VALMISTE1">
    <value valueType="text"/>
  </variableValue>
  <variableValue variable="MUOTO1">
    <value valueType="text"/>
  </variableValue>
  <variableValue variable="ANNOSPV1">
    <value valueType="integer">-437102031130890240</value>
  </variableValue>
  <variableValue variable="ANNOSVKO1">
    <value valueType="integer">4036099418920830976</value>
  </variableValue>
  <variableValue variable="KAYTTO1">
    <value valueType="text">1</value>
  </variableValue>
  <variableValue variable="VALMISTE2">
    <value valueType="text"/>
  </variableValue>
  <variableValue variable="MUOTO2">
    <value valueType="text"/>
  </variableValue>
  <variableValue variable="ANNOSPV2">
    <value valueType="integer">2200582200836472832</value>
  </variableValue>
  <variableValue variable="ANNOSVKO2">
    <value valueType="integer">5749683062132611072</value>
  </variableValue>
  <variableValue variable="KAYTTO2">
    <value valueType="text">1</value>
  </variableValue>
  <variableValue variable="VALMISTE3">
    <value valueType="text"/>
  </variableValue>
  <variableValue variable="MUOTO3">
    <value valueType="text"/>
  </variableValue>
  <variableValue variable="ANNOSPV3">
    <value valueType="integer">5547604556628221952</value>
  </variableValue>
  <variableValue variable="ANNOSVKO3">
    <value valueType="integer">-7523499280807270400</value>
  </variableValue>
  <variableValue variable="KAYTTO3">
    <value valueType="text">2</value>
  </variableValue>
  <variableValue variable="VALMISTE4">
    <value valueType="text"/>
  </variableValue>
  <variableValue variable="MUOTO4">
    <value valueType="text"/>
  </variableValue>
  <variableValue variable="ANNOSPV4">
    <value valueType="integer">7359921426927052800</value>
  </variableValue>
  <variableValue variable="ANNOSVKO4">
    <value valueType="integer">8534704206581823488</value>
  </variableValue>
  <variableValue variable="KAYTTO4">
    <value valueType="text">1</value>
  </variableValue>
  <variableValue variable="VALMISTE5">
    <value valueType="text"/>
  </variableValue>
  <variableValue variable="MUOTO5">
    <value valueType="text"/>
  </variableValue>
  <variableValue variable="ANNOSPV5">
    <value valueType="integer">-763898386199085056</value>
  </variableValue>
  <variableValue variable="ANNOSVKO5">
    <value valueType="integer">7349348394864689152</value>
  </variableValue>
  <variableValue variable="KAYTTO5">
    <value valueType="text">1</value>
  </variableValue>
  <variableValue variable="VALMISTE6">
    <value valueType="text"/>
  </variableValue>
  <variableValue variable="MUOTO6">
    <value valueType="text"/>
  </variableValue>
  <variableValue variable="ANNOSPV6">
    <value valueType="integer">479511617914607616</value>
  </variableValue>
  <variableValue variable="ANNOSVKO6">
    <value valueType="integer">334885342749714432</value>
  </variableValue>
  <variableValue variable="KAYTTO6">
    <value valueType="text">2</value>
  </variableValue>
  <variableValue variable="VALMISTE7">
    <value valueType="text"/>
  </variableValue>
  <variableValue variable="MUOTO7">
    <value valueType="text"/>
  </variableValue>
  <variableValue variable="ANNOSPV7">
    <value valueType="integer">4609873965115236352</value>
  </variableValue>
  <variableValue variable="ANNOSVKO7">
    <value valueType="integer">-9080973218130565120</value>
  </variableValue>
  <variableValue variable="KAYTTO7">
    <value valueType="text">1</value>
  </variableValue>
  <variableValue variable="VALMISTE8">
    <value valueType="text"/>
  </variableValue>
  <variableValue variable="MUOTO8">
    <value valueType="text"/>
  </variableValue>
  <variableValue variable="ANNOSPV8">
    <value valueType="integer">7614898683673067520</value>
  </variableValue>
  <variableValue variable="ANNOSVKO8">
    <value valueType="integer">-7114407436894578688</value>
  </variableValue>
  <variableValue variable="KAYTTO8">
    <value valueType="text">1</value>
  </variableValue>
  <variableValue variable="VALMISTE9">
    <value valueType="text"/>
  </variableValue>
  <variableValue variable="MUOTO9">
    <value valueType="text"/>
  </variableValue>
  <variableValue variable="ANNOSPV9">
    <value valueType="integer">-1016802832697573376</value>
  </variableValue>
  <variableValue variable="ANNOSVKO9">
    <value valueType="integer">1242583629154420736</value>
  </variableValue>
  <variableValue variable="KAYTTO9">
    <value valueType="text">1</value>
  </variableValue>
  <variableValue variable="VALMISTE10">
    <value valueType="text"/>
  </variableValue>
  <variableValue variable="MUOTO10">
    <value valueType="text"/>
  </variableValue>
  <variableValue variable="ANNOSPV10">
    <value valueType="integer">3563413609770211328</value>
  </variableValue>
  <variableValue variable="ANNOSVKO10">
    <value valueType="integer">3592792027283021824</value>
  </variableValue>
  <variableValue variable="KAYTTO10">
    <value valueType="text">2</value>
  </variableValue>
  <variableValue variable="VALMISTE11">
    <value valueType="text"/>
  </variableValue>
  <variableValue variable="MUOTO11">
    <value valueType="text"/>
  </variableValue>
  <variableValue variable="ANNOSPV11">
    <value valueType="integer">-257032178944323584</value>
  </variableValue>
  <variableValue variable="ANNOSVKO11">
    <value valueType="integer">8036031097108031488</value>
  </variableValue>
  <variableValue variable="KAYTTO11">
    <value valueType="text">1</value>
  </variableValue>
  <variableValue variable="VALMISTE12">
    <value valueType="text"/>
  </variableValue>
  <variableValue variable="MUOTO12">
    <value valueType="text"/>
  </variableValue>
  <variableValue variable="ANNOSPV12">
    <value valueType="integer">-955980911524474880</value>
  </variableValue>
  <variableValue variable="ANNOSVKO12">
    <value valueType="integer">-6379517189494097920</value>
  </variableValue>
  <variableValue variable="KAYTTO12">
    <value valueType="text">2</value>
  </variableValue>
  <variableValue variable="VALMISTE13">
    <value valueType="text"/>
  </variableValue>
  <variableValue variable="MUOTO13">
    <value valueType="text"/>
  </variableValue>
  <variableValue variable="ANNOSPV13">
    <value valueType="integer">-5862198415021867008</value>
  </variableValue>
  <variableValue variable="ANNOSVKO13">
    <value valueType="integer">3440945590050990080</value>
  </variableValue>
  <variableValue variable="KAYTTO13">
    <value valueType="text">2</value>
  </variableValue>
  <variableValue variable="VALMISTE14">
    <value valueType="text"/>
  </variableValue>
  <variableValue variable="MUOTO14">
    <value valueType="text"/>
  </variableValue>
  <variableValue variable="ANNOSPV14">
    <value valueType="integer">-8095958833994594304</value>
  </variableValue>
  <variableValue variable="ANNOSVKO14">
    <value valueType="integer">4088451085187330048</value>
  </variableValue>
  <variableValue variable="KAYTTO14">
    <value valueType="text">1</value>
  </variableValue>
</valueSet>