<valueSet valueTable="FNAC" entityType="Participant" entityIdentifier="7559157669010565792">
  <variableValue variable="SVUOSI">
    <value valueType="integer">1963</value>
  </variableValue>
  <variableValue variable="SUKUP">
    <value valueType="text">1</value>
  </variableValue>
  <variableValue variable="PITUUS">
    <value valueType="decimal">1.6472312022977509</value>
  </variableValue>
  <variableValue variable="PAINO">
    <value valueType="decimal">80.47006977427603</value>
  </variableValue>
  <variableValue variable="VYOTARO">
    <value valueType="decimal">108.52557497904678</value>
  </variableValue>
  <variableValue variable="LANTIO">
    <value valueType="decimal">106.37682363739016</value>
  </variableValue>
  <variableValue variable="DIAS1">
    <value valueType="decimal">85.68275509507222</value>
  </variableValue>
  <variableValue variable="DIAS2">
    <value valueType="decimal">43.48807006026898</value>
  </variableValue>
  <variableValue variable="DIAS3">
    <value valueType="decimal">32.97422319431641</value>
  </variableValue>
  <variableValue variable="SYS1">
    <value valueType="decimal">111.84843368878141</value>
  </variableValue>
  <variableValue variable="SYS2">
    <value valueType="decimal">209.42929422517676</value>
  </variableValue>
  <variableValue variable="SYS3">
    <value valueType="decimal">182.19467435271218</value>
  </variableValue>
  <variableValue variable="Q29">
    <value valueType="text">1</value>
  </variableValue>
  <variableValue variable="FR07_36">
    <value valueType="text"/>
  </variableValue>
  <variableValue variable="Q30">
    <value valueType="text">2</value>
  </variableValue>
  <variableValue variable="K34">
    <value valueType="text">2</value>
  </variableValue>
  <variableValue variable="FR07_30L">
    <value valueType="text"/>
  </variableValue>
  <variableValue variable="Q38">
    <value valueType="text">2</value>
  </variableValue>
  <variableValue variable="Q17A">
    <value valueType="text">1</value>
  </variableValue>
  <variableValue variable="FR07_38">
    <value valueType="text">4</value>
  </variableValue>
  <variableValue variable="Q16A">
    <value valueType="text">1</value>
  </variableValue>
  <variableValue variable="Q15A">
    <value valueType="text">1</value>
  </variableValue>
  <variableValue variable="TUPI3">
    <value valueType="text">1</value>
  </variableValue>
  <variableValue variable="Q67">
    <value valueType="text">2</value>
  </variableValue>
  <variableValue variable="TUPI1">
    <value valueType="integer">29</value>
  </variableValue>
  <variableValue variable="FR07_13_laani">
    <value valueType="text">5</value>
  </variableValue>
  <variableValue variable="KOL">
    <value valueType="decimal">6.5194083142297</value>
  </variableValue>
  <variableValue variable="TRIG">
    <value valueType="decimal">0.47163004694511357</value>
  </variableValue>
  <variableValue variable="HDL">
    <value valueType="decimal">1.7468468041533294</value>
  </variableValue>
  <variableValue variable="sl_gluk_0h">
    <value valueType="decimal">6.504126535984691</value>
  </variableValue>
  <variableValue variable="Q128A">
    <value valueType="text">1</value>
  </variableValue>
  <variableValue variable="FR02_145B">
    <value valueType="integer">4</value>
  </variableValue>
  <variableValue variable="FR02_145E">
    <value valueType="integer">85</value>
  </variableValue>
  <variableValue variable="FR02_145F">
    <value valueType="integer">30</value>
  </variableValue>
  <variableValue variable="FR02_145D">
    <value valueType="integer">60</value>
  </variableValue>
  <variableValue variable="ALKI1">
    <value valueType="integer">1395</value>
  </variableValue>
  <variableValue variable="KY2">
    <value valueType="text">3</value>
  </variableValue>
  <variableValue variable="k13">
    <value valueType="integer">5</value>
  </variableValue>
  <variableValue variable="TULOT">
    <value valueType="text">1</value>
  </variableValue>
  <variableValue variable="FR02_3">
    <value valueType="text">4</value>
  </variableValue>
  <variableValue variable="KOULV">
    <value valueType="integer">49</value>
  </variableValue>
  <variableValue variable="FR07_11">
    <value valueType="text">5</value>
  </variableValue>
  <variableValue variable="FR07_10">
    <value valueType="text"/>
  </variableValue>
  <variableValue variable="Q56">
    <value valueType="text">4</value>
  </variableValue>
  <variableValue variable="Q57">
    <value valueType="text">3</value>
  </variableValue>
  <variableValue variable="Q58">
    <value valueType="text">1</value>
  </variableValue>
  <variableValue variable="FRO7_81">
    <value valueType="text">4</value>
  </variableValue>
  <variableValue variable="Q61">
    <value valueType="text">4</value>
  </variableValue>
  <variableValue variable="KY74">
    <value valueType="text">4</value>
  </variableValue>
  <variableValue variable="Q63">
    <value valueType="text">1</value>
  </variableValue>
  <variableValue variable="FR07_85_1">
    <value valueType="integer">27</value>
  </variableValue>
  <variableValue variable="FR07_85_2">
    <value valueType="integer">38</value>
  </variableValue>
  <variableValue variable="FR07_85_3">
    <value valueType="integer">70</value>
  </variableValue>
  <variableValue variable="FR07_85_4">
    <value valueType="integer">99</value>
  </variableValue>
  <variableValue variable="FR07_85_5">
    <value valueType="integer">83</value>
  </variableValue>
  <variableValue variable="FR07_85_6">
    <value valueType="integer">41</value>
  </variableValue>
  <variableValue variable="FR07_86_1T">
    <value valueType="integer">2</value>
  </variableValue>
  <variableValue variable="FR07_86_1M">
    <value valueType="integer">26</value>
  </variableValue>
  <variableValue variable="FR07_86_2T">
    <value valueType="integer">9</value>
  </variableValue>
  <variableValue variable="FR07_86_2M">
    <value valueType="integer">32</value>
  </variableValue>
  <variableValue variable="FR07_86_3T">
    <value valueType="integer">20</value>
  </variableValue>
  <variableValue variable="FR07_86_3M">
    <value valueType="integer">40</value>
  </variableValue>
  <variableValue variable="FR07_86_4T">
    <value valueType="integer">18</value>
  </variableValue>
  <variableValue variable="FR07_86_4M">
    <value valueType="integer">20</value>
  </variableValue>
  <variableValue variable="FR07_86_5T">
    <value valueType="integer">0</value>
  </variableValue>
  <variableValue variable="FR07_86_5M">
    <value valueType="integer">25</value>
  </variableValue>
  <variableValue variable="FR07_105_1">
    <value valueType="text">1</value>
  </variableValue>
  <variableValue variable="FR07_105_2">
    <value valueType="text">5</value>
  </variableValue>
  <variableValue variable="FR07_105_3">
    <value valueType="text">7</value>
  </variableValue>
  <variableValue variable="FR07_105_4">
    <value valueType="text">8</value>
  </variableValue>
  <variableValue variable="FR07_105_5">
    <value valueType="text">5</value>
  </variableValue>
  <variableValue variable="FR07_105_6">
    <value valueType="text">2</value>
  </variableValue>
  <variableValue variable="FR07_105_7">
    <value valueType="text">3</value>
  </variableValue>
  <variableValue variable="FR07_105_8">
    <value valueType="text">2</value>
  </variableValue>
  <variableValue variable="FR07_105_9">
    <value valueType="text">6</value>
  </variableValue>
  <variableValue variable="FR07_105_10">
    <value valueType="text">4</value>
  </variableValue>
  <variableValue variable="FR07_105_11">
    <value valueType="text">5</value>
  </variableValue>
  <variableValue variable="FR07_105_12">
    <value valueType="text">7</value>
  </variableValue>
  <variableValue variable="FR07_105_13">
    <value valueType="text">4</value>
  </variableValue>
  <variableValue variable="FR07_105_14">
    <value valueType="text">7</value>
  </variableValue>
  <variableValue variable="FR07_105_15">
    <value valueType="text">3</value>
  </variableValue>
  <variableValue variable="FR07_105_16">
    <value valueType="text">2</value>
  </variableValue>
  <variableValue variable="FR07_105_17">
    <value valueType="text">5</value>
  </variableValue>
  <variableValue variable="FR07_105_18">
    <value valueType="text">5</value>
  </variableValue>
  <variableValue variable="FR07_105_19">
    <value valueType="text">1</value>
  </variableValue>
  <variableValue variable="FR07_105_20">
    <value valueType="text">4</value>
  </variableValue>
  <variableValue variable="FR07_105_21">
    <value valueType="text">2</value>
  </variableValue>
  <variableValue variable="FR07_105_22">
    <value valueType="text">5</value>
  </variableValue>
  <variableValue variable="FR07_105_23">
    <value valueType="text">2</value>
  </variableValue>
  <variableValue variable="FR07_105_24">
    <value valueType="text">6</value>
  </variableValue>
  <variableValue variable="FR07_105_25">
    <value valueType="text">8</value>
  </variableValue>
  <variableValue variable="FR07_105_26">
    <value valueType="text">2</value>
  </variableValue>
  <variableValue variable="FR07_105_27">
    <value valueType="text">7</value>
  </variableValue>
  <variableValue variable="FR07_105_28">
    <value valueType="text">4</value>
  </variableValue>
  <variableValue variable="FR07_105_29">
    <value valueType="text">5</value>
  </variableValue>
  <variableValue variable="FR07_105_30">
    <value valueType="text">6</value>
  </variableValue>
  <variableValue variable="FR07_105_31">
    <value valueType="text">4</value>
  </variableValue>
  <variableValue variable="FR07_105_32">
    <value valueType="text">4</value>
  </variableValue>
  <variableValue variable="FR07_105_33">
    <value valueType="text">8</value>
  </variableValue>
  <variableValue variable="FR07_105_34">
    <value valueType="text">6</value>
  </variableValue>
  <variableValue variable="FR07_105_35">
    <value valueType="text">6</value>
  </variableValue>
  <variableValue variable="FR07_105_36">
    <value valueType="text">4</value>
  </variableValue>
  <variableValue variable="FR07_105_37">
    <value valueType="text">4</value>
  </variableValue>
  <variableValue variable="FR07_106_1">
    <value valueType="text">7</value>
  </variableValue>
  <variableValue variable="FR07_106_2">
    <value valueType="text">4</value>
  </variableValue>
  <variableValue variable="FR07_106_3">
    <value valueType="text">7</value>
  </variableValue>
  <variableValue variable="FR02_100A">
    <value valueType="text">2</value>
  </variableValue>
  <variableValue variable="FR02_100B">
    <value valueType="text">2</value>
  </variableValue>
  <variableValue variable="FR02_100C">
    <value valueType="text">2</value>
  </variableValue>
  <variableValue variable="FR02_100C2">
    <value valueType="text"/>
  </variableValue>
  <variableValue variable="FR02_100D">
    <value valueType="text">2</value>
  </variableValue>
  <variableValue variable="FR02_100E">
    <value valueType="text">2</value>
  </variableValue>
  <variableValue variable="FR02_100F">
    <value valueType="text">2</value>
  </variableValue>
  <variableValue variable="FR02_100G">
    <value valueType="text">1</value>
  </variableValue>
  <variableValue variable="FR07_108_9">
    <value valueType="text">2</value>
  </variableValue>
  <variableValue variable="FR02_100H">
    <value valueType="text">2</value>
  </variableValue>
  <variableValue variable="FR02_100H2">
    <value valueType="text"/>
  </variableValue>
  <variableValue variable="FR07_109_1P">
    <value valueType="integer">14</value>
  </variableValue>
  <variableValue variable="FR07_109_1V">
    <value valueType="integer">39</value>
  </variableValue>
  <variableValue variable="FR07_109_2P">
    <value valueType="integer">11</value>
  </variableValue>
  <variableValue variable="FR07_109_2V">
    <value valueType="integer">54</value>
  </variableValue>
  <variableValue variable="FR07_109_3P">
    <value valueType="integer">1</value>
  </variableValue>
  <variableValue variable="FR07_109_3V">
    <value valueType="integer">14</value>
  </variableValue>
  <variableValue variable="FR07_109_4P">
    <value valueType="integer">2</value>
  </variableValue>
  <variableValue variable="FR07_109_4V">
    <value valueType="integer">70</value>
  </variableValue>
  <variableValue variable="FR07_109_5P">
    <value valueType="integer">15</value>
  </variableValue>
  <variableValue variable="FR07_109_5V">
    <value valueType="integer">45</value>
  </variableValue>
  <variableValue variable="FR07_109_6P">
    <value valueType="integer">4</value>
  </variableValue>
  <variableValue variable="FR07_109_6V">
    <value valueType="integer">47</value>
  </variableValue>
  <variableValue variable="FR07_109_7P">
    <value valueType="integer">1</value>
  </variableValue>
  <variableValue variable="FR07_109_7V">
    <value valueType="integer">129</value>
  </variableValue>
  <variableValue variable="FR07_109_8P">
    <value valueType="integer">12</value>
  </variableValue>
  <variableValue variable="FR07_109_8V">
    <value valueType="integer">42</value>
  </variableValue>
  <variableValue variable="FR07_109_9P">
    <value valueType="integer">8</value>
  </variableValue>
  <variableValue variable="FR07_109_9V">
    <value valueType="integer">64</value>
  </variableValue>
  <variableValue variable="FR07_109_10P">
    <value valueType="integer">7</value>
  </variableValue>
  <variableValue variable="FR07_109_10V">
    <value valueType="integer">10</value>
  </variableValue>
  <variableValue variable="FR07_109_11P">
    <value valueType="integer">4</value>
  </variableValue>
  <variableValue variable="FR07_109_11V">
    <value valueType="integer">22</value>
  </variableValue>
  <variableValue variable="FR07_109_12P">
    <value valueType="integer">0</value>
  </variableValue>
  <variableValue variable="FR07_109_12V">
    <value valueType="integer">11</value>
  </variableValue>
  <variableValue variable="FR07_109_13P">
    <value valueType="integer">9</value>
  </variableValue>
  <variableValue variable="FR07_109_13V">
    <value valueType="integer">21</value>
  </variableValue>
  <variableValue variable="FR07_109_14P">
    <value valueType="integer">6</value>
  </variableValue>
  <variableValue variable="FR07_109_14V">
    <value valueType="integer">69</value>
  </variableValue>
  <variableValue variable="FR07_109_15P">
    <value valueType="integer">6</value>
  </variableValue>
  <variableValue variable="FR07_109_15V">
    <value valueType="integer">14</value>
  </variableValue>
  <variableValue variable="KY97">
    <value valueType="text">3</value>
  </variableValue>
  <variableValue variable="FR02_112">
    <value valueType="text">0</value>
  </variableValue>
  <variableValue variable="FR07_112">
    <value valueType="text">2</value>
  </variableValue>
  <variableValue variable="FR07_113">
    <value valueType="text">2</value>
  </variableValue>
  <variableValue variable="FR02_114">
    <value valueType="text">2</value>
  </variableValue>
  <variableValue variable="VALMISTE1">
    <value valueType="text"/>
  </variableValue>
  <variableValue variable="MUOTO1">
    <value valueType="text"/>
  </variableValue>
  <variableValue variable="ANNOSPV1">
    <value valueType="integer">-1676977825727078400</value>
  </variableValue>
  <variableValue variable="ANNOSVKO1">
    <value valueType="integer">-5301892042757998592</value>
  </variableValue>
  <variableValue variable="KAYTTO1">
    <value valueType="text">2</value>
  </variableValue>
  <variableValue variable="VALMISTE2">
    <value valueType="text"/>
  </variableValue>
  <variableValue variable="MUOTO2">
    <value valueType="text"/>
  </variableValue>
  <variableValue variable="ANNOSPV2">
    <value valueType="integer">3765972548335024128</value>
  </variableValue>
  <variableValue variable="ANNOSVKO2">
    <value valueType="integer">-2634084172276568064</value>
  </variableValue>
  <variableValue variable="KAYTTO2">
    <value valueType="text">2</value>
  </variableValue>
  <variableValue variable="VALMISTE3">
    <value valueType="text"/>
  </variableValue>
  <variableValue variable="MUOTO3">
    <value valueType="text"/>
  </variableValue>
  <variableValue variable="ANNOSPV3">
    <value valueType="integer">1449514496803622912</value>
  </variableValue>
  <variableValue variable="ANNOSVKO3">
    <value valueType="integer">-1173715556195579904</value>
  </variableValue>
  <variableValue variable="KAYTTO3">
    <value valueType="text">1</value>
  </variableValue>
  <variableValue variable="VALMISTE4">
    <value valueType="text"/>
  </variableValue>
  <variableValue variable="MUOTO4">
    <value valueType="text"/>
  </variableValue>
  <variableValue variable="ANNOSPV4">
    <value valueType="integer">473757695119679488</value>
  </variableValue>
  <variableValue variable="ANNOSVKO4">
    <value valueType="integer">-550367818434187264</value>
  </variableValue>
  <variableValue variable="KAYTTO4">
    <value valueType="text">2</value>
  </variableValue>
  <variableValue variable="VALMISTE5">
    <value valueType="text"/>
  </variableValue>
  <variableValue variable="MUOTO5">
    <value valueType="text"/>
  </variableValue>
  <variableValue variable="ANNOSPV5">
    <value valueType="integer">-5311201199913998336</value>
  </variableValue>
  <variableValue variable="ANNOSVKO5">
    <value valueType="integer">7577998588471988224</value>
  </variableValue>
  <variableValue variable="KAYTTO5">
    <value valueType="text">1</value>
  </variableValue>
  <variableValue variable="VALMISTE6">
    <value valueType="text"/>
  </variableValue>
  <variableValue variable="MUOTO6">
    <value valueType="text"/>
  </variableValue>
  <variableValue variable="ANNOSPV6">
    <value valueType="integer">-2025994233711630336</value>
  </variableValue>
  <variableValue variable="ANNOSVKO6">
    <value valueType="integer">-6833489846416455680</value>
  </variableValue>
  <variableValue variable="KAYTTO6">
    <value valueType="text">2</value>
  </variableValue>
  <variableValue variable="VALMISTE7">
    <value valueType="text"/>
  </variableValue>
  <variableValue variable="MUOTO7">
    <value valueType="text"/>
  </variableValue>
  <variableValue variable="ANNOSPV7">
    <value valueType="integer">-2071887217003876352</value>
  </variableValue>
  <variableValue variable="ANNOSVKO7">
    <value valueType="integer">-8736024357327450112</value>
  </variableValue>
  <variableValue variable="KAYTTO7">
    <value valueType="text">2</value>
  </variableValue>
  <variableValue variable="VALMISTE8">
    <value valueType="text"/>
  </variableValue>
  <variableValue variable="MUOTO8">
    <value valueType="text"/>
  </variableValue>
  <variableValue variable="ANNOSPV8">
    <value valueType="integer">6846671262813376512</value>
  </variableValue>
  <variableValue variable="ANNOSVKO8">
    <value valueType="integer">-6845526335295051776</value>
  </variableValue>
  <variableValue variable="KAYTTO8">
    <value valueType="text">1</value>
  </variableValue>
  <variableValue variable="VALMISTE9">
    <value valueType="text"/>
  </variableValue>
  <variableValue variable="MUOTO9">
    <value valueType="text"/>
  </variableValue>
  <variableValue variable="ANNOSPV9">
    <value valueType="integer">2363463480836399104</value>
  </variableValue>
  <variableValue variable="ANNOSVKO9">
    <value valueType="integer">-1300770911393673216</value>
  </variableValue>
  <variableValue variable="KAYTTO9">
    <value valueType="text">2</value>
  </variableValue>
  <variableValue variable="VALMISTE10">
    <value valueType="text"/>
  </variableValue>
  <variableValue variable="MUOTO10">
    <value valueType="text"/>
  </variableValue>
  <variableValue variable="ANNOSPV10">
    <value valueType="integer">9079811115486009344</value>
  </variableValue>
  <variableValue variable="ANNOSVKO10">
    <value valueType="integer">-8082273434563368960</value>
  </variableValue>
  <variableValue variable="KAYTTO10">
    <value valueType="text">2</value>
  </variableValue>
  <variableValue variable="VALMISTE11">
    <value valueType="text"/>
  </variableValue>
  <variableValue variable="MUOTO11">
    <value valueType="text"/>
  </variableValue>
  <variableValue variable="ANNOSPV11">
    <value valueType="integer">4753743676586934272</value>
  </variableValue>
  <variableValue variable="ANNOSVKO11">
    <value valueType="integer">-5072904200772603904</value>
  </variableValue>
  <variableValue variable="KAYTTO11">
    <value valueType="text">1</value>
  </variableValue>
  <variableValue variable="VALMISTE12">
    <value valueType="text"/>
  </variableValue>
  <variableValue variable="MUOTO12">
    <value valueType="text"/>
  </variableValue>
  <variableValue variable="ANNOSPV12">
    <value valueType="integer">-3694331302659622912</value>
  </variableValue>
  <variableValue variable="ANNOSVKO12">
    <value valueType="integer">1339583465794996224</value>
  </variableValue>
  <variableValue variable="KAYTTO12">
    <value valueType="text">2</value>
  </variableValue>
  <variableValue variable="VALMISTE13">
    <value valueType="text"/>
  </variableValue>
  <variableValue variable="MUOTO13">
    <value valueType="text"/>
  </variableValue>
  <variableValue variable="ANNOSPV13">
    <value valueType="integer">-5671414761191061504</value>
  </variableValue>
  <variableValue variable="ANNOSVKO13">
    <value valueType="integer">8777723562253953024</value>
  </variableValue>
  <variableValue variable="KAYTTO13">
    <value valueType="text">1</value>
  </variableValue>
  <variableValue variable="VALMISTE14">
    <value valueType="text"/>
  </variableValue>
  <variableValue variable="MUOTO14">
    <value valueType="text"/>
  </variableValue>
  <variableValue variable="ANNOSPV14">
    <value valueType="integer">7929617317156083712</value>
  </variableValue>
  <variableValue variable="ANNOSVKO14">
    <value valueType="integer">-35118085199921152</value>
  </variableValue>
  <variableValue variable="KAYTTO14">
    <value valueType="text">1</value>
  </variableValue>
</valueSet>